{
	"feat": [
		{
			"name": "Cross The Final Horizon",
			"source": "AoE2",
			"page": 79,
			"activity": {
				"number": 3,
				"unit": "action"
			},
			"level": 20,
			"featType": {
				"archetype": [
					"Jalmeri Heavenseeker"
				]
			},
			"traits": [
				"archetype",
				"electricity",
				"evocation",
				"force",
				"sonic"
			],
			"prerequisites": "{@feat Sky and Heaven Stance|AoE2}",
			"requirements": "You are in Sky and Heaven Stance.",
			"entries": [
				"You {@action Stride} up to your Speed and your ki enshrouds your limbs in a terrifying stormy energy, increasing the reach of your Sky and Heaven Stance unarmed attacks by 5 feet.",
				"At the end of your movement, make up to three {@action Strike||Strikes} against a target you can reach, each at a \u20132 penalty. Each attack counts toward your multiple attack penalty, but the multiple attack penalty doesn't increase until after you have made all your attacks. Instead of the usual slashing or piercing damage, the damage for these {@action Strike||Strikes} is either electricity or sonic, as you choose with each {@action Strike}. If you successfully hit with all three {@action Strike||Strikes}, the target is {@condition drained|CRB|drained 3}."
			]
		},
		{
			"name": "Heaven's Thunder",
			"source": "AoE2",
			"page": 78,
			"activity": {
				"number": 1,
				"unit": "action"
			},
			"level": 6,
			"featType": {
				"archetype": [
					"Jalmeri Heavenseeker"
				]
			},
			"traits": [
				"archetype",
				"electricity",
				"evocation",
				"sonic",
				"verbal"
			],
			"prerequisites": "{@feat Jalmeri Heavenseeker Dedication|AoE2}",
			"entries": [
				"With a loud shout, you unleash your ki in a crackling shroud of thunder and lightning that engulfs your body.",
				"Until the end of your next turn, your unarmed attacks and weapons you wield that have the {@trait monk} trait deal additional electricity damage equal to one-half your level and additional sonic damage equal to one-half your level.",
				"If you also know the {@spell ki blast} ki spell, you can choose to deal either electricity or sonic damage with the spell instead of force while this effect is active (ki blast loses the {@trait force} trait and gains the {@trait electricity} or {@trait sonic} trait instead). Any creature who successfully Grapples you or is successfully Grappled by you also takes this damage immediately after the {@action Grapple} check is resolved."
			]
		},
		{
			"name": "Jalmeri Heavenseeker Dedication",
			"source": "AoE2",
			"page": 78,
			"level": 4,
			"featType": {
				"archetype": [
					"Jalmeri Heavenseeker"
				]
			},
			"traits": [
				"uncommon",
				"archetype",
				"dedication"
			],
			"prerequisites": "expert in unarmed attacks",
			"access": "trained by a current or former member of a House of Perfection",
			"entries": [
				"Your skill and dedication have set you on a path to master the techniques of Jalmeray's greatest martial artists: victors of the Challenge of Sky and Heaven. You become trained in either {@skill Acrobatics} or {@skill Occultism}. You gain either the {@feat Ki Rush} or {@feat Ki Strike} monk feat, which grants you a ki spell and a focus pool of 1 Focus Point that you can recover using the {@action Refocus} activity as a monk does. If you already have both these feats, you can instead choose a single {@filter 1st-level monk feat|feats||level=[1;1]|Class=monk}."
			],
			"special": [
				"You can't select another dedication feat until you have gained two other feats from the Jalmeri heavenseeker archetype."
			],
			"leadsTo": [
				"Heaven's Thunder|AoE2",
				"Sky and Heaven Stance|AoE2",
				"Skyseeker|AoE2",
				"Steal The Sky|AoE2",
				"Speaking Sky|AoE2",
				"Cross the Final Horizon|AoE2"
			]
		},
		{
			"name": "Sky And Heaven Stance",
			"source": "AoE2",
			"page": 78,
			"activity": {
				"number": 1,
				"unit": "action"
			},
			"level": 6,
			"featType": {
				"archetype": [
					"Jalmeri Heavenseeker"
				]
			},
			"traits": [
				"archetype",
				"stance"
			],
			"prerequisites": "{@feat Jalmeri Heavenseeker Dedication|AoE2}",
			"requirements": "You are unarmored.",
			"entries": [
				"You enter a stance perfected by past champions of the Challenge of Sky and Heaven, allowing you to make jagged strikes like flashes of lightning through the sky. The only {@action Strike||Strikes} you can make are skyward slash unarmed attacks. These unarmed attacks deal {@damage 1d10} slashing damage; are in the {@group brawling}; and have the {@trait nonlethal}, {@trait unarmed}, and {@trait versatile <P>} traits.",
				"While in Sky and Heaven Stance, you gain resistance 2 to electricity and resistance 2 to sonic damage. These resistances increase to 5 at 12th level and to 8 at 18th level."
			]
		},
		{
			"name": "Skyseeker",
			"source": "AoE2",
			"page": 79,
			"activity": {
				"number": 2,
				"unit": "action"
			},
			"level": 8,
			"featType": {
				"archetype": [
					"Jalmeri Heavenseeker"
				]
			},
			"traits": [
				"archetype",
				"open"
			],
			"prerequisites": "{@feat Sky and Heaven Stance|AoE2}",
			"requirements": "You are in Sky and Heaven Stance.",
			"entries": [
				"You {@action Leap} toward an opponent. At any point in the Leap, you can make a single {@action Strike} against a creature within your reach. At 12th level, if you hit with this Strike, instead of finishing your Leap, you can immediately attempt a second Leap from the space where you struck the target of your Strike. You can make a single Strike against a target within your reach during this second Leap as well. At 16th level, you can attempt a third Leap if your second Strike hits, and you can attack a target at any point during this third Leap.",
				"All Leaps made during this activity gain a +10-foot status bonus to the total height or distance of your leap, and no two {@action Strike||Strikes} can target the same creature."
			]
		},
		{
			"name": "Speaking Sky",
			"source": "AoE2",
			"page": 79,
			"level": 12,
			"featType": {
				"archetype": [
					"Jalmeri Heavenseeker"
				]
			},
			"traits": [
				"archetype"
			],
			"prerequisites": "{@feat Jalmeri Heavenseeker Dedication|AoE2}",
			"entries": [
				"You can hear air movement like soft whispers. You gain the {@spell speaking sky|AoE2} ki spell. Increase the number of Focus Points in your focus pool by 1."
			]
		},
		{
			"name": "Steal The Sky",
			"source": "AoE2",
			"page": 79,
			"level": 10,
			"featType": {
				"archetype": [
					"Jalmeri Heavenseeker"
				]
			},
			"traits": [
				"archetype"
			],
			"prerequisites": "{@feat Jalmeri Heavenseeker Dedication|AoE2}",
			"entries": [
				"You can take away the air that keeps a flying foe aloft. You gain the {@spell steal the sky|AoE2} ki spell. Increase the number of Focus Points in your focus pool by 1."
			]
		}
	]
}
