{
	"creature": [
		{
			"name": "Barking Stag",
			"isNpc": false,
			"source": "EC6",
			"page": 40,
			"level": 13,
			"traits": [
				"rare",
				"n",
				"large",
				"animal"
			],
			"perception": {
				"std": 28
			},
			"senses": [
				{
					"name": "low-light vision"
				}
			],
			"skills": {
				"acrobatics": {
					"std": 24
				},
				"athletics": {
					"std": 27
				},
				"survival": {
					"std": 26
				}
			},
			"abilityMods": {
				"str": 8,
				"dex": 5,
				"con": 4,
				"int": -4,
				"wis": 5,
				"cha": 1
			},
			"speed": {
				"walk": 45
			},
			"attacks": [
				{
					"range": "Melee",
					"name": "antler",
					"attack": 16,
					"traits": [
						"grapple"
					],
					"effects": [
						"Grab"
					],
					"damage": "{@damage 3d10+12} piercing plus Grab",
					"types": [
						"piercing"
					]
				},
				{
					"range": "Melee",
					"name": "hoof",
					"attack": 16,
					"effects": [],
					"damage": "{@damage 3d8+12} bludgeoning",
					"types": [
						"bludgeoning"
					]
				}
			],
			"abilities": {
				"top": [
					{
						"entries": [
							"When it isn't injured, a barking stag benefits from {@action Cover Tracks}, regardless of its travel Speed."
						],
						"name": "Foil the Hunt"
					}
				],
				"mid": [
					{
						"entries": [
							"A barking stag takes 10 additional damage from arrows (but not bolts or other ammunition)."
						],
						"name": "Arrow Vulnerability"
					}
				],
				"bot": [
					{
						"activity": {
							"number": 1,
							"unit": "action"
						},
						"requirements": "The barking stag has a creature {@condition grabbed} with its antler",
						"entries": [
							"The barking stag tosses the {@condition grabbed} creature 20 feet into the air and up to 15 feet away in a direction of its choice, dealing {@damage 3d10+12} piercing damage plus falling damage to the creature."
						],
						"name": "Antler Toss"
					},
					{
						"activity": {
							"number": 3,
							"unit": "action"
						},
						"entries": [
							"Medium or smaller, hoof, DC 30."
						],
						"name": "Trample",
						"generic": {
							"tag": "ability"
						}
					}
				]
			},
			"defenses": {
				"ac": {
					"std": 34
				},
				"savingThrows": {
					"fort": {
						"std": 21
					},
					"ref": {
						"std": 26
					},
					"will": {
						"std": 23
					}
				},
				"hp": [
					{
						"hp": 245,
						"abilities": null
					}
				],
				"weaknesses": [
					{
						"name": "arrow vulnerability"
					}
				]
			}
		},
		{
			"name": "Convergent Giant Eagle",
			"isNpc": false,
			"source": "EC6",
			"page": 12,
			"level": 15,
			"traits": [
				"rare",
				"ln",
				"large",
				"beast"
			],
			"perception": {
				"std": 29
			},
			"senses": [
				{
					"name": "low-light vision"
				}
			],
			"languages": {
				"languages": [
					"auran",
					"elven",
					"sylvan",
					"utopian (can't speak any"
				]
			},
			"skills": {
				"acrobatics": {
					"std": 29
				},
				"athletics": {
					"std": 25
				},
				"stealth": {
					"std": 28
				}
			},
			"abilityMods": {
				"str": 6,
				"dex": 8,
				"con": 3,
				"int": 2,
				"wis": 4,
				"cha": 2
			},
			"speed": {
				"walk": 10,
				"fly": 60
			},
			"attacks": [
				{
					"range": "Melee",
					"name": "beak",
					"attack": 30,
					"effects": [],
					"damage": "{@damage 4d8+6} piercing plus",
					"types": [
						"piercing"
					]
				}
			],
			"abilities": {
				"top": [
					{
						"entries": [
							"Creatures with this ability can communicate with each other by manifesting an aura of wispy Utopian runes. This has the effects of telepathy with a range of 300 feet, but requires line of sight."
						],
						"name": "Convergent Link"
					}
				],
				"mid": [
					{
						"entries": [
							"While a convergent giant eagle is {@condition confused}, {@condition fascinated}, or {@condition frightened}, it loses its convergent link and convergent tactics abilities."
						],
						"name": "Disrupted Link"
					},
					{
						"entries": [
							"When a giant eagle succeeds at a Reflex save, it critically succeeds instead."
						],
						"name": "Evasion"
					}
				]
			},
			"defenses": {
				"ac": {
					"std": 37
				},
				"savingThrows": {
					"fort": {
						"std": 25
					},
					"ref": {
						"std": 27
					},
					"will": {
						"std": 21
					}
				},
				"hp": [
					{
						"hp": 290,
						"abilities": null
					}
				],
				"weaknesses": [
					{
						"amount": 10,
						"name": "chaotic"
					}
				]
			}
		},
		{
			"name": "Convergent Kendley Nathrael",
			"isNpc": false,
			"source": "EC6",
			"page": 87,
			"level": 19,
			"traits": [
				"unique",
				"ln",
				"medium",
				"elf",
				"human",
				"humanoid"
			],
			"perception": {
				"std": 35
			},
			"languages": {
				"languages": [
					"common",
					"elven",
					"sylvan",
					"utopian"
				],
				"abilities": [
					"convergent link"
				]
			},
			"skills": {
				"athletics": {
					"std": 32
				},
				"diplomacy": {
					"std": 35
				},
				"intimidation": {
					"std": 33
				},
				"survival": {
					"std": 30
				}
			},
			"abilityMods": {
				"str": 5,
				"dex": 0,
				"con": 4,
				"int": 3,
				"wis": 3,
				"cha": 6
			},
			"speed": {
				"walk": 25
			},
			"attacks": [
				{
					"range": "Melee",
					"name": "bastard sword",
					"attack": 34,
					"traits": [
						"magical",
						"two-hand d12"
					],
					"effects": [
						"convergent tactics"
					],
					"damage": "{@damage 3d8+11} slashing plus convergent tactics",
					"types": [
						"slashing"
					]
				},
				{
					"range": "Melee",
					"name": "composite longbow",
					"attack": 29,
					"traits": [
						"deadly 2d10",
						"magical",
						"propulsive",
						"range increment 100 feet",
						"reload 0",
						"volley 30 feet"
					],
					"effects": [
						"convergent tactics"
					],
					"damage": "{@damage 3d8+11} piercing plus convergent tactics",
					"types": [
						"piercing"
					]
				}
			],
			"spellcasting": [
				{
					"name": "Divine Innate",
					"type": "Innate",
					"tradition": "Divine",
					"DC": 39,
					"attack": 31,
					"entry": {
						"0": {
							"level": 10,
							"spells": [
								{
									"name": "shield"
								},
								{
									"name": "telekinetic projectile"
								}
							]
						},
						"2": {
							"spells": [
								{
									"name": "calm emotions",
									"amount": "at will"
								},
								{
									"name": "telekinetic maneuver",
									"amount": "at will"
								}
							]
						},
						"10": {
							"spells": [
								{
									"name": "divine wrath",
									"notes": [
										"lawful only"
									]
								}
							]
						}
					}
				}
			],
			"abilities": {
				"top": [
					{
						"entries": [
							"+30 Str +5, Dex +0, Con +4, Int +3, Wis +3, Cha +6 Items +2 greater striking bastard sword, +2 greater resilient chain mail, +2 greater striking composite longbow (20 arrows), key to strongbox in area A10."
						],
						"name": "Survival"
					},
					{
						"entries": [
							"Creatures with this ability can communicate with each other by manifesting an aura of wispy Utopian runes. This has the effects of telepathy with a range of 300 feet, but requires line of sight."
						],
						"name": "Convergent Link"
					}
				],
				"mid": [
					{
						"entries": [
							"Kendley is {@condition confused}, {@condition fascinated}, or {@condition frightened}, she loses her innate spells and her convergent link and convergent tactics abilities."
						],
						"name": "Disrupted Link While"
					}
				],
				"bot": [
					{
						"entries": [
							"Kendley casts calm emotions, creatures {@condition controlled} by the convergence lattice automatically fail their saving throws against the effect, but they can still use {@condition hostile} actions against creatures who aren't {@condition controlled} by the convergence lattice. Each time she Sustains the Spell, creatures affected by the spell are exposed to the convergence lattice as though they had been in conversation with her."
						],
						"name": "Convergent Calm When"
					},
					{
						"entries": [
							"Kendley's attacks (including telekinetic projectile) deal an extra {@dice 4d8} damage to creatures within reach of one of her allies who has convergent tactics."
						],
						"name": "Convergent Tactics"
					}
				]
			},
			"defenses": {
				"ac": {
					"std": 41
				},
				"savingThrows": {
					"fort": {
						"std": 33
					},
					"ref": {
						"std": 29
					},
					"will": {
						"std": 32
					}
				},
				"hp": [
					{
						"hp": 440,
						"abilities": null
					}
				],
				"weaknesses": [
					{
						"amount": 20,
						"name": "chaotic"
					}
				]
			}
		},
		{
			"name": "Convergent Soldier",
			"isNpc": false,
			"source": "EC6",
			"page": 14,
			"level": 16,
			"traits": [
				"rare",
				"ln",
				"medium",
				"human",
				"humanoid"
			],
			"perception": {
				"std": 28
			},
			"languages": {
				"languages": [
					"common",
					"sylvan",
					"utopian"
				],
				"abilities": [
					"convergent link"
				]
			},
			"skills": {
				"acrobatics": {
					"std": 29
				},
				"athletics": {
					"std": 32
				},
				"survival": {
					"std": 28
				}
			},
			"abilityMods": {
				"str": 6,
				"dex": 5,
				"con": 9,
				"int": 2,
				"wis": 4,
				"cha": 2
			},
			"speed": {
				"walk": 25
			},
			"attacks": [
				{
					"range": "Melee",
					"name": "bastard sword",
					"attack": 31,
					"traits": [
						"magical",
						"two-hand d12"
					],
					"effects": [
						"convergent tactics"
					],
					"damage": "{@damage 2d8+12} slashing plus convergent tactics",
					"types": [
						"slashing"
					]
				},
				{
					"range": "Ranged",
					"name": "longbow",
					"attack": 29,
					"traits": [
						"deadly 1d10",
						"range increment 100 feet",
						"reload 0",
						"volley 30 feet"
					],
					"effects": [
						"convergent tactics"
					],
					"damage": "{@damage 1d8+9} piercing plus convergent tactics",
					"types": [
						"piercing"
					]
				}
			],
			"abilities": {
				"top": [
					{
						"entries": [
							"Creatures with this ability can communicate with each other by manifesting an aura of wispy Utopian runes. This has the effects of telepathy with a range of 300 feet, but requires line of sight."
						],
						"name": "Convergent Link"
					}
				],
				"mid": [
					{
						"entries": [
							"While a convergent soldier is {@condition confused}, {@condition fascinated}, or {@condition frightened}, they lose their convergent link and convergent tactics abilities."
						],
						"name": "Disrupted Link"
					},
					{
						"activity": {
							"number": 1,
							"unit": "reaction"
						},
						"entries": [],
						"name": "Attack of Opportunity",
						"generic": {
							"tag": "ability"
						}
					}
				],
				"bot": [
					{
						"entries": [
							"The convergent soldier's attacks deal an extra {@dice 4d8} damage to creatures within reach of one of their allies with convergent tactics."
						],
						"name": "Convergent Tactics"
					},
					{
						"activity": {
							"number": 1,
							"unit": "action"
						},
						"traits": [
							"divine",
							"illusion",
							"mental",
							"visual"
						],
						"entries": [
							"Utopian runes burst from the convergent soldier. Any creature {@condition stupefied} by the convergence lattice who is within 100 feet of the convergent soldier and can see the runes must attempt a DC 34 Will save.",
							{
								"type": "successDegree",
								"entries": {
									"Failure": "For 1 round, the creature is {@condition flat-footed} to creatures with the convergent link ability and counts as an ally with convergent tactics for the purposes of activating the convergent tactics ability.",
									"Critical Failure": "As failure, and the creature is also {@condition slowed|CRB|slowed 1} for 1 round due to the information overload."
								}
							}
						],
						"name": "Force Communication"
					}
				]
			},
			"defenses": {
				"ac": {
					"std": 39
				},
				"savingThrows": {
					"fort": {
						"std": 30
					},
					"ref": {
						"std": 28
					},
					"will": {
						"std": 25
					}
				},
				"hp": [
					{
						"hp": 315,
						"abilities": null
					}
				],
				"weaknesses": [
					{
						"amount": 10,
						"name": "chaotic"
					}
				]
			}
		},
		{
			"name": "Elysian Sheep",
			"isNpc": false,
			"source": "EC6",
			"page": 32,
			"level": 7,
			"traits": [
				"rare",
				"ng",
				"large",
				"animal"
			],
			"perception": {
				"std": 18
			},
			"senses": [
				{
					"name": "low-light vision"
				}
			],
			"skills": {
				"acrobatics": {
					"std": 17
				},
				"athletics": {
					"std": 15
				},
				"survival": {
					"std": 16
				}
			},
			"abilityMods": {
				"str": 2,
				"dex": 6,
				"con": 4,
				"int": -4,
				"wis": 3,
				"cha": -1
			},
			"speed": {
				"walk": 40
			},
			"attacks": [
				{
					"range": "Melee",
					"name": "horn",
					"attack": 16,
					"effects": [
						"{@dice 2d8+5}"
					],
					"damage": "{@dice 2d8+5} plus {@damage 1d6} good",
					"types": [
						"good"
					]
				},
				{
					"range": "Melee",
					"name": "hoof",
					"attack": 16,
					"effects": [
						"{@dice 2d6+5}"
					],
					"damage": "{@dice 2d6+5} plus {@damage 1d6} good",
					"types": [
						"good"
					]
				}
			],
			"abilities": {
				"top": [
					{
						"entries": [
							"Inclines and rocky areas are not {@quickref difficult terrain||3|terrain} for an Elysian sheep."
						],
						"name": "Nimble Grazer"
					}
				],
				"mid": [
					{
						"entries": [
							"Elysian sheep gains the {@condition fleeing} condition whenever it has the {@condition frightened} condition."
						],
						"name": "Cowardly An"
					}
				],
				"bot": [
					{
						"activity": {
							"number": 3,
							"unit": "action"
						},
						"entries": [
							"Medium or smaller, hoof, DC 24."
						],
						"name": "Trample",
						"generic": {
							"tag": "ability"
						}
					}
				]
			},
			"defenses": {
				"ac": {
					"std": 25
				},
				"savingThrows": {
					"fort": {
						"std": 15
					},
					"ref": {
						"std": 18
					},
					"will": {
						"std": 12
					}
				},
				"hp": [
					{
						"hp": 140,
						"abilities": null
					}
				],
				"weaknesses": [
					{
						"amount": 5,
						"name": "evil"
					}
				]
			}
		},
		{
			"name": "Elysian Titan",
			"isNpc": false,
			"source": "EC6",
			"page": 82,
			"level": 21,
			"traits": [
				"rare",
				"cg",
				"gargantuan",
				"humanoid",
				"titan"
			],
			"perception": {
				"std": 36
			},
			"senses": [
				{
					"name": "darkvision"
				},
				{
					"name": "true seeing"
				}
			],
			"languages": {
				"languages": [
					"abyssal",
					"celestial",
					"common"
				],
				"abilities": [
					"telepathy 100 feet"
				]
			},
			"skills": {
				"acrobatics": {
					"std": 36
				},
				"athletics": {
					"std": 43
				},
				"crafting": {
					"std": 37
				},
				"diplomacy": {
					"std": 37
				},
				"religion": {
					"std": 37
				},
				"survival": {
					"std": 37
				}
			},
			"abilityMods": {
				"str": 10,
				"dex": 7,
				"con": 8,
				"int": 6,
				"wis": 8,
				"cha": 6
			},
			"items": [
				"+2 greater resilient breastplate",
				"+3 greater striking greatpick"
			],
			"speed": {
				"abilities": [
					"air walk"
				],
				"walk": 40
			},
			"attacks": [
				{
					"range": "Melee",
					"name": "greatpick",
					"attack": 41,
					"traits": [
						"fatal d12",
						"magical",
						"reach 30 feet"
					],
					"effects": [],
					"damage": "{@damage 4d10+20} piercing",
					"types": [
						"piercing"
					]
				},
				{
					"range": "Melee",
					"name": "fist",
					"attack": 38,
					"traits": [
						"agile",
						"reach 30 feet"
					],
					"effects": [],
					"damage": "{@damage 4d8+20} bludgeoning",
					"types": [
						"bludgeoning"
					]
				},
				{
					"range": "Ranged",
					"name": "rock",
					"attack": 38,
					"traits": [
						"brutal",
						"range increment 200 feet"
					],
					"effects": [],
					"damage": "{@damage 3d12+20} bludgeoning",
					"types": [
						"bludgeoning"
					]
				}
			],
			"spellcasting": [
				{
					"name": "Divine Innate",
					"type": "Innate",
					"tradition": "Divine",
					"DC": 44,
					"entry": {
						"5": {
							"spells": [
								{
									"name": "sending",
									"amount": 3
								}
							]
						},
						"6": {
							"spells": [
								{
									"name": "scrying",
									"amount": 3
								}
							]
						},
						"7": {
							"spells": [
								{
									"name": "plane shift",
									"amount": "at will"
								}
							]
						},
						"8": {
							"spells": [
								{
									"name": "dispel magic",
									"amount": "at will"
								},
								{
									"name": "freedom of movement",
									"amount": "at will"
								}
							]
						},
						"10": {
							"spells": [
								{
									"name": "meteor swarm"
								},
								{
									"name": "revival"
								}
							]
						},
						"constant": {
							"10": {
								"spells": [
									{
										"name": "air"
									}
								]
							}
						}
					}
				}
			],
			"rituals": [
				{
					"tradition": "Divine",
					"DC": 44,
					"rituals": [
						{
							"name": "freedom"
						}
					]
				}
			],
			"abilities": {
				"mid": [
					{
						"traits": [
							"aura",
							"divine",
							"illusion",
							"mental"
						],
						"entries": [
							"100 feet. Titans warp perception and distance around them to seem even larger and more imposing. A creature that enters or begins its turn within the emanation must succeed at a DC 44 Will save or its movement toward the titan is movement over {@quickref difficult terrain||3|terrain} ({@quickref greater difficult terrain||3|terrain} on a critical failure) for 1 round."
						],
						"name": "Impossible Stature"
					}
				],
				"bot": [
					{
						"activity": {
							"number": 1,
							"unit": "action"
						},
						"entries": [],
						"name": "Throw Rock",
						"generic": {
							"tag": "ability"
						}
					},
					{
						"activity": {
							"number": 1,
							"unit": "action"
						},
						"entries": [
							"The titan makes a fist {@action Strike} against a creature affected by their Impossible Stature, even if it's outside of the titan's normal reach. On a hit, the titan automatically Grabs the creature and, if out of their reach, pulls it within reach."
						],
						"name": "Titanic Grasp"
					},
					{
						"activity": {
							"number": 2,
							"unit": "action"
						},
						"entries": [
							"The titan makes a melee weapon {@action Strike} against each foe within their reach. This counts as three attacks for the titan's multiple attack penalty."
						],
						"name": "Wide Cleave"
					}
				]
			},
			"defenses": {
				"ac": {
					"std": 46
				},
				"savingThrows": {
					"fort": {
						"std": 37
					},
					"ref": {
						"std": 34
					},
					"will": {
						"std": 35
					}
				},
				"hp": [
					{
						"hp": 400,
						"abilities": null
					}
				],
				"immunities": [
					"death effects",
					"disease"
				]
			}
		},
		{
			"name": "Kimilekki",
			"isNpc": false,
			"source": "EC6",
			"page": 17,
			"level": 17,
			"traits": [
				"unique",
				"ce",
				"huge",
				"demon",
				"fiend"
			],
			"perception": {
				"std": 30
			},
			"senses": [
				{
					"name": "darkvision"
				},
				{
					"name": "true seeing"
				}
			],
			"languages": {
				"languages": [
					"abyssal",
					"celestial",
					"common",
					"draconic"
				],
				"abilities": [
					"telepathy"
				]
			},
			"skills": {
				"deception": {
					"std": 34
				},
				"diplomacy": {
					"std": 32
				},
				"intimidation": {
					"std": 32
				},
				"religion": {
					"std": 28
				},
				"society": {
					"std": 28
				},
				"stealth": {
					"std": 27
				}
			},
			"abilityMods": {
				"str": 8,
				"dex": 2,
				"con": 9,
				"int": 4,
				"wis": 3,
				"cha": 8
			},
			"speed": {
				"walk": 35
			},
			"attacks": [
				{
					"range": "Melee",
					"name": "pincer",
					"attack": 33,
					"traits": [
						"deadly 3d10",
						"evil",
						"magical",
						"reach 15 feet"
					],
					"effects": [
						"Grab"
					],
					"damage": "{@damage 3d10+14} bludgeoning plus {@damage 2d6} evil and Grab",
					"types": [
						"bludgeoning",
						"evil"
					]
				},
				{
					"range": "Melee",
					"name": "claw",
					"attack": 33,
					"traits": [
						"agile",
						"evil",
						"magical",
						"reach 10 feet"
					],
					"effects": [],
					"damage": "{@damage 3d6+14} slashing plus {@damage 2d6} evil",
					"types": [
						"evil",
						"slashing"
					]
				},
				{
					"range": "Melee",
					"name": "jaws",
					"attack": 33,
					"traits": [
						"evil",
						"magical",
						"reach 10 feet"
					],
					"effects": [],
					"damage": "{@damage 3d12+14} piercing plus {@damage 2d6} evil",
					"types": [
						"evil",
						"piercing"
					]
				}
			],
			"spellcasting": [
				{
					"name": "Divine Innate",
					"type": "Innate",
					"tradition": "Divine",
					"DC": 38,
					"attack": 30,
					"entry": {
						"0": {
							"level": 9,
							"spells": [
								{
									"name": "telekinetic projectile"
								}
							]
						},
						"2": {
							"spells": [
								{
									"name": "mirror image",
									"amount": "at will"
								}
							]
						},
						"4": {
							"spells": [
								{
									"name": "confusion",
									"amount": "at will"
								},
								{
									"name": "dimension door",
									"amount": "at will"
								}
							]
						},
						"5": {
							"spells": [
								{
									"name": "dimension door"
								}
							]
						},
						"7": {
							"spells": [
								{
									"name": "illusory disguise",
									"amount": "at will"
								},
								{
									"name": "reverse gravity"
								}
							]
						},
						"8": {
							"spells": [
								{
									"name": "dispel magic",
									"amount": "at will"
								},
								{
									"name": "spiritual epidemic"
								}
							]
						},
						"9": {
							"spells": [
								{
									"name": "wail of the banshee"
								}
							]
						},
						"constant": {
							"5": {
								"spells": [
									{
										"name": "tongues"
									}
								]
							},
							"6": {
								"spells": [
									{
										"name": "true seeing"
									}
								]
							}
						}
					}
				}
			],
			"rituals": [
				{
					"tradition": "Divine",
					"DC": 38,
					"rituals": [
						{
							"name": "Abyssal pact"
						}
					]
				}
			],
			"abilities": {
				"top": [
					{
						"entries": [
							"+28, {@skill Society} +28, {@skill Stealth} +27 Str +8, Dex +2, Con +9, Int +4, Wis +3, Cha +8."
						],
						"name": "Religion"
					}
				],
				"mid": [
					{
						"entries": [
							"A glabrezu's lies sustain them, and the truth can destroy them. Whenever a {@trait revelation} effect counteracts or reveals the glabrezu's illusions or the glabrezu fails a save against an effect that would prevent them from lying (such as zone of truth), the demon takes {@damage 5d6} mental damage. They take this damage only once per effect, even if the effect reveals multiple illusions or prevents multiple lies."
						],
						"name": "Truth Vulnerability"
					}
				],
				"bot": [
					{
						"activity": {
							"number": 1,
							"unit": "action"
						},
						"requirements": "A creature is {@condition grabbed} in the glabrezu's pincer",
						"entries": [
							"The glabrezu pulls the {@condition grabbed} creature up to 5 feet closer, then makes two claw {@action Strike||Strikes} against it. Those {@action Strike||Strikes} count as one attack when determining the glabrezu's multiple attack penalty, and the penalty doesn't increase until after both {@action Strike||Strikes}."
						],
						"name": "Captive Rake"
					},
					{
						"entries": [
							"When a reaction would disrupt the glabrezu's spell, the demon can attempt a DC {@flatDC 15} flat check, avoiding the disruption on a success."
						],
						"name": "Steady Spellcasting"
					},
					{
						"entries": [
							"A glabrezu can always use {@skill Deception} when rolling initiative as long as they're aware of at least one opponent before initiative is rolled. When using {@skill Deception} for initiative, the demon gains a +2 circumstance bonus to {@skill Deception}."
						],
						"name": "Sudden Betrayal"
					},
					{
						"entries": [
							"A glabrezu's illusory disguise enables it to appear as a creature of any size."
						],
						"name": "Treacherous Veil"
					},
					{
						"traits": [
							"divination",
							"divine"
						],
						"entries": [
							"Once per month, a glabrezu can grant a mortal humanoid the effects of a {@spell miracle} spell granted by an Abyssal patron, though the glabrezu always perverts the miracle according to their own treacherous nature."
						],
						"name": "Twisted Desires"
					}
				]
			},
			"defenses": {
				"ac": {
					"std": 40
				},
				"savingThrows": {
					"fort": {
						"std": 32
					},
					"ref": {
						"std": 25
					},
					"will": {
						"std": 30
					}
				},
				"hp": [
					{
						"hp": 380,
						"abilities": null
					}
				],
				"weaknesses": [
					{
						"amount": 15,
						"name": "cold iron"
					},
					{
						"amount": 15,
						"name": "good"
					}
				]
			}
		},
		{
			"name": "Kirosthrek",
			"isNpc": false,
			"source": "EC6",
			"page": 89,
			"level": 20,
			"traits": [
				"unique",
				"ne",
				"medium",
				"humanoid",
				"xulgath"
			],
			"perception": {
				"std": 36
			},
			"senses": [
				{
					"name": "darkvision"
				},
				{
					"type": "imprecise",
					"name": "thoughtsense",
					"range": 60
				},
				{
					"name": "true seeing"
				}
			],
			"languages": {
				"languages": [
					"abyssal",
					"common",
					"daemonic",
					"draconic"
				]
			},
			"skills": {
				"arcana": {
					"std": 36
				},
				"deception": {
					"std": 33
				},
				"diplomacy": {
					"std": 41
				},
				"medicine": {
					"std": 38
				},
				"occultism": {
					"std": 38
				},
				"stealth": {
					"std": 37
				}
			},
			"abilityMods": {
				"str": 3,
				"dex": 3,
				"con": 1,
				"int": 4,
				"wis": 4,
				"cha": 7
			},
			"speed": {
				"walk": 25,
				"fly": 35
			},
			"attacks": [
				{
					"range": "Melee",
					"name": "jaws",
					"attack": 34,
					"traits": [
						"magical"
					],
					"effects": [],
					"damage": "{@damage 4d8+6} piercing plus {@damage 4d6} mental",
					"types": [
						"mental",
						"piercing"
					]
				},
				{
					"range": "Melee",
					"name": "claw",
					"attack": 34,
					"traits": [
						"agile",
						"magical"
					],
					"effects": [],
					"damage": "{@damage 4d4+6} slashing plus {@damage 4d6} mental",
					"types": [
						"mental",
						"slashing"
					]
				}
			],
			"spellcasting": [
				{
					"name": "Occult Spontaneous",
					"type": "Spontaneous",
					"tradition": "Occult",
					"DC": 42,
					"entry": {
						"0": {
							"level": 10,
							"spells": [
								{
									"name": "daze"
								},
								{
									"name": "forbidding ward"
								},
								{
									"name": "message"
								},
								{
									"name": "shield"
								}
							]
						},
						"1": {
							"slots": 3,
							"spells": [
								{
									"name": "fear"
								},
								{
									"name": "sleep"
								},
								{
									"name": "true strike"
								}
							]
						},
						"2": {
							"slots": 3,
							"spells": [
								{
									"name": "invisibility"
								},
								{
									"name": "mirror image"
								},
								{
									"name": "silence"
								}
							]
						},
						"3": {
							"slots": 3,
							"spells": [
								{
									"name": "enthrall"
								},
								{
									"name": "haste"
								},
								{
									"name": "paralyze"
								}
							]
						},
						"4": {
							"slots": 3,
							"spells": [
								{
									"name": "invisibility"
								},
								{
									"name": "modify memory"
								},
								{
									"name": "suggestion"
								}
							]
						},
						"5": {
							"slots": 3,
							"spells": [
								{
									"name": "hallucination"
								},
								{
									"name": "mind probe"
								},
								{
									"name": "synaptic pulse"
								}
							]
						},
						"6": {
							"slots": 3,
							"spells": [
								{
									"name": "phantasmal calamity"
								},
								{
									"name": "scrying"
								},
								{
									"name": "wall of force"
								}
							]
						},
						"7": {
							"slots": 3,
							"spells": [
								{
									"name": "phantasmal killer"
								},
								{
									"name": "vision of danger"
								},
								{
									"name": "warp mind"
								}
							]
						},
						"8": {
							"slots": 3,
							"spells": [
								{
									"name": "confusion"
								},
								{
									"name": "disappearance"
								},
								{
									"name": "maze"
								},
								{
									"name": "wall of force"
								}
							]
						},
						"9": {
							"slots": 3,
							"spells": [
								{
									"name": "foresight"
								},
								{
									"name": "synesthesia"
								},
								{
									"name": "weird"
								}
							]
						},
						"10": {
							"slots": 2,
							"spells": [
								{
									"name": "alter reality"
								},
								{
									"name": "summon fiend"
								}
							]
						}
					}
				},
				{
					"name": "Occult Innate",
					"type": "Innate",
					"tradition": "Occult",
					"DC": 42,
					"attack": 34,
					"entry": {
						"0": {
							"level": 10,
							"spells": [
								{
									"name": "telekinetic projectile"
								}
							]
						},
						"2": {
							"spells": [
								{
									"name": "telekinetic maneuver",
									"amount": "at will"
								}
							]
						},
						"5": {
							"spells": [
								{
									"name": "telekinetic haul",
									"amount": "at will"
								}
							]
						},
						"8": {
							"spells": [
								{
									"name": "phantom pain",
									"amount": "at will"
								}
							]
						}
					}
				}
			],
			"rituals": [
				{
					"tradition": "Occult",
					"DC": 42,
					"rituals": [
						{
							"name": "call spirit"
						},
						{
							"name": "inveigle"
						},
						{
							"name": "planar binding"
						}
					]
				}
			],
			"abilities": {
				"top": [
					{
						"traits": [
							"divination",
							"mental",
							"occult"
						],
						"entries": [
							"Kirosthrek senses a creature's mental essence at the listed range."
						],
						"name": "Thoughtsense"
					}
				],
				"mid": [
					{
						"traits": [
							"aura",
							"mental"
						],
						"entries": [
							"30 feet. As xulgath thoughtmaw (page 85), but DC 42."
						],
						"name": "Psychogenic Secretions"
					},
					{
						"activity": {
							"number": 1,
							"unit": "reaction"
						},
						"traits": [
							"mental"
						],
						"trigger": "Kirosthrek attempts a saving throw against a spell",
						"entries": [
							"Kirosthrek diverts some of the spell's energy, gaining a +2 circumstance bonus to the saving throw or +4 if the spell has the {@trait mental} trait. If she critically succeeds at the saving throw, she can use the {@action Cast a Spell} action on her next turn to cast the triggering spell at the same level without expending any spell slots."
						],
						"name": "Divert Thoughts"
					}
				],
				"bot": [
					{
						"traits": [
							"10th"
						],
						"entries": [
							"fly, true seeing Occult Rituals DC 42; call spirit, inveigle, planar binding."
						],
						"name": "Constant"
					},
					{
						"activity": {
							"number": 2,
							"unit": "action"
						},
						"entries": [
							"As xulgath thoughtmaw (page 85), but DC 42."
						],
						"name": "Consume Knowledge"
					}
				]
			},
			"defenses": {
				"ac": {
					"std": 45
				},
				"savingThrows": {
					"fort": {
						"std": 31
					},
					"ref": {
						"std": 33
					},
					"will": {
						"std": 36
					}
				},
				"hp": [
					{
						"hp": 375,
						"abilities": null
					}
				],
				"resistances": [
					{
						"amount": 20,
						"name": "mental"
					}
				]
			}
		},
		{
			"name": "Sarvel Ever-hunger",
			"isNpc": false,
			"source": "EC6",
			"page": 90,
			"level": 22,
			"traits": [
				"unique",
				"ce",
				"large",
				"fiend",
				"humanoid",
				"xulgath"
			],
			"perception": {
				"std": 39
			},
			"senses": [
				{
					"name": "darkvision"
				}
			],
			"languages": {
				"languages": [
					"abyssal",
					"common",
					"draconic",
					"undercommon"
				]
			},
			"skills": {
				"arcana": {
					"std": 38
				},
				"athletics": {
					"std": 41
				},
				"intimidation": {
					"std": 40
				},
				"survival": {
					"std": 40
				},
				"zevgavizeb lore": {
					"std": 40
				}
			},
			"abilityMods": {
				"str": 9,
				"dex": 2,
				"con": 6,
				"int": 2,
				"wis": 6,
				"cha": 4
			},
			"speed": {
				"abilities": [
					"air walk",
					"freedom of movement"
				],
				"walk": 30
			},
			"attacks": [
				{
					"range": "Melee",
					"name": "spiked gauntlet",
					"attack": 41,
					"traits": [
						"agile",
						"magical"
					],
					"effects": [],
					"damage": "{@damage 4d8+19} piercing plus {@damage 1d6} evil",
					"types": [
						"evil",
						"piercing"
					]
				},
				{
					"range": "Melee",
					"name": "tentacle",
					"attack": 41,
					"traits": [
						"agile",
						"magical",
						"reach 20 feet"
					],
					"effects": [
						"Grab"
					],
					"damage": "{@damage 4d8+19} slashing plus Grab",
					"types": [
						"slashing"
					]
				},
				{
					"range": "Melee",
					"name": "jaws",
					"attack": 41,
					"traits": [
						"magical"
					],
					"effects": [],
					"damage": "{@damage 4d12+19} piercing",
					"types": [
						"piercing"
					]
				}
			],
			"spellcasting": [
				{
					"name": "Divine Prepared",
					"type": "Prepared",
					"tradition": "Divine",
					"DC": 45,
					"attack": 37,
					"entry": {
						"6": {
							"spells": [
								{
									"name": "divine wrath"
								},
								{
									"name": "flame strike"
								},
								{
									"name": "restore senses"
								}
							]
						},
						"7": {
							"spells": [
								{
									"name": "paralyze"
								},
								{
									"name": "resist energy",
									"amount": 2
								}
							]
						},
						"8": {
							"spells": [
								{
									"name": "eclipse burst"
								},
								{
									"name": "finger of death",
									"amount": 2
								}
							]
						},
						"9": {
							"spells": [
								{
									"name": "blade barrier"
								},
								{
									"name": "devour life",
									"notes": [
										"page 76"
									]
								},
								{
									"name": "wail of the banshee"
								}
							]
						},
						"10": {
							"spells": [
								{
									"name": "harm",
									"amount": 5
								},
								{
									"name": "miracle"
								},
								{
									"name": "weapon of judgment"
								}
							]
						}
					}
				}
			],
			"abilities": {
				"mid": [
					{
						"entries": [
							"At the start of Sarvel's turn, if he is dead, {@condition unconscious}, or otherwise unable to act, his efforts in the unfinished extinction curse ritual pull on the power of an aeon orb. The surge of power heals his body completely without causing the {@condition wounded} condition, causes him to grow an additional tentacle, and attempts to counteract all detrimental effects on Sarvel as a 10thlevel effect with a +42 counteract modifier. An aeon orb used by Sarvel or the heroes is depleted and can't be used to power this ability."
						],
						"name": "Echoes of Aeons"
					},
					{
						"traits": [
							"aura",
							"emotion",
							"mental",
							"olfactory"
						],
						"entries": [
							"30 feet. A creature that enters or begins their turn in the emanation must attempt a DC 45 Fortitude save. On a failure, the creature is {@condition sickened|CRB|sickened 2} and {@condition confused} for 1 round; on a critical failure, it can't target Sarvel with any {@action Strike||Strikes} or other effects from its {@condition confused} condition.",
							"While within the emanation, the creature takes a \u20132 penalty to saves to recover from the {@condition sickened} condition.",
							"A creature that succeeds at its save is temporarily immune to all xulgaths' stenches for 1 minute. Sarvel can suppress or resume this aura as a free action."
						],
						"name": "Enraging Stench"
					},
					{
						"entries": [
							"Sarvel begins combat with two tentacles. Each tentacle has 66 HP and is immune to area damage.",
							"A creature can attempt to sever one."
						],
						"name": "Touch of Zevgavizeb"
					},
					{
						"entries": [
							"Sarvel's tentacles by specifically targeting it and dealing damage equal to the tentacle's Hit Points. A tentacle not completely severed returns to full HP at the end of any creature's turn. For each tentacle he has, Sarvel gains an extra reaction at the start of his turn that can be used only for an {@action Attack of Opportunity}. If he has no tentacles, he can no longer make tentacle {@action Strike||Strikes}, Writhe."
						],
						"name": "of"
					},
					{
						"entries": [],
						"name": "Independently, or Constrict."
					},
					{
						"activity": {
							"number": 1,
							"unit": "reaction"
						},
						"traits": [
							"tentacle"
						],
						"entries": [
							"only."
						],
						"name": "Attack of Opportunity",
						"generic": {
							"tag": "ability"
						}
					}
				],
				"bot": [
					{
						"traits": [
							"10th"
						],
						"entries": [
							"divine lance, message, read aura, shield; Constant (4th) air walk, freedom of movement Rituals DC 45; Abyssal pact, atone, commune."
						],
						"name": "Cantrips"
					},
					{
						"activity": {
							"number": 1,
							"unit": "action"
						},
						"entries": [
							"{@damage 4d8+12} bludgeoning, DC 45."
						],
						"name": "Constrict",
						"generic": {
							"tag": "ability"
						}
					},
					{
						"activity": {
							"number": 1,
							"unit": "action"
						},
						"frequency": {
							"unit": "round",
							"freq": 1
						},
						"entries": [
							"Sarvel makes one tentacle {@action Strike} with each tentacle he currently has (to a maximum of six {@action Strike||Strikes}), but he can't target a single creature with more than one {@action Strike}. Each attack counts toward his multiple attack penalty, but the penalty doesn't increase until all the attacks have been made."
						],
						"name": "Writhe Independently"
					}
				]
			},
			"defenses": {
				"ac": {
					"std": 48
				},
				"savingThrows": {
					"fort": {
						"std": 37
					},
					"ref": {
						"std": 34
					},
					"will": {
						"std": 36
					}
				},
				"hp": [
					{
						"hp": 430,
						"abilities": null
					}
				],
				"weaknesses": [
					{
						"amount": 15,
						"name": "cold iron"
					},
					{
						"amount": 15,
						"name": "good"
					}
				]
			}
		},
		{
			"name": "Saurian Warmonger",
			"isNpc": false,
			"source": "EC6",
			"page": 80,
			"level": 16,
			"traits": [
				"uncommon",
				"ne",
				"huge",
				"dinosaur",
				"humanoid"
			],
			"perception": {
				"std": 31
			},
			"senses": [
				{
					"name": "darkvision"
				}
			],
			"languages": {
				"languages": [
					"common",
					"ignan",
					"sylvan"
				],
				"abilities": [
					"speak with animals"
				]
			},
			"skills": {
				"athletics": {
					"std": 32
				},
				"crafting": {
					"std": 28
				},
				"intimidation": {
					"std": 28
				},
				"nature": {
					"std": 30
				},
				"survival": {
					"std": 30
				}
			},
			"abilityMods": {
				"str": 8,
				"dex": 5,
				"con": 6,
				"int": 4,
				"wis": 6,
				"cha": 4
			},
			"items": [
				"leather armor",
				"+1 striking mancatcher",
				"+2 greater striking spear"
			],
			"speed": {
				"walk": 40
			},
			"attacks": [
				{
					"range": "Melee",
					"name": "spear",
					"attack": 32,
					"traits": [
						"magical",
						"reach 15 feet"
					],
					"effects": [],
					"damage": "{@damage 3d6+16} piercing",
					"types": [
						"piercing"
					]
				},
				{
					"range": "Melee",
					"name": "mancatcher",
					"attack": 31,
					"traits": [
						"grab",
						"magical",
						"reach 20 feet"
					],
					"effects": [
						"restrain"
					],
					"damage": "{@damage 2d6+16} slashing plus restrain",
					"types": [
						"slashing"
					]
				},
				{
					"range": "Melee",
					"name": "jaws",
					"attack": 30,
					"traits": [
						"deadly d12",
						"reach 15 feet"
					],
					"effects": [],
					"damage": "{@damage 3d10+16} piercing",
					"types": [
						"piercing"
					]
				},
				{
					"range": "Melee",
					"name": "tail",
					"attack": 30,
					"traits": [
						"agile",
						"finesse",
						"reach 10 feet",
						"trip"
					],
					"effects": [],
					"damage": "{@damage 3d6+16} bludgeoning",
					"types": [
						"bludgeoning"
					]
				},
				{
					"range": "Ranged",
					"name": "spear",
					"attack": 32,
					"traits": [
						"magical",
						"thrown 20 feet"
					],
					"effects": [],
					"damage": "{@damage 3d6+16} piercing",
					"types": [
						"piercing"
					]
				}
			],
			"spellcasting": [
				{
					"name": "Primal Innate",
					"type": "Innate",
					"tradition": "Primal",
					"DC": 37,
					"entry": {
						"3": {
							"spells": [
								{
									"name": "animal vision",
									"notes": [
										"at will; dinosaurs only"
									]
								}
							]
						},
						"4": {
							"spells": [
								{
									"name": "air walk"
								}
							]
						},
						"constant": {
							"2": {
								"spells": [
									{
										"name": "speak with animals"
									}
								]
							}
						}
					}
				}
			],
			"abilities": {
				"bot": [
					{
						"activity": {
							"number": 2,
							"unit": "action"
						},
						"traits": [
							"incapacitation",
							"sonic"
						],
						"entries": [
							"The saurian warmonger bellows, evoking the power of the primordial world. Non-dinosaur creatures within 30 feet take {@damage 10d6} sonic damage (DC 34 basic Fortitude save). On a failed save, a creature is also {@condition slowed|CRB|slowed 2} for 1 round ({@condition stunned} {@dice 1d4} on a critical failure). The saurian can't use Boneshaking Roar again for {@dice 1d4} rounds."
						],
						"name": "Boneshaking Roar"
					},
					{
						"entries": [
							"A warmonger wields their mancatcher in one hand."
						],
						"name": "Primordial Balance"
					},
					{
						"entries": [
							"When the warmonger makes a successful mancatcher {@action Strike}, their target must succeed at a DC 34 Reflex save or become {@condition grabbed} until the end of the warmonger's next turn. Each time the creature fails an attempt to {@action Escape} the warmonger, it takes {@damage 2d6} piercing damage."
						],
						"name": "Restrain"
					},
					{
						"activity": {
							"number": 1,
							"unit": "action"
						},
						"entries": [
							"The saurian warmonger makes three {@action Strike||Strikes}: one {@action Strike} each with the weapons in their hands and one {@action Strike} with their tail.",
							"They can perform these attacks in any order, though each counts toward their multiple attack penalty as normal. After making a Three-Limbed Lunge, the warmonger is {@condition flat-footed} until the beginning of their next turn."
						],
						"name": "Three-Limbed Lunge"
					}
				]
			},
			"defenses": {
				"ac": {
					"std": 39
				},
				"savingThrows": {
					"fort": {
						"std": 26
					},
					"ref": {
						"std": 25
					},
					"will": {
						"std": 28
					}
				},
				"hp": [
					{
						"hp": 340,
						"abilities": null
					}
				]
			}
		},
		{
			"name": "Saurian Worldwatcher",
			"isNpc": false,
			"source": "EC6",
			"page": 81,
			"level": 18,
			"traits": [
				"uncommon",
				"ne",
				"huge",
				"dinosaur",
				"humanoid"
			],
			"perception": {
				"std": 34
			},
			"senses": [
				{
					"name": "darkvision"
				}
			],
			"languages": {
				"languages": [
					"common",
					"ignan",
					"sylvan"
				],
				"abilities": [
					"speak with animals"
				]
			},
			"skills": {
				"acrobatics": {
					"std": 35
				},
				"athletics": {
					"std": 33
				},
				"diplomacy": {
					"std": 32
				},
				"intimidation": {
					"std": 32
				},
				"nature": {
					"std": 34
				},
				"stealth": {
					"std": 35
				},
				"survival": {
					"std": 34
				}
			},
			"abilityMods": {
				"str": 7,
				"dex": 9,
				"con": 6,
				"int": 5,
				"wis": 8,
				"cha": 6
			},
			"items": [
				"javelins (2)",
				"+2 greater striking naginata"
			],
			"speed": {
				"walk": 40
			},
			"attacks": [
				{
					"range": "Melee",
					"name": "naginata",
					"attack": 35,
					"traits": [
						"deadly d8",
						"magical",
						"reach 20 feet",
						"versatile p"
					],
					"effects": [
						"stunning blow"
					],
					"damage": "{@damage 3d8+19} slashing plus stunning blow",
					"types": [
						"slashing"
					]
				},
				{
					"range": "Melee",
					"name": "jaws",
					"attack": 33,
					"traits": [
						"deadly d12",
						"magical",
						"reach 15 feet"
					],
					"effects": [],
					"damage": "{@damage 3d10+17} piercing",
					"types": [
						"piercing"
					]
				},
				{
					"range": "Melee",
					"name": "fist",
					"attack": 35,
					"traits": [
						"agile",
						"finesse",
						"magical",
						"reach 10 feet"
					],
					"effects": [
						"stunning blow"
					],
					"damage": "{@damage 4d10+19} bludgeoning plus stunning blow",
					"types": [
						"bludgeoning"
					]
				},
				{
					"range": "Melee",
					"name": "tail",
					"attack": 35,
					"traits": [
						"agile",
						"finesse",
						"magical",
						"reach 10 feet",
						"trip"
					],
					"effects": [],
					"damage": "{@damage 3d6+19} bludgeoning",
					"types": [
						"bludgeoning"
					]
				},
				{
					"range": "Ranged",
					"name": "javelin",
					"attack": 35,
					"traits": [
						"thrown 30 feet"
					],
					"effects": [],
					"damage": "{@damage 1d6+19} piercing",
					"types": [
						"piercing"
					]
				}
			],
			"spellcasting": [
				{
					"name": "Primal Innate",
					"type": "Innate",
					"tradition": "Primal",
					"DC": 40,
					"entry": {
						"2": {
							"spells": [
								{
									"name": "animal messenger"
								}
							]
						},
						"3": {
							"spells": [
								{
									"name": "animal vision",
									"notes": [
										"at will; dinosaurs only"
									]
								}
							]
						},
						"4": {
							"spells": [
								{
									"name": "air walk"
								}
							]
						},
						"9": {
							"spells": [
								{
									"name": "fiery body"
								},
								{
									"name": "summon animal",
									"notes": [
										"dinosaur only"
									]
								},
								{
									"name": "volcanic eruption"
								}
							]
						},
						"constant": {
							"2": {
								"spells": [
									{
										"name": "speak with animals"
									}
								]
							}
						}
					}
				}
			],
			"abilities": {
				"top": [
					{
						"entries": [
							"+35, {@skill Survival} +34 Str +7, Dex +9, Con +6, Int +5, Wis +8, Cha +6 Items javelins (2), +2 greater striking naginata."
						],
						"name": "Stealth"
					}
				],
				"mid": [
					{
						"activity": {
							"number": 1,
							"unit": "reaction"
						},
						"frequency": {
							"unit": "round",
							"freq": 1
						},
						"entries": [
							"Trigger A creature makes a melee {@action Strike} against the worldwatcher but misses; The worldwatcher breaks the triggering creature's limb or weapon. If the triggering {@action Strike} was an unarmed attack, the triggering creature takes {@damage 6d6} bludgeoning damage and becomes {@condition clumsy|CRB|clumsy 1} until the limb is reset (an {@action Interact} action with the {@trait manipulate} trait). If the triggering {@action Strike} was a weapon {@action Strike}, the weapon takes {@damage 6d6} bludgeoning damage."
						],
						"name": "Raptor Jaw Disarm"
					}
				],
				"bot": [
					{
						"activity": {
							"number": 2,
							"unit": "action"
						},
						"entries": [
							"As saurian warmonger, but DC 38."
						],
						"name": "Boneshaking Roar",
						"traits": [
							"incapacitation",
							"sonic"
						],
						"entries_as_xyz": [
							"The saurian warmonger bellows, evoking the power of the primordial world. Non-dinosaur creatures within 30 feet take {@damage 10d6} sonic damage (DC 34 basic Fortitude save). On a failed save, a creature is also {@condition slowed|CRB|slowed 2} for 1 round ({@condition stunned} {@dice 1d4} on a critical failure). The saurian can't use Boneshaking Roar again for {@dice 1d4} rounds."
						]
					},
					{
						"traits": [
							"incapacitation"
						],
						"entries": [
							"Whenever the worldwatcher hits a creature with their fist or naginata {@action Strike}, that creature must succeed at a DC 39 Fortitude save or be {@condition stunned|CRB|stunned 1} ({@condition stunned|CRB|stunned 3} on a critical hit)."
						],
						"name": "Stunning Blow"
					}
				]
			},
			"defenses": {
				"ac": {
					"std": 43
				},
				"savingThrows": {
					"fort": {
						"std": 30
					},
					"ref": {
						"std": 33
					},
					"will": {
						"std": 32
					}
				},
				"hp": [
					{
						"hp": 330,
						"abilities": null
					}
				],
				"resistances": [
					{
						"amount": 15,
						"name": "fire"
					}
				]
			}
		},
		{
			"name": "Thanatotic Titan",
			"isNpc": false,
			"source": "EC6",
			"page": 83,
			"level": 22,
			"traits": [
				"rare",
				"ce",
				"gargantuan",
				"humanoid",
				"titan"
			],
			"perception": {
				"std": 36
			},
			"senses": [
				{
					"name": "darkvision"
				},
				{
					"name": "true seeing"
				}
			],
			"languages": {
				"languages": [
					"abyssal",
					"celestial",
					"common"
				],
				"abilities": [
					"telepathy 100 feet"
				]
			},
			"skills": {
				"athletics": {
					"std": 45
				},
				"crafting": {
					"std": 41
				},
				"deception": {
					"std": 36
				},
				"intimidation": {
					"std": 38
				},
				"religion": {
					"std": 38
				},
				"stealth": {
					"std": 36
				}
			},
			"abilityMods": {
				"str": 10,
				"dex": 4,
				"con": 9,
				"int": 8,
				"wis": 6,
				"cha": 8
			},
			"speed": {
				"abilities": [
					"air walk"
				],
				"walk": 40
			},
			"attacks": [
				{
					"range": "Melee",
					"name": "halberd",
					"attack": 42,
					"traits": [
						"magical",
						"reach 40 feet",
						"versatile s"
					],
					"effects": [],
					"damage": "{@damage 4d10+25} piercing",
					"types": [
						"piercing"
					]
				},
				{
					"range": "Melee",
					"name": "foot",
					"attack": 39,
					"traits": [
						"agile",
						"reach 30 feet"
					],
					"effects": [],
					"damage": "{@damage 4d8+20} bludgeoning",
					"types": [
						"bludgeoning"
					]
				},
				{
					"range": "Ranged",
					"name": "rock",
					"attack": 39,
					"traits": [
						"brutal",
						"range increment 200 feet"
					],
					"effects": [],
					"damage": "{@damage 3d12+20} bludgeoning",
					"types": [
						"bludgeoning"
					]
				}
			],
			"spellcasting": [
				{
					"name": "Divine Innate",
					"type": "Innate",
					"tradition": "Divine",
					"DC": 45,
					"entry": {
						"5": {
							"spells": [
								{
									"name": "sending"
								}
							]
						},
						"6": {
							"spells": [
								{
									"name": "scrying",
									"amount": 3
								}
							]
						},
						"7": {
							"spells": [
								{
									"name": "spell turning"
								}
							]
						},
						"8": {
							"spells": [
								{
									"name": "dispel magic",
									"amount": "at will"
								},
								{
									"name": "spiritual epidemic",
									"amount": "at will"
								},
								{
									"name": "suggestion",
									"amount": "at will"
								}
							]
						},
						"10": {
							"spells": [
								{
									"name": "massacre"
								},
								{
									"name": "meteor swarm"
								}
							]
						},
						"constant": {
							"10": {
								"spells": [
									{
										"name": "air walk"
									},
									{
										"name": "true seeing"
									}
								]
							}
						}
					}
				}
			],
			"rituals": [
				{
					"tradition": "Divine",
					"DC": 45,
					"rituals": [
						{
							"name": "planar ally"
						},
						{
							"name": "resurrect"
						}
					]
				}
			],
			"abilities": {
				"top": [
					{
						"entries": [
							"+38, {@skill Religion} +38, {@skill Stealth} +36 Str +10, Dex +4, Con +9, Int +8, Wis +6, Cha +8 Items +2 greater resilient full plate, +3 greater striking halberd."
						],
						"name": "Intimidation"
					}
				],
				"mid": [
					{
						"traits": [
							"aura",
							"divine",
							"illusion",
							"mental"
						],
						"entries": [
							"100 feet. As Elysian titan, but DC 45."
						],
						"name": "Impossible Stature",
						"entries_as_xyz": [
							"100 feet. Titans warp perception and distance around them to seem even larger and more imposing. A creature that enters or begins its turn within the emanation must succeed at a DC 44 Will save or its movement toward the titan is movement over {@quickref difficult terrain||3|terrain} ({@quickref greater difficult terrain||3|terrain} on a critical failure) for 1 round."
						]
					},
					{
						"activity": {
							"number": 1,
							"unit": "reaction"
						},
						"entries": [
							"The titan can use their {@action Attack of Opportunity} when a creature within their reach uses a concentrate action, in additional to its normal trigger. They disrupt actions on any hit, not just a critical hit\u2014including triggering concentrate actions."
						],
						"name": "Attack of Opportunity",
						"generic": {
							"tag": "ability"
						}
					}
				],
				"bot": [
					{
						"activity": {
							"number": 1,
							"unit": "action"
						},
						"entries": [
							"{@damage 4d10+25} piercing Melee foot +39 (agile, reach 30 feet), Damage {@damage 4d8+20} bludgeoning Ranged {@as 1} rock +39 (brutal, range increment 200 feet), Damage {@damage 3d12+20} bludgeoning Divine Innate Spells DC 45; 10th massacre, meteor swarm; 8th dispel magic (at will), spiritual epidemic (at will), suggestion (at will); 7th spell turning; 6th scrying (×3); 5th sending; Constant (10th) air walk, true seeing Divine Rituals DC 45; planar ally, resurrect."
						],
						"name": "S), Damage"
					},
					{
						"activity": {
							"number": 1,
							"unit": "free"
						},
						"traits": [
							"divine"
						],
						"trigger": "The titan damages a creature capable of using divine spells or abilities",
						"entries": [
							"The creature must attempt a DC 45 Will save. Critical Success The creature is unaffected. Success The creature can't use divine spells or abilities for 1 round and is {@condition frightened|CRB|frightened 2}. Only powerful non-divine magic, such as wish, can undo this effect. Failure As success, but the duration is 1 minute. Critical Failure As success, but the duration is unlimited."
						],
						"name": "Godslayer",
						"entries_as_xyz": "Ability not found: 'Godslayer As success, but the duration is 1 minute. Critical Failure As success, but the duration is unlimited.' in Thanatotic Titan, p.83"
					},
					{
						"activity": {
							"number": 1,
							"unit": "action"
						},
						"traits": [
							"divine",
							"transmutation"
						],
						"entries": [
							"If a titan's rock {@action Strike} isn't a critical failure, the rock explodes, dealing {@dice 10d6} damage of a damage type of the titan's choice to all creatures in a 20- foot burst (DC 45 basic Reflex save)."
						],
						"name": "Throw Rock",
						"generic": {
							"tag": "ability"
						}
					},
					{
						"activity": {
							"number": 2,
							"unit": "action"
						},
						"entries": [
							"The titan {@action Stride||Strides} twice and makes a melee {@action Strike}. If the {@action Strike} hits, the titan can cast {@spell earthquake} centered on the target as a free action."
						],
						"name": "Titanic Charge"
					},
					{
						"activity": {
							"number": 3,
							"unit": "action"
						},
						"entries": [
							"Huge or smaller, foot, DC 45."
						],
						"name": "Trample",
						"generic": {
							"tag": "ability"
						}
					},
					{
						"activity": {
							"number": 2,
							"unit": "action"
						},
						"entries": [
							"The titan makes a melee weapon {@action Strike} against each foe within their reach. This counts as three attacks for the titan's multiple attack penalty."
						],
						"name": "Wide Cleave"
					}
				]
			},
			"defenses": {
				"ac": {
					"std": 46
				},
				"savingThrows": {
					"fort": {
						"std": 37
					},
					"ref": {
						"std": 34
					},
					"will": {
						"std": 35
					}
				},
				"hp": [
					{
						"hp": 540,
						"abilities": null
					}
				],
				"immunities": [
					"death effects",
					"disease"
				]
			}
		},
		{
			"name": "Vavakia",
			"isNpc": false,
			"source": "EC6",
			"page": 79,
			"level": 18,
			"traits": [
				"uncommon",
				"ce",
				"huge",
				"demon",
				"fiend"
			],
			"perception": {
				"std": 32
			},
			"senses": [
				{
					"name": "darkvision"
				},
				{
					"name": "true seeing"
				}
			],
			"languages": {
				"languages": [
					"abyssal",
					"celestial",
					"draconic"
				],
				"abilities": [
					"telepathy 100 feet"
				]
			},
			"skills": {
				"athletics": {
					"std": 35
				},
				"deception": {
					"std": 32
				},
				"intimidation": {
					"std": 34
				},
				"religion": {
					"std": 30
				},
				"stealth": {
					"std": 32
				}
			},
			"abilityMods": {
				"str": 9,
				"dex": 4,
				"con": 6,
				"int": 4,
				"wis": 6,
				"cha": 6
			},
			"items": [
				"breastplate",
				"+2 greater striking ranseur"
			],
			"speed": {
				"walk": 40,
				"fly": 40
			},
			"attacks": [
				{
					"range": "Melee",
					"name": "ranseur",
					"attack": 36,
					"traits": [
						"disarm",
						"magical",
						"reach 25 feet"
					],
					"effects": [
						"Grab"
					],
					"damage": "{@damage 3d10+17} piercing plus {@damage 1d10} acid and Grab",
					"types": [
						"acid",
						"piercing"
					]
				},
				{
					"range": "Melee",
					"name": "jaws",
					"attack": 35,
					"traits": [
						"magical",
						"reach 15 feet"
					],
					"effects": [
						"smoking wound"
					],
					"damage": "{@damage 3d8+17} piercing plus {@damage 2d8} {@condition persistent damage ||persistent bleed} and smoking wound",
					"types": [
						"persistent",
						"piercing"
					]
				},
				{
					"range": "Melee",
					"name": "claw",
					"attack": 35,
					"traits": [
						"agile",
						"magical",
						"reach 15 feet"
					],
					"effects": [],
					"damage": "{@damage 3d10+17} slashing",
					"types": [
						"slashing"
					]
				},
				{
					"range": "Melee",
					"name": "tail",
					"attack": 35,
					"traits": [
						"backswing",
						"magical",
						"reach 20 feet"
					],
					"effects": [
						"stunning tail"
					],
					"damage": "{@damage 3d12+17} bludgeoning plus stunning tail",
					"types": [
						"bludgeoning"
					]
				}
			],
			"spellcasting": [
				{
					"name": "Divine Innate",
					"type": "Innate",
					"tradition": "Divine",
					"DC": 40,
					"entry": {
						"4": {
							"spells": [
								{
									"name": "dimension door",
									"amount": "at will"
								}
							]
						},
						"5": {
							"spells": [
								{
									"name": "dimension door"
								}
							]
						},
						"8": {
							"spells": [
								{
									"name": "divine aura"
								},
								{
									"name": "divine wrath",
									"amount": "at will"
								},
								{
									"name": "earthquake"
								}
							]
						},
						"9": {
							"spells": [
								{
									"name": "massacre"
								},
								{
									"name": "power word stun"
								}
							]
						},
						"constant": {
							"9": {
								"spells": [
									{
										"name": "true seeing"
									}
								]
							}
						}
					}
				}
			],
			"abilities": {
				"mid": [
					{
						"traits": [
							"aura",
							"emotion",
							"fear",
							"mental"
						],
						"entries": [
							"60 feet, DC 37."
						],
						"name": "Frightful Presence",
						"generic": {
							"tag": "ability"
						}
					},
					{
						"entries": [
							"A vavakia is repulsed by the restoration of souls. The demon takes {@damage 3d10+10} mental damage the first time each round that a creature within 100 feet of it is restored to life or loses the {@condition doomed} condition."
						],
						"name": "Restoration Vulnerability"
					}
				],
				"bot": [
					{
						"entries": [
							"A creature damaged by the vavakia's jaws is {@condition sickened|CRB|sickened 1} from the rank smell of vapors from the wound."
						],
						"name": "Smoking Wound"
					},
					{
						"activity": {
							"number": 2,
							"unit": "action"
						},
						"traits": [
							"death",
							"divine",
							"necromancy",
							"negative"
						],
						"entries": [
							"The vavakia exhales ghostly green fire in a 60-foot cone. Living creatures in the area take {@damage 20d6} negative damage (DC 42 basic Reflex save). A good creature that fails this save is becomes {@condition stupefied|CRB|stupefied 2} for 1 minute ({@condition stupefied|CRB|stupefied 4} on a critical failure). A creature slain by Soulfire Breath can't be resurrected except by powerful magic such as a {@spell wish} spell. The vavakia can't use."
						],
						"name": "Soulfire Breath"
					},
					{
						"entries": [
							"Breath again for {@dice 1d4} rounds."
						],
						"name": "Soulfire"
					},
					{
						"activity": {
							"number": 1,
							"unit": "action"
						},
						"traits": [
							"divine",
							"healing",
							"necromancy"
						],
						"requirements": "The vavakia's last action was Soulfire Breath",
						"entries": [
							"The vavakia inhales and regains 10 Hit Points for each creature damaged by its Soulfire Breath. Any excess healing is gained as temporary."
						],
						"name": "Soulfire Inhalation"
					},
					{
						"entries": [
							"Points, which remain for 1 minute."
						],
						"name": "Hit"
					},
					{
						"traits": [
							"incapacitation"
						],
						"entries": [
							"If the vavakia critically hits with its tail {@action Strike}, the target must succeed at a DC 40 Fortitude save or be {@condition stunned} for 1 round ({@dice 1d4} rounds on a critical failure)."
						],
						"name": "Stunning Tail"
					},
					{
						"activity": {
							"number": 3,
							"unit": "action"
						},
						"entries": [
							"Large or smaller, claw, DC 40."
						],
						"name": "Trample",
						"generic": {
							"tag": "ability"
						}
					}
				]
			},
			"defenses": {
				"ac": {
					"std": 42
				},
				"savingThrows": {
					"fort": {
						"std": 32
					},
					"ref": {
						"std": 28
					},
					"will": {
						"std": 30
					}
				},
				"hp": [
					{
						"hp": 350,
						"abilities": null
					}
				],
				"weaknesses": [
					{
						"amount": 15,
						"name": "cold iron"
					},
					{
						"amount": 15,
						"name": "good"
					}
				]
			}
		},
		{
			"name": "Viskithrel",
			"isNpc": false,
			"source": "EC6",
			"page": 84,
			"level": 15,
			"traits": [
				"uncommon",
				"ne",
				"huge",
				"beast"
			],
			"perception": {
				"std": 27
			},
			"senses": [
				{
					"name": "darkvision"
				},
				{
					"type": "precise",
					"name": "scent",
					"range": 100
				}
			],
			"languages": {
				"languages": [
					"abyssal (can't speak any languages)"
				]
			},
			"skills": {
				"acrobatics": {
					"std": 25
				},
				"athletics": {
					"std": 31
				},
				"survival": {
					"std": 27
				}
			},
			"abilityMods": {
				"str": 8,
				"dex": 6,
				"con": 4,
				"int": -3,
				"wis": 4,
				"cha": -1
			},
			"speed": {
				"walk": 40,
				"swim": 20
			},
			"attacks": [
				{
					"range": "Melee",
					"name": "jaws",
					"attack": 30,
					"traits": [
						"reach 15 feet"
					],
					"effects": [
						"Grab"
					],
					"damage": "{@damage 3d10+14} piercing plus {@damage 1d10} acid and Grab",
					"types": [
						"acid",
						"piercing"
					]
				},
				{
					"range": "Melee",
					"name": "talon",
					"attack": 30,
					"traits": [
						"agile",
						"reach 10 feet"
					],
					"effects": [],
					"damage": "{@damage 3d10+14} slashing",
					"types": [
						"slashing"
					]
				},
				{
					"range": "Melee",
					"name": "tentacle",
					"attack": 30,
					"traits": [
						"reach 20 feet"
					],
					"effects": [],
					"damage": "{@damage 1d10+14} slashing plus {@damage 2d10} {@condition persistent damage ||persistent bleed}",
					"types": [
						"persistent",
						"slashing"
					]
				}
			],
			"abilities": {
				"top": [
					{
						"entries": [
							"A viskithrel can detect a creature's scent up to a week after the creature has passed through or left an area, and it gains a +4 circumstance bonus to {@action Track} a creature whose scent it has detected."
						],
						"name": "Ravenous Tracker"
					}
				],
				"mid": [
					{
						"entries": [
							"A viskithrel's many-chambered snout allows it to partition and ignore scents. The creature can choose to critically succeed at any saving throw against an inhaled threat (such as inhaled poison) or olfactory effects, regardless of its roll."
						],
						"name": "Selective Scent"
					},
					{
						"activity": {
							"number": 1,
							"unit": "reaction"
						},
						"trigger": "A creature within 10 feet of the viskithrel makes a melee {@action Strike} against it",
						"entries": [
							"The viskithrel {@action Step||Steps} up to 15 feet, ignoring {@quickref difficult terrain||3|terrain} as it leaps over obstacles. If this movement takes the viskithrel out of range of the triggering {@action Strike}"
						],
						"name": "Predator's Leap"
					},
					{
						"entries": [
							"{@action Strike} is disrupted. It then makes a jaws {@action Strike} against a bleeding creature."
						],
						"name": "the"
					}
				],
				"bot": [
					{
						"activity": {
							"number": 1,
							"unit": "action"
						},
						"entries": [
							"Melee talon +30 (agile, reach 10 feet), Damage {@damage 3d10+14} slashing Melee {@as 1} tentacle +30 (reach 20 feet), Damage {@damage 1d10+14} slashing plus {@damage 2d10} {@condition persistent damage ||persistent bleed}."
						],
						"name": "and Grab"
					},
					{
						"activity": {
							"number": 1,
							"unit": "action"
						},
						"traits": [
							"attack"
						],
						"entries": [
							"Large, {@damage 3d10} bludgeoning plus {@damage 2d10} acid, Rupture 25."
						],
						"name": "Swallow Whole",
						"generic": {
							"tag": "ability"
						}
					}
				]
			},
			"defenses": {
				"ac": {
					"std": 37
				},
				"savingThrows": {
					"fort": {
						"std": 25
					},
					"ref": {
						"std": 27
					},
					"will": {
						"std": 23
					}
				},
				"hp": [
					{
						"hp": 275,
						"abilities": null
					}
				],
				"immunities": [
					"sickened"
				]
			}
		},
		{
			"name": "Xulgath Thoughtmaw",
			"isNpc": false,
			"source": "EC6",
			"page": 85,
			"level": 15,
			"traits": [
				"rare",
				"ce",
				"medium",
				"humanoid",
				"xulgath"
			],
			"perception": {
				"std": 30
			},
			"senses": [
				{
					"name": "darkvision"
				},
				{
					"type": "imprecise",
					"name": "thoughtsense",
					"range": 60
				}
			],
			"languages": {
				"languages": [
					"draconic",
					"undercommon"
				],
				"abilities": [
					"telepathy 100 feet"
				]
			},
			"skills": {
				"acrobatics": {
					"std": 25
				},
				"arcana": {
					"std": 27
				},
				"deception": {
					"std": 29
				},
				"diplomacy": {
					"std": 27
				},
				"occultism": {
					"std": 31
				},
				"society": {
					"std": 27
				},
				"xulgath lore": {
					"std": 31
				}
			},
			"abilityMods": {
				"str": 4,
				"dex": 6,
				"con": 4,
				"int": 8,
				"wis": 5,
				"cha": 6
			},
			"items": [
				"+2 resilient leather armor",
				"+2 striking spear"
			],
			"speed": {
				"walk": 25,
				"fly": 35
			},
			"attacks": [
				{
					"range": "Melee",
					"name": "spear",
					"attack": 30,
					"traits": [
						"magical"
					],
					"effects": [],
					"damage": "{@damage 2d6+10} piercing",
					"types": [
						"piercing"
					]
				},
				{
					"range": "Melee",
					"name": "jaws",
					"attack": 28,
					"effects": [],
					"damage": "{@damage 3d8+10} piercing",
					"types": [
						"piercing"
					]
				},
				{
					"range": "Melee",
					"name": "claw",
					"attack": 28,
					"traits": [
						"agile",
						"finesse"
					],
					"effects": [],
					"damage": "{@damage 3d4+10} slashing",
					"types": [
						"slashing"
					]
				},
				{
					"range": "Ranged",
					"name": "spear",
					"attack": 30,
					"traits": [
						"magical",
						"thrown 20 feet"
					],
					"effects": [],
					"damage": "{@damage 2d6+10} piercing",
					"types": [
						"piercing"
					]
				}
			],
			"spellcasting": [
				{
					"name": "Occult Spontaneous",
					"type": "Spontaneous",
					"tradition": "Occult",
					"DC": 36,
					"entry": {
						"0": {
							"level": 7,
							"spells": [
								{
									"name": "daze"
								},
								{
									"name": "forbidding ward"
								},
								{
									"name": "message"
								},
								{
									"name": "shield"
								}
							]
						},
						"4": {
							"slots": 3,
							"spells": [
								{
									"name": "invisibility"
								},
								{
									"name": "modify memory"
								},
								{
									"name": "suggestion"
								}
							]
						},
						"5": {
							"slots": 3,
							"spells": [
								{
									"name": "hallucination"
								},
								{
									"name": "mind probe"
								},
								{
									"name": "synaptic pulse"
								}
							]
						},
						"6": {
							"slots": 3,
							"spells": [
								{
									"name": "phantasmal calamity"
								},
								{
									"name": "scrying"
								},
								{
									"name": "wall of force"
								}
							]
						},
						"7": {
							"slots": 3,
							"spells": [
								{
									"name": "phantasmal killer"
								},
								{
									"name": "visions of danger"
								},
								{
									"name": "warp mind"
								}
							]
						}
					}
				},
				{
					"name": "Occult Innate",
					"type": "Innate",
					"tradition": "Occult",
					"DC": 36,
					"attack": 28,
					"entry": {
						"2": {
							"spells": [
								{
									"name": "telekinetic maneuver",
									"amount": "at will"
								}
							]
						},
						"5": {
							"spells": [
								{
									"name": "telekinetic haul",
									"amount": "at will"
								}
							]
						},
						"8": {
							"spells": [
								{
									"name": "phantom pain",
									"amount": 3
								}
							]
						}
					}
				}
			],
			"rituals": [
				{
					"tradition": "Occult",
					"DC": 36,
					"rituals": [
						{
							"name": "inveigle"
						}
					]
				}
			],
			"abilities": {
				"top": [
					{
						"traits": [
							"divination",
							"mental",
							"occult"
						],
						"entries": [
							"The thoughtmaw senses a creature's mental essence at the listed range."
						],
						"name": "Thoughtsense"
					}
				],
				"mid": [
					{
						"traits": [
							"aura",
							"mental"
						],
						"entries": [
							"30 feet. A creature that enters the emanation must attempt a DC 36 Will save. On a failure, the creature is {@condition stupefied|CRB|stupefied 1} for 1 minute ({@condition stupefied|CRB|stupefied 2} and also {@condition paralyzed} for 1 round on a critical failure). A creature that succeeds at its save is temporarily immune to psychogenic secretions for 1 minute."
						],
						"name": "Psychogenic Secretions"
					}
				],
				"bot": [
					{
						"traits": [
							"8th"
						],
						"entries": [
							"telekinetic projectile; Constant (8th) fly Occult Rituals DC 36; inveigle."
						],
						"name": "Cantrips"
					},
					{
						"activity": {
							"number": 2,
							"unit": "action"
						},
						"traits": [
							"divination",
							"mental",
							"occult"
						],
						"entries": [
							"The thoughtmaw invades the mind of a creature within 100 feet and attempts to swallow its capacity for higher thought. The creature must attempt a DC 36 Will save."
						],
						"name": "Consume Knowledge"
					},
					{
						"entries": [
							"Knowledge immediately ends any of the ability's previous effects on a different creature.",
							{
								"type": "successDegree",
								"entries": {
									"Critical Success": "The creature is unaffected.",
									"Success": "The creature is {@condition slowed|CRB|slowed 1} for 1 round.",
									"Failure": "The creature is {@condition slowed|CRB|slowed 1} and can take no actions other than basic actions for 1 minute.",
									"Critical Failure": "As failure, and the thoughtmaw is {@condition quickened|CRB|quickened 1} for 1 minute. It can use this extra action"
								}
							}
						],
						"name": "Using Consume"
					},
					{
						"entries": [
							"{@action Cast a Spell} if the target had prepared spells or a spell repertoire."
						],
						"name": "to Stride, Strike, or"
					}
				]
			},
			"defenses": {
				"ac": {
					"std": 36
				},
				"savingThrows": {
					"fort": {
						"std": 23
					},
					"ref": {
						"std": 26
					},
					"will": {
						"std": 30
					}
				},
				"hp": [
					{
						"hp": 280,
						"abilities": null
					}
				],
				"resistances": [
					{
						"amount": 15,
						"name": "mental"
					}
				]
			}
		}
	]
}
