{
	"feat": [
		{
			"name": "Cringe",
			"source": "LTiBA",
			"page": 10,
			"activity": {
				"number": 1,
				"unit": "reaction"
			},
			"level": 1,
			"traits": [
				"kobold",
				"mental"
			],
			"trigger": "A creature you are aware of critically succeeds at a {@action Strike} against you and would deal damage to you.",
			"entries": [
				"With pitiful posturing, you cause your foe to pull its blow on a deadly attack. The attacking creature takes a circumstance penalty to the damage of the triggering {@action Strike} equal to your level + 2. This penalty applies after doubling the damage for a critical hit. The attacker is then immune to your Cringe for 24 hours."
			]
		},
		{
			"name": "Kobold Lore",
			"source": "LTiBA",
			"page": 10,
			"level": 1,
			"traits": [
				"kobold"
			],
			"entries": [
				"You attentively learned the key kobold survival strategies and mythology from your elders. You gain the trained proficiency rank in {@skill Stealth} and {@skill Thievery}. If you would automatically become trained in one of those skills (from your background or class, for example), you instead become trained in a skill of your choice. You also become trained in {@skill Lore||Kobold Lore}."
			]
		},
		{
			"name": "Scamper",
			"source": "LTiBA",
			"page": 10,
			"activity": {
				"number": 1,
				"unit": "action"
			},
			"level": 1,
			"traits": [
				"kobold"
			],
			"requirements": "You are adjacent to at least one enemy.",
			"entries": [
				"You instinctively know how to flee danger. You {@action Stride} up to your Speed, with a +5-foot status bonus to your Speed, and you gain a +2 circumstance bonus to AC against reactions triggered by this movement. You must end this movement in a space that's not adjacent to any enemy."
			]
		}
	]
}
