{
	"changelog": [
		{
			"ver": "0.0.1",
			"title": "Homework",
			"date": "2021-11-29",
			"txt": "- \"⛏⛏⛏How long can this go on?⛏⛏⛏\" they said"
		},
		{
			"ver": "0.0.2",
			"date": "2021-11-29",
			"txt": "- Added Guns & Gears content\n- Added fluff to Bestiary creatures\n- Added auto-tagging of specific variants in items\n- Fixed BUG-46, 48, 49, 51, 52, 54, 55, 56, 66, 67, 75, and 76\n- (Brew) Fixed a bug causing homebrew items not generating variant items correctly\n- (Fixed Typos/Added Tags)"
		},
		{
			"ver": "0.1.0",
			"title": "Discovery",
			"date": "2021-12-07",
			"txt": "\n- Added CI/CD\n- Added content from:\n  - Age of Ashes\n  - Extinction Curse\n  - Agents of Edgewatch\n  - Abomination Vaults\n  - Fists of the Ruby Phoenix\n  - Strength of Thousands (1 and 2)\n- Fixed BUG-58, 59, and 60\n- (Fixed Typos/Added Tags)"
		},
		{
			"ver": "0.1.2",
			"date": "2021-12-07",
			"txt": "- Added a sitemap"
		},
		{
			"ver": "0.1.2",
			"date": "2021-12-28",
			"txt": "- Fixed Archetypes page feat list going out of bounds\n- Changed Images button to being a dropdown\n- Improved Sidebars\n- Added LOAG Errata\n- Fixed BUG-62, 63, 64, 65, 66, 82, and 83\n- Added Halcyon Spells filter\n- Added Battle Form Filter to Deities page\n- Fixed Archetype hover pop-ups having wrong padding\n- Added feats SEO pages\n- Added automatic releases on GitHub\n- Added Optional Features\n- (Fixed Typos/Added Tags)"
		},
		{
			"ver": "0.1.3",
			"date": "2022-01-12",
			"txt": "- Fixed Runebuilder buttons not rendering (sometimes)\n- Added MAP\n- Started Indexing Table IDs and add_hash strings\n- Moved Inventor modifications to Optional Features\n- Added more filters to the Optional Features page\n- Added GMG NPCs and G&G modifications\n- (Fixed Typos/Added Tags)"
		},
		{
			"ver": "0.1.4",
			"date": "2022-01-16",
			"txt": "- Fixed some Runebuilder quirks\n- Transitioned from featType to trait-based filtering\n- (Fixed Typos/Added Tags)"
		},
		{
			"ver": "0.1.5",
			"date": "2022-02-13",
			"txt": "- Fixed BUG-70, 71 and 72\n- (Fixed Typos/Added Tags)"
		},
		{
			"ver": "0.1.6",
			"date": "2022-02-13",
			"txt": "- Fixed a bug causing the Archetypes page not loading\n- Fixed SHIFT+click on @damage tags\n- Added loading messages on some pages"
		},
		{
			"ver": "0.2.0",
			"title": "Human After All",
			"date": "2022-02-28",
			"txt": "- Added Organizations page\n- Added Open-Search\n- Added Privacy Policy\n- Fixed multiple CSS issues\n- Revamped Spells page to account for a different way spellcasting works from 5e\n- Fixed Prerequisites not showing on Optional Features page\n- Added domain/mystery tags to spells\n- Changed \"frequency\" to new format similar to \"activity\"\n- Added CTRL + click to deselect subclasses \n- Added Patreon Button\n- Added Companion Abilities\n- Removed Spell Lists from spell statblocks\n- Fixed duplicate tables in the Omnisearch\n- Fixed flatDC scaling while they should not\n- (Brew) Added CTRL + click to copy `@filter` tag to \"Copy link to filters\" button \n- (Fixed Typos/Added Tags)"
		},
		{
			"ver": "0.2.1",
			"date": "2022-03-03",
			"txt": "- Remove unsupported on iOS regex that was breaking the site on those devices\n- Fixed Ability Rendering\n- Fixed Item Variant Rendering\n- Fixed Creature Scaling on GM Screen and Hover Windows\n- (Fixed Typos/Added Tags)"
		},
		{
			"ver": "0.3.0",
			"title": "Random Access Memories",
			"date": "2022-03-23",
			"txt": "- Started Changelogs!\n- Removed nonsensical heightened data\n- Improved Initiative Tracker conditions menu\n- Added Combo Weapons from Guns & Gears\n- Converted all baseitems into new data structure\n- Changed the default Calendar in GM Screen to the Golarion calendar\n- Added full-page \"pf2-sidebar\" styles and \"entries\" entry\n- Added FEAT-96 and 102\n- Fixed archetype extra feats not being filtered correctly\n- Fixed the patreon banner loading half of Patreon with it\n- Fixed BUG-86 and 87\n- Added gtags analytics\n- Added Lost Omens: World Guide to the Books page\n- Updated the navbar\n- Added a script to replace statblock references upon deployment\n- (Fixed Typos/Added Tags)"
		},
		{
			"ver": "0.3.1",
			"date": "2022-03-23",
			"txt": "- Temporarily removed the cdn script until further notice"
		},
		{
			"ver": "0.3.2",
			"date": "2022-03-24",
			"txt": "- Updated Sorcerer with new subclasses and additions to existing subclasses\n- Added Sorcerer spells filter to the Spells page\n- Fixed cdn script\n- Expanded \"paper\" type\n- Fixed an issue regarding item groups and adding empty <x>Data objects to items\n- Removed Printer and Table View while Rune Builder is active\n- (Typos/Tags) Restored the Equipment filter to what it should be (only specific items from the CRB)\n- (Typos/Tags) Changed Heightened entries to actually be entries rather than \"entry\"\n- (Typos/Tags) Fixed all \"no category found\" items\n- (Fixed Typos/Added Tags)"
		},
		{
			"ver": "0.4.0",
			"date": "2022-06-04",
			"title": "After 3 months in development, hopefully it will be worth the wait",
			"txt": "- Added Text Converter\n- Revamped Planes & Places schema\n- Upgraded Rituals Xchecks schema and added 'Must be a Creature' filter\n- Revamped Deities 'avatar' schema, no longer relying on entries\n- Added \"L\" bulk filtering to Items\n- Revamped filters on Variant Rules page, now includes Rarity and approximated Category of it\n- Fixed Siege Weapon rendering\n- Added an <sup>[?]</sup> indicator when a filter has a tooltip\n- Moved spell domains to a separate array than subclasses\n- Fixed item Hands rendering\n- Fixed items page text: search\n- Added places page to Omnisearch\n- Added subclasses to Summoner\n- Added 'Must be a Creature' filter to Rituals page, blacklisted by default\n- Fixed single-pixel deadzone in which the mobile-only \"Menu\" button was hidden, which happens to exactly match the pixel width of some iPads!\n- (Brew) Added \"AND/OR/XOR\" metadata to copied `@filter` tag parts, where appropriate\n- (Fixed Typos/Added Tags)"
		},
		{
			"ver": "0.4.1",
			"date": "2022-06-04",
			"txt": "- Fixed a _copy bug"
		},
		{
			"ver": "0.4.2",
			"date": "2022-06-04",
			"txt": "- Fixed Items page price filter and expand it\n- (Typos/Tags)"
		},
		{
			"ver": "0.5.0",
			"date": "2022-06-11",
			"txt": "- Overhauled caching and preloading system (big thanks to @ isaac for all of this)\n  - Fixed (hopefully) caching hell/\"keep CTRL+F5-ing until it works\" by using a modern, robust service worker solution\n  - Fixed preloaded offline data being invalidated when a new site version is released\n  - Improved loading times by intelligently preloading common files/data\n  - Improved loading times by checking for updates on a per-file basis, and serving a file from cache when no update is required\n  - Broke down Preload Offline Data into a granular set of options, allowing faster preloads by avoiding unneeded data\n  - Reworked Preload Offline Data to avoid ever having hangs due to the background process being killed off by the browser\n  - Preloading offline data is now parallelized, making it significantly faster\n  - Preloading may now continue in the background when navigating between pages\n  - Added various notifications to better display the state of caching/preloading, including \"reload to see changes\" notifications\n- (Typos/Tags) Added images to missing creatures in the Bst (thanks @ Indy Techwisp) \n- (Typos/Tags)"
		},
		{
			"ver": "0.5.1",
			"date": "2022-06-12",
			"txt": "- Fixed Text Converter breaking on Feats without any actions attached\n- Start work on Strength of Thousands: Hurricane's Howl\n- (Typos/Tags)"
		},
		{
			"ver": "0.5.2",
			"date": "2022-06-12",
			"txt": "- Updated the production and release scripts with the mothersite, including Docker containers\n - Hopefully fixes serviceworker on production"
		},
		{
			"ver": "0.5.3",
			"date": "2022-06-13",
			"txt": "- Added a \"Main Item\" footnote to specific variants, allowing you to go back to the generic variant straight from the specific item\n- Added \"exists\" boolean to variants, in an event where the item that you are referencing in a generic variant already exists (ex. Clothing => Explorer's Clothing)\n- Merged \"statblock\" into \"data\" entries\n- (Typos/Tags)"
		},
		{
			"ver": "0.5.4",
			"date": "2022-06-13",
			"txt": "- Re-added the script that converts former \"statblock\", now \"data\" entries to not fetch the site data and instead have all of their data included in the entry"
		},
		{
			"ver": "0.5.5",
			"date": "2022-06-13",
			"txt": "- Fixed typo in production script"
		},
		{
			"ver": "0.5.6",
			"date": "2022-06-13",
			"txt": "- Fixed production script"
		},
		{
			"ver": "0.5.7",
			"date": "2022-06-13",
			"txt": "- Fixed data preparation script\n- Fixed service worker script"
		},
		{
			"ver": "0.5.8",
			"date": "2022-06-15",
			"txt": "- Fixed Ancestry Filters\n- Made copying traits more bearable, as they now include spaces\n- (Typos/Tags)"
		},
		{
			"ver": "0.5.9",
			"date": "2022-06-17",
			"txt": "- (Typos/Tags)"
		},
		{
			"ver": "0.5.10",
			"date": "2022-06-20",
			"txt": "- Added missing Vehicles\n- (Typos/Tags)"
		},
		{
			"ver": "0.5.11",
			"date": "2022-06-21",
			"txt": "- Fixed adding creatures to Initiative Tracker on the GM Screen\n- (Typos/Tags)"
		},
		{
			"ver": "0.5.12",
			"date": "2022-06-22",
			"txt": "- Added 3rd CRB errata\n- (Typos/Tags)"
		},
		{
			"ver": "0.5.13",
			"date": "2022-06-23",
			"txt": "- Added rarity filters to Archetypes and Classes pages\n- (Typos/Tags)"
		},
		{
			"ver": "0.5.14",
			"date": "2022-06-26",
			"txt": "- Made the errata changes reflect the 3rd-Print CRB\n- Fixed \"data\" tab in Companions/Familiars page\n- Fixed removing elements from a list\n- (Typos/Tags)"
		},
		{
			"ver": "0.5.15",
			"date": "2022-07-02",
			"txt": "- Made all alignment filters lengthen the names of alignments by default (N -> Neutral)\n- (BUG-119) Hopefully fixed removing elements from a list properly\n- (BUG-118) Fixed class page filters removing all features\n- (Typos/Tags) Tagged every dedication feat in it's archetypes feats (thanks @ beelzebunny) \n- (Typos/Tags)"
		},
		{
			"ver": "0.5.16",
			"date": "2022-07-03",
			"txt": "- Fixed items page having every item be considered Melee by the filters\n- (Typos/Tags)"
		},
		{
			"ver": "0.5.17",
			"title": "Paizo Compliancy",
			"date": "2022-07-05",
			"txt": "\n- Removed book data until further notice\n- Fixed various CSS bugs relating to SEO pages\n- (Typos/Tags)"
		},
		{
			"ver": "0.6.0",
			"title": "Paizo Compliancy 2.0",
			"date": "2022-07-25",
			"txt": "\n- Added back books, now modified to account for OGL\n - Core Rulebook has had some of its flavor text removed\n - Gamemastery Guide has been almost untouched\n - Secrets of Magic has mainly had it's letters, research, and other on-paper entries removed\n - Lost Omens: World Guide has lost majority of it's book content\n- Added new sources\n - Book of the Dead\n - Strength of Thousands #3 to #6\n  - Hurricane's Howl\n  - Secrets of the Temple-City\n  - Doorway to the Red Star\n  - Shadows of the Ancients\n - Added Creature Templates page\n- Simplified upcasting schema for spells\n- Changed Bestiary abbreviations to official versions: B1, B2, and B3\n- Fixed prominent issue with adding and subtracting from lists, including the Encounter Builder (thanks @ Zobody for the latter)\n- Updated Archetypes page with visible rarity traits\n- (Typos/Tags)"
		},
		{
			"ver": "0.6.1",
			"date": "2022-07-26",
			"txt": "- Fixed item prices not adding up correctly\n- (Typos/Tags)"
		},
		{
			"ver": "0.6.2",
			"date": "2022-07-27",
			"txt": "- Fixed the Companions & Familiars ( & Eidolons & Beyond ) page not loading\n- Fixed Spell Component filters not working in the Spells page\n- Turned some information on the ancestries page into book references\n- (Typos/Tags)"
		},
		{
			"ver": "0.6.3",
			"date": "2022-07-31",
			"txt": "- (Text Converter) Updated to a match more of the sites schema and Improved dealing with edge cases and common typos, such as vestigial (or lack of) spaces\n- Fixed BUG-139 \"View this feat on the Feats page\" from not working\n- (Typos/Tags)"
		},
		{
			"ver": "0.6.4",
			"date": "2022-08-02",
			"txt": "- Fixed Eidolons not rendering (BUG-145) \n- Added Night of the Gray Death content\n- Fix alignment filtering on various pages\n- (Typos/Tags)"
		},
		{
			"ver": "0.7.0",
			"date": "2022-09-26",
			"txt": "- (Text Converter) Added the ability to convert Hazards, along with improvements when converting spells\n- Added the following sources:\n - Dark Archives\n - Pathfinder: FUMBUS!\n - Lost Omens: Travel Guide\n- Revamped Deities statblock rendering (thanks @Spappz)\n- Reworked Hazards schema\n- Reworked creatures defensive stats schema to be more in-line with new Hazard schema\n- Fixed a bug in Variant Items \"Main Item\" footer not working with non-CRB sources\n- Improved filters in Organizations page\n- Started schema-compiler work (languages, traits)\n- Fixed Certain Creatures being unable to be scaled (BUG-148)\n- Fixed the Printer view on Bestiary page (BUG-149)\n- Fixed creatures having wrong stats due to creature scaler (BUG-150 and BUG-153)\n- (Typos/Tags)"
		},
		{
			"ver": "0.7.1",
			"date": "2022-10-14",
			"txt": "- Added a source compiler and schema\n- Changed the spell and ritual duration schema\n- Fixed durations in spells and rituals not rendering\n- Fixed BotD spells not showing up\n- (Typos/Tags)"
		},
		{
			"ver": "0.7.2",
			"date": "2022-10-18",
			"txt": "- Fixed various language-less BotD creatures breaking the renderer\n- Fixed breaking bug in Creature upscaler\n- Added *all* current familiar abilities to quick rules\n- Added Outlaws of Alkenstar Adventure Path\n- (Typos/Tags)"
		},
		{
			"ver": "0.7.3",
			"date": "2022-10-20",
			"title": "Spappz the Crit Believer",
			"txt": "(Thanks to @Spappz for most of these!)\n- Added LOGM book\n- Added LOGMW data\n- Updated deities data, schema, and rendering\n- Fixed vertical spacing on traits\n- Added Critical Hit/Fumble Decks to Tables page\n- Added optional Quick Rules tab in Tables page\n- Expand the Traits categories\n- Fixed Hazards page\n- Moved licenses page to use the sources.json data\n- (Typos/Tags)"
		},
		{
			"ver": "0.7.4",
			"date": "2022-11-17",
			"txt": "- Rewritten how subclasses in spells are written, so now any subclass can be added and rendered\n- Fixed inability to add creatures in GM Screen's Initiative Tracker\n- Added Events page\n- (Typos/Tags)"
		},
		{
			"ver": "0.7.5",
			"date": "2022-12-05",
			"txt": "- Added Lost Omens: Impossible Lands\n- Added Hero Points deck (contributed by Spappz)\n- Added Gifts and Relics page (contributed by Spappz)\n- Made indexes a little smaller in size and more consistent\n- Added \"Found In\" bestiary filter\n- Added the original name to search results of aliases, ex. Action: Push -> Action: Push (Shove)\n- Added 5e aliases to certain actions, ex. Strike = Attack\n- Recoloured LOTG, LOGM, LOCG, LOWG, LOL, LOPSG, and LOAG sources\n- ([Lots of] Typos/Tags)"
		},
		{
			"ver": "0.7.6",
			"date": "2022-12-15",
			"txt": "- (Typos/Tags)"
		},
		{
			"ver": "0.7.7",
			"date": "2022-12-29",
			"txt": "(Thanks to @Spappz for these!)\n- Finished adding The Slithering\n- Added filter and quick rules for Tempted Curse afflictions\n- Improved rendering of compact abilities\n- Fixed rendering bugs for creature spellcasting and known rituals text\n- (Typos/Tags)"
		},
		{
			"ver": "0.7.8",
			"date": "2022-12-04",
			"txt": "- Added Errata Changes\n- (Typos/Tags)"
		},
		{
			"ver": "0.7.9",
			"date": "2023-02-08",
			"txt": "- Started Lost Omens: Monsters of Myth conversion\n- (Typos/Tags)"
		},
		{
			"ver": "0.7.10",
			"date": "2023-02-15",
			"txt": "\n- Fixed relicGift homebrew\n- Fixed \"Select by Date\" filter option\n- Fixed \"otherSources\" in Bestiary page \n- (Typos/Tags)"
		},
		{
			"ver": "0.7.11",
			"date": "2023-03-09",
			"txt": "- Added a bunch of missing images to the Bestiary (thanks to Spappz!)\n- (Typos/Tags)"
		},
		{
			"ver": "0.7.12",
			"date": "2023-03-20",
			"txt": "- Fixed Hazards not showing Strikes.\n- (Typos/Tags)"
		},
		{
			"ver": "0.8.0",
			"title": "Quesadilla Day",
			"date": "2023-04-19",
			"txt": "- Added Treasure Vault\n- Removed Fluff and Books\n- Added support for direct Item Category parsing in Text Converter\n- (Typos/Tags)\n- (Thanks to @Jnosh for the following!)\n- Added the following sources:\n - Beginner Box\n - A Fistful of Flowers\n - Torment and Legacy\n - Pathfinder One-Shot: Sundered Waves\n - Threshold of Knowledge\n- Fixed creature scaler being run when disabled, leading to erroneous stats.\n- Minor improvements to creature statblock rendering:\n - show notes on individual skills\n - fix display of multiple ACs and AC abilities\n - show ability cost entries\n - support ability entries on individual saving throws\n - add skills notes & languages notes to add non-standard entries to the respective lists\n - Allow activity entries for creature attacks again to enable the rare case of attacks that take multiple actions.\n - show creature ability prerequisites\n - improve support for multiple HP entries on creatures (e.g. Hydra) and add support for HP notes\n - add support for a note property on creature spellcasting entries (e.g. Manticore Paaridar)\n - add support for a note property on creature abilities (e.g. Mafika Ayuwari)\n - add support for troop thresholds on creatures\n- _copy improvements:\n - Extend property path support to additional _copy modifier modes\n - add a new _copy mode that sets object properties\n - add ability to apply Weak/Elite adjustment to creatures during _copy\n- add text converter support for:\n - creature skill notes\n - language notes\n - per saving throw abilities\n - troop thresholds\n- (And I mean a **lot** of Typos/Tags)"
		},
		{
			"ver": "0.8.1",
			"date": "2023-04-20",
			"txt": "- Fixed a rendering bug related to spellcasting notes in creatures"
		},
		{
			"ver": "0.8.2",
			"date": "2023-04-20",
			"txt": "- Fixed a bug regarding being unable to turn on or off heritages on the ancestry page"
		},
		{
			"ver": "0.8.3",
			"date": "2023-04-24",
			"txt": "- Fixed text searching within the Items page\n- Add Quest for the Frozen Flame Hazards (thanks H2Os!)\n- (Typos/Tags)"
		},
		{
			"ver": "0.8.4",
			"date": "2023-05-17",
			"txt": "- (Typos/Tags)"
		},
		{
			"ver": "0.8.5",
			"title": "Stagnation",
			"date": "2023-08-04",
			"txt": "This update likely marks the end of Pf2eTools in its current version, as the new remastered rules and lack of development combined make the book unconvertable.\n Minor fixes might still be pushed, but no new content or features is planned.\n<b>A new version of the website is in the works</b>, but we cannot promise when it will be ready.\n For now, however, enjoy Kineticist (you will need the filters for their 128 feats)!\n- Added the Kineticist Class, class feats, and backgrounds from Rage of Elements\n- (Typos/Tags)"
		},
		{
			"ver": "0.8.6",
			"date": "2023-09-09",
			"txt": "- Fix kineticist feats' footers not displaying properly (thanks @Spappz)\n- Fix alignments not capitalising properly in settlement statblocks (thanks @Spappz)\n- Add Sky King's Tomb Player's Guide (thanks @Spappz)\n- Fix inability to add or remove scaled creatures from the encounter builder (thanks @Sciguymjm)\n- (Many typos/tags; thanks @ebullient and @Spappz)"
		},
		{
			"ver": "0.8.7",
			"date": "2023-09-19",
			"txt": "- (Typos/tags; thanks @Spappz, @cgahr, and @ebullient)"
		},
		{
			"ver": "0.8.8",
			"date": "2024-01-09",
			"title": "Still Aliiive 🎵",
			"txt": "- Added <i>Player Core</i> spells and rituals (thanks @mortimerhoughton!)\n - Added 'remaster' filter option on spell and ritual pages (thanks @Spappz)\n- Added a whole lot of missing <i>Rage of Elements</i> content (thanks @cgahr!)\n- (Typos/tags; thanks to @Spappz, @fredtargaryen, and @VytorCalixto!)"
		},
		{
			"ver": "0.8.9",
			"date": "2024-01-29",
			"txt": "- Stylised <i>Player Core</i> content a bit more distinctly (thanks @Spappz, @Vauxs)\n- Added a <i>tiny</i> bit more <i>Player Core</i> content to ensure we don't need to remember that errata exists (thanks @Spappz)\n- Typos/tags (thanks @Spappz)\n\n<b>Note:</b> this site is still stagnated as before. However, we are making good progress on the new site! An alpha is available to our <a href=\"https://ko-fi.com/mrvauxs\">supporters</a>; you can also join our <a href=\"https://discord.gg/2hzNxErtVu\">Discord server</a> to receive more informal updates or just chat about things."
		}
	]
}
