{
	"spell": [
		{
			"name": "Invoke The Crimson Oath",
			"source": "LOCG",
			"page": 90,
			"focus": true,
			"level": 2,
			"traits": [
				"uncommon",
				"evocation"
			],
			"cast": {
				"number": 2,
				"unit": "action"
			},
			"components": [
				[
					"S",
					"V"
				]
			],
			"area": {
				"types": [
					"Cone"
				],
				"entry": "20-foot cone"
			},
			"entries": [
				"Brandishing your weapon and shouting the final line of the Crimson Oath, you unleash a blast of destructive ruby energy. You must be wielding a melee weapon, and you perform this spell's somatic component by swinging the weapon in a downward arc. You deal normal melee damage for your weapon, including all appropriate bonuses, penalties, modifiers, and properties, to each creature in the spell's area; they must each attempt a basic Fortitude save. A creature that critically fails this save also suffers any additional effect you would normally inflict with your weapon on a critical hit; if the creature that critically fails its save is also immune to critical hits, it merely fails the save instead.",
				"You can convert all the physical damage from this spell into positive damage against all undead creatures in the area."
			]
		},
		{
			"name": "Light Of Revelation",
			"source": "LOCG",
			"page": 91,
			"focus": true,
			"level": 2,
			"traits": [
				"uncommon",
				"divination",
				"light",
				"revelation"
			],
			"cast": {
				"number": 2,
				"unit": "action"
			},
			"components": [
				[
					"S",
					"V"
				]
			],
			"range": {
				"entry": "30-foot emanation",
				"unit": "unknown"
			},
			"duration": {
				"number": 5,
				"unit": "minute"
			},
			"entries": [
				"You shed a luminous aura, illuminating a 30-foot radius with bright light. You and all allies in this area gain a +1 status bonus to {@skill Perception} checks to detect {@condition hidden} or {@condition undetected} creatures, as well as hidden objects, doors, and other features."
			]
		},
		{
			"name": "Perfect Strike",
			"source": "LOCG",
			"page": 131,
			"focus": true,
			"level": 2,
			"traits": [
				"uncommon",
				"divination",
				"fortune"
			],
			"cast": {
				"number": 1,
				"unit": "reaction"
			},
			"components": [
				[
					"V"
				]
			],
			"trigger": "You miss a {@action Strike} with an unarmed attack.",
			"entries": [
				"You call upon insight from your training to recover accuracy. Reroll the missed attack roll and keep the new result."
			]
		},
		{
			"name": "Sun Blade",
			"source": "LOCG",
			"page": 91,
			"focus": true,
			"level": 2,
			"traits": [
				"uncommon",
				"evocation",
				"fire",
				"light",
				"positive"
			],
			"cast": {
				"number": 2,
				"unit": "action"
			},
			"components": [
				[
					"S",
					"V"
				]
			],
			"range": {
				"number": 60,
				"unit": "feet"
			},
			"targets": "1 creature",
			"entries": [
				"You fire a ray of burning sunlight from your weapon. You must be wielding a {@filter sword|items|group=sword} or {@filter spear|items|group=spear} to cast {@spell sun blade|LOCG}, and you perform this spell's somatic component with the weapon. Make a spell attack roll. The ray deals {@damage 1d4} fire damage. If the target is evil, the ray deals an additional {@damage 1d4} good damage, and if the target is undead, the ray deals an additional {@damage 1d4} positive damage (both effects apply against creatures that are both evil and undead). If you are in an area of bright natural sunlight, increase the die size of each damage die by one step (from d4 to d6).",
				{
					"type": "successDegree",
					"entries": {
						"Critical Success": "The ray deals double damage.",
						"Success": "The ray deals full damage."
					}
				}
			],
			"heightened": {
				"plusX": {
					"1": [
						"The damage increases by {@damage 1d4} fire, {@damage 1d4} good, and {@damage 1d4} positive (or {@dice 1d6} of each type of damage in bright natural sunlight)."
					]
				}
			}
		}
	]
}
