{
	"spell": [
		{
			"name": "Apex Companion",
			"source": "AoA6",
			"page": 77,
			"focus": true,
			"level": 10,
			"traits": [
				"uncommon",
				"druid",
				"polymorph",
				"transmutation"
			],
			"cast": {
				"number": 2,
				"unit": "action"
			},
			"components": [
				[
					"S",
					"V"
				]
			],
			"range": {
				"number": 30,
				"unit": "feet"
			},
			"targets": "1 animal companion in your service",
			"duration": {
				"number": 1,
				"unit": "minute"
			},
			"entries": [
				"You focus on the energies of all members of your animal companion's species, transforming your animal companion into its apex battle form. Your animal companion gains the following statistics and abilities while in its apex form.",
				{
					"type": "list",
					"items": [
						"Your animal companion becomes Huge and its attacks have 15-foot reach. It must have enough space to expand into or the spell is lost.",
						"30 temporary Hit Points.",
						"Darkvision.",
						"Your animal companion's attack's damage dice increase by one step, and its attack gains the deadly d12 trait.",
						"+10-foot status bonus to its Speeds.",
						"Ignores {@quickref difficult terrain||3|terrain} and {@quickref greater difficult terrain||3|terrain}."
					]
				}
			]
		},
		{
			"name": "Song Of The Fallen",
			"source": "AoA6",
			"page": 77,
			"focus": true,
			"level": 10,
			"traits": [
				"uncommon",
				"bard",
				"composition",
				"necromancy"
			],
			"cast": {
				"number": 2,
				"unit": "action"
			},
			"components": [
				[
					"F",
					"V"
				]
			],
			"range": {
				"number": 30,
				"unit": "feet"
			},
			"targets": "up to 4 dead creatures or up to 4 undead creatures",
			"duration": {
				"number": 1,
				"unit": "minute",
				"sustained": true
			},
			"entries": [
				"You chant a dirge or an elegy that either rouses the dead to action or reminds undead that they should lay to rest.",
				"If you target dead creatures, the bodies animate and can continue acting as if they were alive. A creature animated in this way has 60 temporary Hit Points. The animated creatures are {@condition slowed|CRB|slowed 1} but can otherwise act normally. Creatures animated with this spell die again once the spell ends.",
				"If you target undead creatures, each undead must attempt a basic Will save.",
				{
					"type": "successDegree",
					"entries": {
						"Critical Success": "The undead takes {@damage 5d6} positive damage.",
						"Success": "The undead takes {@damage 10d6} positive damage and is {@condition slowed|CRB|slowed 1} for 1 round.",
						"Failure": "The undead takes 100 positive damage and is {@condition slowed|CRB|slowed 1} for 1 minute.",
						"Critical Failure": "The undead is destroyed."
					}
				}
			]
		}
	]
}
