{
	"spell": [
		{
			"name": "Achaekek's Clutch",
			"source": "LOL",
			"page": 58,
			"focus": true,
			"level": 4,
			"traits": [
				"rare",
				"curse",
				"death",
				"necromancy"
			],
			"cast": {
				"number": 2,
				"unit": "action"
			},
			"components": [
				[
					"S",
					"V"
				]
			],
			"range": {
				"number": 30,
				"unit": "feet"
			},
			"targets": "1 creature",
			"savingThrow": {
				"type": [
					"W"
				]
			},
			"entries": [
				"You mark the holy symbol of {@deity Achaekek|LOGM} in a visible location on the target's body.",
				{
					"type": "successDegree",
					"entries": {
						"Critical Success": "The target is unaffected.",
						"Success": "The target is marked by Achaekek's symbol. For 1 minute, the first time per round that the target gains {@condition persistent damage ||persistent bleed damage}, they immediately take that amount of slashing damage as the mantis claws grow off the symbol and rake them.",
						"Failure": "As success, but the curse has an unlimited duration.",
						"Critical Failure": "As failure, but the DC on the target's flat check to remove {@condition persistent damage ||persistent bleed damage} increases to 20 (15 with particularly effective assistance)."
					}
				}
			]
		},
		{
			"name": "All Is One, One Is All",
			"source": "LOL",
			"page": 65,
			"level": 8,
			"traits": [
				"rare",
				"necromancy"
			],
			"traditions": [
				"arcane",
				"primal"
			],
			"cast": {
				"number": 3,
				"unit": "action"
			},
			"components": [
				[
					"M",
					"S",
					"V"
				]
			],
			"range": {
				"number": 60,
				"unit": "feet"
			},
			"targets": "you and up to 10 willing living allies",
			"entries": [
				"You meld the targets' matter and life force into one and then, in an instant, sift them back out into their component selves. When you separate the targets back into themselves, you can choose to switch the positions of any number of targets with the positions of other targets. Additionally, you can modulate the share of vital essence to share the burden of pain. Distribute the Hit Points of all targets however you choose, except that no target can receive fewer than 1 Hit Point or more than their maximum Hit Points."
			]
		},
		{
			"name": "Aromatic Lure",
			"source": "LOL",
			"page": 37,
			"level": 4,
			"traits": [
				"rare",
				"emotion",
				"enchantment",
				"incapacitation",
				"mental"
			],
			"traditions": [
				"arcane",
				"occult"
			],
			"cast": {
				"number": 2,
				"unit": "action"
			},
			"components": [
				[
					"S",
					"V"
				]
			],
			"range": {
				"number": 60,
				"unit": "feet"
			},
			"targets": "1 creature",
			"savingThrow": {
				"type": [
					"W"
				]
			},
			"duration": {
				"entry": "varies",
				"unit": "special"
			},
			"entries": [
				"You override a target's olfactory senses, luring them to a specific location through tantalizing false scents. Select a single square within range that is not hazardous or occupied by a creature. The target is drawn to the selected location, becoming euphoric upon arrival. The target must attempt a Will save.",
				{
					"type": "successDegree",
					"entries": {
						"Critical Success": "The target is unaffected.",
						"Success": "The target is distracted by the tantalizing scents, becoming {@condition stupefied 1} for 1 round.",
						"Failure": "The target is {@condition stupefied 2} and moves toward the selected location via the most direct route possible for 1 round, bypassing any obvious hazards and enemies in the way.",
						"Critical Failure": "The target is {@condition stupefied 4} and moves to the selected location via the most direct route possible for 1 round, bypassing any obvious hazards and enemies in the way. If the creature reaches the destination, it must remain in that location for {@dice 1d4} rounds but can otherwise act normally."
					}
				}
			],
			"heightened": {
				"plusX": {
					"2": [
						"You target 1 additional creature, selecting a different square within range as their destination."
					]
				}
			}
		},
		{
			"name": "Glacial Heart",
			"source": "LOL",
			"page": 32,
			"focus": true,
			"level": 5,
			"traits": [
				"rare",
				"evocation",
				"hex",
				"witch"
			],
			"cast": {
				"number": 2,
				"unit": "action"
			},
			"components": [
				[
					"S",
					"V"
				]
			],
			"range": {
				"number": 30,
				"unit": "feet"
			},
			"targets": "1 creature",
			"savingThrow": {
				"type": [
					"F"
				]
			},
			"duration": {
				"number": 1,
				"unit": "minute"
			},
			"entries": [
				"Ice and bone-deep cold assail the target, freezing it from the inside out. The frosty assault deals {@damage 10d6} cold damage, subject to the target's Fortitude save. After the effects are resolved, the target is temporarily immune for 1 day.",
				{
					"type": "successDegree",
					"entries": {
						"Critical Success": "The target is unaffected.",
						"Success": "The target takes half damage and is {@condition slowed 1} for 1 round. The spell ends.",
						"Failure": "The target takes full damage, is {@condition slowed 1}, and must attempt a Fortitude save at the end of each of its turns; this ongoing save has the {@trait incapacitation} trait. On a failed save, the {@condition slowed} condition increases by 1 (or 2 on a critical failure), to a maximum of {@condition slowed 4}. On a success, the {@condition slowed} condition decreases by 1. If at any point the {@condition slowed} condition is reduced to 0, the spell ends. Once a creature's actions are reduced to 0 by this {@condition slowed} condition, the creature is completely encased in ice. It continues making saves against glacial heart, possibly allowing it to reduce its {@condition slowed} condition enough that it can act. This ice has Hardness 4 and 8 Hit Points, and its DC to {@action Force Open} is your spell DC. Breaking the ice frees the creature and ends the spell. If someone other than the target breaks the ice from outside, the target is {@condition stunned 1} and takes any damage dealt by the breaking effect in excess of the ice's Hit Points.",
						"Critical Failure": "As failure, but the target takes double damage and is initially {@condition slowed 2}."
					}
				}
			],
			"heightened": {
				"plusX": {
					"1": [
						"Increase the cold damage by {@dice 2d6}."
					]
				}
			}
		},
		{
			"name": "Halcyon Infusion",
			"source": "LOL",
			"page": 66,
			"level": 6,
			"traits": [
				"rare",
				"divination",
				"mental"
			],
			"traditions": [
				"arcane",
				"primal"
			],
			"cast": {
				"number": 10,
				"unit": "minute",
				"entry": "10 minutes"
			},
			"components": [
				[
					"M",
					"S",
					"V"
				]
			],
			"range": {
				"number": 1,
				"unit": "touch"
			},
			"targets": "one willing creature of lower level than you",
			"duration": {
				"entry": "until your next daily preparations",
				"unit": "special"
			},
			"entries": [
				"You infuse magical energy into your target, opening up their mind to the pathways of magic and granting them the ability to use magic to affect the world around them.",
				"Choose a 1st-level spell you prepared today or that's in your repertoire, of the same tradition you used to cast {@spell halcyon infusion|LOL}. The spell must be one that has a listed range. If the target is at least 3rd level, you can choose a 2nd-level spell instead of a 1st-level spell; and if the target is at least 5th level, you can choose a 3rd-level spell. The target can {@action Cast a Spell||Cast the Spell} once per day as an innate spell of the tradition you used to cast {@spell halcyon infusion|LOL}. If they are untrained in the appropriate magical tradition, their spell attack bonus is 2 + their level + their highest mental ability modifier, and their spell DC is 12 + their level + their highest mental ability modifier.",
				"Unlike most abilities that can only be used once per day, the target refreshes their use of the granted innate spell each day only after you make your daily preparations and choose to extend halcyon infusion's duration by either refraining from preparing a spell in the slot (if you're a prepared spellcaster) or expending another spell slot (if you're a spontaneous spellcaster)."
			],
			"heightened": {
				"X": {
					"8": [
						"If the target is at least 7th level, you can choose a 4th-level spell."
					],
					"10": [
						"As 8th, and if the target is at least 9th level, you can choose a 5th-level spell."
					]
				}
			}
		},
		{
			"name": "Rebounding Barrier",
			"source": "LOL",
			"page": 37,
			"level": 4,
			"traits": [
				"rare",
				"abjuration"
			],
			"traditions": [
				"arcane",
				"occult"
			],
			"cast": {
				"number": 1,
				"unit": "reaction"
			},
			"components": [
				[
					"V"
				]
			],
			"trigger": "You are hit by a physical {@action Strike}.",
			"entries": [
				"You swiftly raise a reflective barrier, reducing physical damage and rebounding it onto your attacker.",
				"You gain resistance 10 against one physical damage type the triggering attack deals. Your attacker takes 5 damage of the same type."
			],
			"heightened": {
				"plusX": {
					"1": [
						"The resistance increases by 2. Damage dealt to your attacker increases by 1."
					]
				}
			}
		},
		{
			"name": "Shall Not Falter, Shall Not Rout",
			"source": "LOL",
			"page": 69,
			"focus": true,
			"level": 5,
			"traits": [
				"rare",
				"healing",
				"necromancy"
			],
			"cast": {
				"number": 1,
				"unit": "action"
			},
			"components": [
				[
					"V"
				]
			],
			"duration": {
				"number": 1,
				"unit": "minute"
			},
			"entries": [
				"Calling out the fifth line of the Crimson Oath, you seal your most grievous injuries with a stroke of your blade. The first time each round that you {@action Strike} with your weapon and deal damage to a foe, you recover a number of HP equal to twice shall not falter, shall not rout's level. This healing can't raise your current HP above half of your maximum HP."
			]
		},
		{
			"name": "Spirit Object",
			"source": "LOL",
			"page": 32,
			"focus": true,
			"level": 1,
			"traits": [
				"rare",
				"cantrip",
				"hex",
				"necromancy",
				"witch"
			],
			"subclass": {
				"Witch|Patron": [
					"Baba Yaga"
				]
			},
			"cast": {
				"number": 1,
				"unit": "varies",
				"entry": "{@as 1} or {@as 2}"
			},
			"components": [
				[
					"S",
					"V"
				]
			],
			"range": {
				"number": 30,
				"unit": "feet"
			},
			"targets": "1 unattended object up to 1 Bulk",
			"entries": [
				"Using a sliver of Baba Yaga's power, you briefly bring an object to life. The object gains a means of locomotion, such as sprouting chicken legs, and {@action Stride||Strides} up to 25 feet to a space you decide within range. If you spent 2 actions {@action Cast a Spell||Casting the Spell}, the object then attacks one creature of your choice adjacent to its new space. Make a melee spell attack roll against the creature. On a success, the creature takes bludgeoning, piercing, or slashing damage (as appropriate for the object) equal to {@dice 1d4} plus your spellcasting ability modifier, and on a critical success, it takes double damage."
			],
			"heightened": {
				"plusX": {
					"1": [
						"Increase the maximum Bulk of the target by 1 and the damage by {@dice 1d4}."
					]
				}
			}
		},
		{
			"name": "Sun's Fury",
			"source": "LOL",
			"page": 101,
			"focus": true,
			"level": 3,
			"traits": [
				"uncommon",
				"evocation",
				"fire",
				"good"
			],
			"cast": {
				"number": 2,
				"unit": "action"
			},
			"components": [
				[
					"S",
					"V"
				]
			],
			"range": {
				"number": 1,
				"unit": "touch"
			},
			"targets": "1 weapon without an unholy rune that is unattended or wielded by you or a willing ally",
			"duration": {
				"dismiss": true,
				"number": 1,
				"unit": "minute"
			},
			"entries": [
				"The target weapon becomes wreathed in a glowing flame. The weapon deals an additional {@damage 1d4} fire and 1 good damage on a successful {@action Strike}. In addition, the flame causes the weapon to glow as bright as a torch. You can {@action Dismiss} the spell."
			]
		}
	]
}
