{"adventure":[{"name":"Adventure","id":"ID","source":"SRC","group":"supplement","level":{"start":1,"end":5},"storyline":"Adventure Path","published":"2019-08-01"}],"book":[{"name":"Core Rulebook","id":"CRB","source":"CRB","group":"core","published":"2019-08-01"},{"name":"Gamemastery Guide","id":"GMG","source":"GMG","group":"core","published":"2020-02-26"},{"name":"Lost Omens: World Guide","id":"LOWG","source":"LOWG","group":"lost-omens","published":"2019-09-10"},{"name":"Secrets of Magic","id":"SoM","source":"SoM","group":"core","published":"2021-08-25"}]}