{
	"spell": [
		{
			"name": "Buzzing Bites",
			"source": "LOMM",
			"page": 75,
			"focus": true,
			"level": 1,
			"traits": [
				"rare",
				"cantrip",
				"evocation",
				"hex",
				"witch"
			],
			"subclass": {
				"Patron|Witch|APG": [
					"Mosquito Witch|LOMM"
				]
			},
			"cast": {
				"number": 1,
				"unit": "action"
			},
			"components": [
				[
					"S"
				]
			],
			"range": {
				"number": 30,
				"unit": "feet"
			},
			"targets": "1 creature",
			"duration": {
				"number": 1,
				"unit": "minute",
				"sustained": true
			},
			"savingThrow": {
				"type": [
					"F"
				]
			},
			"entries": [
				"You evoke buzzing and crawling insects to climb onto a foe's body and bite, dealing {@damage 1d4} piercing damage and potentially sickening the foe, depending on its Fortitude save. You deal the piercing damage initially and then again the first time each round you {@action sustain a spell||Sustain the Spell}, starting on the round after you cast it and rolling the damage based on the target's saving throw result each time. However, the creature only attempts the Fortitude save once, when you first {@action cast a spell||Cast the Spell}. Once this spell ends, the target becomes temporarily immune for 1 minute.",
				{
					"type": "successDegree",
					"entries": {
						"Critical Success": "The target is unaffected.",
						"Success": "The target takes half damage.",
						"Failure": "The target takes full damage.",
						"Critical Failure": "The target takes double damage and is {@condition sickened||sickened 1} by the crawling insects. The sickened value can't be reduced below 1 while the spell is active."
					}
				}
			],
			"heightened": {
				"plusX": {
					"1": [
						"The damage increases by {@damage 1d4}."
					]
				}
			}
		}
	]
}
