{
	"feat": [
		{
			"name": "Able Ritualist",
			"source": "AV2",
			"page": 76,
			"level": 8,
			"featType": {
				"archetype": [
					"Eldritch Researcher"
				]
			},
			"traits": [
				"archetype"
			],
			"prerequisites": "{@feat Eldritch Researcher Dedication|AV2}",
			"entries": [
				"Your readings on rituals make you a skilled participant. You gain a +2 circumstance bonus to primary and secondary checks you attempt as part of casting a ritual."
			]
		},
		{
			"name": "Advanced Seeker Of Truths",
			"source": "AV2",
			"page": 77,
			"level": 12,
			"featType": {
				"archetype": [
					"Eldritch Researcher"
				]
			},
			"traits": [
				"archetype"
			],
			"prerequisites": "{@feat Eldritch Researcher Dedication|AV2}, {@feat Seeker of Truths|AV2}",
			"entries": [
				"You have unlocked deeper secrets to uncovering and hoarding lore. You gain an advanced domain spell from one domain you selected with Seeker of Truths. Increase the number of Focus Points in your focus pool by 1."
			],
			"special": "You can take this feat up to three times, each time selecting a different advanced domain spell from a domain you selected with Seeker of Truths."
		},
		{
			"name": "Eldritch Researcher Dedication",
			"source": "AV2",
			"page": 76,
			"level": 2,
			"featType": {
				"archetype": [
					"Eldritch Researcher"
				]
			},
			"traits": [
				"uncommon",
				"archetype",
				"dedication"
			],
			"prerequisites": "Trained in {@skill Arcana} and {@skill Occultism}",
			"entries": [
				"You gain the ability to cast a single arcane or occult cantrip of your choice (which is heightened to a spell level equal to half your level rounded up). If you weren't already, you become trained in that tradition's spell DCs and spell attack rolls with Intelligence as your spellcasting ability.",
				"Regardless of whether you choose an arcane or occult cantrip, you also become an expert in your choice of either {@skill Arcana} or {@skill Occultism}. You also gain a +1 circumstance bonus to checks you attempt with the chosen skill when Investigating or {@action Identify Magic||Identifying Magic}."
			],
			"special": "You can't select another dedication feat until you've gained two other feats from the Eldritch Researcher archetype.",
			"leadsTo": [
				"Able Ritualist|AV2",
				"Advanced Seeker Of Truths|AV2",
				"Entities From Afar|AV2",
				"Incredible Recollection|AV2",
				"Know It All|AV2",
				"Lorefinder|AV2",
				"Scholarly Defense|AV2",
				"Seeker Of Truths|AV2",
				"Strange Script|AV2",
				"Words Of Unraveling|AV2"
			]
		},
		{
			"name": "Entities From Afar",
			"source": "AV2",
			"page": 77,
			"level": 14,
			"featType": {
				"archetype": [
					"Eldritch Researcher"
				]
			},
			"traits": [
				"archetype"
			],
			"prerequisites": "{@feat Eldritch Researcher Dedication|AV2}",
			"entries": [
				"You can call in aberrations to fight for you or to answer questions. You can cast {@spell summon entity} as an innate occult spell once per day. If you couldn't already cast occult spells, these spells use Intelligence as your spellcasting ability, and you become trained in spell attack rolls and spell DCs for occult spells; if you could already cast occult spells, your proficiency in spell attack rolls and spell DCs for occult spells increases to expert.",
				"As soon as the aberration arrives, instead of giving it any other commands, you can demand that it help you with a single question you pose to it. For the creature to effectively answer, you must {@action Sustain a Spell||Sustain the Spell} for 1 minute, and you must understand and be understood by the aberration. If you do, the aberration gives you a cryptic clue as provided by the {@spell read omens} spell, except that the clue is even more enigmatic than normal; the creature then immediately returns from whence it came without providing you any other benefit. At 16th level and every 2 levels thereafter, the {@spell summon entity} spell is heightened by 1 level (to a maximum of 8th level when you reach 20th level)."
			]
		},
		{
			"name": "Incredible Recollection",
			"source": "AV2",
			"page": 77,
			"activity": {
				"number": 1,
				"unit": "action"
			},
			"level": 14,
			"featType": {
				"archetype": [
					"Eldritch Researcher"
				]
			},
			"traits": [
				"archetype"
			],
			"prerequisites": "{@feat Eldritch Researcher Dedication|AV2}",
			"entries": [
				"You can sift through knowledge locked within your mind at an incredible pace. You instantly use up to 5 {@action Recall Knowledge} actions. If you have any special abilities or free actions that would normally be triggered when you {@action Recall Knowledge}, you can't use them for these actions."
			]
		},
		{
			"name": "Know It All",
			"source": "AV2",
			"page": 76,
			"level": 10,
			"featType": {
				"archetype": [
					"Eldritch Researcher"
				]
			},
			"traits": [
				"archetype"
			],
			"prerequisites": "{@feat Eldritch Researcher Dedication|AV2}",
			"entries": [
				"Your knowledge of abstruse topics is unparalleled. When you succeed at a check to {@action Recall Knowledge}, you gain additional information or context. When you critically succeed at a Knowledge check, at the GM's discretion you might gain even more additional information or context than normal."
			]
		},
		{
			"name": "Lorefinder",
			"source": "AV2",
			"page": 76,
			"level": 8,
			"featType": {
				"archetype": [
					"Eldritch Researcher"
				]
			},
			"traits": [
				"archetype"
			],
			"prerequisites": "{@feat Eldritch Researcher Dedication|AV2}",
			"entries": [
				"You know that fate sometimes conspires to keep dangerous knowledge or items from the eyes of those most able to understand them. You deny fate the ability to conceal truths from you. You can cast {@spell locate} as an innate occult spell once per day. When you reach 14th level, this spell is heightened to 5th level."
			]
		},
		{
			"name": "Scholarly Defense",
			"source": "AV2",
			"page": 76,
			"level": 6,
			"featType": {
				"archetype": [
					"Eldritch Researcher"
				]
			},
			"traits": [
				"archetype"
			],
			"prerequisites": "{@feat Eldritch Researcher Dedication|AV2}",
			"entries": [
				"Your knowledge of strange creatures and their bizarre anatomy allows you to anticipate their physical attacks and reduce the damage you take from them. You gain resistance to physical damage from melee attacks made by aberrations and oozes. This resistance is equal to one-third your level."
			]
		},
		{
			"name": "Seeker Of Truths",
			"source": "AV2",
			"page": 76,
			"level": 4,
			"featType": {
				"archetype": [
					"Eldritch Researcher"
				]
			},
			"traits": [
				"archetype"
			],
			"prerequisites": "{@feat Eldritch Researcher Dedication|AV2}",
			"entries": [
				"Your devotion to discovering and hoarding abstruse truths borders on the fanatical, and you can bring this devotion to bear. You gain the cleric's Domain Initiate feat but must select knowledge, secrecy, or truth as your domain. You cast that domain's domain spell as a focus spell of the same tradition as your cantrip from Eldritch Researcher Dedication, and you {@action Refocus} by contemplating abstruse mysteries rather than praying to a god. When an ability would manifest a divine symbol\u2014such as the {@spell word of truth} focus spell\u2014it instead manifests as a strange shape unique to you that seems to defy geometry."
			],
			"special": "You can take this feat up to three times, selecting a different domain each time.",
			"leadsTo": [
				"Advanced Seeker Of Truths|AV2"
			]
		},
		{
			"name": "Strange Script",
			"source": "AV2",
			"page": 76,
			"level": 4,
			"featType": {
				"archetype": [
					"Eldritch Researcher"
				]
			},
			"traits": [
				"archetype",
				"divination"
			],
			"prerequisites": "{@feat Eldritch Researcher Dedication|AV2}",
			"entries": [
				"You have such familiarity with obscure texts that you can compel them to reveal their secrets. Once per day, you can touch a single text (such as a tome, a wall of hieroglyphics, or something similar) and understand its meaning for 1 hour. If the text is in multiple languages, you gain the ability to understand them all for only the purposes of reading the text. If the text is in a code or cypher, you don't automatically understand the text, but you gain a +2 circumstance bonus to checks to decipher it."
			]
		},
		{
			"name": "Words Of Unraveling",
			"source": "AV2",
			"page": 77,
			"level": 12,
			"featType": {
				"archetype": [
					"Eldritch Researcher"
				]
			},
			"traits": [
				"archetype"
			],
			"prerequisites": "{@feat Eldritch Researcher Dedication|AV2}",
			"entries": [
				"You have unlocked abstruse methods to tangle with reality itself, altering the fate of a single individual. Once per day as an occult innate spell, you can cast daydreamer's curse (page 73), outcast's curse, or savant's curse (page 73). At the GM's discretion, you can substitute or add additional occult curse spells of 4th level or lower to this list. You can choose a different spell from the list each time you use this ability. If you couldn't already cast occult spells, these spells use Intelligence as your spellcasting ability, and you become trained in spell attack rolls and spell DCs for occult spells; if you could already cast occult spells, your proficiency in spell attack rolls and spell DCs for occult spells increases to expert."
			]
		}
	]
}
