{
	"creatureFluff": [
		{
			"images": [
				"https://2e.aonprd.com/Images/Monsters/YohSouran.png"
			],
			"source": "FRP3",
			"name": "Yoh Souran",
			"entries": []
		},
		{
			"images": [
				"https://2e.aonprd.com/Images/Monsters/Bulgae.png"
			],
			"source": "FRP3",
			"name": "Bul-Gae",
			"entries": []
		},
		{
			"images": [
				"https://2e.aonprd.com/Images/Monsters/Gumiho.png"
			],
			"source": "FRP3",
			"name": "Gumiho",
			"entries": []
		},
		{
			"images": [
				"https://2e.aonprd.com/Images/Monsters/Sthira.png"
			],
			"source": "FRP3",
			"name": "Sthira",
			"entries": []
		},
		{
			"images": [
				"https://2e.aonprd.com/Images/Monsters/Orochi.png"
			],
			"source": "FRP3",
			"name": "Orochi",
			"entries": []
		},
		{
			"images": [
				"https://2e.aonprd.com/Images/Monsters/SpiritTurtle.png"
			],
			"source": "FRP3",
			"name": "Spirit Turtle",
			"entries": []
		},
		{
			"images": [
				"https://2e.aonprd.com/Images/Monsters/DesecratedGuardian.png"
			],
			"source": "FRP3",
			"name": "Desecrated Guardian",
			"entries": []
		},
		{
			"images": [
				"https://2e.aonprd.com/Images/Monsters/Inmyeonjo.png"
			],
			"source": "FRP3",
			"name": "Inmyeonjo",
			"entries": []
		},
		{
			"images": [
				"https://2e.aonprd.com/Images/Monsters/Arboreal_CanopyElder.png"
			],
			"source": "FRP3",
			"name": "Canopy Elder",
			"entries": []
		},
		{
			"images": [
				"https://2e.aonprd.com/Images/Monsters/Syndara.png"
			],
			"source": "FRP3",
			"name": "Syndara The Sculptor",
			"entries": []
		},
		{
			"images": [
				"https://2e.aonprd.com/Images/Monsters/Sanzuwu.png"
			],
			"source": "FRP3",
			"name": "Sanzuwu",
			"entries": []
		},
		{
			"images": [
				"https://2e.aonprd.com/Images/Monsters/Lophiithu.png"
			],
			"source": "FRP3",
			"name": "Lophiithu",
			"entries": []
		}
	]
}
