{
	"creatureFluff": [
		{
			"name": "Anadi Hunter",
			"source": "LOME",
			"entries": [],
			"images": [
				"https://2e.aonprd.com/Images/Monsters/Anadi_AnadiHunter.png"
			]
		},
		{
			"name": "Anadi Sage",
			"source": "LOME",
			"entries": [],
			"images": [
				"https://2e.aonprd.com/Images/Monsters/Anadi_AnadiSage.png"
			]
		},
		{
			"name": "Anadi Elder",
			"source": "LOME",
			"entries": [],
			"images": [
				"https://2e.aonprd.com/Images/Monsters/Anadi.png"
			]
		},
		{
			"name": "Aigamuxa",
			"source": "LOME",
			"entries": [],
			"images": [
				"https://2e.aonprd.com/Images/Monsters/Aigamuxa.png"
			]
		},
		{
			"name": "Asanbosam",
			"source": "LOME",
			"entries": [],
			"images": [
				"https://2e.aonprd.com/Images/Monsters/Asanbosam.png"
			]
		},
		{
			"name": "Biloko Warrior",
			"source": "LOME",
			"entries": [],
			"images": [
				"https://2e.aonprd.com/Images/Monsters/Biloko.png"
			]
		},
		{
			"name": "Biloko Veteran",
			"source": "LOME",
			"entries": [],
			"images": [
				"https://2e.aonprd.com/Images/Monsters/Biloko.png"
			]
		},
		{
			"name": "Eloko",
			"source": "LOME",
			"entries": [],
			"images": [
				"https://2e.aonprd.com/Images/Monsters/Biloko.png"
			]
		},
		{
			"name": "Charau-ka Warrior",
			"source": "LOME",
			"entries": [],
			"images": [
				"https://2e.aonprd.com/Images/Monsters/CharauKa_Warrior.png"
			]
		},
		{
			"name": "Charau-ka Acolyte Of Angazhan",
			"source": "LOME",
			"entries": [],
			"images": [
				"https://2e.aonprd.com/Images/Monsters/CharauKa.png"
			]
		},
		{
			"name": "Charau-ka Butcher",
			"source": "LOME",
			"entries": [],
			"images": [
				"https://2e.aonprd.com/Images/Monsters/CharauKa_Butcher.png"
			]
		},
		{
			"name": "Grootslang",
			"source": "LOME",
			"entries": [],
			"images": [
				"https://2e.aonprd.com/Images/Monsters/Grootslang.png"
			]
		},
		{
			"name": "K'nonna",
			"source": "LOME",
			"entries": [],
			"images": [
				"https://2e.aonprd.com/Images/Monsters/Knonna.png"
			]
		},
		{
			"name": "Pygmy Kaava",
			"source": "LOME",
			"entries": [],
			"images": [
				"https://2e.aonprd.com/Images/Monsters/Kaava.png"
			]
		},
		{
			"name": "Kaava Stalker",
			"source": "LOME",
			"entries": [],
			"images": [
				"https://2e.aonprd.com/Images/Monsters/Kaava.png"
			]
		},
		{
			"name": "Karina",
			"source": "LOME",
			"entries": [],
			"images": [
				"https://2e.aonprd.com/Images/Monsters/Karina.png"
			]
		},
		{
			"name": "Maliadi",
			"source": "LOME",
			"entries": [],
			"images": [
				"https://2e.aonprd.com/Images/Monsters/Maliadi.png"
			]
		},
		{
			"name": "Mamlambo",
			"source": "LOME",
			"entries": [],
			"images": [
				"https://2e.aonprd.com/Images/Monsters/Mamlambo.png"
			]
		},
		{
			"name": "Rompo",
			"source": "LOME",
			"entries": [],
			"images": [
				"https://2e.aonprd.com/Images/Monsters/Ronpo.png"
			]
		},
		{
			"name": "Sié Goluo",
			"source": "LOME",
			"entries": [],
			"images": [
				"https://2e.aonprd.com/Images/Monsters/SieGolou.png"
			]
		},
		{
			"name": "Solar Ibis",
			"source": "LOME",
			"entries": [],
			"images": [
				"https://2e.aonprd.com/Images/Monsters/SolarIbis.png"
			]
		},
		{
			"name": "Zinba",
			"source": "LOME",
			"entries": [],
			"images": [
				"https://2e.aonprd.com/Images/Monsters/Zinba.png"
			]
		}
	]
}
