{
	"ancestry": [
		{
			"name": "Grippli",
			"source": "LOME",
			"page": 118,
			"rarity": "uncommon",
			"hp": 6,
			"size": [
				"small"
			],
			"speed": {
				"walk": 25
			},
			"boosts": [
				"dexterity",
				"wisdom",
				"free"
			],
			"flaw": [
				"strength"
			],
			"languages": [
				"{@language Common}",
				"{@language Grippli|b2}",
				"Additional languages equal to your Intelligence modifier (if it's positive). Choose from {@language Abyssal}, {@language Aquan}, {@language Boggard|b1}, {@language Draconic}, {@language Elven}, {@language Iruxi|b1}, {@language Sylvan}, and any other languages to which you have access (such as the languages prevalent in your region)."
			],
			"traits": [
				"grippli",
				"humanoid"
			],
			"features": [
				{
					"name": "Low-Light Vision",
					"entries": [
						"You can see in dim light as though it were bright light, and you ignore the {@condition concealed} condition due to dim light."
					]
				}
			],
			"flavor": [
				"Gripplis are a shy and cautious people who generally seek to avoid being drawn into the complicated and dangerous affairs of others. Despite their outlook and small stature, gripplis often take bold and noble action when the situation demands it."
			],
			"info": [
				"Reclusive and canny, gripplis are treetop survivalists who harvest their homes' bounty and defend themselves against terrible threats. Their reliance on cunning and simple tools has led to gripplis being mischaracterized as primitive, yet this overlooks their shaping of the land with hidden orchards and camouflaged causeways that allow gripplis to live in prosperous peace. Gripplis are most likely to emerge from their forest homes to trade, explore, and combat threats that would despoil the world.",
				{
					"type": "pf2-h3",
					"page": 118,
					"name": "You Might...",
					"entries": [
						{
							"type": "list",
							"items": [
								"Seek out clever ways to exploit your environment when overcoming challenges.",
								"Make friends slowly, concerned by cautionary tales of exploitative strangers.",
								"Be fiercely protective of your home or community."
							]
						}
					]
				},
				{
					"type": "pf2-h3",
					"page": 118,
					"name": "Others Probably...",
					"entries": [
						{
							"type": "list",
							"items": [
								"Assume you dislike cities and people who live in them.",
								"Trust in your impartial, measured approach to understanding situations and solving problems.",
								"Give you space, fearing that touching you would prove toxic."
							]
						}
					]
				},
				{
					"type": "pf2-h3",
					"page": 118,
					"name": "Physical Description",
					"entries": [
						"Gripplis resemble humanoid tree frogs, with oversized eyes, wide mouths, and gangly physiques. Their slight frames and large toes afford excellent grip while climbing, while their colorful skin provides reliable camouflage that varies by their home environment\u2014 green and brown for jungle-dwelling groups, blue and orange for riparian communities, and many other colors between. A grippli grows quickly, reaching adult size of about 2 feet in height about 3 years after hatching, though they're only considered adults around age 12. Gripplis rarely live beyond 60 years, though exceptional individuals occasionally live as long as a century."
					]
				},
				{
					"type": "pf2-h3",
					"page": 118,
					"name": "Society",
					"entries": [
						"Gripplis lead a sophisticated hunter-gatherer lifestyle with which they reshape the landscape to suit their needs: building spillways to trap fish, seeding fruit-bearing trees, sowing cover-granting foliage for future hunts, and more techniques that often escape an agriculturist's eye. These strategies rely on community cooperation as well as dispersed populations, so gripplis commonly live in small villages, each part of a complex web of alliances and relationships. Reclusiveness has preserved grippli lives and lifestyles for millennia, yet they increasingly find themselves threatened by ancient evils and new explorers alike."
					]
				},
				{
					"type": "pf2-h3",
					"page": 118,
					"name": "Alignment and Religion",
					"entries": [
						"Taught to wait, observe, and respect natural processes of life and death, many gripplis adopt neutral alignments. Those who take a more active role suppressing evils that take refuge in the jungles are often neutral good, most notably those rare fiend-keepers who absorb an evil being into their soul to contain and eventually transform its villainy through virtuous acts. Nature deities such as {@deity Gozreh} or {@deity Erastil} often earn gripplis' respect, yet communities often prefer less prominent, more intimate divinities such as empyreal lords, psychopomp ushers, or the fey Eldest."
					]
				},
				{
					"type": "pf2-h3",
					"page": 118,
					"name": "Names",
					"entries": [
						"Grippli names often include resonant vowels and chirped consonants that remain difficult for non-gripplis to vocalize properly. Gripplis that travel widely often adopt one or more names more easily replicated by their associates."
					]
				},
				{
					"type": "pf2-h4",
					"page": 119,
					"name": "Sample Names",
					"entries": [
						"Aalpo'ol, Bogwynne, Ctaprak, Eegru, Gpoun, Gruoksh, Hrrauti, Iopo, Iykiki, Kyrsiik, Mhruugu, Oplugo, Quaasol, Yolkuu, Ztaal"
					]
				},
				{
					"type": "pf2-sidebar",
					"page": 120,
					"name": "Grippli Adventurers",
					"entries": [
						"For the many gripplis who hail from remote regions, wilderness backgrounds like {@background hunter}, {@background nomad}, or {@background scout} are excellent fits. Those more accustomed to urban areas might be {@background animal whisperer||animal whisperers}, {@background bounty hunter||bounty hunters}, and {@background herbalist||herbalists}. {@background hermit||Hermits} are common, and {@background emissary||emissaries} are critical to maintaining relationships with other peoples. Thanks to their deep cultural connections to nature, gripplis make excellent {@class druid||druids} and {@class ranger||rangers}. Their musical traditions are a great fit for {@class bard||bards}. Gripplis' natural agility and perceptiveness also make them capable {@class cleric||clerics}, {@class monk||monks}, and {@class rogue||rogues}."
					]
				},
				{
					"type": "pf2-sidebar",
					"page": 121,
					"source": "LOME",
					"name": "Grippli Enclaves",
					"reference": {
						"auto": true
					}
				}
			],
			"heritageInfo": [
				"Choose one of the following grippli heritages at 1st level."
			],
			"heritage": [
				{
					"name": "Poisonhide Grippli",
					"shortName": "Poisonhide",
					"source": "LOME",
					"page": 119,
					"entries": [
						"You may be small, but the poison glands concealed across your body hide a deadly defense. You gain the {@action Toxic Skin|LOME} reaction.",
						{
							"name": "Toxic Skin",
							"source": "LOME",
							"type": "ability",
							"style": "full",
							"page": 119,
							"activity": {
								"number": 1,
								"unit": "reaction"
							},
							"traits": [
								"grippli",
								"poison"
							],
							"actionType": {
								"ancestry": [
									"Grippli|LOME"
								],
								"heritage": [
									"Poisonhide Grippli|LOME"
								]
							},
							"frequency": {
								"unit": "hour",
								"freq": 1
							},
							"trigger": "A creature touches you, such as by Grappling you, successfully hitting you with an unarmed attack, or using a touch-range spell against you.",
							"entries": [
								"You exude a deadly toxin. The triggering creature takes {@damage 1d4} poison damage (basic Fortitude save using your class DC or spell DC, whichever is higher). At 3rd level and every 2 levels thereafter, the damage increases by {@damage 1d4}."
							]
						}
					]
				},
				{
					"name": "Snaptongue Grippli",
					"shortName": "Snaptongue",
					"source": "LOME",
					"page": 119,
					"entries": [
						"Your tongue is especially long, and you can launch it with extraordinary range and precision. You can use your tongue to deliver touch-range spells and perform extremely simple Interact actions, such as opening some types of unlocked doors. Your tongue can't perform actions that require fingers or significant manual dexterity, including any action that would require a check to accomplish, and you can't use it to hold items."
					]
				},
				{
					"name": "Stickytoe Grippli",
					"shortName": "Stickytoe",
					"source": "LOME",
					"page": 119,
					"entries": [
						"Your hands and feet exude a film that helps them adhere to surfaces. You gain a +2 circumstance bonus to your Fortitude and Reflex DC against attempts to Disarm, Shove, or Trip you. When ascending trees, vines, and other foliage, if you roll a success on the {@skill Athletics} check to Climb, you get a critical success instead."
					]
				},
				{
					"name": "Windweb Grippli",
					"shortName": "Windweb",
					"source": "LOME",
					"page": 119,
					"entries": [
						"Tough webbing along your hands and toes can slow any fall. As long as you have one hand free, you take no falling damage, regardless of the distance you fall."
					]
				}
			],
			"summary": {
				"text": "Gripplis are a shy and cautious people who generally seek to avoid being drawn into the complicated and dangerous affairs of others. Despite their outlook and small stature, gripplis often take bold and noble action when the situation demands it.",
				"images": [
					"https://2e.aonprd.com/Images/Ancestries/Grippli01.png",
					"https://2e.aonprd.com/Images/Ancestries/Grippli02.png"
				]
			}
		}
	]
}
