{
	"creature": [
		{
			"name": "Damibwa",
			"isNpc": false,
			"source": "SoT2",
			"page": 80,
			"level": 4,
			"traits": [
				"n",
				"medium",
				"animal"
			],
			"perception": {
				"std": 12
			},
			"senses": [
				{
					"name": "echolocation",
					"range": 60
				},
				{
					"name": "low-light vision"
				}
			],
			"skills": {
				"acrobatics": {
					"std": 10
				},
				"athletics": {
					"std": 12
				},
				"stealth": {
					"std": 10
				},
				"survival": {
					"std": 10
				}
			},
			"abilityMods": {
				"str": 4,
				"dex": 4,
				"con": 3,
				"int": -4,
				"wis": 2,
				"cha": 0
			},
			"speed": {
				"walk": 30,
				"swim": 30
			},
			"attacks": [
				{
					"range": "Melee",
					"name": "jaws",
					"attack": 14,
					"effects": [
						"Grab"
					],
					"damage": "{@damage 2d8+4} piercing plus Grab",
					"types": [
						"piercing"
					]
				}
			],
			"abilities": {
				"top": [
					{
						"entries": [
							"+10 Str +4, Dex +4, Con +3, Int \u20134, Wis +2, Cha +0."
						],
						"name": "Survival"
					},
					{
						"entries": [
							"A damibwa can hold its breath for 5 minutes."
						],
						"name": "Deep Breath"
					},
					{
						"entries": [
							"A damibwa's hearing is a precise sense at the listed range."
						],
						"name": "Echolocation"
					}
				],
				"bot": [
					{
						"activity": {
							"number": 1,
							"unit": "action"
						},
						"traits": [
							"attack",
							"move"
						],
						"requirements": "The damibwa has a",
						"entries": [
							"Small or smaller creature {@condition grabbed} in water; The damibwa attempts an {@skill Athletics} check against the creature's Fortitude DC. Critical Success The damibwa moves up to its swim Speed, dragging the {@condition grabbed} creature along with it. Success The damibwa moves up to half its swim Speed, dragging the {@condition grabbed} creature along with it. Failure The damibwa doesn't move and the creature isn't dragged. Critical Failure The damibwa no longer has the creature {@condition grabbed}."
						],
						"name": "Fetch"
					},
					{
						"activity": {
							"number": 2,
							"unit": "action"
						},
						"traits": [
							"move"
						],
						"requirements": "The damibwa is in or adjacent to water",
						"entries": [
							"The damibwa moves up to double its swim Speed, descending at least 10 feet, and then makes a jaws {@action Strike}. If it was {@condition undetected} at the start of predatory dive, it remains {@condition undetected} until after the attack."
						],
						"name": "Predatory Dive"
					}
				]
			},
			"defenses": {
				"ac": {
					"std": 21
				},
				"savingThrows": {
					"fort": {
						"std": 11
					},
					"ref": {
						"std": 14
					},
					"will": {
						"std": 8
					}
				},
				"hp": [
					{
						"hp": 62,
						"abilities": null
					}
				]
			}
		},
		{
			"name": "Fire-pot Ubanu",
			"isNpc": false,
			"source": "SoT2",
			"page": 89,
			"level": 8,
			"traits": [
				"unique",
				"cn",
				"medium",
				"human",
				"humanoid"
			],
			"perception": {
				"std": 16
			},
			"languages": {
				"languages": [
					"common",
					"draconic",
					"ignan",
					"jotun"
				]
			},
			"skills": {
				"arcana": {
					"std": 16
				},
				"crafting": {
					"std": 20
				},
				"intimidation": {
					"std": 16
				},
				"nature": {
					"std": 15
				},
				"weapons lore": {
					"std": 16
				}
			},
			"abilityMods": {
				"str": 1,
				"dex": 3,
				"con": 1,
				"int": 4,
				"wis": 1,
				"cha": 4
			},
			"items": [
				"smock (as padded armor)",
				"fulminating spear (page 76)"
			],
			"speed": {
				"walk": 25
			},
			"attacks": [
				{
					"range": "Melee",
					"name": "spear",
					"attack": 17,
					"traits": [
						"magical"
					],
					"damage": "{@damage 2d6+3} piercing",
					"types": [
						"piercing"
					]
				},
				{
					"range": "Ranged",
					"name": "alchemist's fire",
					"attack": 19,
					"traits": [
						"range increment <20 feet>",
						"splash"
					],
					"damage": "{@damage 2d8+2} fire plus 4 {@condition persistent damage ||persistent fire} plus 6 fire splash",
					"types": [
						"fire",
						"persistent"
					]
				},
				{
					"range": "Ranged",
					"name": "spear",
					"attack": 19,
					"traits": [
						"magical",
						"range increment <20 feet>"
					],
					"damage": "{@damage 2d6+3} piercing",
					"types": [
						"piercing"
					]
				}
			],
			"spellcasting": [
				{
					"name": "Primal Spontaneous",
					"type": "Spontaneous",
					"tradition": "primal",
					"DC": 26,
					"attack": 18,
					"entry": {
						"1": {
							"slots": 3,
							"spells": [
								{
									"name": "gust of wind"
								},
								{
									"name": "jump"
								},
								{
									"name": "mending"
								}
							]
						},
						"2": {
							"slots": 3,
							"spells": [
								{
									"name": "flaming sphere"
								},
								{
									"name": "obscuring mist"
								},
								{
									"name": "resist energy"
								}
							]
						},
						"3": {
							"slots": 3,
							"spells": [
								{
									"name": "blindness"
								},
								{
									"name": "fireball"
								},
								{
									"name": "haste"
								}
							]
						},
						"4": {
							"slots": 2,
							"spells": [
								{
									"name": "burning hands"
								},
								{
									"name": "fire shield"
								}
							]
						}
					}
				}
			],
			"abilities": {
				"top": [
					{
						"entries": [
							"+15, {@skill Lore||Weapons Lore} +16 Str +1, Dex +3, Con +1, Int +4, Wis +1, Cha +4 Items smock (as padded armor), fulminating spear (page 76)"
						],
						"name": "Nature"
					},
					{
						"entries": [
							"Ubanu carries these infused items: 8 moderate alchemist's fires, 2 lesser elixirs of life, and 2 moderate tanglefoot bags. These items last for 24 hours, or until the next time Ubanu makes his daily preparations."
						],
						"name": "Infused Items"
					}
				],
				"bot": [
					{
						"traits": [
							"4th"
						],
						"entries": [
							"acid splash, detect magic, guidance, prestidigitation, produce flame."
						],
						"name": "Cantrips"
					},
					{
						"entries": [
							"Creatures who fail a saving throw against one of Ubanu's spells are {@condition flat-footed} to his attacks until the end of his turn or until the end of his next turn on a critical failure."
						],
						"name": "Distracting Spells"
					},
					{
						"activity": {
							"number": 1,
							"unit": "action"
						},
						"entries": [
							"Ubanu Interacts to draw a bomb, then {@action Strike||Strikes} with it."
						],
						"name": "Quick Bomber"
					}
				]
			},
			"defenses": {
				"ac": {
					"std": 26
				},
				"savingThrows": {
					"fort": {
						"std": 17
					},
					"ref": {
						"std": 19
					},
					"will": {
						"std": 13
					}
				},
				"hp": [
					{
						"hp": 140,
						"abilities": null
					}
				]
			}
		},
		{
			"name": "Froglegs",
			"isNpc": false,
			"source": "SoT2",
			"page": 91,
			"level": 8,
			"traits": [
				"unique",
				"ne",
				"small",
				"grippli",
				"humanoid"
			],
			"perception": {
				"std": 16
			},
			"senses": [
				{
					"name": "darkvision"
				}
			],
			"languages": {
				"languages": [
					"common",
					"elven",
					"grippli",
					"iruxi"
				]
			},
			"skills": {
				"acrobatics": {
					"std": 16
				},
				"athletics": {
					"std": 15
				},
				"deception": {
					"std": 16
				},
				"intimidation": {
					"std": 16
				},
				"stealth": {
					"std": 16
				},
				"thievery": {
					"std": 18
				},
				"underworld lore": {
					"std": 15
				}
			},
			"abilityMods": {
				"str": 3,
				"dex": 4,
				"con": 0,
				"int": 1,
				"wis": 2,
				"cha": 4
			},
			"speed": {
				"walk": 30,
				"climb": 20
			},
			"attacks": [
				{
					"range": "Melee",
					"name": "dagger",
					"attack": 20,
					"traits": [
						"agile",
						"deadly <d10>",
						"finesse",
						"magical",
						"versatile <s>"
					],
					"effects": [
						"knife fighter"
					],
					"damage": "{@damage 1d4+5} piercing plus knife fighter",
					"types": [
						"piercing"
					]
				},
				{
					"range": "Melee",
					"name": "Habu's Cudgel",
					"attack": 19,
					"traits": [
						"magical"
					],
					"damage": "{@damage 2d6+5} bludgeoning",
					"types": [
						"bludgeoning"
					]
				},
				{
					"range": "Ranged",
					"name": "dagger",
					"attack": 20,
					"traits": [
						"agile",
						"deadly <d10>",
						"magical",
						"thrown <10 feet>",
						"versatile <s>"
					],
					"effects": [
						"knife fighter"
					],
					"damage": "{@damage 1d4+5} piercing plus knife fighter",
					"types": [
						"piercing"
					]
				}
			],
			"abilities": {
				"top": [
					{
						"entries": [
							"+16, {@skill Stealth} +16, {@skill Thievery} +18 (+20 to {@action Pick a Lock}), {@skill Lore||Underworld Lore} +15 Str +3, Dex +4, Con +0, Int +1, Wis +2, Cha +4 Items +1 daggers (4), Habu's Cudgel (page 76), leather armor, infiltrator thieves' tools."
						],
						"name": "Intimidation"
					}
				],
				"mid": [
					{
						"entries": [
							"Advantage Froglegs isn't {@condition flat-footed} to creatures of 8th level or lower that are {@condition hidden}, {@condition undetected}, flanking, or using surprise attack."
						],
						"name": "Deny"
					}
				],
				"bot": [
					{
						"entries": [
							"Fighter Froglegs deals an additional {@damage 2d6} precision damage with weapons from the {@group knife}, and knives gain the {@trait deadly <d10>} weapon property while she wields them."
						],
						"name": "Knife"
					},
					{
						"activity": {
							"number": 1,
							"unit": "free"
						},
						"trigger": "Froglegs successfully Tumbles",
						"entries": [
							"Through an enemy's space; Froglegs attempts."
						],
						"name": "Roll and Snatch"
					},
					{
						"entries": [
							"{@action Trip} the enemy. She can use her tongue for this attempt and does not need to have a free hand."
						],
						"name": "to Disarm or"
					},
					{
						"activity": {
							"number": 1,
							"unit": "action"
						},
						"traits": [
							"flourish"
						],
						"entries": [
							"Froglegs makes two dagger {@action Strike||Strikes}."
						],
						"name": "Twin Slash"
					}
				]
			},
			"defenses": {
				"ac": {
					"std": 27
				},
				"savingThrows": {
					"fort": {
						"std": 14
					},
					"ref": {
						"std": 18
					},
					"will": {
						"std": 16
					}
				},
				"hp": [
					{
						"hp": 135,
						"abilities": null
					}
				]
			}
		},
		{
			"name": "Gbahali",
			"isNpc": false,
			"source": "SoT2",
			"page": 81,
			"level": 9,
			"traits": [
				"uncommon",
				"n",
				"huge",
				"beast"
			],
			"perception": {
				"std": 17
			},
			"senses": [
				{
					"name": "low-light vision"
				},
				{
					"type": "imprecise",
					"name": "scent",
					"range": 30
				}
			],
			"skills": {
				"athletics": {
					"std": 20
				},
				"stealth": {
					"std": 17,
					"in water": 21
				},
				"survival": {
					"std": 17
				}
			},
			"abilityMods": {
				"str": 7,
				"dex": 4,
				"con": 5,
				"int": -3,
				"wis": 4,
				"cha": -2
			},
			"speed": {
				"abilities": [
					"powerful jumper"
				],
				"walk": 40,
				"swim": 30
			},
			"attacks": [
				{
					"range": "Melee",
					"name": "jaws",
					"attack": 21,
					"traits": [
						"deadly <d12>",
						"reach <10 feet>"
					],
					"effects": [
						"Grab"
					],
					"damage": "{@damage 2d10+13} piercing plus Grab",
					"types": [
						"piercing"
					]
				},
				{
					"range": "Melee",
					"name": "claw",
					"attack": 21,
					"traits": [
						"agile",
						"reach <10 feet>"
					],
					"damage": "{@damage 2d6+13} slashing",
					"types": [
						"slashing"
					]
				},
				{
					"range": "Melee",
					"name": "tail",
					"attack": 21,
					"traits": [
						"backswing",
						"reach <15 feet>"
					],
					"damage": "{@damage 2d10+13} bludgeoning",
					"types": [
						"bludgeoning"
					]
				}
			],
			"abilities": {
				"top": [
					{
						"entries": [
							"+17."
						],
						"name": "Survival"
					},
					{
						"entries": [
							"A gbahali can hold its breath for 2 hours.",
							"Str +7, Dex +4, Con +5, Int \u20133, Wis +4, Cha \u20132."
						],
						"name": "Deep Breath"
					}
				],
				"mid": [
					{
						"activity": {
							"number": 1,
							"unit": "reaction"
						},
						"entries": [],
						"name": "Attack of Opportunity",
						"generic": {
							"tag": "ability"
						}
					}
				],
				"bot": [
					{
						"activity": {
							"number": 1,
							"unit": "action"
						},
						"entries": [
							"40 feet."
						],
						"name": "Aquatic Ambush",
						"generic": {
							"tag": "ability"
						}
					},
					{
						"entries": [
							"A gbahali jumps 10 feet up on a successful {@action High Jump} or 20 feet up on a critical success."
						],
						"name": "Powerful Jumper"
					},
					{
						"activity": {
							"number": 1,
							"unit": "action"
						},
						"traits": [
							"attack"
						],
						"entries": [
							"Medium, {@damage 2d8+7} bludgeoning, Rupture 20."
						],
						"name": "Swallow Whole",
						"generic": {
							"tag": "ability"
						}
					}
				]
			},
			"defenses": {
				"ac": {
					"std": 28
				},
				"savingThrows": {
					"fort": {
						"std": 20
					},
					"ref": {
						"std": 17
					},
					"will": {
						"std": 17
					}
				},
				"hp": [
					{
						"hp": 170,
						"abilities": null
					}
				]
			}
		},
		{
			"name": "Great Grodair",
			"isNpc": false,
			"source": "SoT2",
			"page": 59,
			"level": 7,
			"traits": [
				"unique",
				"cn",
				"large",
				"amphibious",
				"beast",
				"fey",
				"water"
			],
			"perception": {
				"std": 16
			},
			"senses": [
				{
					"name": "darkvision"
				}
			],
			"languages": {
				"languages": [
					"aquan",
					"common",
					"sylvan"
				]
			},
			"skills": {
				"athletics": {
					"std": 17
				},
				"intimidation": {
					"std": 15
				},
				"nature": {
					"std": 15
				},
				"performance": {
					"std": 17
				},
				"survival": {
					"std": 14
				}
			},
			"abilityMods": {
				"str": 5,
				"dex": 1,
				"con": 4,
				"int": 1,
				"wis": 2,
				"cha": 4
			},
			"speed": {
				"walk": 25,
				"swim": 50
			},
			"attacks": [
				{
					"range": "Melee",
					"name": "jaws",
					"attack": 18,
					"damage": "{@damage 2d10+9} piercing",
					"types": [
						"piercing"
					]
				},
				{
					"range": "Melee",
					"name": "tentacle",
					"attack": 18,
					"traits": [
						"reach <10 feet>"
					],
					"effects": [
						"Knockdown"
					],
					"damage": "{@damage 1d12+9} bludgeoning plus Knockdown",
					"types": [
						"bludgeoning"
					]
				},
				{
					"range": "Ranged",
					"name": "water jet",
					"attack": 16,
					"traits": [
						"range increment <60 feet>"
					],
					"damage": "{@damage 4d6} bludgeoning plus Push 10 feet",
					"types": [
						"bludgeoning"
					]
				}
			],
			"spellcasting": [
				{
					"name": "Primal Spontaneous",
					"type": "Spontaneous",
					"tradition": "primal",
					"DC": 25,
					"entry": {
						"5": {
							"spells": [
								{
									"name": "control water"
								}
							]
						}
					}
				}
			],
			"abilities": {
				"top": [
					{
						"entries": [
							"+17, {@skill Survival} +14 Str +5, Dex +1, Con +4, Int +1, Wis +2, Cha +4."
						],
						"name": "Performance"
					}
				],
				"mid": [
					{
						"traits": [
							"conjuration",
							"primal",
							"water"
						],
						"entries": [
							"When the great grodair dies, his body explodes in a blast of pressurized water that deals {@damage 6d6} bludgeoning damage to creatures within a 15-foot emanation (DC 25 basic Reflex save). A creature that fails its save is pushed 5 feet (or 10 feet on a critical failure)."
						],
						"name": "Death Flood"
					}
				],
				"bot": [
					{
						"activity": {
							"number": 1,
							"unit": "action"
						},
						"traits": [
							"primal",
							"transmutation",
							"water"
						],
						"entries": [
							"The great grodair transforms all soil, sand, or similar sediment in a 10-foot emanation into mud for 1 round. This mud is {@quickref difficult terrain||3|terrain} for creatures other than grodairs."
						],
						"name": "Muddy Field"
					},
					{
						"activity": {
							"number": 1,
							"unit": "action"
						},
						"traits": [
							"conjuration",
							"manipulate",
							"primal",
							"water"
						],
						"entries": [
							"The great grodair causes water to pour from a magical sac on his spine, either a stream of water at a rate of 1 gallon per round, or a fountain in a 5-foot-long stream at a rate of 5 gallons per round. He can stop the flow of water as a single action."
						],
						"name": "Organ of Endless Water"
					}
				]
			},
			"defenses": {
				"ac": {
					"std": 23
				},
				"savingThrows": {
					"fort": {
						"std": 18
					},
					"ref": {
						"std": 12
					},
					"will": {
						"std": 14
					}
				},
				"hp": [
					{
						"hp": 130,
						"abilities": null
					}
				]
			}
		},
		{
			"name": "Grippli Jinxer",
			"isNpc": false,
			"source": "SoT2",
			"page": 83,
			"level": 6,
			"traits": [
				"ne",
				"small",
				"grippli",
				"humanoid"
			],
			"perception": {
				"std": 16
			},
			"senses": [
				{
					"name": "darkvision"
				}
			],
			"languages": {
				"languages": [
					"common",
					"grippli"
				]
			},
			"skills": {
				"acrobatics": {
					"std": 14
				},
				"athletics": {
					"std": 12
				},
				"intimidation": {
					"std": 12
				},
				"nature": {
					"std": 14
				},
				"occultism": {
					"std": 10
				},
				"stealth": {
					"std": 14
				}
			},
			"abilityMods": {
				"str": 2,
				"dex": 4,
				"con": 2,
				"int": 0,
				"wis": 4,
				"cha": 0
			},
			"items": [
				"dart (8)",
				"staff"
			],
			"speed": {
				"abilities": [
					"jungle stride"
				],
				"walk": 25,
				"climb": 20
			},
			"attacks": [
				{
					"range": "Melee",
					"name": "staff",
					"attack": 14,
					"traits": [
						"two-hand <d8>"
					],
					"effects": [
						"baneback poison"
					],
					"damage": "{@damage 1d4+6} bludgeoning plus baneback poison",
					"types": [
						"bludgeoning"
					]
				},
				{
					"range": "Ranged",
					"name": "dart",
					"attack": 16,
					"traits": [
						"agile",
						"thrown <20 feet>"
					],
					"effects": [
						"baneback poison"
					],
					"damage": "{@damage 1d4+6} piercing plus baneback poison",
					"types": [
						"piercing"
					]
				}
			],
			"spellcasting": [
				{
					"name": "Occult Spontaneous",
					"type": "Spontaneous",
					"tradition": "occult",
					"DC": 24,
					"attack": 16,
					"entry": {
						"0": {
							"level": 3,
							"spells": [
								{
									"name": "chill touch"
								},
								{
									"name": "forbidding ward"
								},
								{
									"name": "know direction"
								},
								{
									"name": "shield"
								},
								{
									"name": "telekinetic projectile"
								}
							]
						},
						"1": {
							"slots": 3,
							"spells": [
								{
									"name": "bane"
								},
								{
									"name": "ray of enfeeblement"
								},
								{
									"name": "spider sting"
								}
							]
						},
						"2": {
							"slots": 3,
							"spells": [
								{
									"name": "dispel magic"
								},
								{
									"name": "summon animal",
									"notes": [
										"giant cockroach",
										"giant fly",
										"or giant tick only"
									]
								},
								{
									"name": "vomit swarm",
									"notes": [
										"Advanced Player's Guide 227"
									]
								}
							]
						},
						"3": {
							"slots": 3,
							"spells": [
								{
									"name": "blindness"
								},
								{
									"name": "fear"
								},
								{
									"name": "paralyze"
								}
							]
						}
					}
				}
			],
			"abilities": {
				"top": [
					{
						"entries": [
							"+14 Str +2, Dex +4, Con +2, Int +0, Wis +4, Cha +0 Items dart (8), staff."
						],
						"name": "Stealth"
					}
				],
				"mid": [
					{
						"activity": {
							"number": 1,
							"unit": "reaction"
						},
						"trigger": "A {@condition hostile} creature targets the jinxer with a melee {@action Strike}",
						"entries": [
							"Tattoos on the jinxer's body swirl and shift in mesmerizing patterns. The creature must attempt a DC 22 Will save. Critical Success The creature is unaffected and is temporarily immune for 1 hour. Success The creature is unaffected and is temporarily immune for 1 minute. Failure The creature treats the jinxer as {@condition concealed} until the end of its turn. Critical Failure The creature treats the jinxer as {@condition hidden} until the end of its turn."
						],
						"name": "Hypnotic Tattoos"
					}
				],
				"bot": [
					{
						"traits": [
							"poison"
						],
						"entries": [
							"Saving Throw Fortitude DC 24"
						],
						"name": "Baneback Poison"
					},
					{
						"entries": [
							"6 rounds; Stage 1 {@damage 2d4} poison damage and {@condition stupefied|CRB|stupefied 1} (1 round); Stage 2 {@damage 3d4} poison damage and {@condition stupefied|CRB|stupefied 2} (1 round); Stage 3 {@damage 4d4} poison damage, {@condition stupefied|CRB|stupefied 3}, and {@condition flat-footed} (1 round)"
						],
						"name": "Maximum Duration"
					},
					{
						"activity": {
							"number": 3,
							"unit": "action"
						},
						"traits": [
							"necromancy",
							"occult"
						],
						"entries": [
							"The jinxer magically intensifies toxins in their foes. Creatures within 30 feet of the jinxer that are currently afflicted by a poison immediately attempt their next saving throw against the poison with a \u20132 status penalty, then are temporarily immune to Curse of Baleful Venom for 1 hour."
						],
						"name": "Curse of Baneful Venom"
					},
					{
						"entries": [
							"Gripplis ignore {@quickref difficult terrain||3|terrain} in forests and jungles."
						],
						"name": "Jungle Stride"
					}
				]
			},
			"defenses": {
				"ac": {
					"std": 23
				},
				"savingThrows": {
					"fort": {
						"std": 12
					},
					"ref": {
						"std": 14
					},
					"will": {
						"std": 16
					}
				},
				"hp": [
					{
						"hp": 95,
						"abilities": null
					}
				]
			}
		},
		{
			"name": "Grippli Skirmisher",
			"isNpc": false,
			"source": "SoT2",
			"page": 82,
			"level": 4,
			"traits": [
				"ne",
				"small",
				"grippli",
				"humanoid"
			],
			"perception": {
				"std": 12
			},
			"senses": [
				{
					"name": "darkvision"
				}
			],
			"languages": {
				"languages": [
					"common",
					"grippli"
				]
			},
			"skills": {
				"acrobatics": {
					"std": 12
				},
				"athletics": {
					"std": 10
				},
				"stealth": {
					"std": 12
				},
				"survival": {
					"std": 11
				},
				"thievery": {
					"std": 10
				}
			},
			"abilityMods": {
				"str": 2,
				"dex": 4,
				"con": 3,
				"int": 0,
				"wis": 3,
				"cha": -1
			},
			"items": [
				"composite shortbow (30 arrows)",
				"kukri",
				"leather armor",
				"thieves' tools"
			],
			"speed": {
				"abilities": [
					"jungle stride"
				],
				"walk": 25,
				"climb": 20
			},
			"attacks": [
				{
					"range": "Melee",
					"name": "kukri",
					"attack": 14,
					"traits": [
						"agile",
						"finesse",
						"trip"
					],
					"effects": [
						"baneback poison"
					],
					"damage": "{@damage 1d6+4} slashing plus baneback poison",
					"types": [
						"slashing"
					]
				},
				{
					"range": "Ranged",
					"name": "composite shortbow",
					"attack": 14,
					"traits": [
						"deadly <d10>",
						"propulsive",
						"range increment <60 feet>",
						"reload <0>"
					],
					"effects": [
						"baneback poison"
					],
					"damage": "{@damage 1d6+3} piercing plus baneback poison",
					"types": [
						"piercing"
					]
				}
			],
			"abilities": {
				"top": [
					{
						"entries": [
							"When the skirmisher uses the {@action Step} action they ignore {@quickref difficult terrain||3|terrain} and may move up to 10 feet instead of 5 feet."
						],
						"name": "Springing Step"
					}
				],
				"mid": [
					{
						"activity": {
							"number": 1,
							"unit": "reaction"
						},
						"trigger": "A creature misses the skirmisher with a melee {@action Strike}",
						"entries": [
							"The skirmisher quickly takes advantage of the attacker's error and {@action Step||Steps}."
						],
						"name": "Hopping Dodge"
					}
				],
				"bot": [
					{
						"type": "affliction",
						"name": "Baneback Poison",
						"traits": [
							"poison"
						],
						"DC": 21,
						"savingThrow": "Fortitude",
						"maxDuration": "6 rounds",
						"stages": [
							{
								"stage": 1,
								"entry": "{@damage 1d4} poison damage and {@condition stupefied|CRB|stupefied 1}",
								"duration": "1 round"
							},
							{
								"stage": 2,
								"entry": "{@damage 2d4} poison damage and {@condition stupefied|CRB|stupefied 2}",
								"duration": "1 round"
							},
							{
								"stage": 3,
								"entry": "{@damage 2d4} poison damage, {@condition stupefied|CRB|stupefied 3}, and {@condition flat-footed}",
								"duration": "1 round"
							}
						]
					},
					{
						"entries": [
							"Gripplis ignore {@quickref difficult terrain||3|terrain} in forests and jungles."
						],
						"name": "Jungle Stride"
					},
					{
						"entries": [
							"The skirmisher deals an extra {@damage 1d6} precision damage to {@condition flat-footed} creatures and creatures afflicted by a poison."
						],
						"name": "Wily Attack"
					}
				]
			},
			"defenses": {
				"ac": {
					"std": 22
				},
				"savingThrows": {
					"fort": {
						"std": 11
					},
					"ref": {
						"std": 14
					},
					"will": {
						"std": 9
					}
				},
				"hp": [
					{
						"hp": 60,
						"abilities": null
					}
				]
			}
		},
		{
			"name": "I'iko Dragon",
			"isNpc": false,
			"source": "SoT2",
			"page": 84,
			"level": 6,
			"traits": [
				"uncommon",
				"cn",
				"small",
				"amphibious",
				"dragon"
			],
			"perception": {
				"std": 12
			},
			"senses": [
				{
					"name": "darkvision"
				},
				{
					"type": "imprecise",
					"name": "scent",
					"range": 30
				}
			],
			"languages": {
				"languages": [
					"common",
					"draconic"
				]
			},
			"skills": {
				"acrobatics": {
					"std": 13
				},
				"athletics": {
					"std": 14
				},
				"intimidation": {
					"std": 14
				},
				"stealth": {
					"std": 15
				},
				"thievery": {
					"std": 13
				}
			},
			"abilityMods": {
				"str": 4,
				"dex": 5,
				"con": 2,
				"int": 0,
				"wis": 2,
				"cha": 4
			},
			"speed": {
				"walk": 30,
				"climb": 30,
				"fly": 60,
				"swim": 30
			},
			"attacks": [
				{
					"range": "Melee",
					"name": "jaws",
					"attack": 16,
					"damage": "{@damage 2d10+6} piercing",
					"types": [
						"piercing"
					]
				},
				{
					"range": "Melee",
					"name": "claw",
					"attack": 17,
					"traits": [
						"agile",
						"finesse"
					],
					"damage": "{@damage 2d6+6} slashing",
					"types": [
						"slashing"
					]
				}
			],
			"abilities": {
				"bot": [
					{
						"activity": {
							"number": 1,
							"unit": "action"
						},
						"traits": [
							"arcane",
							"evocation"
						],
						"entries": [
							"The i'iko dragon breathes a spray of jagged glass shards that deals {@damage 7d6} piercing damage in a 15-foot cone (DC 23 basic Reflex save). They can't use Breath Weapon again for {@dice 1d4} rounds."
						],
						"name": "Breath Weapon"
					},
					{
						"activity": {
							"number": 1,
							"unit": "action"
						},
						"traits": [
							"attack"
						],
						"entries": [
							"The i'iko dragon attempts to capsize an aquatic vessel of Medium size or smaller that they're on or adjacent to. They must succeed at an {@skill Athletics} check with a DC of 25 or the pilot's {@skill Lore||Sailing Lore} DC, whichever is higher."
						],
						"name": "Cunning Capsize"
					},
					{
						"activity": {
							"number": 1,
							"unit": "action"
						},
						"traits": [
							"emotion",
							"fear",
							"mental"
						],
						"entries": [
							"The i'iko dragon spreads their wings, bares their teeth, and threatens their opponent in a terrifying display of draconic majesty. All creatures within 30 feet must attempt a DC 24 Will save. Regardless of the result of the saving throw, the creatures are temporarily immune."
						],
						"name": "Draconic Grandeur"
					},
					{
						"entries": [
							"Grandeur for 1 minute.",
							{
								"type": "successDegree",
								"entries": {
									"Critical Success": "The creature is unaffected.",
									"Success": "The creature is {@condition frightened|CRB|frightened 1}.",
									"Failure": "The creature is {@condition frightened|CRB|frightened 2}.",
									"Critical Failure": "The creature is {@condition frightened|CRB|frightened 4}."
								}
							}
						],
						"name": "to Draconic"
					},
					{
						"activity": {
							"number": 2,
							"unit": "action"
						},
						"traits": [
							"move"
						],
						"entries": [
							"The i'iko dragon Flies up to their fly Speed, descending at least 10 feet, and then makes a jaws {@action Strike}. If the jaws {@action Strike} hits and the target is Medium or smaller, the target is knocked {@condition prone}."
						],
						"name": "Tackle"
					}
				]
			},
			"defenses": {
				"ac": {
					"std": 23
				},
				"savingThrows": {
					"fort": {
						"std": 14
					},
					"ref": {
						"std": 17
					},
					"will": {
						"std": 10
					}
				},
				"hp": [
					{
						"hp": 110,
						"abilities": null
					}
				]
			}
		},
		{
			"name": "Kiru",
			"isNpc": false,
			"source": "SoT2",
			"page": 27,
			"level": 3,
			"traits": [
				"unique",
				"ce",
				"medium",
				"elf",
				"humanoid"
			],
			"perception": {
				"std": 9
			},
			"senses": [
				{
					"name": "low-light vision"
				}
			],
			"languages": {
				"languages": [
					"common",
					"elven"
				]
			},
			"skills": {
				"acrobatics": {
					"std": 9
				},
				"intimidation": {
					"std": 9
				},
				"stealth": {
					"std": 9
				},
				"thievery": {
					"std": 11
				},
				"underworld lore": {
					"std": 8
				}
			},
			"abilityMods": {
				"str": 1,
				"dex": 4,
				"con": 0,
				"int": 1,
				"wis": 2,
				"cha": 2
			},
			"items": [
				"dagger (6)",
				"studded leather armor",
				"thieves' tools"
			],
			"speed": {
				"walk": 30
			},
			"attacks": [
				{
					"range": "Melee",
					"name": "dagger",
					"attack": 12,
					"traits": [
						"agile",
						"finesse",
						"versatile <s>"
					],
					"effects": [
						"knife jab"
					],
					"damage": "{@damage 1d4+4} piercing plus knife jab",
					"types": [
						"piercing"
					]
				},
				{
					"range": "Ranged",
					"name": "dagger",
					"attack": 12,
					"traits": [
						"agile",
						"thrown <10 feet>",
						"versatile <s>"
					],
					"effects": [
						"knife jab"
					],
					"damage": "{@damage 1d4+4} piercing plus knife jab",
					"types": [
						"piercing"
					]
				}
			],
			"abilities": {
				"top": [
					{
						"entries": [
							"+11, {@skill Lore||Underworld Lore} +8 Str +1, Dex +4, Con +0, Int +1, Wis +2, Cha +2 Items dagger (6), studded leather armor, thieves' tools."
						],
						"name": "Thievery"
					}
				],
				"bot": [
					{
						"entries": [
							"Creatures hit by Kiru's dagger {@action Strike} must succeed at a DC 20 Fortitude save or become {@condition clumsy|CRB|clumsy 1} for 1 round (1 minute on a critical failure). If Kiru's {@action Strike} is a critical hit, the DC increases to 25."
						],
						"name": "Knife Jab"
					},
					{
						"entries": [
							"Attack Kiru deals an extra {@damage 1d6} precision damage to {@condition flat-footed} creatures."
						],
						"name": "Sneak"
					},
					{
						"entries": [
							"On the first round of combat, creatures that haven't acted yet are {@condition flat-footed} to Kiru."
						],
						"name": "Surprise Attack"
					}
				]
			},
			"defenses": {
				"ac": {
					"std": 20
				},
				"savingThrows": {
					"fort": {
						"std": 7
					},
					"ref": {
						"std": 11
					},
					"will": {
						"std": 9
					}
				},
				"hp": [
					{
						"hp": 45,
						"abilities": null
					}
				]
			}
		},
		{
			"name": "Kolbo",
			"isNpc": false,
			"source": "SoT2",
			"page": 49,
			"level": 6,
			"traits": [
				"unique",
				"ne",
				"medium",
				"dwarf",
				"humanoid"
			],
			"perception": {
				"std": 12
			},
			"senses": [
				{
					"name": "darkvision"
				}
			],
			"languages": {
				"languages": [
					"common",
					"draconic",
					"dwarven",
					"jotun"
				]
			},
			"skills": {
				"athletics": {
					"std": 14
				},
				"deception": {
					"std": 15
				},
				"intimidation": {
					"std": 13
				},
				"society": {
					"std": 12
				},
				"thievery": {
					"std": 14
				}
			},
			"abilityMods": {
				"str": 4,
				"dex": 2,
				"con": 4,
				"int": 2,
				"wis": 1,
				"cha": 3
			},
			"speed": {
				"walk": 20
			},
			"attacks": [
				{
					"range": "Melee",
					"name": "longsword",
					"attack": 17,
					"traits": [
						"versatile <p>"
					],
					"damage": "{@damage 1d8+6} slashing",
					"types": [
						"slashing"
					]
				},
				{
					"range": "Melee",
					"name": "heavy crossbow",
					"attack": 15,
					"traits": [
						"range increment <60 feet>",
						"reload <1>"
					],
					"damage": "{@damage 1d10} piercing",
					"types": [
						"piercing"
					]
				}
			],
			"abilities": {
				"top": [
					{
						"entries": [
							"+12, {@skill Thievery} +14 Str +4, Dex +2, Con +4, Int +2, Wis +1, Cha +3 Items heavy crossbow (10 bolts), lesser elixir of life, leather armor, longsword, strongbox key, thieves' tools."
						],
						"name": "Society"
					},
					{
						"entries": [
							"If Kolbo is aware of his opponents and isn't prevented from speaking, he rolls {@skill Deception} for initiative."
						],
						"name": "A Quick Word"
					}
				],
				"mid": [
					{
						"entries": [
							"Advantage Kolbo isn't {@condition flat-footed} to creatures of 6th level or lower that are {@condition hidden}, {@condition undetected}, flanking, or using surprise attack."
						],
						"name": "Deny"
					}
				],
				"bot": [
					{
						"activity": {
							"number": 1,
							"unit": "reaction"
						},
						"requirements": "Kolbo successfully {@action Feint||Feints} an opponent",
						"entries": [
							"The foe is knocked {@condition prone}."
						],
						"name": "Low Blow"
					},
					{
						"entries": [
							"Attack Kolbo deals an extra {@damage 2d6} precision damage to {@condition flat-footed} creatures."
						],
						"name": "Sneak"
					}
				]
			},
			"defenses": {
				"ac": {
					"std": 24
				},
				"savingThrows": {
					"fort": {
						"std": 16
					},
					"ref": {
						"std": 14
					},
					"will": {
						"std": 13
					}
				},
				"hp": [
					{
						"hp": 115,
						"abilities": null
					}
				]
			}
		},
		{
			"name": "Kreekoss",
			"isNpc": false,
			"source": "SoT2",
			"page": 53,
			"level": 6,
			"traits": [
				"unique",
				"ne",
				"large",
				"beast",
				"fiend"
			],
			"perception": {
				"std": 15
			},
			"senses": [
				{
					"name": "low-light vision"
				}
			],
			"languages": {
				"languages": [
					"auran",
					"common",
					"sylvan (can't speak any"
				]
			},
			"skills": {
				"acrobatics": {
					"std": 15
				},
				"athletics": {
					"std": 12
				}
			},
			"abilityMods": {
				"str": 4,
				"dex": 5,
				"con": 2,
				"int": 0,
				"wis": 3,
				"cha": 1
			},
			"speed": {
				"walk": 10,
				"fly": 60
			},
			"attacks": [
				{
					"range": "Melee",
					"name": "beak",
					"attack": 17,
					"damage": "{@damage 2d10+8} piercing",
					"types": [
						"piercing"
					]
				},
				{
					"range": "Melee",
					"name": "talon",
					"attack": 17,
					"traits": [
						"agile"
					],
					"damage": "{@damage 2d6+8} slashing plus",
					"types": [
						"slashing"
					]
				}
			],
			"abilities": {
				"mid": [
					{
						"entries": [
							"When Kreekoss rolls a success on a Reflex save, he gets a critical success instead."
						],
						"name": "Evasion"
					}
				],
				"bot": [
					{
						"entries": [],
						"name": "Grab",
						"generic": {
							"tag": "ability"
						}
					},
					{
						"activity": {
							"number": 1,
							"unit": "action"
						},
						"entries": [
							"Kreekoss Flies up to double his fly Speed in a straight line, descending at least 10 feet, and then makes a talon {@action Strike}.",
							"Snatch Kreekoss can {@action Fly} at half Speed while he has a creature {@condition grabbed} or {@condition restrained} in his talons, carrying that creature along with it."
						],
						"name": "Eagle Dive"
					}
				]
			},
			"defenses": {
				"ac": {
					"std": 24
				},
				"savingThrows": {
					"fort": {
						"std": 11
					},
					"ref": {
						"std": 16
					},
					"will": {
						"std": 14
					}
				},
				"hp": [
					{
						"hp": 95,
						"abilities": null
					}
				],
				"weaknesses": [
					{
						"amount": 3,
						"name": "good"
					}
				],
				"resistances": [
					{
						"amount": 6,
						"name": "fire"
					}
				]
			}
		},
		{
			"name": "Loakan",
			"isNpc": false,
			"source": "SoT2",
			"page": 28,
			"level": 6,
			"traits": [
				"unique",
				"ne",
				"medium",
				"humanoid",
				"lizardfolk"
			],
			"perception": {
				"std": 13
			},
			"languages": {
				"languages": [
					"common",
					"draconic",
					"iruxi"
				]
			},
			"skills": {
				"acrobatics": {
					"std": 12
				},
				"athletics": {
					"std": 14
				},
				"thievery": {
					"std": 12
				},
				"cooking lore": {
					"std": 10
				}
			},
			"abilityMods": {
				"str": 4,
				"dex": 4,
				"con": 1,
				"int": 0,
				"wis": 3,
				"cha": 0
			},
			"items": [
				"+1 greatclub",
				"recipe books"
			],
			"speed": {
				"walk": 25,
				"swim": 15
			},
			"attacks": [
				{
					"range": "Melee",
					"name": "greatclub",
					"attack": 17,
					"traits": [
						"backswing",
						"magical",
						"shove"
					],
					"damage": "{@damage 1d10+6} bludgeoning",
					"types": [
						"bludgeoning"
					]
				},
				{
					"range": "Melee",
					"name": "tail (agile)",
					"attack": 16,
					"damage": "{@damage 1d8+6} bludgeoning",
					"types": [
						"bludgeoning"
					]
				},
				{
					"range": "Melee",
					"name": "jaws",
					"attack": 16,
					"damage": "{@damage 1d6+6} piercing",
					"types": [
						"piercing"
					]
				},
				{
					"range": "Ranged",
					"name": "book",
					"attack": 16,
					"traits": [
						"range increment <10 feet>"
					],
					"damage": "{@damage 1d4+6} bludgeoning",
					"types": [
						"bludgeoning"
					]
				}
			],
			"abilities": {
				"top": [
					{
						"entries": [
							"+12 Str +4, Dex +4, Con +1, Int +0, Wis +3, Cha +0 Items +1 greatclub, recipe books."
						],
						"name": "Thievery"
					}
				],
				"bot": [
					{
						"activity": {
							"number": 2,
							"unit": "action"
						},
						"entries": [
							"Loakan makes a greatclub {@action Strike} and two tail {@action Strike||Strikes} against the same creature. If the greatclub {@action Strike} hits, the target is {@condition flat-footed} against both tail {@action Strike||Strikes}."
						],
						"name": "Battering Tail"
					},
					{
						"entries": [
							"Breath Loakan can hold her breath for 200 rounds (20 minutes)."
						],
						"name": "Deep"
					}
				]
			},
			"defenses": {
				"ac": {
					"std": 23
				},
				"savingThrows": {
					"fort": {
						"std": 11
					},
					"ref": {
						"std": 14
					},
					"will": {
						"std": 13
					}
				},
				"hp": [
					{
						"hp": 100,
						"abilities": null
					}
				]
			}
		},
		{
			"name": "Mashkudu The Bully",
			"isNpc": false,
			"source": "SoT2",
			"page": 27,
			"level": 5,
			"traits": [
				"unique",
				"ce",
				"medium",
				"human",
				"humanoid"
			],
			"perception": {
				"std": 13
			},
			"languages": {
				"languages": [
					"common"
				]
			},
			"skills": {
				"athletics": {
					"std": 13
				},
				"deception": {
					"std": 9
				},
				"intimidation": {
					"std": 11
				},
				"stealth": {
					"std": 11
				},
				"thievery": {
					"std": 13
				}
			},
			"abilityMods": {
				"str": 4,
				"dex": 4,
				"con": 2,
				"int": 0,
				"wis": 4,
				"cha": 0
			},
			"speed": {
				"walk": 25
			},
			"attacks": [
				{
					"range": "Melee",
					"name": "longsword",
					"attack": 15,
					"traits": [
						"versatile <p>"
					],
					"damage": "{@damage 1d8+6} slashing",
					"types": [
						"slashing"
					]
				},
				{
					"range": "Ranged",
					"name": "hand crossbow",
					"attack": 15,
					"traits": [
						"range increment <60 feet>",
						"reload <1>"
					],
					"damage": "{@damage 1d6} piercing",
					"types": [
						"piercing"
					]
				}
			],
			"abilities": {
				"top": [
					{
						"entries": [
							"+11, {@skill Thievery} +13 Str +4, Dex +4, Con +2, Int +0, Wis +4, Cha +0 Items hand crossbow (10 bolts), leather armor, longsword, thieves' tools."
						],
						"name": "Stealth"
					}
				],
				"bot": [
					{
						"activity": {
							"number": 1,
							"unit": "reaction"
						},
						"trigger": "Mashkudu Shoves",
						"entries": [],
						"name": "Opportunistic Maneuver"
					},
					{
						"entries": [
							"Disarms a creature; Mashkudu attempts a {@skill Thievery} check to {@action Steal} an object the target carries."
						],
						"name": "Trips, or"
					},
					{
						"entries": [
							"Mashkudu deals an extra {@damage 1d6} precision damage to {@condition flat-footed} creatures."
						],
						"name": "Sneak Attack",
						"generic": {
							"tag": "ability"
						}
					},
					{
						"entries": [
							"On the first round of combat, creatures that haven't acted yet are {@condition flat-footed} to Mashkudu."
						],
						"name": "Surprise Attack"
					}
				]
			},
			"defenses": {
				"ac": {
					"std": 22
				},
				"savingThrows": {
					"fort": {
						"std": 12
					},
					"ref": {
						"std": 14
					},
					"will": {
						"std": 11
					}
				},
				"hp": [
					{
						"hp": 75,
						"abilities": null
					}
				]
			}
		},
		{
			"name": "Mpeshi",
			"isNpc": false,
			"source": "SoT2",
			"page": 85,
			"level": 6,
			"traits": [
				"rare",
				"n",
				"large",
				"beast",
				"electricity"
			],
			"perception": {
				"std": 14
			},
			"senses": [
				{
					"name": "darkvision"
				}
			],
			"skills": {
				"athletics": {
					"std": 16
				},
				"nature": {
					"std": 14
				},
				"stealth": {
					"std": 12
				}
			},
			"abilityMods": {
				"str": 6,
				"dex": 2,
				"con": 4,
				"int": -2,
				"wis": 4,
				"cha": 0
			},
			"speed": {
				"abilities": [
					"cloud walk"
				],
				"walk": 30
			},
			"attacks": [
				{
					"range": "Melee",
					"name": "horn",
					"attack": 17,
					"traits": [
						"electricity",
						"reach <10 feet>",
						"versatile <p>"
					],
					"damage": "{@damage 2d6+8} bludgeoning plus {@damage 1d6} electricity",
					"types": [
						"bludgeoning",
						"electricity"
					]
				},
				{
					"range": "Melee",
					"name": "tail",
					"attack": 17,
					"traits": [
						"agile",
						"reach <15 feet>"
					],
					"damage": "{@damage 2d6+8} bludgeoning",
					"types": [
						"bludgeoning"
					]
				}
			],
			"abilities": {
				"mid": [
					{
						"traits": [
							"aura",
							"electricity"
						],
						"entries": [
							"5 feet. A buzzing static electricity surrounds the mpeshi. When a creature within the aura takes electricity damage, the damage arcs to a random adjacent creature, dealing {@damage 1d6} electricity damage. A creature can only receive arcing damage once from each attack or effect."
						],
						"name": "Lightning Aura"
					},
					{
						"activity": {
							"number": 1,
							"unit": "reaction"
						},
						"trigger": "The mpeshi falls at least 10 feet",
						"entries": [
							"The mpeshi reorients itself to slam headfirst into the ground with a thundering crash. Creatures within 10 feet of the mpeshi take sonic damage equal to the bludgeoning damage the mpeshi took from the fall (DC 23 basic Fortitude save). Creatures that fail this save are {@condition stunned|CRB|stunned 1} ({@condition stunned|CRB|stunned 2} on a critical failure)."
						],
						"name": "Thunderous Fall"
					}
				],
				"bot": [
					{
						"activity": {
							"number": 2,
							"unit": "action"
						},
						"entries": [
							"The mpeshi leaps up to 40 feet in any direction, including straight up. The mpeshi makes a horn {@action Strike} at any point during this leap."
						],
						"name": "Charging Leap"
					},
					{
						"entries": [
							"The mpeshi can tread on clouds or fog as though on solid ground."
						],
						"name": "Cloud Walk"
					}
				]
			},
			"defenses": {
				"ac": {
					"std": 24
				},
				"savingThrows": {
					"fort": {
						"std": 16
					},
					"ref": {
						"std": 12
					},
					"will": {
						"std": 14
					}
				},
				"hp": [
					{
						"hp": 110,
						"abilities": null
					}
				],
				"immunities": [
					"electricity"
				],
				"resistances": [
					{
						"amount": 10,
						"name": "sonic"
					}
				]
			}
		},
		{
			"name": "Mutated Sewer Ooze",
			"isNpc": false,
			"source": "SoT2",
			"page": 37,
			"level": 6,
			"traits": [
				"unique",
				"n",
				"large",
				"mindless",
				"mutant",
				"ooze"
			],
			"perception": {
				"std": 10
			},
			"senses": [
				{
					"name": "motion sense",
					"range": 60
				},
				{
					"name": "no vision"
				}
			],
			"skills": {
				"stealth": {
					"std": 9,
					"in sewers": 12
				}
			},
			"abilityMods": {
				"str": 5,
				"dex": -2,
				"con": 4,
				"int": -5,
				"wis": 0,
				"cha": -5
			},
			"speed": {
				"walk": 10
			},
			"attacks": [
				{
					"range": "Melee",
					"name": "pseudopod",
					"attack": 17,
					"traits": [
						"agile",
						"deadly <d10>",
						"finesse",
						"versatile <s>"
					],
					"damage": "{@damage 2d8+5} bludgeoning plus {@damage 1d4} acid and {@damage 1d4} {@condition persistent damage ||persistent acid}",
					"types": [
						"acid",
						"bludgeoning",
						"persistent"
					]
				}
			],
			"abilities": {
				"top": [
					{
						"entries": [
							"A sewer ooze can sense nearby motion through vibration and air movements."
						],
						"name": "Motion Sense"
					}
				],
				"mid": [
					{
						"traits": [
							"aura",
							"olfactory"
						],
						"entries": [
							"30 feet. A creature that enters the area must attempt a DC 23 Fortitude save.",
							"On a failure, the creature is {@condition sickened|CRB|sickened 1} ({@condition sickened|CRB|sickened 2} on a critical failure). A creature taking {@condition persistent damage ||persistent acid damage} from the ooze's pseudopod can't recover from the {@condition sickened} condition. A creature that succeeds at its save is temporarily immune for 1 minute."
						],
						"name": "Noxious Scent"
					}
				],
				"bot": [
					{
						"activity": {
							"number": 1,
							"unit": "action"
						},
						"frequency": {
							"unit": "minute",
							"freq": 1
						},
						"entries": [
							"The sewer ooze unleashes a wave of filth, covering all creatures within a 20-foot emanation. Each creature in the area must succeed at a DC 24 Reflex save or take {@damage 1d4} acid damage and a \u201310-foot penalty to its Speeds for 1 minute (on a critical failure, the creature also falls {@condition prone}). A creature can spend an {@action Interact} action to clean someone off, decreasing."
						],
						"name": "Filth Wave"
					},
					{
						"entries": [
							"Speed penalty by 5 feet with each action."
						],
						"name": "the"
					}
				]
			},
			"defenses": {
				"ac": {
					"std": 16
				},
				"savingThrows": {
					"fort": {
						"std": 16
					},
					"ref": {
						"std": 8
					},
					"will": {
						"std": 10
					}
				},
				"hp": [
					{
						"hp": 45,
						"abilities": null
					}
				],
				"immunities": [
					"acid",
					"mental",
					"precision",
					"critical hits"
				]
			}
		},
		{
			"name": "Old Thrasher",
			"isNpc": false,
			"source": "SoT2",
			"page": 40,
			"level": 8,
			"traits": [
				"unique",
				"n",
				"large",
				"animal"
			],
			"perception": {
				"std": 16
			},
			"senses": [
				{
					"name": "low-light vision"
				}
			],
			"skills": {
				"athletics": {
					"std": 18
				},
				"stealth": {
					"std": 16,
					"in water": 20
				}
			},
			"abilityMods": {
				"str": 6,
				"dex": 2,
				"con": 4,
				"int": -5,
				"wis": 3,
				"cha": -2
			},
			"speed": {
				"walk": 20,
				"swim": 25
			},
			"attacks": [
				{
					"range": "Melee",
					"name": "jaws",
					"attack": 20,
					"effects": [
						"Grab"
					],
					"damage": "{@damage 2d10+8} piercing plus Grab",
					"types": [
						"piercing"
					]
				},
				{
					"range": "Melee",
					"name": "tail",
					"attack": 20,
					"traits": [
						"agile",
						"reach <10 feet>"
					],
					"damage": "{@damage 2d6+8} bludgeoning",
					"types": [
						"bludgeoning"
					]
				}
			],
			"abilities": {
				"bot": [
					{
						"activity": {
							"number": 1,
							"unit": "action"
						},
						"traits": [
							"attack"
						],
						"requirements": "Old Thrasher must have a creature {@condition grabbed}",
						"entries": [
							"Old Thrasher tucks its legs and rolls rapidly, twisting its victim. It makes a jaws {@action Strike} with a +2 circumstance bonus to the attack roll against the {@condition grabbed} creature. If it hits, it also knocks the creature {@condition prone}. If it fails, it releases the creature."
						],
						"name": "Death Roll"
					},
					{
						"entries": [
							"Thrasher can hold its breath for about 4 hours."
						],
						"name": "Deep Breath Old"
					},
					{
						"activity": {
							"number": 1,
							"unit": "action"
						},
						"requirements": "Old Thrasher must have a creature {@condition grabbed}",
						"entries": [
							"Old Thrasher Swims, bringing its victim along with it."
						],
						"name": "Into the Deep"
					},
					{
						"activity": {
							"number": 2,
							"unit": "action"
						},
						"entries": [
							"Old Thrasher makes up to three tail {@action Strike||Strikes} against different targets. Any target hit must succeed at a DC 25 Fortitude save (DC 30 on a critical hit) or be knocked {@condition prone}."
						],
						"name": "Thunderous Tail"
					}
				]
			},
			"defenses": {
				"ac": {
					"std": 26
				},
				"savingThrows": {
					"fort": {
						"std": 18
					},
					"ref": {
						"std": 16
					},
					"will": {
						"std": 15
					}
				},
				"hp": [
					{
						"hp": 140,
						"abilities": null
					}
				]
			}
		},
		{
			"name": "Reth",
			"isNpc": false,
			"source": "SoT2",
			"page": 29,
			"level": 7,
			"traits": [
				"unique",
				"ne",
				"medium",
				"humanoid",
				"lizardfolk"
			],
			"perception": {
				"std": 13
			},
			"languages": {
				"languages": [
					"common",
					"draconic",
					"iruxi"
				]
			},
			"skills": {
				"acrobatics": {
					"std": 15
				},
				"intimidation": {
					"std": 15
				},
				"society": {
					"std": 12
				},
				"stealth": {
					"std": 15
				},
				"survival": {
					"std": 13
				},
				"thievery": {
					"std": 15
				}
			},
			"abilityMods": {
				"str": 3,
				"dex": 4,
				"con": 1,
				"int": 1,
				"wis": 2,
				"cha": 2
			},
			"speed": {
				"walk": 25,
				"swim": 15
			},
			"attacks": [
				{
					"range": "Melee",
					"name": "jaws",
					"attack": 16,
					"damage": "{@damage 1d6+5} piercing",
					"types": [
						"piercing"
					]
				},
				{
					"range": "Melee",
					"name": "tail (agile)",
					"attack": 16,
					"damage": "{@damage 1d4+5} bludgeoning",
					"types": [
						"bludgeoning"
					]
				},
				{
					"range": "Ranged",
					"name": "hand crossbow",
					"attack": 16,
					"traits": [
						"magical",
						"range increment <60 feet>",
						"reload <1>"
					],
					"damage": "{@damage 1d6+2} piercing plus {@damage 3d8} precision",
					"types": [
						"piercing",
						"precision"
					]
				}
			],
			"abilities": {
				"top": [
					{
						"entries": [
							"+15, {@skill Survival} +13, {@skill Thievery} +15 Str +3, Dex +4, Con +1, Int +1, Wis +2, Cha +2 Items +1 hand crossbow (10 bolts), keyring, leather armor, thieves' tools."
						],
						"name": "Stealth"
					}
				],
				"bot": [
					{
						"activity": {
							"number": 1,
							"unit": "action"
						},
						"traits": [
							"stance"
						],
						"requirements": "Reth is wielding a crossbow",
						"entries": [
							"Reth gains a deadly focus with crossbows while in this stance. His crossbow {@action Strike||Strikes} deal an additional {@damage 3d8} precision damage. He doesn't provoke reactions for making ranged {@action Strike||Strikes} with crossbows."
						],
						"name": "Deadly Bolts"
					},
					{
						"entries": [
							"Breath Reth can hold his breath for 200 rounds (20 minutes)."
						],
						"name": "Deep"
					},
					{
						"activity": {
							"number": 1,
							"unit": "action"
						},
						"entries": [
							"Reth {@action Stride||Strides}, {@action Step||Steps}, or {@action Sneak||Sneaks}, then Interacts to reload."
						],
						"name": "Running Reload"
					},
					{
						"activity": {
							"number": 1,
							"unit": "action"
						},
						"traits": [
							"flourish"
						],
						"entries": [
							"Reth {@action Stride||Strides} or {@action Step||Steps}, then {@action Strike||Strikes} with his hand crossbow."
						],
						"name": "Skirmishing Shot"
					}
				]
			},
			"defenses": {
				"ac": {
					"std": 25
				},
				"savingThrows": {
					"fort": {
						"std": 14
					},
					"ref": {
						"std": 17
					},
					"will": {
						"std": 11
					}
				},
				"hp": [
					{
						"hp": 115,
						"abilities": null
					}
				]
			}
		},
		{
			"name": "Salathiss",
			"isNpc": false,
			"source": "SoT2",
			"page": 93,
			"level": 9,
			"traits": [
				"unique",
				"ne",
				"medium",
				"humanoid",
				"mutant",
				"serpentfolk"
			],
			"perception": {
				"std": 19
			},
			"senses": [
				{
					"name": "darkvision"
				},
				{
					"type": "imprecise",
					"name": "scent",
					"range": 30
				}
			],
			"languages": {
				"languages": [
					"aklo",
					"common",
					"draconic",
					"undercommon"
				]
			},
			"skills": {
				"arcana": {
					"std": 18
				},
				"deception": {
					"std": 21
				},
				"diplomacy": {
					"std": 19
				},
				"intimidation": {
					"std": 19
				},
				"occultism": {
					"std": 18
				},
				"society": {
					"std": 18
				},
				"stealth": {
					"std": 18
				}
			},
			"abilityMods": {
				"str": 4,
				"dex": 3,
				"con": 2,
				"int": 5,
				"wis": 4,
				"cha": 6
			},
			"speed": {
				"walk": 25
			},
			"attacks": [
				{
					"range": "Melee",
					"name": "fangs",
					"attack": 19,
					"effects": [
						"serpentfolk venom"
					],
					"damage": "{@damage 2d8+8} piercing plus serpentfolk venom",
					"types": [
						"piercing"
					]
				},
				{
					"range": "Melee",
					"name": "morphic weapon",
					"attack": 20,
					"traits": [
						"magical",
						"reach <10 feet>",
						"sweep",
						"versatile <p>"
					],
					"damage": "{@damage 3d10+8} slashing",
					"types": [
						"slashing"
					]
				}
			],
			"spellcasting": [
				{
					"name": "Arcane Prepared",
					"type": "Prepared",
					"tradition": "arcane",
					"DC": 28,
					"attack": 20,
					"entry": {
						"0": {
							"level": 5,
							"spells": [
								{
									"name": "dancing lights"
								},
								{
									"name": "daze"
								},
								{
									"name": "detect magic"
								},
								{
									"name": "ghost sound"
								},
								{
									"name": "telekinetic projectile"
								}
							]
						},
						"1": {
							"spells": [
								{
									"name": "fleet step"
								},
								{
									"name": "item facade"
								},
								{
									"name": "true strike"
								}
							]
						},
						"2": {
							"spells": [
								{
									"name": "darkness"
								},
								{
									"name": "hideous laughter"
								},
								{
									"name": "invisibility"
								}
							]
						},
						"3": {
							"spells": [
								{
									"name": "hypnotic pattern"
								},
								{
									"name": "magic missile"
								},
								{
									"name": "mind reading"
								}
							]
						},
						"4": {
							"spells": [
								{
									"name": "glibness"
								},
								{
									"name": "phantasmal killer"
								},
								{
									"name": "veil"
								}
							]
						},
						"5": {
							"spells": [
								{
									"name": "cloak of colors"
								},
								{
									"name": "passwall"
								}
							]
						}
					}
				},
				{
					"name": "Occult Innate",
					"type": "Innate",
					"tradition": "occult",
					"DC": 28,
					"entry": {
						"1": {
							"spells": [
								{
									"name": "ventriloquism",
									"amount": "at will"
								}
							]
						},
						"2": {
							"spells": [
								{
									"name": "mirror image",
									"amount": "at will"
								}
							]
						},
						"3": {
							"spells": [
								{
									"name": "illusory disguise",
									"amount": "at will"
								}
							]
						},
						"4": {
							"spells": [
								{
									"name": "suggestion"
								}
							]
						},
						"5": {
							"spells": [
								{
									"name": "command"
								},
								{
									"name": "illusory scene"
								}
							]
						}
					}
				}
			],
			"abilities": {
				"top": [
					{
						"entries": [
							"+19, {@skill Occultism} +18, {@skill Society} +18, {@skill Stealth} +18 Str +4, Dex +3, Con +2, Int +5, Wis +4, Cha +6 Items bracers of armor type I, choker of elocution (imparts Xanmba, a regional language spoken by many in Nantambu)"
						],
						"name": "Intimidation"
					}
				],
				"bot": [
					{
						"activity": {
							"number": 1,
							"unit": "action"
						},
						"traits": [
							"morph",
							"occult",
							"transmutation"
						],
						"entries": [
							"Salathiss transforms one of his hands into a tentacle with a blade at the end, allowing him to make morphic weapon {@action Strike||Strikes}. If he's disguised, whether by magical or mundane means, his disguise immediately ends. He can return his hand to normal with another use of this ability, but doing so doesn't restore his disguise."
						],
						"name": "Morphic Weapon"
					},
					{
						"traits": [
							"divination",
							"exploration",
							"fortune",
							"occult"
						],
						"entries": [
							"If Salathiss interacts with a creature for 10 minutes, he can choose to expertly duplicate that person. He can roll any {@skill Deception} check to {@action Impersonate} that person twice and take the higher result. This benefit lasts for 24 hours or until he uses this ability on a different creature."
						],
						"name": "Peerless Duplicate"
					},
					{
						"traits": [
							"poison"
						],
						"entries": [
							"Saving Throw DC 26 Fortitude"
						],
						"name": "Serpentfolk Venom"
					},
					{
						"entries": [
							"6 rounds; Stage 1 {@damage 2d4} poison damage and {@condition enfeebled|CRB|enfeebled 1} (1 round); Stage 2 {@damage 3d4} poison damage and {@condition enfeebled|CRB|enfeebled 2} (1 round)"
						],
						"name": "Maximum Duration"
					}
				]
			},
			"defenses": {
				"ac": {
					"std": 27
				},
				"savingThrows": {
					"fort": {
						"std": 14
					},
					"ref": {
						"std": 17
					},
					"will": {
						"std": 20
					}
				},
				"hp": [
					{
						"hp": 150,
						"abilities": null
					}
				]
			}
		},
		{
			"name": "Serpentfolk Granitescale",
			"isNpc": false,
			"source": "SoT2",
			"page": 86,
			"level": 6,
			"traits": [
				"uncommon",
				"ne",
				"medium",
				"humanoid",
				"mutant",
				"serpentfolk"
			],
			"perception": {
				"std": 13
			},
			"senses": [
				{
					"name": "darkvision"
				},
				{
					"type": "imprecise",
					"name": "scent",
					"range": 30
				}
			],
			"languages": {
				"languages": [
					"aklo",
					"common",
					"undercommon"
				],
				"abilities": [
					"telepathy 100 feet"
				]
			},
			"skills": {
				"acrobatics": {
					"std": 13
				},
				"athletics": {
					"std": 15
				},
				"intimidation": {
					"std": 13
				}
			},
			"abilityMods": {
				"str": 5,
				"dex": 4,
				"con": 4,
				"int": -2,
				"wis": 1,
				"cha": 1
			},
			"items": [
				"javelin (5)",
				"longspear"
			],
			"speed": {
				"walk": 25
			},
			"attacks": [
				{
					"range": "Melee",
					"name": "longspear",
					"attack": 17,
					"traits": [
						"reach"
					],
					"damage": "{@damage 2d8+6} piercing",
					"types": [
						"piercing"
					]
				},
				{
					"range": "Melee",
					"name": "fangs",
					"attack": 17,
					"effects": [
						"serpentfolk venom"
					],
					"damage": "{@damage 2d8+6} piercing plus serpentfolk venom",
					"types": [
						"piercing"
					]
				},
				{
					"range": "Ranged",
					"name": "javelin",
					"attack": 16,
					"traits": [
						"range increment <30 feet>"
					],
					"damage": "{@damage 2d6+4} piercing",
					"types": [
						"piercing"
					]
				}
			],
			"abilities": {
				"mid": [
					{
						"activity": {
							"number": 1,
							"unit": "reaction"
						},
						"entries": [],
						"name": "Attack of Opportunity",
						"generic": {
							"tag": "ability"
						}
					},
					{
						"activity": {
							"number": 1,
							"unit": "reaction"
						},
						"trigger": "The granitescale takes piercing or slashing damage",
						"frequency": {
							"unit": "day",
							"freq": 1
						},
						"entries": [
							"The granitescale twists to take the blow on their hardest scales, which they shed to reduce the incoming force. The granitescale reduces the damage by 10, but their AC is reduced by 2 for 1 day, when the shed scales regrow."
						],
						"name": "Chipping Scales"
					}
				],
				"bot": [
					{
						"activity": {
							"number": 1,
							"unit": "action"
						},
						"traits": [
							"auditory",
							"emotion",
							"mental"
						],
						"requirements": "The granitescale's last action was a successful spear {@action Strike}",
						"entries": [
							"The granitescale rattles the base of their spear, attempting an {@skill Intimidation} check to {@action Demoralize} all enemies within 30 feet (compare the granitescale's {@skill Intimidation} check result to the targets' Will DCs individually)."
						],
						"name": "Rattling Spear"
					},
					{
						"traits": [
							"poison"
						],
						"entries": [
							"Saving Throw DC 22 Fortitude"
						],
						"name": "Serpentfolk Venom"
					},
					{
						"entries": [
							"6 rounds; Stage 1 {@damage 1d4} poison damage and {@condition enfeebled|CRB|enfeebled 1} (1 round); Stage 2 {@damage 2d4} poison damage and {@condition enfeebled|CRB|enfeebled 1} (1 round)"
						],
						"name": "Maximum Duration"
					}
				]
			},
			"defenses": {
				"ac": {
					"std": 24,
					"with shed scales": 22
				},
				"savingThrows": {
					"fort": {
						"std": 17
					},
					"ref": {
						"std": 14
					},
					"will": {
						"std": 12,
						"status vs. mental": 2
					}
				},
				"hp": [
					{
						"hp": 120,
						"abilities": null
					}
				],
				"resistances": [
					{
						"amount": 8,
						"name": "poison"
					}
				]
			}
		},
		{
			"name": "Serpentfolk Venom Caller",
			"isNpc": false,
			"source": "SoT2",
			"page": 87,
			"level": 7,
			"traits": [
				"uncommon",
				"ne",
				"medium",
				"humanoid",
				"serpentfolk"
			],
			"perception": {
				"std": 15
			},
			"senses": [
				{
					"name": "darkvision"
				},
				{
					"type": "imprecise",
					"name": "scent",
					"range": 30
				}
			],
			"languages": {
				"languages": [
					"aklo",
					"common",
					"draconic",
					"undercommon"
				],
				"abilities": [
					"telepathy 100 feet"
				]
			},
			"skills": {
				"arcana": {
					"std": 17
				},
				"deception": {
					"std": 15
				},
				"nature": {
					"std": 15
				},
				"occultism": {
					"std": 17
				},
				"society": {
					"std": 15
				},
				"survival": {
					"std": 15
				}
			},
			"abilityMods": {
				"str": 0,
				"dex": 4,
				"con": 2,
				"int": 6,
				"wis": 4,
				"cha": 2
			},
			"items": [
				"shortbow (20 arrows)",
				"sickle"
			],
			"speed": {
				"walk": 25
			},
			"attacks": [
				{
					"range": "Melee",
					"name": "fangs",
					"attack": 16,
					"traits": [
						"finesse"
					],
					"effects": [
						"serpentfolk venom"
					],
					"damage": "{@damage 2d8+4} piercing plus serpentfolk venom",
					"types": [
						"piercing"
					]
				},
				{
					"range": "Melee",
					"name": "sickle",
					"attack": 16,
					"traits": [
						"agile",
						"finesse",
						"trip"
					],
					"effects": [
						"serpentfolk venom"
					],
					"damage": "{@damage 1d4+4} piercing plus serpentfolk venom",
					"types": [
						"piercing"
					]
				},
				{
					"range": "Ranged",
					"name": "shortbow",
					"attack": 16,
					"traits": [
						"deadly <d10>",
						"range increment <60 feet>",
						"reload <0>"
					],
					"effects": [
						"serpentfolk venom"
					],
					"damage": "{@damage 1d6+4} piercing plus serpentfolk venom",
					"types": [
						"piercing"
					]
				}
			],
			"spellcasting": [
				{
					"name": "Arcane Spontaneous",
					"type": "Spontaneous",
					"tradition": "arcane",
					"DC": 25,
					"attack": 17,
					"entry": {
						"0": {
							"level": 4,
							"spells": [
								{
									"name": "acid splash"
								},
								{
									"name": "detect magic"
								},
								{
									"name": "mage hand"
								},
								{
									"name": "read aura"
								},
								{
									"name": "shield"
								}
							]
						},
						"1": {
							"slots": 3,
							"spells": [
								{
									"name": "feather fall"
								},
								{
									"name": "item facade"
								},
								{
									"name": "magic missile"
								}
							]
						},
						"2": {
							"slots": 3,
							"spells": [
								{
									"name": "acid arrow"
								},
								{
									"name": "false life"
								},
								{
									"name": "invisibility"
								}
							]
						},
						"3": {
							"slots": 3,
							"spells": [
								{
									"name": "mind reading"
								},
								{
									"name": "slow"
								},
								{
									"name": "stinking cloud"
								}
							]
						},
						"4": {
							"slots": 2,
							"spells": [
								{
									"name": "acid arrow"
								},
								{
									"name": "noxious vapors",
									"notes": [
										"Advanced Player's Guide 222"
									]
								}
							]
						}
					}
				},
				{
					"name": "Occult Innate",
					"type": "Innate",
					"tradition": "occult",
					"DC": 25,
					"entry": {
						"1": {
							"spells": [
								{
									"name": "ventriloquism",
									"amount": "at will"
								}
							]
						},
						"2": {
							"spells": [
								{
									"name": "mirror image",
									"amount": "at will"
								}
							]
						},
						"3": {
							"spells": [
								{
									"name": "illusory disguise",
									"amount": "at will"
								}
							]
						},
						"4": {
							"spells": [
								{
									"name": "suggestion"
								}
							]
						}
					}
				}
			],
			"abilities": {
				"top": [
					{
						"entries": [
							"+15 Str +0, Dex +4, Con +2, Int +6, Wis +4, Cha +2 Items shortbow (20 arrows), sickle."
						],
						"name": "Survival"
					}
				],
				"bot": [
					{
						"traits": [
							"poison"
						],
						"entries": [
							"As granitescale, but DC 23."
						],
						"name": "Serpentfolk Venom",
						"entries_as_xyz": "Ability not found: 'Serpentfolk Venom As granitescale, but DC 23.' in Serpentfolk Venom Caller, p.87"
					},
					{
						"activity": {
							"number": 2,
							"unit": "action"
						},
						"traits": [
							"arcane",
							"conjuration",
							"poison"
						],
						"frequency": {
							"unit": "day",
							"freq": 1
						},
						"entries": [
							"The venom caller conjures a 10-foot burst of liquid poison within 60 feet. Each creature that begins its turn in the area takes {@damage 4d6} poison damage (DC 25 basic Fortitude save). On a critical failure, creatures also take {@damage 1d6} {@condition persistent damage ||persistent poison damage}. Once per turn, starting the turn after the venom caller uses Venom Pool, the venom caller can use a single action, which has the {@trait concentrate} trait, to increase the radius of the burst by 5 feet. The pool of venom lasts for 1 minute, at which time it evaporates without a trace."
						],
						"name": "Venom Pool"
					}
				]
			},
			"defenses": {
				"ac": {
					"std": 24
				},
				"savingThrows": {
					"fort": {
						"std": 13
					},
					"ref": {
						"std": 15
					},
					"will": {
						"std": 17,
						"status vs. mental": 4
					}
				},
				"hp": [
					{
						"hp": 105,
						"abilities": null
					}
				]
			}
		}
	]
}
