{
	"spell": [
		{
			"name": "Ordained Purpose",
			"source": "AoE5",
			"page": 75,
			"focus": true,
			"level": 4,
			"traits": [
				"uncommon",
				"enchantment",
				"mental"
			],
			"domains": [
				"naga"
			],
			"cast": {
				"number": 2,
				"unit": "action"
			},
			"components": [
				[
					"S",
					"V"
				]
			],
			"area": {
				"types": [
					"Emanation"
				],
				"entry": "30-foot-radius emanation centered on you"
			},
			"savingThrow": {
				"type": [
					"W"
				],
				"basic": true
			},
			"entries": [
				"You call upon the authority of cosmic forces of order, overwhelming creatures with remorse and agony for acting outside of their station and purpose. Enemies in the area take {@damage 4d6} mental damage and must attempt a Will save. A creature that has lost abilities as a result of performing acts anathema to its deity or beliefs (such as a champion who violated their tenets and hasn't atoned) uses the outcome one degree of success worse than the result of its saving throw. At the GM's discretion, a creature currently filling its appointed station and purpose (such as a farmer working in a field or a criminal in the act of committing a crime) uses the outcome one degree of success better than the result of its saving throw.",
				{
					"type": "successDegree",
					"entries": {
						"Critical Success": "The creature is unaffected.",
						"Success": "The creature takes half damage.",
						"Failure": "The creature takes full damage and must {@action Drop Prone} as its first action on its next turn.",
						"Critical Failure": "The creature takes double damage, must {@action Drop Prone} as its first action on its next turn, and can't {@action Stand} during its next turn."
					}
				}
			],
			"heightened": {
				"plusX": {
					"1": [
						"The damage increases by {@dice 2d6}."
					]
				}
			}
		},
		{
			"name": "Split The Tongue",
			"source": "AoE5",
			"page": 75,
			"focus": true,
			"level": 1,
			"traits": [
				"uncommon",
				"transmutation"
			],
			"domains": [
				"naga"
			],
			"cast": {
				"number": 1,
				"unit": "reaction"
			},
			"components": [
				[
					"S"
				]
			],
			"trigger": "A creature within 30 feet fails a {@skill Deception} or {@skill Diplomacy} check.",
			"savingThrow": {
				"basic": true,
				"type": [
					"F"
				]
			},
			"entries": [
				"The deceiving creature's tongue splits like a serpent's tongue. The creature takes {@damage 1d8} slashing damage and must attempt a Fortitude save.",
				{
					"type": "successDegree",
					"entries": {
						"Critical Success": "The creature is unaffected.",
						"Success": "The creature takes half damage.",
						"Failure": "The creature takes full damage and is {@condition stupefied|CRB|stupefied 1} for {@dice 1d4} rounds.",
						"Critical Failure": "As failure, but the creature takes double damage and is {@condition stupefied|CRB|stupefied 2} for {@dice 1d4} rounds."
					}
				}
			],
			"heightened": {
				"plusX": {
					"1": [
						"The damage increases by {@dice 1d8}."
					]
				}
			}
		}
	]
}
