{
	"item": [
		{
			"name": "Ancestral Embrace",
			"source": "SoT6",
			"page": 76,
			"type": "Item",
			"level": 26,
			"traits": [
				"unique",
				"artifact",
				"divine",
				"invested",
				"necromancy"
			],
			"usage": "worn armor",
			"bulk": 1,
			"category": "Artifact",
			"entries": [
				"This brightly colored +4 major resilient leather armor is inscribed with a spiral that has no end or beginning. Though it is a symbol of the ancient religion of Holy Xatramba, it also serves as a religious symbol of {@deity Pharasma}. When you invest the armor, you gain negative resistance 25 and can draw on the power of your ancestors. You gain an ancestry feat from your ancestry; the feat can be any level, but you must meet any other prerequisites of the feat.",
				"You lose the feat when the investment ends, and you can select a different feat each time you invest the armor again.",
				{
					"type": "ability",
					"activity": {
						"number": 1,
						"unit": "free"
					},
					"components": [
						"envision"
					],
					"frequency": {
						"freq": 1,
						"unit": "day"
					},
					"trigger": "You use an ancestry feat that has a limited number of uses per day",
					"entries": [
						"You gain an additional use of the ancestry feat. If you do not use it before the next time you make your daily preparations, the use is lost."
					]
				},
				{
					"type": "ability",
					"activity": {
						"number": 1,
						"unit": "free"
					},
					"components": [
						"envision"
					],
					"trigger": "You begin casting a legend lore ritual to learn legends about your ancestry or about someone of your ancestry",
					"entries": [
						"Ancestral Embrace reduces the casting time of this ritual to 1 hour, and you don't need secondary casters for this ritual."
					]
				},
				{
					"type": "ability",
					"activity": {
						"number": 2,
						"unit": "action"
					},
					"components": [
						"command",
						"{@action Interact}"
					],
					"frequency": {
						"freq": 1,
						"unit": "day"
					},
					"entries": [
						"The armor casts avatar, granting these specific additional abilities instead of those associated with a deity: Speed 70 feet, air walk, ignore difficult terrain and greater difficult terrain; Melee {@as 1} spear (reach 15 feet, thrown 50 feet), Damage {@damage 6d6+6} piercing; Ranged {@as 1} blowgun (range 120 feet), Damage {@damage 1d6+3} piercing plus {@damage 5d6} poison. Destruction Ancestral Embrace crumbles if its wearer intentionally and knowingly kills or desecrates the remains of six generations of their family."
					]
				}
			]
		},
		{
			"name": "Halcyon Heart",
			"source": "SoT6",
			"page": 77,
			"type": "Item",
			"level": 21,
			"traits": [
				"rare",
				"artifact",
				"divination",
				"magical"
			],
			"usage": "held in 2 hands",
			"bulk": 1,
			"category": "Artifact",
			"entries": [
				"This shekere features carved prayers barely visible under a fine silk net of colorful beads. The handheld percussion instrument grants a +3 item bonus to {@skill Performance} checks while playing music with it. In addition, when you {@action Perform} with it, you can make it heard by any number of creatures within 100 miles. You can specify one or more specific creatures, or otherwise describe those who will hear it, such as all humans, or all inhabitants of a village. You can send a message through the music that the targets understand. Demons and creatures connected to demons (such as a creature whose deity is a demon lord or a sorcerer with the demonic bloodline) can't easily understand any messages conveyed in this way, even if you wish to send the message to them. They must attempt a {@skill Society} check against your {@skill Performance} DC or against DC 40, whichever is higher. If your {@skill Performance} DC is higher than DC 40 and you want demons to be able to understand the message, you can choose to use DC 40 instead.",
				{
					"type": "successDegree",
					"entries": {
						"Success": [
							"They understand the message."
						],
						"Failure": [
							"They don't understand the message but are aware there was one."
						],
						"Critical Failure": [
							"They don't realize the sound of the halcyon heart contains a message."
						]
					}
				},
				{
					"type": "ability",
					"activity": {
						"number": 2,
						"unit": "action"
					},
					"components": [
						"command",
						"{@action Interact}"
					],
					"requirements": "The halcyon heart has its net of beads",
					"entries": [
						"You pull the net off the halcyon heart and throw it at a creature within 20 feet, using your attack bonus for a ranged simple weapon. On a hit, the net grows and envelops the creature, which becomes {@condition flat-footed} and takes a \u201310-foot circumstance penalty to its Speeds until it Escapes, and on a critical hit, it's also {@condition immobilized} until it Escapes. The net also attempts to counteract {@trait teleportation} effects and planar travel of the creature it's entrapping. The {@action Escape} DC is 44, and the net has a counteract level of 9 and a counteract modifier of +38. If the target is a demon or connected to a demon, they must roll twice and take the lower result on all attempts to {@action Escape} (this is a {@trait misfortune} effect), and for counter act checks, the net rolls twice and takes the higher result (this is a {@trait fortune} effect). You can't {@action Perform} with the halcyon heart while it doesn't have its net. So long as the net doesn't contain a creature, you can restore it with a single action, which has the {@trait concentrate} trait.",
						"Destruction If the Gorilla King plays a halcyon heart in front of {@deity Angazhan|LOGM}'s totem, the gourd decomposes, the net frays, and the beads shatter."
					]
				}
			]
		},
		{
			"name": "Shadowed Scale, the Jungle Secret",
			"source": "SoT6",
			"page": 77,
			"type": "Item",
			"level": 22,
			"traits": [
				"unique",
				"artifact",
				"conjuration",
				"invested",
				"magical",
				"primal"
			],
			"usage": "worn mask",
			"bulk": "L",
			"category": "Artifact",
			"entries": [
				"This gold-inlaid wooden mask depicts the reptilian visage of a mokele-mbembe, a jungle predator seen by the Mwangi as embodiments of nature's strength and majesty.",
				"If you're a Magaambyan who already has a mask, you can use Shadowed Scale, the Jungle Secret in lieu of your own mask for the purposes of mask-related abilities, such as Magic Warrior Dedication (Lost Omens World Guide 95). When you wear the mask, you are always {@condition concealed} while in a jungle.",
				{
					"type": "ability",
					"activity": {
						"number": 1,
						"unit": "action"
					},
					"components": [
						"envision"
					],
					"requirements": "Your last action was a melee {@action Strike} that killed a living creature or destroyed an undead creature",
					"entries": [
						"You cause the body to decompose into a pile of fertile soil. The creature's body is completely destroyed at the start of your next turn, and it can only be returned to life with the use of powerful magic such as miracle or wish."
					]
				},
				{
					"type": "ability",
					"activity": {
						"number": 1,
						"unit": "action"
					},
					"components": [
						"{@action Interact}"
					],
					"frequency": {
						"freq": 1,
						"unit": "hour"
					},
					"requirements": "You are adjacent to the body of a creature you killed that has decomposed into soil",
					"entries": [
						"You pull a seed from the mask and throw it into the soil, where it sprouts. You cast {@spell summon plant or fungus}; the spell is heightened to a level equal to one-half of the slain creature's level, rounded up. When the spell's duration ends, the plant creature returns to the soil, where it roots itself and becomes a non-creature piece of flora.",
						"Destruction If the progenitor of all mokele-mbembes stomps on the mask, it is crushed to splinters."
					]
				}
			]
		}
	]
}
