{
	"feat": [
		{
			"name": "Cloud Walk",
			"source": "SoT3",
			"page": 79,
			"level": 10,
			"featType": {
				"archetype": [
					"Dragon Disciple"
				]
			},
			"traits": [
				"uncommon",
				"archetype"
			],
			"prerequisites": "{@feat Dragon Disciple Dedication|APG}",
			"entries": [
				"Your growing link to cloud dragons has granted you the ability to walk on clouds. Once per hour, you can cast {@spell air walk} on yourself as an innate arcane spell, but only to walk on clouds or fog."
			]
		},
		{
			"name": "Deflecting Cloud",
			"source": "SoT3",
			"page": 79,
			"activity": {
				"number": 1,
				"unit": "reaction"
			},
			"level": 16,
			"featType": {
				"archetype": [
					"Dragon Disciple"
				]
			},
			"traits": [
				"uncommon",
				"archetype"
			],
			"prerequisites": "{@feat Dragon Disciple Dedication|APG}, {@spell dragon wings} sorcerer bloodline spell",
			"frequency": {
				"freq": 1,
				"recurs": true,
				"interval": 10,
				"unit": "minute"
			},
			"trigger": "You are the target of a ranged attack.",
			"requirements": "You are aware of the attack and currently have dragon wings active.",
			"entries": [
				"You've mastered a defensive technique unique to the ancient dragons of Bloodsalt: beating your wings to create a billowing cloud of mist. You become momentarily {@condition hidden} from the triggering attack if vision is the attacker's only precise sense. Normally this means the attacker must succeed at a DC {@flatDC 11} flat check to target you. You also gain a +4 circumstance bonus to AC against the triggering attack."
			]
		},
		{
			"name": "Mighty Wings",
			"source": "SoT3",
			"page": 79,
			"level": 18,
			"featType": {
				"archetype": [
					"Dragon Disciple"
				]
			},
			"traits": [
				"uncommon",
				"archetype"
			],
			"prerequisites": "{@feat Dragon Disciple Dedication|APG}, {@spell dragon wings} sorcerer bloodline spell",
			"entries": [
				"Your dragon wings are now a permanent part of your body, giving you a fly Speed equal to your Speed. If you spend 1 Focus Point to cast {@spell dragon wings}, your fly Speed increases to 90 feet for the duration, unless your Speed is faster, and you gain the effects of dragon claws for the duration. Bloodsalt Dragon Disciple"
			]
		},
		{
			"name": "Shape of the Cloud Dragon",
			"source": "SoT3",
			"page": 79,
			"level": 14,
			"featType": {
				"archetype": [
					"Dragon Disciple"
				]
			},
			"traits": [
				"uncommon",
				"archetype"
			],
			"prerequisites": "{@feat Dragon Disciple Dedication|APG}",
			"entries": [
				"You've discovered how to transform yourself into a cloud dragon. Once per day, you can cast 7th-level {@spell dragon form} as an innate arcane spell, transforming into a cloud dragon. The spell automatically heightens to 8th level if you're 16th level and 9th level if you're 18th level. On a critical hit with an unarmed {@action Strike} gained from dragon form, you recharge the spell's breath weapon immediately.",
				"While in this form, you gain the following cloud dragon\u2013specific abilities:",
				{
					"type": "list",
					"items": [
						"{@b Cloud} cloud walk (you can walk on clouds or fog); {@b Melee} {@as 1} jaws, {@b Damage} {@damage 2d10} piercing plus {@damage 1d12} electricity; {@b Melee} {@as 1} claw ({@trait agile}), {@b Damage} {@damage 3d10} slashing; {@b Melee} {@as 1} tail ({@trait reach <10 feet>}), {@b Damage} {@damage 3d10} bludgeoning; {@b Melee} {@as 1} horn ({@trait reach <10 feet>}), {@b Damage} {@damage 3d8} piercing; breath weapon 30-foot cone, {@damage 6d12} electricity."
					]
				}
			],
			"special": [
				"You can use this feat in place of {@feat Shape of the Dragon|APG} to fulfill feat requirements."
			],
			"leadsTo": [
				"Mighty Dragon Shape|APG"
			]
		}
	]
}
