{
	"background": [
		{
			"name": "Droskari Disciple",
			"source": "AoA4",
			"page": 63,
			"entries": [
				"You grew up in the church of the Dark Smith, where you learned the value of hard work and achieving vocational mastery.",
				"Choose two ability boosts. One must be to Constitution or Intelligence, and one is a free ability boost.",
				"You gain the {@feat Skill Training} skill feat, and you're trained in the {@skill Lore||Droskar Lore} skill."
			],
			"boosts": [
				"Constitution",
				"Intelligence",
				"Free"
			],
			"lore": [
				"Droskar|LOGM"
			],
			"feats": [
				"Skill Training"
			]
		}
	]
}
