{
	"_meta": {
		"dependencies": {
			"creature": [
				"B1"
			]
		}
	},
	"creature": [
		{
			"name": "Glimmer",
			"source": "AFoF",
			"page": 4,
			"description": "Female {@creature pixie|b1}",
			"_copy": {
				"name": "Pixie",
				"source": "B1"
			}
		},
		{
			"name": "Darius",
			"source": "AFoF",
			"page": 8,
			"level": 3,
			"traits": [
				"unique",
				"n",
				"medium",
				"human",
				"humanoid"
			],
			"description": "Male {@ancestry human} alchemist",
			"perception": {
				"std": 7
			},
			"languages": {
				"languages": [
					"common"
				]
			},
			"skills": {
				"athletics": {
					"std": 10
				},
				"crafting": {
					"std": 10
				},
				"deception": {
					"std": 8
				},
				"occultism": {
					"std": 8
				},
				"society": {
					"std": 10
				}
			},
			"abilityMods": {
				"str": 3,
				"dex": 1,
				"con": 2,
				"int": 3,
				"wis": 0,
				"cha": 1
			},
			"items": [
				"key to basement",
				"singed leather apron and clothing",
				"{@item moderate bestial mutagen||moderate bestial mutagens} (2)",
				"improvised wax sprayer",
				"wax stirring stick"
			],
			"defenses": {
				"ac": {
					"std": 18
				},
				"savingThrows": {
					"fort": {
						"std": 11
					},
					"ref": {
						"std": 8
					},
					"will": {
						"std": 5
					}
				},
				"hp": [
					{
						"hp": 45
					}
				]
			},
			"speed": {
				"walk": 25
			},
			"attacks": [
				{
					"range": "Melee",
					"traits": [
						"agile",
						"unarmed"
					],
					"name": "jaws",
					"attack": 12,
					"damage": "{@damage 1d8+5} piercing"
				},
				{
					"range": "Melee",
					"traits": [
						"unarmed"
					],
					"name": "claw",
					"attack": 12,
					"damage": "{@damage 1d10+5} slashing"
				},
				{
					"range": "Melee",
					"traits": [
						"agile",
						"nonlethal",
						"unarmed"
					],
					"name": "wax stirring stick",
					"attack": 10,
					"damage": "{@damage 1d6+5} bludgeoning"
				}
			],
			"abilities": {
				"mid": [
					{
						"name": "Metabolize Mutagen",
						"activity": {
							"number": 1,
							"unit": "action"
						},
						"traits": [
							"concentrate",
							"manipulate"
						],
						"entries": [
							"Darius metabolizes the power of an active mutagen to regain {@dice 2d6} Hit Points. If he does so (or if he's confronted by a stealthy party before he's had a chance to drink a mutagen), he loses his jaws and claw unarmed attacks, his bonus on {@skill Athletics} checks decreases by 2, his AC increases by 1, and his Reflex save bonus increases by 2."
						]
					}
				],
				"bot": [
					{
						"name": "Crystalline Mutation",
						"entries": [
							"When Darius drinks any mutagen, his teeth and fingernails grow sharp crystalline edges."
						]
					},
					{
						"name": "Spray Hot Wax",
						"activity": {
							"number": 2,
							"unit": "action"
						},
						"entries": [
							"Darius sprays hot wax from his improvised wax sprayer in a 15-foot cone. All creatures in the area must attempt a {@dc 20} Reflex save. Scented candle homunculi in the area take no damage, instead healing {@dice 2d6} damage. After using the hot wax cannon, Darius can't use it again until he takes two {@action Interact} actions while adjacent to the cauldron of bubbling wax to reload the sprayer.",
							{
								"type": "successDegree",
								"entries": {
									"Critical Success": [
										"The creature takes no damage."
									],
									"Success": [
										"The creature takes {@damage 2d6} fire damage."
									],
									"Failure": [
										"The creature takes {@damage 3d6} fire damage plus {@damage 1d6} {@condition persistent damage||persistent fire damage}."
									],
									"Critical Failure": [
										"The creature takes {@damage 5d6} fire damage plus {@damage 2d6} {@condition persistent damage||persistent fire damage}."
									]
								}
							}
						]
					}
				]
			}
		},
		{
			"name": "Scented Candle Homunculus",
			"source": "AFoF",
			"page": 9,
			"level": 1,
			"traits": [
				"rare",
				"ne",
				"tiny",
				"construct"
			],
			"description": "Variant {@creature homunculus}",
			"perception": {
				"std": 3
			},
			"senses": [
				{
					"name": "darkvision"
				}
			],
			"languages": {
				"languages": [
					"common (can't speak any language)"
				],
				"abilities": [
					"master link"
				]
			},
			"skills": {
				"acrobatics": {
					"std": 5
				},
				"stealth": {
					"std": 5
				}
			},
			"abilityMods": {
				"str": -1,
				"dex": 3,
				"con": 0,
				"int": 1,
				"wis": 1,
				"cha": -2
			},
			"defenses": {
				"ac": {
					"std": 17
				},
				"savingThrows": {
					"fort": {
						"std": 2
					},
					"ref": {
						"std": 7
					},
					"will": {
						"std": 3
					}
				},
				"hp": [
					{
						"hp": 17
					}
				],
				"immunities": [
					"bleed",
					"death effects",
					"disease",
					"doomed",
					"drained",
					"fatigued",
					"healing",
					"necromancy",
					"nonlethal attacks",
					"paralyzed",
					"poison",
					"sickened",
					"unconscious"
				]
			},
			"speed": {
				"walk": 15,
				"fly": 40
			},
			"attacks": [
				{
					"range": "Melee",
					"traits": [
						"finesse",
						"magical"
					],
					"name": "jaws",
					"attack": 7,
					"damage": "{@damage 1d4} piercing plus {@damage 1d4} {@condition persistent damage||persistent fire}"
				},
				{
					"range": "Ranged",
					"traits": [
						"magical",
						"range increment <20 feet>"
					],
					"name": "wax glob",
					"attack": 8,
					"damage": "{@damage 1d4} {@condition persistent damage||persistent fire}"
				}
			],
			"abilities": {
				"top": [
					{
						"name": "Master Link",
						"traits": [
							"arcane",
							"divination",
							"mental"
						],
						"entries": [
							"As homunculus."
						]
					}
				],
				"mid": [
					{
						"name": "Perfume Aura",
						"traits": [
							"aura",
							"olfactory",
							"poison"
						],
						"entries": [
							"5 feet. The scented candle homunculus's fragrance of lavender is overwhelmingly intense. Any creature other than the homunculus's master who enters the aura must attempt a {@dc 15} Fortitude save.",
							{
								"type": "successDegree",
								"entries": {
									"Critical Success": [
										"The creature is temporarily immune to the homunculus's aura for 24 hours."
									],
									"Success": [
										"The creature is unaffected."
									],
									"Failure": [
										"The creature is {@condition sickened||sickened 1}."
									],
									"Critical Failure": [
										"The creature is {@condition stupefied||stupefied 1} for 1 round and {@condition sickened||sickened 1}."
									]
								}
							}
						]
					}
				],
				"bot": [
					{
						"name": "Dunk in Wax",
						"activity": {
							"number": 2,
							"unit": "action"
						},
						"traits": [
							"move"
						],
						"entries": [
							"A scented candle homunculus who is adjacent to the large wax cauldron can dunk itself in wax, healing {@dice 2d6} damage."
						]
					}
				]
			}
		},
		{
			"name": "Golden Bamboo Leshy",
			"source": "AFoF",
			"page": 11,
			"level": 2,
			"traits": [
				"unique",
				"n",
				"small",
				"leshy",
				"plant"
			],
			"perception": {
				"std": 8
			},
			"senses": [
				{
					"name": "low-light vision"
				}
			],
			"languages": {
				"languages": [
					"common",
					"druidic",
					"sylvan"
				],
				"abilities": [
					"{@spell speak with plants} (same type as leshy)"
				]
			},
			"skills": {
				"athletics": {
					"std": 6
				},
				"nature": {
					"std": 6
				},
				"stealth": {
					"std": 8
				}
			},
			"abilityMods": {
				"str": 2,
				"dex": 4,
				"con": 2,
				"int": -1,
				"wis": 2,
				"cha": 0
			},
			"defenses": {
				"ac": {
					"std": 18
				},
				"savingThrows": {
					"fort": {
						"std": 8
					},
					"ref": {
						"std": 10
					},
					"will": {
						"std": 6
					}
				},
				"hp": [
					{
						"hp": 30
					}
				]
			},
			"speed": {
				"walk": 25
			},
			"attacks": [
				{
					"range": "Melee",
					"traits": [
						"agile",
						"finesse"
					],
					"name": "fist",
					"attack": 10,
					"damage": "{@damage 1d6+4} bludgeoning"
				}
			],
			"spellcasting": [
				{
					"tradition": "primal",
					"type": "Innate",
					"DC": 16,
					"entry": {
						"4": {
							"spells": [
								{
									"name": "speak with plants"
								}
							]
						}
					}
				}
			],
			"abilities": {
				"mid": [
					{
						"name": "Verdant Burst",
						"traits": [
							"healing"
						],
						"entries": [
							"When a leshy dies, a burst of primal energy explodes from its body, restoring {@dice 2d8} Hit Points to each plant creature in a 30-foot emanation. This area is filled with plants of the same type as the leshy, becoming difficult terrain. If the terrain isn't a viable environment for these plants, they wither after 24 hours."
						]
					}
				],
				"bot": [
					{
						"name": "Change Shape",
						"activity": {
							"number": 1,
							"unit": "action"
						},
						"traits": [
							"concentrate",
							"polymorph",
							"primal",
							"transmutation"
						],
						"entries": [
							"The leshy transforms into a {@trait Small} plant.",
							"This ability otherwise uses the effects of {@spell tree shape}."
						],
						"generic": {
							"tag": "ability"
						}
					},
					{
						"name": "Bend Back",
						"activity": {
							"number": 1,
							"unit": "action"
						},
						"entries": [
							"The golden bamboo leshy uses an action to bend itself back, ready to whip forward, increasing its reach with its fist to 10 feet. After the golden bamboo leshy {@action Strikes} with its fist, it's no longer Bent Back."
						]
					},
					{
						"name": "Coiled Opportunity",
						"activity": {
							"number": 1,
							"unit": "reaction"
						},
						"entries": [
							"As {@ability Attack of Opportunity}, but the golden bamboo leshy can use this reaction only if it's Bent Back."
						]
					}
				]
			}
		},
		{
			"name": "Minkaian Honeysuckle Leshy",
			"source": "AFoF",
			"page": 11,
			"level": 2,
			"traits": [
				"unique",
				"n",
				"small",
				"leshy",
				"plant"
			],
			"perception": {
				"std": 8
			},
			"senses": [
				{
					"name": "low-light vision"
				}
			],
			"languages": {
				"languages": [
					"common",
					"druidic",
					"sylvan"
				],
				"abilities": [
					"{@spell speak with plants} (same type as leshy)"
				]
			},
			"skills": {
				"athletics": {
					"std": 6
				},
				"nature": {
					"std": 6
				},
				"stealth": {
					"std": 8
				}
			},
			"abilityMods": {
				"str": 2,
				"dex": 4,
				"con": 2,
				"int": -1,
				"wis": 2,
				"cha": 0
			},
			"defenses": {
				"ac": {
					"std": 18
				},
				"savingThrows": {
					"fort": {
						"std": 8
					},
					"ref": {
						"std": 10
					},
					"will": {
						"std": 6
					},
					"abilities": [
						"+1 status bonus to Reflex and Fortitude saves and DCs against {@action trip} and {@quickref forced movement|CRB|3|forced movement|0}"
					]
				},
				"hp": [
					{
						"hp": 30
					}
				],
				"resistances": [
					{
						"amount": 3,
						"name": "physical"
					}
				]
			},
			"speed": {
				"walk": 25
			},
			"attacks": [
				{
					"range": "Melee",
					"traits": [
						"agile",
						"finesse"
					],
					"name": "fist",
					"attack": 10,
					"damage": "{@damage 1d6+4} bludgeoning"
				}
			],
			"spellcasting": [
				{
					"tradition": "primal",
					"type": "Innate",
					"DC": 16,
					"entry": {
						"4": {
							"spells": [
								{
									"name": "speak with plants"
								}
							]
						}
					}
				}
			],
			"abilities": {
				"mid": [
					{
						"name": "Verdant Burst",
						"traits": [
							"healing"
						],
						"entries": [
							"When a leshy dies, a burst of primal energy explodes from its body, restoring {@dice 2d8} Hit Points to each plant creature in a 30-foot emanation. This area is filled with plants of the same type as the leshy, becoming difficult terrain. If the terrain isn't a viable environment for these plants, they wither after 24 hours."
						]
					}
				],
				"bot": [
					{
						"name": "Change Shape",
						"activity": {
							"number": 1,
							"unit": "action"
						},
						"traits": [
							"concentrate",
							"polymorph",
							"primal",
							"transmutation"
						],
						"entries": [
							"The leshy transforms into a {@trait Small} plant.",
							"This ability otherwise uses the effects of {@spell tree shape}."
						],
						"generic": {
							"tag": "ability"
						}
					}
				]
			}
		},
		{
			"name": "Mint Leshy",
			"source": "AFoF",
			"page": 11,
			"level": 2,
			"traits": [
				"unique",
				"n",
				"medium",
				"leshy",
				"plant"
			],
			"perception": {
				"std": 8
			},
			"senses": [
				{
					"name": "low-light vision"
				}
			],
			"languages": {
				"languages": [
					"common",
					"druidic",
					"sylvan"
				],
				"abilities": [
					"{@spell speak with plants} (same type as leshy)"
				]
			},
			"skills": {
				"athletics": {
					"std": 6
				},
				"nature": {
					"std": 6
				},
				"stealth": {
					"std": 8
				}
			},
			"abilityMods": {
				"str": 2,
				"dex": 4,
				"con": 2,
				"int": -1,
				"wis": 2,
				"cha": 0
			},
			"defenses": {
				"ac": {
					"std": 18
				},
				"savingThrows": {
					"fort": {
						"std": 8
					},
					"ref": {
						"std": 10
					},
					"will": {
						"std": 6
					}
				},
				"hp": [
					{
						"hp": 30
					}
				]
			},
			"speed": {
				"walk": 25
			},
			"attacks": [
				{
					"range": "Melee",
					"traits": [
						"agile",
						"finesse"
					],
					"name": "fist",
					"attack": 10,
					"damage": "{@damage 1d8+4} bludgeoning"
				}
			],
			"spellcasting": [
				{
					"tradition": "primal",
					"type": "Innate",
					"DC": 16,
					"entry": {
						"4": {
							"spells": [
								{
									"name": "speak with plants"
								}
							]
						}
					}
				}
			],
			"abilities": {
				"mid": [
					{
						"name": "Verdant Burst",
						"traits": [
							"healing"
						],
						"entries": [
							"When a leshy dies, a burst of primal energy explodes from its body, restoring {@dice 2d8} Hit Points to each plant creature in a 30-foot emanation. This area is filled with plants of the same type as the leshy, becoming difficult terrain. If the terrain isn't a viable environment for these plants, they wither after 24 hours."
						]
					}
				],
				"bot": [
					{
						"name": "Change Shape",
						"activity": {
							"number": 1,
							"unit": "action"
						},
						"traits": [
							"concentrate",
							"polymorph",
							"primal",
							"transmutation"
						],
						"entries": [
							"The leshy transforms into a {@trait Small} plant.",
							"This ability otherwise uses the effects of {@spell tree shape}."
						],
						"generic": {
							"tag": "ability"
						}
					},
					{
						"name": "Engulf",
						"activity": {
							"number": 2,
							"unit": "action"
						},
						"entries": [
							"{@dc 18}, {@damage 1d6} bludgeoning plus {@damage 1d6} poison, {@action Escape} {@dc 18}, Rupture 6"
						],
						"generic": {
							"tag": "ability"
						}
					}
				]
			}
		},
		{
			"name": "Wisteria Leshy",
			"source": "AFoF",
			"page": 11,
			"level": 2,
			"traits": [
				"unique",
				"n",
				"small",
				"leshy",
				"plant"
			],
			"perception": {
				"std": 8
			},
			"senses": [
				{
					"name": "low-light vision"
				}
			],
			"languages": {
				"languages": [
					"common",
					"druidic",
					"sylvan"
				],
				"abilities": [
					"{@spell speak with plants} (same type as leshy)"
				]
			},
			"skills": {
				"athletics": {
					"std": 6
				},
				"nature": {
					"std": 6
				},
				"stealth": {
					"std": 8
				}
			},
			"abilityMods": {
				"str": 2,
				"dex": 4,
				"con": 2,
				"int": -1,
				"wis": 2,
				"cha": 0
			},
			"defenses": {
				"ac": {
					"std": 18
				},
				"savingThrows": {
					"fort": {
						"std": 8
					},
					"ref": {
						"std": 10
					},
					"will": {
						"std": 6
					}
				},
				"hp": [
					{
						"hp": 30
					}
				]
			},
			"speed": {
				"walk": 25
			},
			"attacks": [
				{
					"range": "Melee",
					"traits": [
						"agile",
						"finesse"
					],
					"name": "fist",
					"attack": 10,
					"damage": "{@damage 1d6+4} bludgeoning plus Grab"
				}
			],
			"spellcasting": [
				{
					"tradition": "primal",
					"type": "Innate",
					"DC": 16,
					"entry": {
						"4": {
							"spells": [
								{
									"name": "speak with plants"
								}
							]
						}
					}
				}
			],
			"abilities": {
				"mid": [
					{
						"name": "Verdant Burst",
						"traits": [
							"healing"
						],
						"entries": [
							"When a leshy dies, a burst of primal energy explodes from its body, restoring {@dice 2d8} Hit Points to each plant creature in a 30-foot emanation. This area is filled with plants of the same type as the leshy, becoming difficult terrain. If the terrain isn't a viable environment for these plants, they wither after 24 hours."
						]
					}
				],
				"bot": [
					{
						"name": "Change Shape",
						"activity": {
							"number": 1,
							"unit": "action"
						},
						"traits": [
							"concentrate",
							"polymorph",
							"primal",
							"transmutation"
						],
						"entries": [
							"The leshy transforms into a {@trait Small} plant.",
							"This ability otherwise uses the effects of {@spell tree shape}."
						],
						"generic": {
							"tag": "ability"
						}
					},
					{
						"name": "Constrict",
						"activity": {
							"number": 1,
							"unit": "action"
						},
						"entries": [
							"{@damage 1d6+4} bludgeoning, {@dc 18}"
						],
						"generic": {
							"tag": "ability"
						}
					}
				]
			}
		}
	]
}
