{
	"creature": [
		{
			"name": "Scorching Sun Cultist",
			"source": "TEC",
			"page": 17,
			"level": 2,
			"traits": [
				"uncommon",
				"ne",
				"medium",
				"human",
				"humanoid"
			],
			"perception": {
				"std": 9
			},
			"languages": {
				"languages": [
					"common"
				]
			},
			"skills": {
				"athletics": {
					"std": 7
				},
				"deception": {
					"std": 8
				},
				"religion": {
					"std": 6
				},
				"stealth": {
					"std": 5
				}
			},
			"abilityMods": {
				"str": 4,
				"dex": 1,
				"con": 3,
				"int": 1,
				"wis": 1,
				"cha": 3
			},
			"items": [
				"crude {@item wooden religious symbol} of {@deity Sarenrae}",
				"{@item scimitar}",
				"{@item scorpion whip|EC1}",
				"robes"
			],
			"defenses": {
				"ac": {
					"std": 17
				},
				"savingThrows": {
					"fort": {
						"std": 11
					},
					"ref": {
						"std": 8
					},
					"will": {
						"std": 5
					}
				},
				"hp": [
					{
						"hp": 35
					}
				]
			},
			"speed": {
				"walk": 25
			},
			"attacks": [
				{
					"range": "Melee",
					"name": "scimitar",
					"attack": 10,
					"damage": "{@damage 1d6+5} slashing"
				},
				{
					"range": "Melee",
					"traits": [
						"disarm",
						"finesse",
						"reach <10 feet>",
						"trip"
					],
					"name": "scorpion whip",
					"attack": 10,
					"damage": "{@damage 1d4+5} slashing"
				},
				{
					"range": "Ranged",
					"name": "short bow",
					"attack": 7,
					"damage": "{@damage 1d6+3} piercing"
				}
			]
		},
		{
			"name": "Jimbilin",
			"source": "TEC",
			"page": 18,
			"description": "Male {@ancestry halfling} priest of {@deity Ahriman|B3}",
			"level": 4,
			"traits": [
				"ne",
				"small",
				"halfling",
				"humanoid"
			],
			"perception": {
				"std": 12
			},
			"senses": [
				{
					"name": "low-light vision"
				}
			],
			"skills": {
				"deception": {
					"std": 12
				},
				"diplomacy": {
					"std": 12
				},
				"medicine": {
					"std": 10
				},
				"religion": {
					"std": 10
				},
				"stealth": {
					"std": 8
				}
			},
			"abilityMods": {
				"str": 2,
				"dex": 3,
				"con": 3,
				"int": 2,
				"wis": 5,
				"cha": 3
			},
			"items": [
				"{@runeItem chain mail||+1 armor potency|}",
				"{@item scorpion whip|EC1}",
				"{@item wooden religious symbol}"
			],
			"defenses": {
				"ac": {
					"std": 21
				},
				"savingThrows": {
					"fort": {
						"std": 9
					},
					"ref": {
						"std": 10
					},
					"will": {
						"std": 14
					}
				},
				"hp": [
					{
						"hp": 62
					}
				]
			},
			"speed": {
				"walk": 20
			},
			"attacks": [
				{
					"range": "Melee",
					"name": "scorpion whip",
					"attack": 10,
					"damage": "{@damage 2d4+4} piercing"
				}
			],
			"spellcasting": [
				{
					"tradition": "divine",
					"type": "Prepared",
					"DC": 21,
					"attack": 13,
					"entry": {
						"0": {
							"level": 2,
							"spells": [
								{
									"name": "chill touch"
								},
								{
									"name": "divine lance"
								},
								{
									"name": "haunting hymn",
									"source": "SoM"
								},
								{
									"name": "shield"
								}
							]
						},
						"1": {
							"spells": [
								{
									"name": "bane"
								},
								{
									"name": "fear"
								},
								{
									"name": "harm"
								}
							]
						},
						"2": {
							"spells": [
								{
									"name": "boneshaker",
									"source": "QFF2"
								},
								{
									"name": "darkvision"
								},
								{
									"name": "harm"
								}
							]
						}
					}
				}
			],
			"abilities": {
				"bot": [
					{
						"name": "Prayer of Oblivion",
						"activity": {
							"number": 3,
							"unit": "action"
						},
						"traits": [
							"divine",
							"evil",
							"negative"
						],
						"frequency": {
							"number": 1,
							"unit": "day"
						},
						"entries": [
							"The priest chants a prayer to his deity that invokes the forces of nothingness. All enemies within 30 feet take {@damage 5d6} negative damage (DC 21 basic Will save)."
						]
					}
				]
			}
		},
		{
			"name": "Noolik",
			"source": "TEC",
			"page": 25,
			"description": "{@creature Jinkin} leader",
			"level": 4,
			"traits": [
				"ce",
				"tiny",
				"fey",
				"gremlin"
			],
			"perception": {
				"std": 11
			},
			"senses": [
				{
					"name": "darkvision"
				}
			],
			"languages": {
				"languages": [
					"undercommon"
				]
			},
			"skills": {
				"acrobatics": {
					"std": 12
				},
				"crafting": {
					"std": 10,
					"traps": 12
				},
				"deception": {
					"std": 8
				},
				"nature": {
					"std": 8
				},
				"stealth": {
					"std": 12
				},
				"thievery": {
					"std": 12
				}
			},
			"abilityMods": {
				"str": 0,
				"dex": 6,
				"con": 2,
				"int": 3,
				"wis": 3,
				"cha": 3
			},
			"items": [
				"{@item shortsword}",
				"{@item traveler's any-tool}"
			],
			"defenses": {
				"ac": {
					"std": 21
				},
				"savingThrows": {
					"fort": {
						"std": 9
					},
					"ref": {
						"std": 14
					},
					"will": {
						"std": 10
					}
				},
				"hp": [
					{
						"hp": 58
					}
				],
				"weaknesses": [
					{
						"name": "cold iron",
						"amount": 4
					}
				]
			},
			"speed": {
				"walk": 30
			},
			"attacks": [
				{
					"range": "Melee",
					"traits": [
						"agile",
						"finesse",
						"magical",
						"versatile <S>"
					],
					"name": "shortsword",
					"attack": 14,
					"damage": "{@damage 1d6+5} piercing"
				}
			],
			"spellcasting": [
				{
					"tradition": "primal",
					"type": "Innate",
					"DC": 21,
					"entry": {
						"0": {
							"level": 1,
							"spells": [
								{
									"name": "prestidigitation"
								}
							]
						}
					}
				}
			],
			"abilities": {
				"bot": [
					{
						"name": "Sneak Attack",
						"entries": [
							"Noolik deals an additional {@damage 2d6} precision damage to {@condition flat-footed} creatures."
						],
						"generic": {
							"tag": "ability"
						}
					},
					{
						"name": "Tinker",
						"traits": [
							"curse",
							"primal",
							"transmutation"
						],
						"entries": [
							"A group of six jinkins can work together for an hour to imbue an item with a curse at a range of 60 feet. While this process is lengthy, it's also unobtrusive and can be performed while {@action Hide||Hiding}.",
							"Jinkins prefer to use this ability on magic items. The curse makes the item unreliable (DC {@flatDC 5} flat check or waste any action to {@action Interact} with or {@action Activate an Item||Activate the item}), adds a bizarre requirement to use the item, or imparts some other curse of a similar caliber."
						]
					},
					{
						"name": "Trap Tinker",
						"activity": {
							"number": 3,
							"unit": "action"
						},
						"entries": [
							"Noolik can cause a complex mechanical trap to continue longer than its normal duration. She moves up to her speed and {@action Interact||Interacts} with a trap. The trap can use its reaction during its next round as well as its routine, although its initiative doesn't change."
						]
					}
				]
			}
		},
		{
			"name": "Usij Cultist",
			"source": "TEC",
			"page": 29,
			"level": 3,
			"traits": [
				"uncommon",
				"ne",
				"medium",
				"human",
				"humanoid"
			],
			"perception": {
				"std": 9
			},
			"languages": {
				"languages": [
					"common",
					"osiriani"
				]
			},
			"skills": {
				"athletics": {
					"std": 10
				},
				"deception": {
					"std": 9
				},
				"intimidation": {
					"std": 9
				},
				"religion": {
					"std": 5
				},
				"stealth": {
					"std": 9
				}
			},
			"abilityMods": {
				"str": 4,
				"dex": 2,
				"con": 3,
				"int": 2,
				"wis": 3,
				"cha": 3
			},
			"items": [
				"{@item leather||leather armor}",
				"{@item religious symbol (generic)||religious symbol} of {@deity Ahriman|B3}",
				"{@item scimitar}",
				"{@item whip}"
			],
			"defenses": {
				"ac": {
					"std": 18
				},
				"savingThrows": {
					"fort": {
						"std": 12
					},
					"ref": {
						"std": 7
					},
					"will": {
						"std": 8
					}
				},
				"hp": [
					{
						"hp": 50
					}
				]
			},
			"speed": {
				"walk": 25
			},
			"attacks": [
				{
					"range": "Melee",
					"name": "scimitar",
					"attack": 11,
					"damage": "{@damage 1d6+6} slashing"
				},
				{
					"range": "Melee",
					"traits": [
						"disarm",
						"finesse",
						"nonlethal",
						"reach <10 feet>",
						"trip"
					],
					"name": "whip",
					"attack": 11,
					"damage": "{@damage 1d4+6} slashing"
				}
			],
			"abilities": {
				"mid": [
					{
						"name": "Tripping Whip",
						"activity": {
							"number": 1,
							"unit": "reaction"
						},
						"requirements": "The Usij cultist must have a whip in their hands",
						"trigger": "A creature moves out of a threatened square",
						"entries": [
							"The Usij cultist makes a {@action Trip} attempt against the triggering creature with their whip."
						]
					}
				]
			}
		},
		{
			"name": "Krashk",
			"source": "TEC",
			"page": 33,
			"level": 5,
			"traits": [
				"unique",
				"ce",
				"medium",
				"gnoll",
				"humanoid"
			],
			"perception": {
				"std": 14
			},
			"senses": [
				{
					"name": "darkvision"
				}
			],
			"languages": {
				"languages": [
					"abyssal",
					"gnoll",
					"taldane"
				]
			},
			"skills": {
				"intimidation": {
					"std": 10
				},
				"medicine": {
					"std": 10
				},
				"religion": {
					"std": 13
				},
				"stealth": {
					"std": 10
				},
				"survival": {
					"std": 12
				}
			},
			"abilityMods": {
				"str": 3,
				"dex": 3,
				"con": 2,
				"int": 1,
				"wis": 5,
				"cha": 4
			},
			"items": [
				"{@item falchion}",
				"{@item hide||hide armor}",
				"{@item staff of conjuration}",
				"{@item wooden religious symbol}"
			],
			"defenses": {
				"ac": {
					"std": 21
				},
				"savingThrows": {
					"fort": {
						"std": 12
					},
					"ref": {
						"std": 9
					},
					"will": {
						"std": 15
					}
				},
				"hp": [
					{
						"hp": 82
					}
				]
			},
			"speed": {
				"walk": 25
			},
			"attacks": [
				{
					"range": "Melee",
					"traits": [
						"forceful",
						"sweep"
					],
					"name": "falchion",
					"attack": 13,
					"damage": "{@damage 1d10+7} slashing"
				},
				{
					"range": "Melee",
					"traits": [
						"agile"
					],
					"name": "jaws",
					"attack": 13,
					"damage": "{@damage 1d6+7} piercing"
				}
			],
			"spellcasting": [
				{
					"tradition": "divine",
					"type": "Prepared",
					"DC": 24,
					"attack": 12,
					"entry": {
						"0": {
							"level": 2,
							"spells": [
								{
									"name": "daze"
								},
								{
									"name": "detect magic"
								},
								{
									"name": "light"
								},
								{
									"name": "read aura"
								},
								{
									"name": "sigil"
								}
							]
						},
						"1": {
							"spells": [
								{
									"name": "command"
								},
								{
									"name": "fear"
								},
								{
									"name": "magic weapon"
								}
							]
						},
						"2": {
							"spells": [
								{
									"name": "darkness"
								},
								{
									"name": "harm",
									"amount": 4
								},
								{
									"name": "spiritual weapon"
								}
							]
						},
						"3": {
							"spells": [
								{
									"name": "harm"
								},
								{
									"name": "vampiric touch"
								}
							]
						}
					}
				}
			],
			"abilities": {
				"bot": [
					{
						"name": "Pack Attack",
						"entries": [
							"Krashk deals an additional {@dice 1d4} damage to any creature that's within reach of at least two of her allies."
						]
					},
					{
						"name": "Rugged Travel",
						"entries": [
							"Krashk ignores the first square of difficult terrain she moves into each time she {@action Step||Steps} or {@action Stride||Strides}."
						]
					}
				]
			}
		},
		{
			"name": "Mechanical Assistant",
			"source": "TEC",
			"page": 34,
			"level": 5,
			"traits": [
				"unique",
				"n",
				"medium",
				"construct",
				"minion"
			],
			"perception": {
				"std": 12
			},
			"languages": {
				"languages": [
					"osiriani",
					"taldane"
				]
			},
			"skills": {
				"acrobatics": {
					"std": 12
				},
				"athletics": {
					"std": 12
				},
				"poetry lore": {
					"std": 3
				}
			},
			"abilityMods": {
				"str": 5,
				"dex": 5,
				"con": 4,
				"int": -4,
				"wis": 3,
				"cha": 0
			},
			"defenses": {
				"ac": {
					"std": 22
				},
				"savingThrows": {
					"fort": {
						"std": 13
					},
					"ref": {
						"std": 14
					},
					"will": {
						"std": 12
					}
				},
				"hp": [
					{
						"hp": 42
					}
				],
				"immunities": [
					"bleed",
					"death effects",
					"disease",
					"doomed",
					"drained",
					"fatigued",
					"healing",
					"necromancy",
					"nonlethal attacks",
					"paralyzed",
					"poison",
					"sickened",
					"unconscious"
				]
			},
			"speed": {
				"abilities": [
					"25"
				]
			},
			"attacks": [
				{
					"range": "Melee",
					"name": "fist",
					"attack": 12,
					"damage": "{@damage 2d8+7} bludgeoning"
				},
				{
					"range": "Melee",
					"traits": [
						"agile",
						"finesse"
					],
					"name": "retractable blade",
					"attack": 12,
					"damage": "{@damage 2d6+7} piercing"
				}
			],
			"abilities": {
				"bot": [
					{
						"name": "Inspired Recitation",
						"activity": {
							"number": 1,
							"unit": "action"
						},
						"entries": [
							"The mechanical assistant recites an inspiring poem, filling allies with determination and vigor. All allies within 60 feet gain a +1 status bonus to saving throws and 10 temporary Hit Points for 1 minute. Once an ally has benefited from this ability, they become temporarily immune to Inspired Recitation for 10 minutes."
						]
					}
				]
			}
		},
		{
			"name": "Kyem and Daleesha",
			"source": "TEC",
			"page": 40,
			"description": "Variant {@creature vulpinal|B3}",
			"level": 6,
			"traits": [
				"rare",
				"ne",
				"small",
				"agathion",
				"celestial"
			],
			"perception": {
				"std": 15
			},
			"senses": [
				{
					"name": "darkvision"
				}
			],
			"languages": {
				"languages": [
					"celestial",
					"common",
					"draconic",
					"infernal"
				],
				"abilities": [
					"{@spell speak with animals}",
					"{@spell tongues}"
				]
			},
			"skills": {
				"acrobatics": {
					"std": 12
				},
				"arcana": {
					"std": 15
				},
				"deception": {
					"std": 14
				},
				"medicine": {
					"std": 11
				},
				"nirvana lore": {
					"std": 15
				},
				"performance": {
					"std": 16
				},
				"religion": {
					"std": 13
				},
				"society": {
					"std": 13
				},
				"stealth": {
					"std": 12
				}
			},
			"abilityMods": {
				"str": 2,
				"dex": 4,
				"con": 4,
				"int": 5,
				"wis": 3,
				"cha": 6
			},
			"items": [
				"{@item handheld musical instrument||handheld instrument}"
			],
			"defenses": {
				"ac": {
					"std": 24
				},
				"savingThrows": {
					"fort": {
						"std": 12
					},
					"ref": {
						"std": 14
					},
					"will": {
						"std": 15
					}
				},
				"hp": [
					{
						"hp": 105
					}
				],
				"weaknesses": [
					{
						"name": "good",
						"amount": 5
					}
				]
			},
			"speed": {
				"walk": 30
			},
			"attacks": [
				{
					"range": "Melee",
					"traits": [
						"evil",
						"finesse",
						"magical"
					],
					"name": "jaws",
					"attack": 15,
					"damage": "{@damage 2d10+4} piercing plus {@damage 1d6} evil"
				},
				{
					"range": "Melee",
					"traits": [
						"agile",
						"evil",
						"finesse",
						"magical"
					],
					"name": "claw",
					"attack": 15,
					"damage": "{@damage 2d6+4} slashing plus {@damage 1d6} evil"
				}
			],
			"spellcasting": [
				{
					"tradition": "divine",
					"type": "Innate",
					"DC": 24,
					"entry": {
						"2": {
							"spells": [
								{
									"name": "deafness"
								},
								{
									"name": "detect alignment",
									"amount": "at will",
									"notes": [
										"good only"
									]
								},
								{
									"name": "invisibility",
									"amount": "at will",
									"notes": [
										"self only"
									]
								}
							]
						},
						"3": {
							"spells": [
								{
									"name": "agonizing despair",
									"source": "APG"
								},
								{
									"name": "blindness"
								},
								{
									"name": "sound burst"
								}
							]
						},
						"4": {
							"spells": [
								{
									"name": "dimension door"
								},
								{
									"name": "divine wrath"
								}
							]
						},
						"constant": {
							"5": {
								"spells": [
									{
										"name": "speak with animals"
									},
									{
										"name": "tongues"
									}
								]
							}
						}
					}
				}
			],
			"abilities": {
				"bot": [
					{
						"name": "Fox's Cunning",
						"entries": [
							"A vulpinal's core value is cunning. They can apply their knowledge and stories from their extensive travels to just about any situation in an instant. Before spending any other action on their turn, the vulpinal can {@action Recall Knowledge} as a free action."
						]
					}
				]
			}
		},
		{
			"name": "Amar",
			"source": "TEC",
			"page": 41,
			"level": 6,
			"traits": [
				"unique",
				"ne",
				"medium",
				"human",
				"humanoid"
			],
			"perception": {
				"std": 15
			},
			"senses": [
				{
					"name": "low-light vision"
				}
			],
			"languages": {
				"languages": [
					"osiriani",
					"taldane"
				]
			},
			"skills": {
				"deception": {
					"std": 13
				},
				"diplomacy": {
					"std": 15
				},
				"medicine": {
					"std": 11
				},
				"occultism": {
					"std": 15
				},
				"performance": {
					"std": 16
				},
				"society": {
					"std": 13
				},
				"stealth": {
					"std": 13
				}
			},
			"abilityMods": {
				"str": 2,
				"dex": 4,
				"con": 2,
				"int": 4,
				"wis": 2,
				"cha": 5
			},
			"items": [
				"{@item leather||leather armor}",
				"{@item handheld musical instrument||lute}",
				"{@runeItem rapier||+1 weapon potency||striking|}"
			],
			"defenses": {
				"ac": {
					"std": 23
				},
				"savingThrows": {
					"fort": {
						"std": 11
					},
					"ref": {
						"std": 17
					},
					"will": {
						"std": 14
					}
				},
				"hp": [
					{
						"hp": 100
					}
				]
			},
			"speed": {
				"walk": 25
			},
			"attacks": [
				{
					"range": "Melee",
					"traits": [
						"deadly d8",
						"disarm",
						"finesse"
					],
					"name": "rapier",
					"attack": 16,
					"damage": "{@damage 2d6+8} piercing"
				}
			],
			"spellcasting": [
				{
					"tradition": "occult",
					"type": "Spontaneous",
					"DC": 24,
					"attack": 16,
					"entry": {
						"0": {
							"level": 2,
							"spells": [
								{
									"name": "bullhorn",
									"source": "SoM"
								},
								{
									"name": "ghost sound"
								},
								{
									"name": "haunting hymn",
									"source": "SoM"
								},
								{
									"name": "light"
								},
								{
									"name": "summon instrument",
									"source": "APG"
								}
							]
						},
						"1": {
							"spells": [
								{
									"name": "biting words",
									"source": "SoM"
								},
								{
									"name": "charm"
								},
								{
									"name": "fear"
								}
							]
						},
						"2": {
							"spells": [
								{
									"name": "dispel magic"
								},
								{
									"name": "false life"
								},
								{
									"name": "mirror image"
								}
							]
						},
						"3": {
							"spells": [
								{
									"name": "agonizing despair",
									"source": "APG"
								},
								{
									"name": "roaring applause",
									"source": "SoM"
								},
								{
									"name": "slow"
								}
							]
						}
					}
				}
			],
			"abilities": {
				"bot": [
					{
						"name": "Cruel Performance",
						"activity": {
							"number": 2,
							"unit": "action"
						},
						"traits": [
							"occult",
							"evil",
							"sonic"
						],
						"frequency": {
							"number": 1,
							"unit": "day"
						},
						"entries": [
							"The bard makes cruel, cutting comments that draw blood. All enemies within 30 feet take {@damage 7d6} slashing damage (DC 24 basic Fortitude save)."
						]
					}
				]
			}
		},
		{
			"name": "Seddek",
			"source": "TEC",
			"page": 42,
			"description": "Male {@creature janni} enforcer",
			"level": 8,
			"traits": [
				"unique",
				"ne",
				"medium",
				"elemental",
				"genie"
			],
			"perception": {
				"std": 15
			},
			"senses": [
				{
					"name": "darkvision"
				}
			],
			"languages": {
				"languages": [
					"auran",
					"daemonic",
					"osiriani",
					"taldane"
				]
			},
			"skills": {
				"acrobatics": {
					"std": 11
				},
				"arcana": {
					"std": 13
				},
				"crafting": {
					"std": 11
				},
				"deception": {
					"std": 14
				},
				"survival": {
					"std": 15
				}
			},
			"abilityMods": {
				"str": 6,
				"dex": 3,
				"con": 4,
				"int": 1,
				"wis": 1,
				"cha": 5
			},
			"items": [
				"{@item murderer's knot}",
				"{@item composite shortbow} (20 {@item arrow (generic)||arrows})",
				"{@runeItem scimitar||+1 weapon potency||striking||shifting|}"
			],
			"defenses": {
				"ac": {
					"std": 23
				},
				"savingThrows": {
					"fort": {
						"std": 17
					},
					"ref": {
						"std": 14
					},
					"will": {
						"std": 11
					}
				},
				"hp": [
					{
						"hp": 115
					}
				],
				"resistances": [
					{
						"name": "fire",
						"amount": 7
					}
				]
			},
			"speed": {
				"walk": 20,
				"fly": 15
			},
			"attacks": [
				{
					"range": "Melee",
					"traits": [
						"forceful <+1>",
						"sweep"
					],
					"name": "scimitar",
					"attack": 17,
					"damage": "{@damage 2d6+12} slashing"
				},
				{
					"range": "Melee",
					"traits": [
						"agile",
						"magical",
						"nonlethal"
					],
					"name": "fist",
					"attack": 16,
					"damage": "{@damage 1d4+12} bludgeoning"
				},
				{
					"range": "Ranged",
					"traits": [
						"deadly <d10>",
						"propulsive",
						"range increment <60 feet>",
						"reload <0>"
					],
					"name": "composite shortbow",
					"attack": 15,
					"damage": "{@damage 1d6+7} piercing"
				}
			],
			"spellcasting": [
				{
					"tradition": "arcane",
					"type": "Innate",
					"DC": 24,
					"entry": {
						"1": {
							"spells": [
								{
									"name": "create water"
								}
							]
						},
						"2": {
							"spells": [
								{
									"name": "create food"
								},
								{
									"name": "invisibility",
									"amount": 3
								},
								{
									"name": "speak with animals"
								}
							]
						},
						"7": {
							"spells": [
								{
									"name": "plane shift",
									"notes": [
										"to {@place Astral Plane|GMG}, Elemental Planes, or {@place Material Plane|GMG} only"
									]
								}
							]
						}
					}
				}
			],
			"abilities": {
				"mid": [
					{
						"name": "Elemental Endurance",
						"entries": [
							"A janni can survive on any Elemental Plane for up to 48 hours, after which they take 1 damage per hour until they leave or die."
						]
					}
				],
				"bot": [
					{
						"name": "Change Size",
						"traits": [
							"arcane",
							"concentrate",
							"polymorph",
							"transmutation"
						],
						"frequency": {
							"number": 1,
							"unit": "day"
						},
						"entries": [
							"The janni changes a creature's size. This works as a 4th-level {@spell enlarge|PC1} or {@spell shrink|PC1} spell but can target an unwilling creature (DC 24 Fortitude save negates)."
						]
					}
				]
			}
		},
		{
			"name": "Samir and Amina",
			"source": "TEC",
			"page": 47,
			"description": "{@creature Muse Phantom|EC2|Muse phantoms}",
			"level": 5,
			"traits": [
				"uncommon",
				"ce",
				"medium",
				"incorporeal",
				"spirit",
				"undead"
			],
			"perception": {
				"std": 10
			},
			"senses": [
				{
					"name": "darkvision"
				}
			],
			"languages": {
				"languages": [
					"common",
					"necril"
				]
			},
			"skills": {
				"deception": {
					"std": 14
				},
				"diplomacy": {
					"std": 14
				},
				"occultism": {
					"std": 13
				},
				"performance": {
					"std": 16
				},
				"theater lore": {
					"std": 11
				}
			},
			"abilityMods": {
				"str": -5,
				"dex": 4,
				"con": 2,
				"int": 0,
				"wis": 3,
				"cha": 5
			},
			"defenses": {
				"ac": {
					"std": 21
				},
				"savingThrows": {
					"fort": {
						"std": 9
					},
					"ref": {
						"std": 13
					},
					"will": {
						"std": 14
					}
				},
				"hp": [
					{
						"hp": 50,
						"abilities": [
							"negative healing"
						]
					}
				],
				"immunities": [
					"death effects",
					"disease",
					"paralyzed",
					"poison",
					"precision",
					"unconscious"
				],
				"resistances": [
					{
						"name": "all damage",
						"amount": 5,
						"note": "except force"
					},
					{
						"name": "ghost touch"
					},
					{
						"name": "or positive"
					},
					{
						"name": "double resistance vs. non-magical)"
					}
				]
			},
			"speed": {
				"fly": 25
			},
			"attacks": [
				{
					"range": "Melee",
					"traits": [
						"agile",
						"finesse",
						"magical"
					],
					"name": "phantom hand",
					"attack": 13,
					"damage": "{@damage 2d6+5} negative"
				},
				{
					"range": "Ranged",
					"traits": [
						"magical",
						"range 60 feet",
						"sonic"
					],
					"name": "resonating note",
					"attack": 15,
					"damage": "{@damage 2d4+5} sonic"
				}
			],
			"spellcasting": [
				{
					"tradition": "occult",
					"type": "Spontaneous",
					"DC": 22,
					"attack": 14,
					"entry": {
						"0": {
							"level": 2,
							"spells": [
								{
									"name": "ghost sound"
								},
								{
									"name": "telekinetic projectile"
								}
							]
						},
						"1": {
							"spells": [
								{
									"name": "charm"
								},
								{
									"name": "fear"
								},
								{
									"name": "mindlink"
								}
							]
						},
						"2": {
							"spells": [
								{
									"name": "hideous laughter"
								},
								{
									"name": "invisibility",
									"amount": "at will",
									"notes": [
										"self only"
									]
								}
							]
						}
					}
				}
			],
			"abilities": {
				"top": [
					{
						"name": "Thespian Aura",
						"traits": [
							"aura",
							"emotion",
							"mental",
							"occult"
						],
						"entries": [
							"30 feet.",
							"The muse phantom inspires a supernaturally extreme emotional response\u2014either with biting comedy or bitter drama. Each creature that begins its turn in the aura must attempt a DC 20 Will save; on a failure, the creature is affected as long as it remains within the aura. If the muse phantom is emitting a comedic aura, affected creatures become {@condition clumsy||clumsy 1}; if it is emitting a dramatic aura, affected creatures instead become {@condition stupefied||stupefied 1}.",
							"The muse phantom can change its aura from comedic to dramatic or vice versa, or cease or activate this aura, by spending a single action, which has the {@trait concentrate} trait. A creature possessed by a muse phantom is immune to this aura."
						]
					}
				],
				"bot": [
					{
						"name": "Grand Finale",
						"activity": {
							"number": 3,
							"unit": "action"
						},
						"traits": [
							"mental",
							"occult"
						],
						"requirements": "The muse phantom's thespian aura is active",
						"entries": [
							"The muse ceases its thespian aura and deals {@damage 4d8} mental damage to creatures in a 30-foot burst, including the creature it is possessing, if any (DC 22 basic Will save). Creatures that fail their Will saves are {@condition fascinated} by the muse phantom for 1 minute. The muse phantom can't use Grand Finale again for {@dice 1d4} rounds."
						]
					},
					{
						"name": "Muse Possession",
						"activity": {
							"number": 2,
							"unit": "action"
						},
						"entries": [
							"The phantom muse attempts to possess an adjacent corporeal creature. This has the same effect as the {@spell possession|PC1} spell (DC 20), except the duration is {@dice 1d4} hours, and since the phantom muse doesn't have a physical body, it is unaffected by that restriction of the spell. If the target is at least trained in {@skill Performance}, the DC of this ability is 24."
						]
					}
				]
			}
		},
		{
			"name": "Zridi",
			"source": "TEC",
			"page": 49,
			"description": "Female {@creature pairaka|B3}",
			"level": 8,
			"traits": [
				"unique",
				"le",
				"medium",
				"div",
				"fiend"
			],
			"perception": {
				"std": 16
			},
			"senses": [
				{
					"name": "greater darkvision"
				}
			],
			"languages": {
				"languages": [
					"daemonic",
					"osiriani"
				],
				"abilities": [
					"telepathy 100 feet"
				]
			},
			"skills": {
				"acrobatics": {
					"std": 15
				},
				"arcana": {
					"std": 14
				},
				"deception": {
					"std": 21
				},
				"diplomacy": {
					"std": 21
				},
				"intimidation": {
					"std": 17
				},
				"religion": {
					"std": 14
				},
				"society": {
					"std": 14
				},
				"stealth": {
					"std": 17
				}
			},
			"abilityMods": {
				"str": 3,
				"dex": 5,
				"con": 3,
				"int": 3,
				"wis": 4,
				"cha": 7
			},
			"items": [
				"{@item horn of fog}"
			],
			"defenses": {
				"ac": {
					"std": 26
				},
				"savingThrows": {
					"fort": {
						"std": 13
					},
					"ref": {
						"std": 17
					},
					"will": {
						"std": 18
					},
					"abilities": [
						"+1 status to all saves vs. magic"
					]
				},
				"hp": [
					{
						"hp": 125
					}
				],
				"immunities": [
					"disease"
				],
				"weaknesses": [
					{
						"name": "cold iron",
						"amount": 6
					},
					{
						"name": "good",
						"amount": 6
					}
				]
			},
			"speed": {
				"walk": 25,
				"fly": 35
			},
			"attacks": [
				{
					"range": "Melee",
					"traits": [
						"agile",
						"evil",
						"finesse",
						"magical"
					],
					"name": "claw",
					"attack": 18,
					"damage": "{@damage 2d8+7} slashing plus {@damage 1d6} evil and bubonic plague"
				}
			],
			"spellcasting": [
				{
					"tradition": "divine",
					"type": "Innate",
					"DC": 26,
					"entry": {
						"0": {
							"level": 4,
							"spells": [
								{
									"name": "detect magic"
								}
							]
						},
						"4": {
							"spells": [
								{
									"name": "charm",
									"amount": "at will"
								},
								{
									"name": "dimension door",
									"amount": "at will"
								},
								{
									"name": "misdirection",
									"amount": "at will",
									"notes": [
										"self only"
									]
								},
								{
									"name": "outcast's curse",
									"amount": "at will"
								},
								{
									"name": "suggestion",
									"amount": "at will"
								}
							]
						}
					}
				}
			],
			"rituals": [
				{
					"DC": 26,
					"rituals": [
						{
							"name": "div pact",
							"source": "B3"
						}
					]
				}
			],
			"abilities": {
				"mid": [
					{
						"name": "Hatred of Red",
						"entries": [
							"Pairakas hate the color red. Zridi won't wear the color or willingly enter any place painted red. Given a choice, she'll attack a creature wearing red first. If barred from expressing her displeasure toward the color by force or some {@trait magical} effect, she takes {@damage 2d6} mental damage at the end of her turn."
						]
					}
				],
				"bot": [
					{
						"type": "affliction",
						"note": "A creature can't remove the {@condition fatigued} condition while infected",
						"name": "Bubonic Plague",
						"traits": [
							"disease"
						],
						"DC": 24,
						"savingThrow": "Fortitude",
						"onset": "1 day",
						"stages": [
							{
								"stage": 1,
								"entry": "{@condition fatigued}",
								"duration": "1 day"
							},
							{
								"stage": 2,
								"entry": "{@condition enfeebled||enfeebled 2} and {@condition fatigued}",
								"duration": "1 day"
							},
							{
								"stage": 3,
								"entry": "{@condition enfeebled||enfeebled 3}, {@condition fatigued}, and take {@damage 1d6} {@condition persistent damage||persistent bleed damage} every {@dice 1d20} minutes",
								"duration": "1 day"
							}
						]
					},
					{
						"name": "Change Shape",
						"activity": {
							"number": 1,
							"unit": "action"
						},
						"traits": [
							"divine",
							"concentrate",
							"polymorph",
							"transmutation"
						],
						"entries": [
							"Zridi can take the appearance of any Small or Medium humanoid or animal. This doesn't change her Speed or her attack and damage modifiers with the Strikes, but it might change the damage type her Strikes deal."
						],
						"generic": {
							"tag": "ability"
						}
					},
					{
						"name": "Compelled Performance",
						"activity": {
							"number": 2,
							"unit": "action"
						},
						"traits": [
							"divine",
							"emotion",
							"enchantment",
							"mental"
						],
						"frequency": {
							"number": 1,
							"unit": "day"
						},
						"entries": [
							"Zridi grants the target a +2 status bonus to {@skill Performance} checks for one week. The target must attempt a DC 26 Will save.",
							{
								"type": "successDegree",
								"entries": {
									"Critical Success": [
										"No further effect."
									],
									"Success": [
										"The target must {@action Perform} for 1 action on its next turn."
									],
									"Failure": [
										"The target must {@action Perform} for 3 actions on its next turn, undertaking a {@skill Performance} task set by Zridi."
									],
									"Critical Failure": [
										"As failure, but Zridi can choose to delay the effect and trigger it at any point in the next week as a reaction."
									]
								}
							}
						]
					},
					{
						"name": "Tormenting Dreams",
						"activity": {
							"number": 2,
							"unit": "action"
						},
						"traits": [
							"divine",
							"emotion",
							"enchantment",
							"mental"
						],
						"frequency": {
							"number": 1,
							"unit": "day"
						},
						"entries": [
							"Zridi torments a sleeping creature within 100 feet with visions of betrayals by loved ones and friends. The target must attempt a DC 26 Will save, with the effects of the {@spell nightmare|PC1} spell."
						]
					}
				]
			}
		},
		{
			"name": "Sand Wolf",
			"source": "TEC",
			"page": 62,
			"level": 5,
			"traits": [
				"uncommon",
				"n",
				"large",
				"air",
				"beast",
				"earth"
			],
			"perception": {
				"std": 14
			},
			"senses": [
				{
					"name": "low-light vision"
				},
				{
					"name": "tremorsense",
					"type": "imprecise",
					"unit": "feet",
					"number": 30
				}
			],
			"languages": {
				"languages": [
					"auran",
					"terran"
				],
				"notes": [
					"(can't speak any language)"
				]
			},
			"skills": {
				"athletics": {
					"std": 12
				},
				"performance": {
					"std": 13
				},
				"stealth": {
					"std": 11,
					"in deserts": 13
				},
				"survival": {
					"std": 12
				}
			},
			"abilityMods": {
				"str": 5,
				"dex": 4,
				"con": 2,
				"int": -2,
				"wis": 2,
				"cha": 3
			},
			"defenses": {
				"ac": {
					"std": 21
				},
				"savingThrows": {
					"fort": {
						"std": 12
					},
					"ref": {
						"std": 15
					},
					"will": {
						"std": 9
					}
				},
				"hp": [
					{
						"hp": 92
					}
				],
				"resistances": [
					{
						"name": "acid",
						"amount": 5
					},
					{
						"name": "electricity",
						"amount": 5
					},
					{
						"name": "piercing",
						"amount": 5
					},
					{
						"name": "slashing",
						"amount": 5
					}
				]
			},
			"speed": {
				"walk": 30,
				"burrow": 20,
				"fly": 20
			},
			"attacks": [
				{
					"range": "Melee",
					"name": "jaws",
					"attack": 14,
					"damage": "{@damage 2d6+5} piercing plus Grab"
				},
				{
					"range": "Ranged",
					"traits": [
						"range 30 feet"
					],
					"name": "sand blast",
					"attack": 12,
					"damage": "{@damage 2d10} slashing"
				}
			],
			"abilities": {
				"mid": [
					{
						"name": "Water Vulnerability",
						"entries": [
							"Sand wolves take 5 additional damage from attacks and effects with the {@trait water} trait."
						]
					},
					{
						"name": "Collapse Into Sand",
						"activity": {
							"number": 1,
							"unit": "reaction"
						},
						"trigger": "The sand wolf is hit by an {@trait attack}",
						"entries": [
							"The sand wolf's body falls apart into a cloud of sand. It takes no damage from the triggering attack, and its resistances increase to 8. The sand wolf must spend one action to reform its body before it can move or attack."
						]
					}
				],
				"bot": [
					{
						"name": "Choking Sands",
						"activity": {
							"number": 2,
							"unit": "action"
						},
						"traits": [
							"air",
							"earth",
							"primal"
						],
						"entries": [
							"The sand wolf discorporates into a cloud of whirling sand. It can {@action Stride}, moving freely through occupied spaces. Any creatures within those spaces take {@dice 2d10} damage and must attempt a DC 19 Reflex save.",
							{
								"type": "successDegree",
								"entries": {
									"Critical Success": [
										"The target takes no damage."
									],
									"Success": [
										"The target takes half damage."
									],
									"Failure": [
										"The target takes full damage and is {@condition sickened||sickened 1}."
									],
									"Critical Failure": [
										"As failure, but the effect is increased to {@condition sickened||sickened 3}."
									]
								}
							}
						]
					},
					{
						"name": "Susurrating Song",
						"activity": {
							"number": 1,
							"unit": "action"
						},
						"traits": [
							"air",
							"earth",
							"primal",
							"sonic"
						],
						"entries": [
							"The sand wolf sings a short, enchanting song. Any creature other than a sand wolf within 30 feet must attempt a DC 19 Will save.",
							{
								"type": "successDegree",
								"entries": {
									"Critical Success": [
										"The target is unaffected and is temporarily immune to further susurrating song exposures for 24 hours."
									],
									"Success": [
										"The target is {@condition stupefied||stupefied 1}."
									],
									"Failure": [
										"The target is {@condition stupefied||stupefied 2}."
									],
									"Critical Failure": [
										"As failure, and the target is {@condition slowed||slowed 1}."
									]
								}
							}
						]
					}
				]
			}
		},
		{
			"name": "Scrapborn",
			"source": "TEC",
			"page": 63,
			"level": 5,
			"traits": [
				"rare",
				"ne",
				"medium",
				"aberration",
				"aquatic"
			],
			"perception": {
				"std": 10
			},
			"senses": [
				{
					"name": "low-light vision"
				}
			],
			"languages": {
				"languages": [
					"aquan",
					"common"
				]
			},
			"skills": {
				"athletics": {
					"std": 12
				},
				"intimidation": {
					"std": 12
				},
				"stealth": {
					"std": 11,
					"in sewers and scrapyards": 15
				}
			},
			"abilityMods": {
				"str": 5,
				"dex": 4,
				"con": 3,
				"int": 0,
				"wis": 1,
				"cha": -2
			},
			"defenses": {
				"ac": {
					"std": 22
				},
				"savingThrows": {
					"fort": {
						"std": 14
					},
					"ref": {
						"std": 11
					},
					"will": {
						"std": 9
					}
				},
				"hp": [
					{
						"hp": 81
					}
				],
				"resistances": [
					{
						"name": "acid",
						"amount": 5
					}
				],
				"weaknesses": [
					{
						"name": "electricity",
						"amount": 5
					}
				]
			},
			"speed": {
				"walk": 25,
				"swim": 30
			},
			"attacks": [
				{
					"range": "Melee",
					"name": "claw",
					"attack": 14,
					"damage": "{@damage 2d8+5} piercing"
				},
				{
					"range": "Ranged",
					"name": "thrown scrap",
					"attack": 13,
					"damage": "{@damage 2d8+2} bludgeoning"
				}
			],
			"abilities": {
				"mid": [
					{
						"name": "Sacrifice Armor",
						"activity": {
							"number": 1,
							"unit": "reaction"
						},
						"trigger": "The scrapborn is damaged by an attack dealing physical damage",
						"entries": [
							"The scrapborn directs the damage to one of the pieces of scrap attached to its body and gains resistance 15 against the triggering attack, but its AC is lowered by 2 for 24 hours. The scrapborn's AC cannot be reduced below 16 in this way."
						]
					}
				],
				"bot": [
					{
						"name": "Rebuild Armor",
						"activity": {
							"number": 1,
							"unit": "action"
						},
						"requirements": "The scrapborn's previous action was a successful claw {@action Strike} against a target wearing armor and that armor is not {@condition broken}",
						"entries": [
							"The scrapborn pulls and rips at the target's armor. The target must attempt a DC 20 Reflex save.",
							{
								"type": "successDegree",
								"entries": {
									"Critical Success": [
										"The target is unaffected."
									],
									"Success": [
										"The target's armor takes {@damage 1d8} piercing damage, ignoring the armor's Hardness."
									],
									"Failure": [
										"The target's armor takes {@damage 2d8} piercing damage, which ignores the armor's Hardness; if this causes the armor to become {@condition broken}, the scrapborn can incorporate the removed armor piece into its own body and raise its AC by 1 (to a maximum of 22)."
									],
									"Critical Failure": [
										"As failure, except instead of damage, the target's armor is automatically reduced to its BT and the scrapborn increases its AC by 2."
									]
								}
							}
						]
					}
				]
			}
		}
	]
}
