{
	"creatureFluff": [
		{
			"images": [
				"https://2e.aonprd.com/Images/Monsters/Ravenile.png"
			],
			"source": "AoE3",
			"name": "Ravenile Rager",
			"entries": []
		},
		{
			"images": [
				"https://2e.aonprd.com/Images/Monsters/Ghoul_BarnacleGhoul.png"
			],
			"source": "AoE3",
			"name": "Barnacle Ghoul",
			"entries": []
		},
		{
			"images": [
				"https://2e.aonprd.com/Images/Monsters/Avarek.png"
			],
			"source": "AoE3",
			"name": "Avarek",
			"entries": []
		},
		{
			"images": [
				"https://2e.aonprd.com/Images/Monsters/Eberark.png"
			],
			"source": "AoE3",
			"name": "Eberark",
			"entries": []
		},
		{
			"images": [
				"https://2e.aonprd.com/Images/Monsters/Bregdi.png"
			],
			"source": "AoE3",
			"name": "Bregdi",
			"entries": []
		},
		{
			"images": [
				"https://2e.aonprd.com/Images/Monsters/Svartalfar_SvartalfarKiller.png"
			],
			"source": "AoE3",
			"name": "Svartalfar Killer",
			"entries": []
		}
	]
}
