{
	"creatureFluff": [
		{
			"images": [
				"https://2e.aonprd.com/Images/Monsters/Qurashith.png"
			],
			"source": "EC4",
			"name": "Qurashith",
			"entries": []
		},
		{
			"images": [
				"https://2e.aonprd.com/Images/Monsters/Xulgath_XulgathGutrager.png"
			],
			"source": "EC4",
			"name": "Xulgath Gutrager",
			"entries": []
		},
		{
			"images": [
				"https://2e.aonprd.com/Images/Monsters/HarrowDoll.png"
			],
			"source": "EC4",
			"name": "Harrow Doll",
			"entries": []
		},
		{
			"images": [
				"https://2e.aonprd.com/Images/Monsters/Xilvirek.png"
			],
			"source": "EC4",
			"name": "Xilvirek",
			"entries": []
		},
		{
			"images": [
				"https://2e.aonprd.com/Images/Monsters/Brughadatch.png"
			],
			"source": "EC4",
			"name": "Gahlepod",
			"entries": []
		},
		{
			"images": [
				"https://2e.aonprd.com/Images/Monsters/Brughadatch.png"
			],
			"source": "EC4",
			"name": "Doblagub",
			"entries": []
		},
		{
			"images": [
				"https://2e.aonprd.com/Images/Monsters/FacelessButcher.png"
			],
			"source": "EC4",
			"name": "Faceless Butcher",
			"entries": []
		},
		{
			"images": [
				"https://2e.aonprd.com/Images/Monsters/TallowOoze.png"
			],
			"source": "EC4",
			"name": "Tallow Ooze",
			"entries": []
		},
		{
			"images": [
				"https://2e.aonprd.com/Images/Monsters/Brughadatch.png"
			],
			"source": "EC4",
			"name": "Brughadatch",
			"entries": []
		},
		{
			"images": [
				"https://2e.aonprd.com/Images/Monsters/GiantAukashungi.png"
			],
			"source": "EC4",
			"name": "Giant Aukashungi",
			"entries": []
		}
	]
}
