{
	"creatureFluff": [
		{
			"entries": [],
			"source": "GW2",
			"images": [
				"https://2e.aonprd.com/Images/Monsters/Myroga.png"
			],
			"name": "Myroga"
		},
		{
			"entries": [],
			"source": "GW2",
			"images": [
				"https://2e.aonprd.com/Images/Monsters/Glimmervine.png"
			],
			"name": "Glimmervine"
		},
		{
			"entries": [],
			"source": "GW2",
			"images": [
				"https://2e.aonprd.com/Images/Monsters/Sakuachi.png"
			],
			"name": "Sakuachi"
		},
		{
			"entries": [],
			"source": "GW2",
			"images": [
				"https://2e.aonprd.com/Images/Monsters/Demon_Kithangian.png"
			],
			"name": "Kithangian"
		},
		{
			"entries": [],
			"source": "GW2",
			"images": [
				"https://2e.aonprd.com/Images/Monsters/Kvernknurr.png"
			],
			"name": "Kvernknurr"
		},
		{
			"entries": [],
			"source": "GW2",
			"images": [
				"https://2e.aonprd.com/Images/Monsters/SkinBeetleSwarm.png"
			],
			"name": "Skin Beetle Swarm"
		},
		{
			"entries": [],
			"source": "GW2",
			"images": [
				"https://2e.aonprd.com/Images/Monsters/CapstanSwabbie.png"
			],
			"name": "Capstan Swabbie"
		},
		{
			"entries": [],
			"source": "GW2",
			"images": [
				"https://2e.aonprd.com/Images/Monsters/SpiritGuide_StoneBreastedOwl.png"
			],
			"name": "Stone-Breasted Owl"
		},
		{
			"entries": [],
			"source": "GW2",
			"images": [
				"https://2e.aonprd.com/Images/Monsters/SpiritGuide_GreenMonkey.png"
			],
			"name": "Green Monkey"
		}
	]
}
