{
	"creatureFluff": [
		{
			"images": [
				"https://2e.aonprd.com/Images/Monsters/Gorga_Ocluai.png"
			],
			"name": "Ocluai",
			"source": "GW1",
			"entries": []
		},
		{
			"images": [
				"https://2e.aonprd.com/Images/Monsters/Amelekana.png"
			],
			"name": "Amelekana",
			"source": "GW1",
			"entries": []
		},
		{
			"images": [
				"https://2e.aonprd.com/Images/Monsters/DesaDesa.png"
			],
			"name": "Desa-Desa",
			"source": "GW1",
			"entries": []
		},
		{
			"images": [
				"https://2e.aonprd.com/Images/Monsters/Gorga_Temagyr.png"
			],
			"name": "Temagyr",
			"source": "GW1",
			"entries": []
		},
		{
			"images": [
				"https://2e.aonprd.com/Images/Monsters/KaneepoTheSlim.png"
			],
			"name": "Kaneepo the Slim",
			"source": "GW1",
			"entries": []
		},
		{
			"images": [
				"https://2e.aonprd.com/Images/Monsters/Immolis.png"
			],
			"name": "Immolis",
			"source": "GW1",
			"entries": []
		},
		{
			"images": [
				"https://2e.aonprd.com/Images/Monsters/BolanNogasso.png"
			],
			"name": "Bolan Nogasso",
			"source": "GW1",
			"entries": []
		},
		{
			"images": [
				"https://2e.aonprd.com/Images/Monsters/Kareq.png"
			],
			"name": "Kareq",
			"source": "GW1",
			"entries": []
		}
	]
}
