{
	"creatureFluff": [
		{
			"images": [
				"https://2e.aonprd.com/Images/Monsters/Herexen_Ecclesiarch.png"
			],
			"source": "BotD",
			"name": "Faithless Ecclesiarch",
			"entries": []
		},
		{
			"images": [
				"https://2e.aonprd.com/Images/Monsters/GrapplingSpirit.png"
			],
			"source": "BotD",
			"name": "Grappling Spirit",
			"entries": []
		},
		{
			"images": [
				"https://2e.aonprd.com/Images/Monsters/Sluagh_Queen.png"
			],
			"source": "BotD",
			"name": "Queen Sluagh",
			"entries": []
		},
		{
			"images": [
				"https://2e.aonprd.com/Images/Monsters/Tormented.png"
			],
			"source": "BotD",
			"name": "Tormented",
			"entries": []
		},
		{
			"images": [
				"https://2e.aonprd.com/Images/Monsters/Shredskin.png"
			],
			"source": "BotD",
			"name": "Shredskin",
			"entries": []
		},
		{
			"images": [
				"https://2e.aonprd.com/Images/Monsters/Skeleton_Beetle.png"
			],
			"source": "BotD",
			"name": "Beetle Carapace",
			"entries": []
		},
		{
			"images": [
				"https://2e.aonprd.com/Images/Monsters/Ghoul_PriestOfKabriri.png"
			],
			"source": "BotD",
			"name": "Priest of Kabriri",
			"entries": []
		},
		{
			"images": [
				"https://2e.aonprd.com/Images/Monsters/Beheaded.png"
			],
			"source": "BotD",
			"name": "Taunting Skull",
			"entries": []
		},
		{
			"images": [
				"https://2e.aonprd.com/Images/Monsters/Vampire_MinisterOfTumult.png"
			],
			"source": "BotD",
			"name": "Minister of Tumult",
			"entries": []
		},
		{
			"images": [
				"https://2e.aonprd.com/Images/Monsters/Daqqanoenyent.png"
			],
			"source": "BotD",
			"name": "Daqqanoenyent",
			"entries": []
		},
		{
			"images": [
				"https://2e.aonprd.com/Images/Monsters/Vampire_VetalaranaEmergent.png"
			],
			"source": "BotD",
			"name": "Vetalarana Emergent",
			"entries": []
		},
		{
			"images": [
				"https://2e.aonprd.com/Images/Monsters/PaleSovereign.png"
			],
			"source": "BotD",
			"name": "Pale Sovereign",
			"entries": []
		},
		{
			"images": [
				"https://2e.aonprd.com/Images/Monsters/Llorona.png"
			],
			"source": "BotD",
			"name": "Llorona",
			"entries": []
		},
		{
			"images": [
				"https://2e.aonprd.com/Images/Monsters/IchorSlinger.png"
			],
			"source": "BotD",
			"name": "Ichor Slinger",
			"entries": []
		},
		{
			"images": [
				"https://2e.aonprd.com/Images/Monsters/Zombie_HuskZombie.png"
			],
			"source": "BotD",
			"name": "Husk Zombie",
			"entries": []
		},
		{
			"images": [
				"https://2e.aonprd.com/Images/Monsters/Fluxwraith.png"
			],
			"source": "BotD",
			"name": "Fluxwraith",
			"entries": []
		},
		{
			"images": [
				"https://2e.aonprd.com/Images/Monsters/Bhuta.png"
			],
			"source": "BotD",
			"name": "Bhuta",
			"entries": []
		},
		{
			"images": [
				"https://2e.aonprd.com/Images/Monsters/Skeleton_Titan.png"
			],
			"source": "BotD",
			"name": "Skeletal Titan",
			"entries": []
		},
		{
			"images": [
				"https://2e.aonprd.com/Images/Monsters/Gallowdead.png"
			],
			"source": "BotD",
			"name": "Gallowdead",
			"entries": []
		},
		{
			"images": [
				"https://2e.aonprd.com/Images/Monsters/Darvakka_Vanyver.png"
			],
			"source": "BotD",
			"name": "Vanyver",
			"entries": []
		},
		{
			"images": [
				"https://2e.aonprd.com/Images/Monsters/Wight_HunterWight.png"
			],
			"source": "BotD",
			"name": "Hunter Wight",
			"entries": []
		},
		{
			"images": [
				"https://2e.aonprd.com/Images/Monsters/BoneCroupier.png"
			],
			"source": "BotD",
			"name": "Bone Croupier",
			"entries": []
		},
		{
			"images": [
				"https://2e.aonprd.com/Images/Monsters/FiddlingBones.png"
			],
			"source": "BotD",
			"name": "Fiddling Bones",
			"entries": []
		},
		{
			"images": [
				"https://2e.aonprd.com/Images/Monsters/DeathlessHierophant.png"
			],
			"source": "BotD",
			"name": "Deathless Hierophant of Urgathoa",
			"entries": []
		},
		{
			"images": [
				"https://2e.aonprd.com/Images/Monsters/HollowSerpent.png"
			],
			"source": "BotD",
			"name": "Hollow Serpent",
			"entries": []
		},
		{
			"images": [
				"https://2e.aonprd.com/Images/Monsters/Siabrae.png"
			],
			"source": "BotD",
			"name": "Siabrae",
			"entries": []
		},
		{
			"images": [
				"https://2e.aonprd.com/Images/Monsters/Ghost_HungryGhost.png"
			],
			"source": "BotD",
			"name": "Hungry Ghost",
			"entries": []
		},
		{
			"images": [
				"https://2e.aonprd.com/Images/Monsters/Darvakka_Sykever.png"
			],
			"source": "BotD",
			"name": "Sykever",
			"entries": []
		},
		{
			"images": [
				"https://2e.aonprd.com/Images/Monsters/Revenant_PaleStranger.png"
			],
			"source": "BotD",
			"name": "Pale Stranger",
			"entries": []
		},
		{
			"images": [
				"https://2e.aonprd.com/Images/Monsters/Onryo.png"
			],
			"source": "BotD",
			"name": "Onryo",
			"entries": []
		},
		{
			"images": [
				"https://2e.aonprd.com/Images/Monsters/Polong.png"
			],
			"source": "BotD",
			"name": "Polong",
			"entries": []
		},
		{
			"images": [
				"https://2e.aonprd.com/Images/Monsters/CadaverousRake.png"
			],
			"source": "BotD",
			"name": "Cadaverous Rake",
			"entries": []
		},
		{
			"images": [
				"https://2e.aonprd.com/Images/Monsters/Beheaded_FesteringGnasher.png"
			],
			"source": "BotD",
			"name": "Festering Gnasher",
			"entries": []
		},
		{
			"images": [
				"https://2e.aonprd.com/Images/Monsters/LittleManInTheWoods.png"
			],
			"source": "BotD",
			"name": "Little Man in the Woods",
			"entries": []
		},
		{
			"images": [
				"https://2e.aonprd.com/Images/Monsters/DeathlessAcolyte.png"
			],
			"source": "BotD",
			"name": "Deathless Acolyte of Urgathoa",
			"entries": []
		},
		{
			"images": [
				"https://2e.aonprd.com/Images/Monsters/Darvakka_Nasurgeth.png"
			],
			"source": "BotD",
			"name": "Nasurgeth",
			"entries": []
		},
		{
			"images": [
				"https://2e.aonprd.com/Images/Monsters/IruxiOssature.png"
			],
			"source": "BotD",
			"name": "Iruxi Ossature",
			"entries": []
		},
		{
			"images": [
				"https://2e.aonprd.com/Images/Monsters/Zombie_ZombieOwlbear.png"
			],
			"source": "BotD",
			"name": "Zombie Owlbear",
			"entries": []
		},
		{
			"images": [
				"https://2e.aonprd.com/Images/Monsters/Mummy_DecrepitMummy.png"
			],
			"source": "BotD",
			"name": "Decrepit Mummy",
			"entries": []
		},
		{
			"images": [
				"https://2e.aonprd.com/Images/Monsters/Sluagh_Reaper.png"
			],
			"source": "BotD",
			"name": "Sluagh Reaper",
			"entries": []
		},
		{
			"images": [
				"https://2e.aonprd.com/Images/Monsters/Mummy_ProphetOfSet.png"
			],
			"source": "BotD",
			"name": "Mummy Prophet of Set",
			"entries": []
		},
		{
			"images": [
				"https://2e.aonprd.com/Images/Monsters/Skeleton_Mage.png"
			],
			"source": "BotD",
			"name": "Skeletal Mage",
			"entries": []
		},
		{
			"images": [
				"https://2e.aonprd.com/Images/Monsters/Mummy_IroranMummy.png"
			],
			"source": "BotD",
			"name": "Iroran Mummy",
			"entries": []
		},
		{
			"images": [
				"https://2e.aonprd.com/Images/Monsters/GraveknightWarmaster.png"
			],
			"source": "BotD",
			"name": "Graveknight Warmaster",
			"entries": []
		},
		{
			"images": [
				"https://2e.aonprd.com/Images/Monsters/Skeleton_Wolf.png"
			],
			"source": "BotD",
			"name": "Wolf Skeleton",
			"entries": []
		},
		{
			"images": [
				"https://2e.aonprd.com/Images/Monsters/Excorion.png"
			],
			"source": "BotD",
			"name": "Excorion",
			"entries": []
		},
		{
			"images": [
				"https://2e.aonprd.com/Images/Monsters/Lich_RunecarvedLich.png"
			],
			"source": "BotD",
			"name": "Runecarved Lich",
			"entries": []
		},
		{
			"images": [
				"https://2e.aonprd.com/Images/Monsters/Darvakka_Urveth.png"
			],
			"source": "BotD",
			"name": "Urveth",
			"entries": []
		},
		{
			"images": [
				"https://2e.aonprd.com/Images/Monsters/Gashadokuro.png"
			],
			"source": "BotD",
			"name": "Gashadokuro",
			"entries": []
		},
		{
			"images": [
				"https://2e.aonprd.com/Images/Monsters/Mummy_IceMummy.png"
			],
			"source": "BotD",
			"name": "Ice Mummy",
			"entries": []
		},
		{
			"images": [
				"https://2e.aonprd.com/Images/Monsters/HarloKrant.png"
			],
			"source": "BotD",
			"name": "Harlo Krant",
			"entries": []
		},
		{
			"images": [
				"https://2e.aonprd.com/Images/Monsters/Geist.png"
			],
			"source": "BotD",
			"name": "Geist",
			"entries": []
		},
		{
			"images": [
				"https://2e.aonprd.com/Images/Monsters/Wight_WightCommander.png"
			],
			"source": "BotD",
			"name": "Wight Commander",
			"entries": []
		},
		{
			"images": [
				"https://2e.aonprd.com/Images/Monsters/Herexen_FallenChampion.png"
			],
			"source": "BotD",
			"name": "Fallen Champion",
			"entries": []
		},
		{
			"images": [
				"https://2e.aonprd.com/Images/Monsters/RisenPet_Rabbit.png"
			],
			"source": "BotD",
			"name": "Predatory Rabbit",
			"entries": []
		},
		{
			"images": [
				"https://2e.aonprd.com/Images/Monsters/Mortic_Jitterbone.png"
			],
			"source": "BotD",
			"name": "Jitterbone Contortionist",
			"entries": []
		},
		{
			"images": [
				"https://2e.aonprd.com/Images/Monsters/Unrisen.png"
			],
			"source": "BotD",
			"name": "Unrisen",
			"entries": []
		},
		{
			"images": [
				"https://2e.aonprd.com/Images/Monsters/Vampire_VetalaranaManipulator.png"
			],
			"source": "BotD",
			"name": "Vetalarana Manipulator",
			"entries": []
		},
		{
			"images": [
				"https://2e.aonprd.com/Images/Monsters/Verdorite_Waldgeist.png"
			],
			"source": "BotD",
			"name": "Waldgeist",
			"entries": []
		},
		{
			"images": [
				"https://2e.aonprd.com/Images/Monsters/RawNerve.png"
			],
			"source": "BotD",
			"name": "Raw Nerve",
			"entries": []
		},
		{
			"images": [
				"https://2e.aonprd.com/Images/Monsters/Corpseroot.png"
			],
			"source": "BotD",
			"name": "Corpseroot",
			"entries": []
		},
		{
			"images": [
				"https://2e.aonprd.com/Images/Monsters/Ghoul_Lacedon.png"
			],
			"source": "BotD",
			"name": "Lacedon",
			"entries": []
		},
		{
			"images": [
				"https://2e.aonprd.com/Images/Monsters/Zombie_ZombieLord.png"
			],
			"source": "BotD",
			"name": "Zombie Lord",
			"entries": []
		},
		{
			"images": [
				"https://2e.aonprd.com/Images/Monsters/Mortic_ShadernImmolator.png"
			],
			"source": "BotD",
			"name": "Shadern Immolator",
			"entries": []
		},
		{
			"images": [
				"https://2e.aonprd.com/Images/Monsters/Revenant_SilentStalker.png"
			],
			"source": "BotD",
			"name": "Silent Stalker",
			"entries": []
		},
		{
			"images": [
				"https://2e.aonprd.com/Images/Monsters/ChildOfUrgathoa.png"
			],
			"source": "BotD",
			"name": "Child of Urgathoa",
			"entries": []
		},
		{
			"images": [
				"https://2e.aonprd.com/Images/Monsters/Lich_HordeLich.png"
			],
			"source": "BotD",
			"name": "Horde Lich",
			"entries": []
		},
		{
			"images": [
				"https://2e.aonprd.com/Images/Monsters/Combusted.png"
			],
			"source": "BotD",
			"name": "Combusted",
			"entries": []
		},
		{
			"images": [
				"https://2e.aonprd.com/Images/Monsters/DeathCoach.png"
			],
			"source": "BotD",
			"name": "Death Coach",
			"entries": []
		},
		{
			"images": [
				"https://2e.aonprd.com/Images/Monsters/Ecorche.png"
			],
			"source": "BotD",
			"name": "Ecorche",
			"entries": []
		},
		{
			"images": [
				"https://2e.aonprd.com/Images/Monsters/Obrousian.png"
			],
			"source": "BotD",
			"name": "Obrousian",
			"entries": []
		},
		{
			"images": [
				"https://2e.aonprd.com/Images/Monsters/Ghost_GhostPirateCaptain.png"
			],
			"source": "BotD",
			"name": "Ghost Pirate Captain",
			"entries": []
		},
		{
			"images": [
				"https://2e.aonprd.com/Images/Monsters/Zombie_ZombieMammoth.png"
			],
			"source": "BotD",
			"name": "Zombie Mammoth",
			"entries": []
		},
		{
			"images": [
				"https://2e.aonprd.com/Images/Monsters/Ghul.png"
			],
			"source": "BotD",
			"name": "Ghul",
			"entries": []
		},
		{
			"images": [
				"https://2e.aonprd.com/Images/Monsters/LastGuard.png"
			],
			"source": "BotD",
			"name": "Last Guard",
			"entries": []
		},
		{
			"images": [
				"https://2e.aonprd.com/Images/Monsters/Vampire_ProvincialJiangShi.png"
			],
			"source": "BotD",
			"name": "Provincial Jiang-Shi",
			"entries": []
		},
		{
			"images": [
				"https://2e.aonprd.com/Images/Monsters/Verdorite_Seetangeist.png"
			],
			"source": "BotD",
			"name": "Seetangeist",
			"entries": []
		},
		{
			"images": [
				"https://2e.aonprd.com/Images/Monsters/Gholdako.png"
			],
			"source": "BotD",
			"name": "Gholdako",
			"entries": []
		}
	]
}
