{
	"creatureFluff": [
		{
			"images": [
				"https://2e.aonprd.com/Images/Monsters/Deghuun.png"
			],
			"source": "EC6",
			"name": "Deghuun (Child of Mhar)",
			"entries": []
		},
		{
			"images": [
				"https://2e.aonprd.com/Images/Monsters/Xulgath_XulgathThoughtmaw.png"
			],
			"source": "EC6",
			"name": "Xulgath Thoughtmaw",
			"entries": []
		},
		{
			"images": [
				"https://2e.aonprd.com/Images/Monsters/Titan_ThanatoticTitan.png"
			],
			"source": "EC6",
			"name": "Thanatotic Titan",
			"entries": []
		},
		{
			"images": [
				"https://2e.aonprd.com/Images/Monsters/Saurian_SaurianWarmonger.png"
			],
			"source": "EC6",
			"name": "Saurian Warmonger",
			"entries": []
		},
		{
			"images": [
				"https://2e.aonprd.com/Images/Monsters/Titan_ElysianTitan.png"
			],
			"source": "EC6",
			"name": "Elysian Titan",
			"entries": []
		},
		{
			"images": [
				"https://2e.aonprd.com/Images/Monsters/Viskithrel.png"
			],
			"source": "EC6",
			"name": "Viskithrel",
			"entries": []
		},
		{
			"images": [
				"https://2e.aonprd.com/Images/Monsters/Vavakia.png"
			],
			"source": "EC6",
			"name": "Vavakia",
			"entries": []
		},
		{
			"images": [
				"https://2e.aonprd.com/Images/Monsters/Saurian_SaurianWorldwatcher.png"
			],
			"source": "EC6",
			"name": "Saurian Worldwatcher",
			"entries": []
		}
	]
}
