{
	"creature": [
		{
			"name": "Ahvothian",
			"isNpc": false,
			"source": "Sli",
			"page": 62,
			"level": 7,
			"traits": [
				"uncommon",
				"ce",
				"medium",
				"fiend"
			],
			"perception": {
				"std": 18
			},
			"senses": [
				{
					"name": "darkvision"
				}
			],
			"languages": {
				"languages": [
					"abyssal",
					"common"
				],
				"abilities": [
					"speak with animals"
				]
			},
			"skills": {
				"athletics": {
					"std": 19
				},
				"crafting": {
					"std": 11
				},
				"intimidation": {
					"std": 15,
					"against humanoids": 17
				},
				"religion": {
					"std": 11
				},
				"survival": {
					"std": 17
				}
			},
			"abilityMods": {
				"str": 6,
				"dex": 2,
				"con": 4,
				"int": 0,
				"wis": 4,
				"cha": 2
			},
			"speed": {
				"abilities": [
					"freedom of movement"
				],
				"walk": 30
			},
			"attacks": [
				{
					"range": "Melee",
					"name": "jaws",
					"attack": 18,
					"effects": [],
					"damage": "{@damage 2d10+8} piercing",
					"types": [
						"piercing"
					]
				},
				{
					"range": "Melee",
					"name": "longspear",
					"attack": 18,
					"traits": [
						"reach <10 feet>"
					],
					"effects": [
						"wicked trophies"
					],
					"damage": "{@damage 1d8+8} piercing plus wicked trophies",
					"types": [
						"piercing"
					]
				},
				{
					"range": "Ranged",
					"name": "javelin",
					"attack": 14,
					"traits": [
						"thrown <30 feet>"
					],
					"effects": [
						"Wicked"
					],
					"damage": "{@damage 1d6+8} piercing plus Wicked",
					"types": [
						"piercing"
					]
				}
			],
			"spellcasting": [
				{
					"name": "Divine Innate",
					"type": "Innate",
					"tradition": "Divine",
					"DC": 23,
					"entry": {
						"1": {
							"spells": [
								{
									"name": "charm",
									"amount": "at will"
								}
							]
						},
						"2": {
							"spells": [
								{
									"name": "death knell",
									"amount": "at will"
								}
							]
						},
						"3": {
							"spells": [
								{
									"name": "earthbind",
									"amount": "at will"
								},
								{
									"name": "fear",
									"amount": "at will"
								}
							]
						},
						"4": {
							"spells": [
								{
									"name": "creation"
								}
							]
						},
						"constant": {}
					}
				}
			],
			"abilities": {
				"mid": [
					{
						"activity": {
							"number": 1,
							"unit": "reaction"
						},
						"entries": [],
						"name": "Attack of Opportunity",
						"generic": {
							"tag": "ability"
						}
					}
				],
				"bot": [
					{
						"entries": [
							"Divine Innate Spells DC 23; 4th creation; 3rd earthbind (at will), fear (at will); 2nd death knell (at will); 1st charm (at will); Constant (4th) freedom of movement, speak with animals."
						],
						"name": "Trophies"
					},
					{
						"entries": [
							"When an ahvothian uses an innate spell against a reptile, the DC is 27 rather than 23."
						],
						"name": "Reptile Master"
					},
					{
						"entries": [
							"An ahvothian chooses a creature type (such as animal, celestial, or humanoid) from which they currently carry a trophy from a past kill.",
							"Their weapon {@action Strike||Strikes} against creatures of that type deal an additional {@dice 1d10} damage and they gain a +2 status bonus on {@skill Intimidation} checks against creatures of that type.",
							"The ahvothian doesn't lose these bonuses if they lose the trophies. Once per day, an ahvothian can change the creature type of their wicked trophies in a ritual that takes 1 hour. Nearly all ahvothians encountered on the Material Plane have selected humanoids as the focus of their wicked trophies."
						],
						"name": "Wicked Trophies"
					}
				]
			},
			"defenses": {
				"ac": {
					"std": 25
				},
				"savingThrows": {
					"fort": {
						"std": 18
					},
					"ref": {
						"std": 12
					},
					"will": {
						"std": 15
					}
				},
				"hp": [
					{
						"hp": 160,
						"abilities": null
					}
				],
				"weaknesses": [
					{
						"amount": 5,
						"name": "cold"
					},
					{
						"amount": 5,
						"name": "good"
					}
				],
				"resistances": [
					{
						"amount": 10,
						"name": "fire"
					}
				]
			}
		},
		{
			"name": "Angazhani Cultist",
			"isNpc": false,
			"source": "Sli",
			"page": 30,
			"level": 4,
			"traits": [
				"ce",
				"medium",
				"human",
				"humanoid"
			],
			"perception": {
				"std": 11
			},
			"languages": {
				"languages": [
					"abyssal",
					"common",
					"mwangi"
				]
			},
			"skills": {
				"athletics": {
					"std": 12
				},
				"diplomacy": {
					"std": 8,
					"against demons": 10
				},
				"intimidation": {
					"std": 10
				},
				"religion": {
					"std": 8
				},
				"survival": {
					"std": 11
				},
				"demon lore": {
					"std": 8
				}
			},
			"abilityMods": {
				"str": 4,
				"dex": 1,
				"con": 1,
				"int": 0,
				"wis": 3,
				"cha": 2
			},
			"speed": {
				"walk": 25
			},
			"attacks": [
				{
					"range": "Melee",
					"name": "spear",
					"attack": 14,
					"traits": [
						"fatal <d10>"
					],
					"effects": [],
					"damage": "{@damage 2d6+6} piercing",
					"types": [
						"piercing"
					]
				},
				{
					"range": "Ranged",
					"name": "spear",
					"attack": 11,
					"traits": [
						"fatal <d10>",
						"thrown <20 feet>"
					],
					"effects": [],
					"damage": "{@damage 2d6+6} piercing",
					"types": [
						"piercing"
					]
				}
			],
			"abilities": {
				"mid": [
					{
						"activity": {
							"number": 1,
							"unit": "reaction"
						},
						"trigger": "The cultist rolls a failure (but not a critical failure) on a Will save against an effect with the {@trait mental} or {@trait fear} trait",
						"entries": [
							"The cultist takes {@damage 2d8} mental damage, and the saving throw is a success."
						],
						"name": "Bloody Fanaticism"
					},
					{
						"activity": {
							"number": 1,
							"unit": "reaction"
						},
						"entries": [],
						"name": "Shield Block",
						"generic": {
							"tag": "ability"
						}
					}
				],
				"bot": [
					{
						"entries": [
							"Angazhani cultists inflict an extra {@dice 1d6} damage with their spears, and any spear gains the fatal <d10> trait while the cultist is using it (both the extra weapon damage die and the {@trait fatal} trait have already been included in the cultist's spear {@action Strike||Strikes} above)."
						],
						"name": "Demonic Strength"
					}
				]
			},
			"defenses": {
				"ac": {
					"std": 21
				},
				"savingThrows": {
					"fort": {
						"std": 13
					},
					"ref": {
						"std": 9
					},
					"will": {
						"std": 11
					}
				},
				"hp": [
					{
						"hp": 60,
						"abilities": null
					}
				]
			}
		},
		{
			"name": "Aspis Guard",
			"isNpc": false,
			"source": "Sli",
			"page": 44,
			"level": 5,
			"traits": [
				"ln",
				"medium",
				"dwarf",
				"humanoid"
			],
			"perception": {
				"std": 14
			},
			"senses": [
				{
					"name": "darkvision"
				}
			],
			"languages": {
				"languages": [
					"common",
					"dwarven",
					"mwangi"
				]
			},
			"skills": {
				"athletics": {
					"std": 15
				},
				"society": {
					"std": 9
				},
				"survival": {
					"std": 12
				},
				"aspis consortium lore": {
					"std": 9
				}
			},
			"abilityMods": {
				"str": 4,
				"dex": 1,
				"con": 3,
				"int": 0,
				"wis": 3,
				"cha": 1
			},
			"speed": {
				"abilities": [
					"unburdened iron"
				],
				"walk": 20
			},
			"attacks": [
				{
					"range": "Melee",
					"name": "battle axe",
					"attack": 16,
					"traits": [
						"magical",
						"sweep"
					],
					"effects": [
						"powerful swing"
					],
					"damage": "{@damage 2d8+8} slashing plus powerful swing",
					"types": [
						"slashing"
					]
				},
				{
					"range": "Melee",
					"name": "dagger",
					"attack": 15,
					"traits": [
						"agile",
						"versatile s"
					],
					"effects": [],
					"damage": "{@damage 1d4+8} piercing",
					"types": [
						"piercing"
					]
				},
				{
					"range": "Ranged",
					"name": "crossbow",
					"attack": 12,
					"traits": [
						"range increment <120 feet>",
						"reload <1>"
					],
					"effects": [],
					"damage": "{@damage 1d8+4} piercing",
					"types": [
						"piercing"
					]
				},
				{
					"range": "Ranged",
					"name": "dagger",
					"attack": 12,
					"traits": [
						"agile",
						"thrown <10 feet>",
						"versatile s"
					],
					"effects": [],
					"damage": "{@damage 1d4+8} piercing",
					"types": [
						"piercing"
					]
				}
			],
			"abilities": {
				"mid": [
					{
						"activity": {
							"number": 1,
							"unit": "reaction"
						},
						"entries": [],
						"name": "Attack of Opportunity",
						"generic": {
							"tag": "ability"
						}
					},
					{
						"entries": [
							"When the guard rolls a success on a Will save against a {@trait fear} effect, they get a critical success instead.",
							"In addition, anytime they gain the {@condition frightened} condition, reduce its value by 1."
						],
						"name": "Bravery"
					},
					{
						"activity": {
							"number": 1,
							"unit": "reaction"
						},
						"entries": [],
						"name": "Shield Block",
						"generic": {
							"tag": "ability"
						}
					}
				],
				"bot": [
					{
						"entries": [
							"If the guard hits with a battle axe {@action Strike}, they can choose a creature adjacent to the target and within their own reach. That creature takes slashing damage equal to the result of the battle axe's weapon damage dice."
						],
						"name": "Powerful Swing"
					},
					{
						"entries": [
							"The guard ignores Speed reduction from armor. In addition, any time the guard takes a penalty to their Speed, deduct 5 feet from the penalty."
						],
						"name": "Unburdened Iron"
					}
				]
			},
			"defenses": {
				"ac": {
					"std": 22
				},
				"savingThrows": {
					"fort": {
						"std": 14
					},
					"ref": {
						"std": 10
					},
					"will": {
						"std": 12
					}
				},
				"hp": [
					{
						"hp": 80,
						"abilities": null
					}
				]
			}
		},
		{
			"name": "Aspis Technician",
			"isNpc": false,
			"source": "Sli",
			"page": 45,
			"level": 7,
			"traits": [
				"ce",
				"small",
				"gnome",
				"humanoid"
			],
			"perception": {
				"std": 15
			},
			"senses": [
				{
					"name": "low-light vision"
				}
			],
			"languages": {
				"languages": [
					"common",
					"gnomish",
					"mwangi",
					"sylvan"
				]
			},
			"skills": {
				"acrobatics": {
					"std": 15
				},
				"arcana": {
					"std": 15
				},
				"crafting": {
					"std": 17
				},
				"stealth": {
					"std": 15
				},
				"thievery": {
					"std": 15
				}
			},
			"abilityMods": {
				"str": 1,
				"dex": 4,
				"con": 2,
				"int": 4,
				"wis": 2,
				"cha": 0
			},
			"speed": {
				"walk": 25
			},
			"attacks": [
				{
					"range": "Melee",
					"name": "rapier",
					"attack": 18,
					"traits": [
						"deadly <d8>",
						"disarm",
						"finesse"
					],
					"effects": [
						"hunting spider venom"
					],
					"damage": "{@damage 2d6+8} piercing plus hunting spider venom",
					"types": [
						"piercing"
					]
				},
				{
					"range": "Ranged",
					"name": "acid flask",
					"attack": 18,
					"traits": [
						"range increment <20 feet>",
						"splash"
					],
					"effects": [],
					"damage": "5 acid damage plus {@damage 2d6+2} {@condition persistent damage ||persistent acid} and 4 acid splash",
					"types": [
						"acid",
						"persistent"
					]
				},
				{
					"range": "Ranged",
					"name": "alchemist's fire",
					"attack": 18,
					"traits": [
						"range increment <20 feet>",
						"splash"
					],
					"effects": [],
					"damage": "{@damage 2d8+2} fire plus 4 {@condition persistent damage ||persistent fire} and 4 fire splash",
					"types": [
						"fire",
						"persistent"
					]
				}
			],
			"abilities": {
				"top": [
					{
						"entries": [
							"Aspis technician carries the following infused items: 2 lesser antidotes, 2 moderate acid flasks, 2 moderate alchemist's fires, and 2 lesser elixirs of life.",
							"These items last for 24 hours or until the next time the technician makes their daily preparations."
						],
						"name": "Infused Items An"
					}
				],
				"bot": [
					{
						"type": "affliction",
						"name": "Hunting Spider Venom",
						"traits": [
							"poison"
						],
						"DC": 21,
						"savingThrow": "Fortitude",
						"maxDuration": "6 rounds",
						"stages": [
							{
								"stage": 1,
								"entry": "{@damage 1d10} poison damage and {@condition flat-footed}",
								"duration": "1 round"
							},
							{
								"stage": 2,
								"entry": "{@damage 1d12} poison damage, {@condition clumsy|CRB|clumsy 1}, and {@condition flat-footed}",
								"duration": "1 round"
							},
							{
								"stage": 3,
								"entry": "{@damage 2d6} poison damage, {@condition clumsy|CRB|clumsy 2}, and {@condition flat-footed}",
								"duration": "1 round"
							}
						]
					},
					{
						"activity": {
							"number": 1,
							"unit": "action"
						},
						"traits": [
							"manipulate"
						],
						"requirements": "The Aspis technician is wielding a piercing or slashing weapon and has a free hand",
						"entries": [
							"The Aspis technician applies a poison to the weapon."
						],
						"name": "Poison Weapon"
					},
					{
						"activity": {
							"number": 1,
							"unit": "action"
						},
						"entries": [
							"The Aspis technician Interacts to draw a bomb, then {@action Strike||Strikes} with it."
						],
						"name": "Quick Bomber"
					},
					{
						"entries": [
							"Aspis technician deals an extra {@damage 2d6} precision damage to {@condition flat-footed} creatures."
						],
						"name": "Sneak Attack The"
					}
				]
			},
			"defenses": {
				"ac": {
					"std": 25
				},
				"savingThrows": {
					"fort": {
						"std": 13
					},
					"ref": {
						"std": 17
					},
					"will": {
						"std": 15
					}
				},
				"hp": [
					{
						"hp": 115,
						"abilities": null
					}
				]
			}
		},
		{
			"name": "Croakchief Globblit Skink-eater",
			"isNpc": false,
			"source": "Sli",
			"page": 22,
			"level": 5,
			"traits": [
				"unique",
				"ne",
				"medium",
				"amphibious",
				"boggard",
				"humanoid"
			],
			"perception": {
				"std": 13
			},
			"languages": {
				"languages": [
					"abyssal",
					"boggard",
					"common",
					"mwangi"
				]
			},
			"skills": {
				"athletics": {
					"std": 14
				},
				"intimidation": {
					"std": 13
				},
				"survival": {
					"std": 11
				}
			},
			"abilityMods": {
				"str": 5,
				"dex": 2,
				"con": 3,
				"int": -1,
				"wis": 2,
				"cha": 2
			},
			"items": [
				"breastplate",
				"+1 striking greatclub",
				"javelins (3)"
			],
			"speed": {
				"abilities": [
					"swamp stride"
				],
				"walk": 20,
				"swim": 25
			},
			"attacks": [
				{
					"range": "Melee",
					"name": "greatclub",
					"attack": 15,
					"traits": [
						"backswing",
						"magical",
						"shove"
					],
					"effects": [],
					"damage": "{@damage 2d10+5} bludgeoning",
					"types": [
						"bludgeoning"
					]
				},
				{
					"range": "Melee",
					"name": "tongue",
					"attack": 14,
					"traits": [
						"reach <10 feet>"
					],
					"effects": [
						"tongue grab"
					],
					"damage": "tongue grab",
					"types": []
				},
				{
					"range": "Ranged",
					"name": "javelin",
					"attack": 12,
					"traits": [
						"thrown <20 feet>"
					],
					"effects": [],
					"damage": "{@damage 1d6+5} piercing",
					"types": [
						"piercing"
					]
				}
			],
			"abilities": {
				"top": [
					{
						"entries": [
							"+8 Str +5, Dex +2, Con +3, Int \u20131, Wis +2, Cha +2 Items breastplate, +1 striking greatclub, javelins (3)"
						],
						"name": "Lore"
					}
				],
				"bot": [
					{
						"activity": {
							"number": 2,
							"unit": "action"
						},
						"entries": [
							"Globblit Leaps twice; this movement doesn't provoke reactions. If he ends his movement within melee reach of at least one enemy, he can make a melee {@action Strike} against that enemy."
						],
						"name": "Bounding Leap"
					},
					{
						"activity": {
							"number": 1,
							"unit": "action"
						},
						"traits": [
							"auditory"
						],
						"entries": [
							"Globblit gives a loud, belching croak to compel his allies to action. Each boggard within 30 feet can use a reaction to {@action Step}, {@action Stride}, or {@action Strike}."
						],
						"name": "Commanding Croak"
					},
					{
						"activity": {
							"number": 1,
							"unit": "action"
						},
						"frequency": {
							"unit": "turn",
							"freq": 1
						},
						"entries": [
							"Globblit makes a greatclub {@action Strike} and a tongue {@action Strike} against the same target. If the greatclub {@action Strike} hits, the target is {@condition flat-footed} against his tongue {@action Strike}. This counts as two attacks for Globblit's multiple attack penalty, but the penalty doesn't increase until after his Smash and Slurp."
						],
						"name": "Smash and Slurp"
					},
					{
						"entries": [
							"Globblit ignores {@quickref difficult terrain||3|terrain} caused by swamp terrain features."
						],
						"name": "Swamp Stride"
					},
					{
						"entries": [
							"Globblit hits a creature with his tongue, that creature becomes {@condition grabbed} by him. Unlike a normal grab, the creature isn't {@condition immobilized}, but it can't move beyond the reach of Globblit's tongue. A creature can sever the tongue by succeeding at an AC 18 {@action Strike} and dealing at least 6 slashing damage. Though this doesn't deal any damage to Globblit, it prevents him from using his tongue {@action Strike} until it regrows, which takes a week."
						],
						"name": "Tongue Grab If"
					}
				]
			},
			"defenses": {
				"ac": {
					"std": 21
				},
				"savingThrows": {
					"fort": {
						"std": 14
					},
					"ref": {
						"std": 9
					},
					"will": {
						"std": 13
					}
				},
				"hp": [
					{
						"hp": 85,
						"abilities": null
					}
				]
			}
		},
		{
			"name": "Cursebreaker",
			"isNpc": false,
			"source": "Sli",
			"page": 38,
			"level": 9,
			"traits": [
				"unique",
				"n",
				"medium",
				"construct",
				"golem",
				"mindless"
			],
			"perception": {
				"std": 18
			},
			"senses": [
				{
					"name": "darkvision"
				}
			],
			"skills": {
				"athletics": {
					"std": 23
				},
				"kibwe lore": {
					"std": 12
				}
			},
			"abilityMods": {
				"str": 6,
				"dex": 0,
				"con": 4,
				"int": -5,
				"wis": 3,
				"cha": -5
			},
			"speed": {
				"walk": 20
			},
			"attacks": [
				{
					"range": "Melee",
					"name": "fist",
					"attack": 21,
					"traits": [
						"magical",
						"reach <10 feet>"
					],
					"effects": [],
					"damage": "{@damage 2d10+10} bludgeoning",
					"types": [
						"bludgeoning"
					]
				}
			],
			"abilities": {
				"mid": [
					{
						"entries": [
							"harmed by cold and water ({@dice 5d8}; {@dice 2d6} from areas and {@condition persistent damage}); healed by acid (area {@dice 2d6} HP); {@condition slowed} by earth."
						],
						"name": "Golem Antimagic",
						"generic": {
							"tag": "ability"
						}
					},
					{
						"entries": [
							"A {@spell stone to flesh} spell negates Cursebreaker's golem antimagic and its resistance to physical damage for 1 round. A {@spell flesh to stone} spell reverses this effect immediately."
						],
						"name": "Vulnerable to Stone to Flesh"
					}
				],
				"bot": [
					{
						"activity": {
							"number": 1,
							"unit": "reaction"
						},
						"traits": [
							"incapacitation"
						],
						"trigger": "Cursebreaker hits a {@condition slowed} creature",
						"entries": [
							"The creature must succeed at a DC 27 Fortitude save or become {@condition paralyzed} for 1 round."
						],
						"name": "Impose Paralysis"
					},
					{
						"activity": {
							"number": 1,
							"unit": "action"
						},
						"entries": [
							"Cursebreaker {@action Stride||Strides} up to its Speed, pushing back each creature whose space it moves into and damaging them if they try to stop its movement. A creature can attempt to bar the way by succeeding at a DC 32 Fortitude save. On a critical success, the resisting creature takes no damage; otherwise it is damaged as if hit by Cursebreaker's fist."
						],
						"name": "Inexorable March"
					},
					{
						"activity": {
							"number": 1,
							"unit": "action"
						},
						"traits": [
							"arcane",
							"concentrate",
							"transmutation"
						],
						"entries": [
							"Each creature in a 10-foot emanation must succeed at a DC 27 Fortitude save or be {@condition slowed|CRB|slowed 1} for 1 minute.",
							"Cursebreaker can't use Slowing Pulse again for {@dice 1d4} rounds."
						],
						"name": "Slowing Pulse"
					},
					{
						"entries": [
							"Cursebreaker can cast a 10th-level {@spell remove curse} spell at will, targeting every resident of the city of Kibwe. Cursebreaker must be stationed in the upper level of the Archive of the Sun with its sun symbols activated to use this ability."
						],
						"name": "Undo Curse"
					}
				]
			},
			"defenses": {
				"ac": {
					"std": 27
				},
				"savingThrows": {
					"fort": {
						"std": 21
					},
					"ref": {
						"std": 17
					},
					"will": {
						"std": 20
					}
				},
				"hp": [
					{
						"hp": 140,
						"abilities": null
					}
				],
				"immunities": [
					"acid",
					"bleed",
					"death effects",
					"disease"
				],
				"resistances": [
					{
						"amount": 10,
						"name": "physical"
					}
				]
			}
		},
		{
			"name": "Fuming Sludge",
			"isNpc": false,
			"source": "Sli",
			"page": 63,
			"level": 7,
			"traits": [
				"uncommon",
				"n",
				"medium",
				"mindless",
				"ooze"
			],
			"perception": {
				"std": 11
			},
			"senses": [
				{
					"name": "chemical sense",
					"range": 60
				},
				{
					"name": "no vision"
				}
			],
			"skills": {
				"athletics": {
					"std": 19
				}
			},
			"abilityMods": {
				"str": 6,
				"dex": -3,
				"con": 5,
				"int": -5,
				"wis": 0,
				"cha": -5
			},
			"speed": {
				"walk": 20,
				"climb": 20
			},
			"attacks": [
				{
					"range": "Melee",
					"name": "pseudopod",
					"attack": 17,
					"effects": [
						"Grab"
					],
					"damage": "{@damage 2d10+6} bludgeoning plus {@damage 1d8} {@condition persistent damage ||persistent fire} and Grab",
					"types": [
						"bludgeoning",
						"persistent"
					]
				},
				{
					"range": "Ranged",
					"name": "ejected glob",
					"attack": 17,
					"traits": [
						"brutal",
						"range increment <20 feet>"
					],
					"effects": [
						"cooling glob"
					],
					"damage": "{@damage 3d6+6} bludgeoning plus {@damage 1d8} {@condition persistent damage ||persistent fire} and cooling glob",
					"types": [
						"bludgeoning",
						"persistent"
					]
				}
			],
			"abilities": {
				"top": [
					{
						"entries": [
							"A fuming sludge detects nearby living and undead creatures by their complex chemical compositions, but it can't detect elementals or other creatures composed of a single element."
						],
						"name": "Chemical Sense"
					},
					{
						"traits": [
							"aura",
							"fire"
						],
						"entries": [
							"15 feet. The fuming sludge constantly emits incendiary smoke that creates concealment around it. The smoke doesn't impair the fuming sludge's chemical sense. A creature that enters the aura or begins its turn in the aura becomes {@condition sickened|CRB|sickened 1} (DC 25 Fortitude negates) and cannot recover from {@condition persistent damage ||persistent fire damage} for 1 round. It is then temporarily immune to the sickening effect of the smoldering haze for 1 minute. A creature that is currently holding its breath, that doesn't need to breathe, or that's immune to poison is immune to the aura's {@condition sickened} effect but not the concealment or inability to recover from {@condition persistent damage ||persistent fire damage}."
						],
						"name": "Smoldering Haze"
					}
				],
				"mid": [
					{
						"activity": {
							"number": 1,
							"unit": "reaction"
						},
						"entries": [],
						"name": "Attack of Opportunity",
						"generic": {
							"tag": "ability"
						}
					}
				],
				"bot": [
					{
						"activity": {
							"number": 1,
							"unit": "action"
						},
						"entries": [
							"{@damage 1d8+6} bludgeoning plus {@damage 1d8} {@condition persistent damage ||persistent fire}, DC 24."
						],
						"name": "Constrict",
						"generic": {
							"tag": "ability"
						}
					},
					{
						"entries": [
							"A fuming sludge's ejected globs cling to targets.",
							"A creature hit by an ejected glob {@action Strike} is {@condition encumbered} for 1 round. If the attack was a critical hit, the creature is instead {@condition restrained} for 1 round ({@action Escape} DC 24)."
						],
						"name": "Cooling Glob"
					}
				]
			},
			"defenses": {
				"ac": {
					"std": 16
				},
				"savingThrows": {
					"fort": {
						"std": 18
					},
					"ref": {
						"std": 8
					},
					"will": {
						"std": 11
					}
				},
				"hp": [
					{
						"hp": 160,
						"abilities": null
					}
				],
				"immunities": [
					"fire",
					"mental",
					"piercing",
					"precision",
					"critical hits"
				],
				"weaknesses": [
					{
						"amount": 5,
						"name": "cold"
					}
				]
			}
		},
		{
			"name": "Nyamat Mshwe",
			"isNpc": false,
			"source": "Sli",
			"page": 33,
			"level": 6,
			"traits": [
				"ce",
				"medium",
				"human",
				"humanoid"
			],
			"perception": {
				"std": 16
			},
			"languages": {
				"languages": [
					"abyssal",
					"common",
					"mwangi"
				]
			},
			"skills": {
				"athletics": {
					"std": 12
				},
				"diplomacy": {
					"std": 13,
					"against demons": 15
				},
				"intimidation": {
					"std": 15
				},
				"religion": {
					"std": 16
				},
				"survival": {
					"std": 12
				},
				"demon lore": {
					"std": 13
				}
			},
			"abilityMods": {
				"str": 2,
				"dex": 1,
				"con": 1,
				"int": 1,
				"wis": 4,
				"cha": 3
			},
			"items": [
				"gluttonous spear (page 60)",
				"hide armor",
				"key to"
			],
			"speed": {
				"walk": 25
			},
			"attacks": [
				{
					"range": "Melee",
					"name": "spear",
					"attack": 17,
					"traits": [
						"fatal <d10>",
						"magical"
					],
					"effects": [],
					"damage": "{@damage 3d6+4} piercing",
					"types": [
						"piercing"
					]
				},
				{
					"range": "Ranged",
					"name": "spear",
					"attack": 16,
					"traits": [
						"fatal <d10>",
						"magical",
						"thrown <20 feet>"
					],
					"effects": [],
					"damage": "{@damage 3d6+4} piercing",
					"types": [
						"piercing"
					]
				}
			],
			"rituals": [
				{
					"tradition": "Divine",
					"DC": 24,
					"rituals": [
						{
							"name": "Abyssal pact"
						}
					]
				}
			],
			"abilities": {
				"mid": [
					{
						"activity": {
							"number": 1,
							"unit": "reaction"
						},
						"traits": [
							"auditory",
							"emotion",
							"linguistic",
							"move"
						],
						"trigger": "Nyamat is targeted with an attack and a lower-ranking cultist is adjacent to him",
						"entries": [
							"Nyamat orders their cultist to leap in front of the attack. The cultist and Nyamat swap places, and the cultist becomes the target of the attack."
						],
						"name": "Protect the Master"
					}
				],
				"bot": [
					{
						"entries": [
							"Nyamat inflicts an extra {@dice 1d6} damage with his spear, and any spear gains the fatal <d10> trait while Nyamat is using it (both the extra weapon damage die and the {@trait fatal} trait have already been included in Nyamat's spear {@action Strike||Strikes} above)."
						],
						"name": "Demonic Strength"
					},
					{
						"entries": [
							"If a reaction would disrupt Nyamat's spellcasting action, on a successful DC {@flatDC 15} flat check, the action isn't disrupted."
						],
						"name": "Steady Spellcasting"
					}
				]
			},
			"defenses": {
				"ac": {
					"std": 23
				},
				"savingThrows": {
					"fort": {
						"std": 13
					},
					"ref": {
						"std": 11
					},
					"will": {
						"std": 16
					}
				},
				"hp": [
					{
						"hp": 90,
						"abilities": null
					}
				]
			}
		},
		{
			"name": "Paga Nikohian",
			"isNpc": false,
			"source": "Sli",
			"page": 51,
			"level": 9,
			"traits": [
				"unique",
				"ne",
				"small",
				"halfling",
				"humanoid"
			],
			"perception": {
				"std": 19
			},
			"senses": [
				{
					"name": "keen eyes"
				}
			],
			"languages": {
				"languages": [
					"common",
					"dwarven",
					"halfling",
					"mwangi"
				]
			},
			"skills": {
				"acrobatics": {
					"std": 19
				},
				"arcana": {
					"std": 16
				},
				"crafting": {
					"std": 16
				},
				"deception": {
					"std": 22
				},
				"diplomacy": {
					"std": 20
				},
				"intimidation": {
					"std": 20
				},
				"occultism": {
					"std": 16
				},
				"society": {
					"std": 18
				},
				"thievery": {
					"std": 19
				}
			},
			"abilityMods": {
				"str": 0,
				"dex": 4,
				"con": 1,
				"int": 1,
				"wis": 3,
				"cha": 5
			},
			"items": [
				"daggers (3)",
				"slime whip",
				"+1 studded leather"
			],
			"speed": {
				"walk": 25
			},
			"attacks": [
				{
					"range": "Melee",
					"name": "slime whip",
					"attack": 21,
					"traits": [
						"disarm",
						"finesse",
						"reach <10 feet>",
						"trip"
					],
					"effects": [],
					"damage": "{@damage 2d4+10} slashing",
					"types": [
						"slashing"
					]
				},
				{
					"range": "Melee",
					"name": "dagger",
					"attack": 20,
					"traits": [
						"agile",
						"thrown <10 feet>",
						"versatile s"
					],
					"effects": [],
					"damage": "{@damage 1d4+10} piercing",
					"types": [
						"piercing"
					]
				},
				{
					"range": "Ranged",
					"name": "dagger",
					"attack": 20,
					"traits": [
						"agile",
						"thrown <10 feet>",
						"versatile s"
					],
					"effects": [],
					"damage": "{@damage 1d4+10} piercing",
					"types": [
						"piercing"
					]
				}
			],
			"spellcasting": [
				{
					"name": "Occult Spontaneous",
					"type": "Spontaneous",
					"tradition": "Occult",
					"DC": 28,
					"attack": 21,
					"entry": {
						"0": {
							"level": 5,
							"spells": [
								{
									"name": "daze"
								},
								{
									"name": "detect magic"
								},
								{
									"name": "guidance"
								},
								{
									"name": "light"
								},
								{
									"name": "prestidigitation"
								}
							]
						},
						"1": {
							"slots": 3,
							"spells": [
								{
									"name": "alarm"
								},
								{
									"name": "charm"
								},
								{
									"name": "unseen servant"
								}
							]
						},
						"2": {
							"slots": 3,
							"spells": [
								{
									"name": "hideous laughter"
								},
								{
									"name": "invisibility"
								},
								{
									"name": "touch of idiocy"
								}
							]
						},
						"3": {
							"slots": 3,
							"spells": [
								{
									"name": "fear"
								},
								{
									"name": "paralyze"
								},
								{
									"name": "magic missile"
								}
							]
						},
						"4": {
							"slots": 3,
							"spells": [
								{
									"name": "phantasmal killer"
								},
								{
									"name": "soothe"
								},
								{
									"name": "vampiric touch"
								}
							]
						},
						"5": {
							"slots": 2,
							"spells": [
								{
									"name": "command"
								},
								{
									"name": "illusory scene"
								}
							]
						}
					}
				},
				{
					"name": "Bard Composition",
					"type": "Focus",
					"DC": 28,
					"fp": 2,
					"entry": {
						"0": {
							"level": 5,
							"spells": [
								{
									"name": "dirge of doom"
								},
								{
									"name": "inspire courage"
								}
							]
						},
						"5": {
							"spells": [
								{
									"name": "counter performance"
								}
							]
						}
					}
				}
			],
			"abilities": {
				"top": [
					{
						"entries": [
							"+20, {@skill Occultism} +16, {@skill Society} +18, {@skill Stealth} +21, {@skill Thievery} +19 Str +0, Dex +4, Con +1, Int +1, Wis +3, Cha +5 Items daggers (3), slime whip, +1 studded leather."
						],
						"name": "Intimidation"
					},
					{
						"entries": [
							"Paga gains a +2 circumstance bonus when using."
						],
						"name": "Keen Eyes"
					},
					{
						"entries": [
							"{@action Seek} action to find {@condition hidden} or {@condition undetected} creatures within 30 feet of her. When she targets an opponent that is {@condition concealed} from her or {@condition hidden}, she reduces the DC of the flat check to 3 for a {@condition concealed} target or 9 for a {@condition hidden} one."
						],
						"name": "the"
					}
				],
				"mid": [
					{
						"activity": {
							"number": 1,
							"unit": "reaction"
						},
						"trigger": "Paga fails or critically fails a skill check or a saving throw",
						"frequency": {
							"unit": "day",
							"freq": 1
						},
						"entries": [
							"Paga rerolls the saving throw and must take the new result."
						],
						"name": "Halfling Luck"
					}
				],
				"bot": [
					{
						"activity": {
							"number": 1,
							"unit": "action"
						},
						"traits": [
							"emotion",
							"enchantment",
							"occult",
							"visual"
						],
						"entries": [
							"Paga cringes and cowers before a creature within 10 feet that can see her. The target must attempt a DC 28 Will save. The target is then temporarily immune for 1 hour.",
							{
								"type": "successDegree",
								"entries": {
									"Critical Success": "No effect.",
									"Success": "The creature is {@condition fascinated} by Paga until the end of its next turn.",
									"Failure": "The creature is {@condition fascinated} by Paga and can't use {@condition hostile} actions against her until the end of its next turn.",
									"Critical Failure": "As failure, and the creature isn't temporarily immune to Feign Harmlessness."
								}
							}
						],
						"name": "Feign Harmlessness"
					},
					{
						"entries": [
							"Paga's spells are disrupted by reactions only if she is critically hit."
						],
						"name": "Unbreakable Concentration"
					}
				]
			},
			"defenses": {
				"ac": {
					"std": 28
				},
				"savingThrows": {
					"fort": {
						"std": 16
					},
					"ref": {
						"std": 21
					},
					"will": {
						"std": 18
					}
				},
				"hp": [
					{
						"hp": 155,
						"abilities": null
					}
				]
			}
		}
	]
}
