{
	"disease": [
		{
			"name": "Waterborne Zombie Rot",
			"source": "BotD",
			"page": 197,
			"type": "Disease",
			"level": 1,
			"traits": [
				"disease"
			],
			"entries": [
				"Typically carried by plague zombies, this version of the disease is found in water supplies tainted by a zombie corpse. ",
				{
					"type": "affliction",
					"savingThrow": "Fortitude",
					"DC": 16,
					"onset": "1 hour",
					"stages": [
						{
							"stage": 1,
							"entry": "carrier with no ill effect",
							"duration": "1 day"
						},
						{
							"stage": 2,
							"entry": "{@damage 1d6} negative damage",
							"duration": "1 day"
						},
						{
							"stage": 3,
							"entry": "{@damage 1d6} negative damage",
							"duration": "1 day"
						},
						{
							"stage": 4,
							"entry": "{@damage 1d6} negative damage",
							"duration": "1 day"
						},
						{
							"stage": 5,
							"entry": "dead, rising as a {@creature plague zombie} immediately.",
							"duration": "1 day"
						}
					]
				},
				"An infected creature can't heal damage it takes from zombie rot until it has been cured of the disease."
			]
		},
		{
			"name": "Graveknight's Curse",
			"source": "B1",
			"page": 191,
			"type": "Curse",
			"traits": [
				"arcane",
				"curse",
				"necromancy"
			],
			"entries": [
				"This curse affects anyone who wears a graveknight's armor for at least 1 hour.",
				{
					"type": "affliction",
					"savingThrow": "Will",
					"onset": "1 hour",
					"stages": [
						{
							"stage": 1,
							"entry": "{@condition doomed 1} and cannot remove the armor",
							"duration": "1 day"
						},
						{
							"stage": 2,
							"entry": "{@condition doomed 2}, hampered 10, and cannot remove the armor",
							"duration": "1 day"
						},
						{
							"stage": 3,
							"entry": "dies and transforms into the armor's graveknight",
							"duration": "1 day"
						}
					]
				}
			]
		},
		{
			"name": "Blinding Sickness",
			"source": "GMG",
			"page": 119,
			"type": "Disease",
			"level": 7,
			"traits": [
				"disease"
			],
			"entries": [
				"Endemic to jungles of the Mwangi Expanse, blinding sickness is transmitted by dirty water or the bites of certain creatures.",
				{
					"type": "affliction",
					"DC": 23,
					"savingThrow": "Fortitude",
					"stages": [
						{
							"stage": 1,
							"entry": "carrier with no effects",
							"duration": "1 day"
						},
						{
							"stage": 2,
							"entry": "{@condition enfeebled|| enfeebled 1}",
							"duration": "1 day"
						},
						{
							"stage": 3,
							"entry": "{@condition enfeebled|| enfeebled 2}",
							"duration": "1 day"
						},
						{
							"stage": 4,
							"entry": "{@condition enfeebled|| enfeebled 2} and permanently blinded",
							"duration": "1 day"
						},
						{
							"stage": 5,
							"entry": "{@condition enfeebled|| enfeebled 4}"
						},
						{
							"stage": 6,
							"entry": "death"
						}
					]
				}
			]
		},
		{
			"name": "Bog Rot",
			"source": "GMG",
			"page": 118,
			"type": "Disease",
			"level": 0,
			"traits": [
				"disease"
			],
			"entries": [
				"Sometimes called bog foot, bog rot is caused by having waterlogged feet for an extended period of time. In addition to the usual cures for an affliction, bog rot can be cured through amputation of the affected appendages.",
				{
					"type": "affliction",
					"DC": 13,
					"savingThrow": "Fortitude",
					"onset": "1 day",
					"stages": [
						{
							"stage": 1,
							"entry": "{@condition clumsy||clumsy 1}",
							"duration": "1 day"
						},
						{
							"stage": 2,
							"entry": "{@condition clumsy||clumsy 1} and a \u20135-foot status penalty to Speed",
							"duration": "1 day"
						},
						{
							"stage": 3,
							"entry": "{@condition clumsy||clumsy 2} and a \u201310-foot status penalty to Speed",
							"duration": "1 day"
						}
					]
				}
			]
		},
		{
			"name": "Bone Chill",
			"source": "GMG",
			"page": 118,
			"type": "Disease",
			"level": 5,
			"traits": [
				"disease",
				"necromancy",
				"primal"
			],
			"entries": [
				"If you are wounded and exposed to persistent cold, you might contract bonechill.",
				{
					"type": "affliction",
					"DC": 20,
					"savingThrow": "Fortitude",
					"onset": "1 day",
					"stages": [
						{
							"stage": 1,
							"entry": "{@condition clumsy|| clumsy 1}",
							"duration": "1 day"
						},
						{
							"stage": 2,
							"entry": "{@condition clumsy|| clumsy 2} and can't heal cold damage until this disease is cured",
							"duration": "1 day"
						},
						{
							"stage": 3,
							"entry": "{@condition clumsy|| clumsy 3} and all cold temperature effects are one step more severe for the victim ({@book {@i Core Rulebook} 517|CRB|10|Temperature})",
							"duration": "1 day"
						},
						{
							"stage": 4,
							"entry": "{@condition paralyzed} and all cold temperature effects are one step more severe for the victim",
							"duration": "1 day"
						}
					]
				}
			]
		},
		{
			"name": "Brain Worms",
			"source": "GMG",
			"page": 119,
			"type": "Disease",
			"level": 11,
			"traits": [
				"disease",
				"virulent"
			],
			"entries": [
				"Scholars suspect these brain parasites have an otherworldly or extraplanar origin. Though transmitted by the bites of infected targets, the disease remains relatively rare\u2014most hosts are killed by the effects before they can pass it on. While infected, whenever you attack due to confusion, you bite your target (if you don't have a jaws or fangs attack, you deal piercing damage as an unarmed attack with damage equal to your lowest unarmed attack).",
				{
					"type": "affliction",
					"DC": 28,
					"savingThrow": "Fortitude",
					"onset": "1 day",
					"stages": [
						{
							"stage": 1,
							"entry": "{@condition stupefied||stupefied 2}",
							"duration": "1 day"
						},
						{
							"stage": 2,
							"entry": "{@condition stupefied||stupefied 2}, and whenever you take damage, you must succeed at a Will save against the disease's DC or become {@condition confused} for 1 round",
							"duration": "1 day"
						},
						{
							"stage": 3,
							"entry": "{@condition stupefied||stupefied 3}, and whenever you take damage, you must succeed at a Will save against the disease's DC or become {@condition confused} for 1 minute",
							"duration": "1 day"
						},
						{
							"stage": 4,
							"entry": "{@condition stupefied||stupefied 4} and {@condition confused}, damage does not end the confused condition",
							"duration": "1 day"
						},
						{
							"stage": 5,
							"entry": "{@condition unconscious}",
							"duration": "1 day"
						},
						{
							"stage": 6,
							"entry": "death"
						}
					]
				}
			]
		},
		{
			"name": "Bubonic Plague",
			"source": "GMG",
			"page": 118,
			"type": "Disease",
			"level": 3,
			"traits": [
				"disease"
			],
			"entries": [
				"This widespread illness can sweep through entire communities, leaving few unaffected. The first indication of the disease is a telltale swelling of glands. In some cases, the disease can move into your lungs (pneumonic plague) or blood (septicemic plague), which is even more fatal. If you have bubonic plague, you can't remove the fatigued condition while affected.",
				{
					"type": "affliction",
					"DC": 17,
					"savingThrow": "Fortitude",
					"onset": "1 day",
					"stages": [
						{
							"stage": 1,
							"entry": "{@condition fatigued}",
							"duration": "1 day"
						},
						{
							"stage": 2,
							"entry": "{@condition enfeebled||enfeebled 2} and {@condition fatigued}",
							"duration": "1 day"
						},
						{
							"stage": 3,
							"entry": "{@condition enfeebled||enfeebled 3}, {@condition fatigued}, and take {@dice 1d6} persistent bleed damage every {@dice 1d20} minutes",
							"duration": "1 day"
						}
					]
				}
			]
		},
		{
			"name": "Chocking Death",
			"source": "GMG",
			"page": 118,
			"type": "Disease",
			"level": 6,
			"traits": [
				"disease"
			],
			"entries": [
				"This disease is capable of wiping out nations or even entire continents. A few pockets of the disease still remain in Iobaria, keeping that region's population sparse.",
				{
					"type": "affliction",
					"DC": 22,
					"savingThrow": "Fortitude",
					"onset": "1 day",
					"stages": [
						{
							"stage": 1,
							"entry": "hoarse voice but no other symptoms",
							"duration": "1 day"
						},
						{
							"stage": 2,
							"entry": "{@condition drained|| drained 1}",
							"duration": "1 day"
						},
						{
							"stage": 3,
							"entry": "{@condition drained|| drained 2} and can't speak",
							"duration": "1 day"
						},
						{
							"stage": 4,
							"entry": "death"
						}
					]
				}
			]
		},
		{
			"name": "Ghast Fever",
			"source": "B1",
			"page": 169,
			"type": "Disease",
			"traits": [
				"disease"
			],
			"entries": [
				{
					"type": "affliction",
					"savingThrow": "Fortitude",
					"stages": [
						{
							"stage": 1,
							"entry": "carrier with no ill effect",
							"duration": "1 day"
						},
						{
							"stage": 2,
							"entry": "{@damage 3d8} negative damage and regains half as many Hit Points from all healing",
							"duration": "1 day"
						},
						{
							"stage": 3,
							"entry": "as stage 2",
							"duration": "1 day"
						},
						{
							"stage": 4,
							"entry": "{@damage 3d8} negative damage and gains no benefit from healing",
							"duration": "1 day"
						},
						{
							"stage": 5,
							"entry": "as stage 4",
							"duration": "1 day"
						},
						{
							"stage": 6,
							"entry": "dead, and rises as a {@creature ghast|b1} the next midnight"
						}
					]
				}
			]
		},
		{
			"name": "Ghoul Fever",
			"source": "B1",
			"page": 168,
			"type": "Disease",
			"traits": [
				"disease"
			],
			"entries": [
				{
					"type": "affliction",
					"savingThrow": "Fortitude",
					"stages": [
						{
							"stage": 1,
							"entry": "carrier with no ill effect",
							"duration": "1 day"
						},
						{
							"stage": 2,
							"entry": "{@damage 2d6} negative damage and regains half as many Hit Points from all healing",
							"duration": "1 day"
						},
						{
							"stage": 3,
							"entry": "as stage 2",
							"duration": "1 day"
						},
						{
							"stage": 4,
							"entry": "{@damage 2d6} negative damage and gains no benefit from healing",
							"duration": "1 day"
						},
						{
							"stage": 5,
							"entry": "as stage 4",
							"duration": "1 day"
						},
						{
							"stage": 6,
							"entry": "dead, and rises as a {@creature ghoul|b1} the next midnight"
						}
					]
				}
			]
		},
		{
			"name": "Malaria",
			"source": "GMG",
			"page": 118,
			"type": "Disease",
			"level": 2,
			"traits": [
				"disease"
			],
			"entries": [
				"A pernicious disease spread by bloodsucking insects, malaria sometimes enters long periods of dormancy. If you succumb to malaria, you may continue to be periodically affected by the disease, even if you're cured. You can't reduce your sickened condition while affected with malaria.",
				{
					"type": "affliction",
					"DC": 16,
					"savingThrow": "Fortitude",
					"onset": "10 days",
					"stages": [
						{
							"stage": 1,
							"entry": "{@condition sickened||sickened 1}",
							"duration": "1 day"
						},
						{
							"stage": 2,
							"entry": "{@condition sickened||sickened 2}",
							"duration": "1 day"
						},
						{
							"stage": 3,
							"entry": "{@condition sickened||sickened 2}, and disease recurs every {@dice 1d4} months even if cured",
							"duration": "1 day"
						},
						{
							"stage": 4,
							"entry": "unconscious",
							"duration": "1 day"
						},
						{
							"stage": 5,
							"entry": "death"
						}
					]
				}
			]
		},
		{
			"name": "Nightmare Fever",
			"source": "GMG",
			"page": 119,
			"type": "Disease",
			"level": 8,
			"traits": [
				"disease",
				"necromancy",
				"occult"
			],
			"entries": [
				"Thought to be caused by a night hag's curse, nightmare fever inflicts you with terrible nightmares, and you awaken with the wounds you received in your dreams. Some versions cause you to dream of being wounded by bludgeoning or piercing weapons, in which case you take that type of damage instead. Damage and the fatigued condition caused by the disease can't be healed until the disease is removed.",
				{
					"type": "affliction",
					"DC": 25,
					"savingThrow": "Will",
					"stages": [
						{
							"stage": 1,
							"entry": "{@dice 2d6} slashing damage and {@condition fatigued}",
							"duration": "1 day"
						},
						{
							"stage": 2,
							"entry": "{@dice 4d6} slashing damage and {@condition fatigued}",
							"duration": "1 day"
						},
						{
							"stage": 3,
							"entry": "{@dice 4d6} slashing damage, {@condition fatigued}, and whenever you take slashing damage, you must succeed at a Will save against the disease's DC or become {@condition frightened||frightened 2}",
							"duration": "1 day"
						},
						{
							"stage": 4,
							"entry": "{@dice 6d6} slashing damage, {@condition fatigued}, and whenever you take slashing damage, you must succeed at a Will save against the disease's DC or become {@condition paralyzed}",
							"duration": "1 day"
						},
						{
							"stage": 5,
							"entry": "{@dice 6d6} slashing damage and {@condition unconscious}"
						}
					]
				}
			]
		},
		{
			"name": "Scarlet Fever",
			"source": "GMG",
			"page": 118,
			"type": "Disease",
			"level": 1,
			"traits": [
				"disease"
			],
			"entries": [
				"The relatively simple sore throat caused by this disease leads many victims to initially dismiss it as a mild illness, but scarlet fever can be deadly if left untreated. You can't reduce your sickened condition while affected with scarlet fever.",
				{
					"type": "affliction",
					"DC": 13,
					"savingThrow": "Fortitude",
					"onset": "2 days",
					"stages": [
						{
							"stage": 1,
							"entry": "{@condition sickened||sickened 1}",
							"duration": "1 day"
						},
						{
							"stage": 2,
							"entry": "{@condition sickened||sickened 2}",
							"duration": "1 day"
						},
						{
							"stage": 3,
							"entry": "{@condition sickened||sickened 3} and can't speak",
							"duration": "1 day"
						},
						{
							"stage": 4,
							"entry": "death"
						}
					]
				}
			]
		},
		{
			"name": "Scarlet Leprosy",
			"source": "GMG",
			"page": 118,
			"type": "Disease",
			"level": 4,
			"traits": [
				"disease",
				"virulent"
			],
			"entries": [
				"Scarlet leprosy is widely feared for its devastating effects, crushing bones and organs while making recovery nearly impossible. Damage taken from scarlet leprosy can't be healed until the disease is cured.",
				{
					"type": "affliction",
					"DC": 19,
					"savingThrow": "Fortitude",
					"onset": "1 day",
					"stages": [
						{
							"stage": 1,
							"entry": "{@dice 2d6} bludgeoning damage",
							"duration": "1 day"
						},
						{
							"stage": 2,
							"entry": "{@dice 2d6} bludgeoning damage, and whenever you gain the {@condition wounded} condition, increase the condition value by 1",
							"duration": "1 day"
						},
						{
							"stage": 3,
							"entry": "{@dice 4d6} bludgeoning damage and can't heal any Hit Point damage",
							"duration": "1 day"
						}
					]
				}
			]
		},
		{
			"name": "Sewer Haze",
			"source": "GMG",
			"page": 119,
			"type": "Disease",
			"level": 7,
			"traits": [
				"disease",
				"virulent"
			],
			"entries": [
				"Many healers and alchemists suspect that sewer haze has a supernatural origin, given its association with particularly strong otyughs.",
				{
					"type": "affliction",
					"DC": 23,
					"savingThrow": "Fortitude",
					"onset": "2 days",
					"stages": [
						{
							"stage": 1,
							"entry": "{@condition stupefied|| stupefied 2}",
							"duration": "1 day"
						},
						{
							"stage": 2,
							"entry": "{@condition drained|| drained 2} and {@condition stupefied|| stupefied 2}",
							"duration": "1 day"
						},
						{
							"stage": 3,
							"entry": "{@condition drained|| drained 3} and {@condition stupefied|| stupefied 3}",
							"duration": "1 day"
						}
					]
				}
			]
		},
		{
			"name": "Soulforged Corruption",
			"source": "SoM",
			"page": 234,
			"type": "Curse",
			"traits": [
				"curse",
				"divine",
				"enchantment"
			],
			"entries": [
				"A successful {@spell remove curse} spell, rather than ending this curse, reduces its stage by 1 (to a minimum of stage 1).",
				{
					"type": "affliction",
					"level": "your level",
					"savingThrow": "Will",
					"DC": "save against a {@table DC Adjustments||very hard} {@table DCs by Level||DC of the curse's level}",
					"stages": [
						{
							"stage": 1,
							"entry": "You suffer the effects of your armament's corruption flaw. If you try to manifest the armament's essence form, you must attempt a DC {@flatDC 5} flat check. If you fail, only the normal form manifests, and you can't try to manifest that armament's essence form again that day",
							"duration": "1 day"
						},
						{
							"stage": 2,
							"entry": "You suffer the effects of your armament's corruption flaw, and any attempt to activate the armament's essence form fails",
							"duration": "1 day"
						},
						{
							"stage": 3,
							"entry": "You permanently destroy your soulforged armament. You can't have a new soulforged armament until you remove the curse entirely with the {@ritual purify soul path|SoM} ritual",
							"duration": "1 day"
						}
					]
				}
			]
		},
		{
			"name": "Tetanus",
			"source": "GMG",
			"page": 118,
			"type": "Disease",
			"level": 1,
			"traits": [
				"disease"
			],
			"entries": [
				"An infection introduced through open wounds, tetanus can produce stiffness, muscle spasms strong enough to break bones, and ultimately death.",
				{
					"type": "affliction",
					"DC": 14,
					"savingThrow": "Fortitude",
					"onset": "10 days",
					"stages": [
						{
							"stage": 1,
							"entry": "{@condition clumsy||clumsy 1}",
							"duration": "1 week"
						},
						{
							"stage": 2,
							"entry": "{@condition clumsy||clumsy 2} and can't speak",
							"duration": "1 day"
						},
						{
							"stage": 3,
							"entry": "{@condition paralyzed} with spasms",
							"duration": "1 day"
						},
						{
							"stage": 4,
							"entry": "death"
						}
					]
				}
			]
		},
		{
			"name": "Tuberculosis",
			"source": "GMG",
			"page": 118,
			"type": "Disease",
			"level": 1,
			"traits": [
				"disease"
			],
			"entries": [
				"An extended respiratory disease, tuberculosis can pose particular challenges to spellcasters and some performers due to the intense coughing fits it produces.",
				{
					"type": "affliction",
					"DC": 15,
					"savingThrow": "Fortitude",
					"onset": "1 week",
					"stages": [
						{
							"stage": 1,
							"entry": "carrier with no effects",
							"duration": "1 week"
						},
						{
							"stage": 2,
							"entry": "coughing requires you to succeed at a DC {@flatDC 5} flat check to {@action Cast a Spell} with a verbal component or {@action Activate an Item} with a command component",
							"duration": "1 week"
						},
						{
							"stage": 3,
							"entry": "{@condition fatigued}, can't recover from the fatigued condition, and coughing requires a successful DC {@flatDC 15} flat check to {@action Cast a Spell} with a verbal component or {@action Activate an Item} with a command component",
							"duration": "1 week"
						},
						{
							"stage": 4,
							"entry": "{@condition unconscious}",
							"duration": "1 week"
						},
						{
							"stage": 5,
							"entry": "death"
						}
					]
				}
			]
		}
	],
	"curse": [
		{
			"name": "Coward's Roots",
			"source": "GMG",
			"page": 116,
			"type": "Curse",
			"level": 4,
			"traits": [
				"curse",
				"enchantment",
				"fear",
				"magical",
				"mental"
			],
			"entries": [
				"You find all courage stolen from your heart. When faced with something frightening, you flee in terror or stand frozen in place.",
				{
					"type": "affliction",
					"DC": 20,
					"savingThrow": "Will",
					"entries": [
						"At the start of your turn, if you are {@condition frightened}, you become your choice of {@condition immobilized} or {@condition fleeing} until the end of that turn."
					]
				}
			]
		},
		{
			"name": "Curse of Nightmares",
			"source": "GMG",
			"page": 116,
			"type": "Curse",
			"level": 2,
			"traits": [
				"curse",
				"illusion",
				"magical",
				"mental"
			],
			"entries": [
				"This curse plagues you with terrible nightmares whenever you sleep, preventing you from resting properly.",
				{
					"type": "affliction",
					"DC": 16,
					"savingThrow": "Will",
					"entries": [
						"You must rest for 12 hours instead of 8 to avoid becoming {@condition fatigued} and can't gain any benefits from resting or long-term rest. You can still make your daily preparations."
					]
				}
			]
		},
		{
			"name": "Curse of Slumber",
			"source": "GMG",
			"page": 117,
			"type": "Curse",
			"level": 11,
			"traits": [
				"curse",
				"incapacitation",
				"magical",
				"necromancy",
				"sleep"
			],
			"entries": [
				"This legendary curse sends you into a sleep indistinguishable from death.",
				{
					"type": "affliction",
					"DC": 28,
					"savingThrow": "Fortitude",
					"entries": [
						"You fall asleep for 1 round (or permanently on a critical failure) and seem to be dead; a creature must succeed at a DC 30 {@skill Medicine} check to realize you are alive. Noise doesn't awaken you, but taking damage gives you a new saving throw against the curse."
					]
				}
			]
		},
		{
			"name": "Curse of the Ravenous",
			"source": "GMG",
			"page": 116,
			"type": "Curse",
			"level": 5,
			"traits": [
				"curse",
				"magical",
				"transmutation"
			],
			"entries": [
				"This hideous curse kills through constant hunger. You become gaunt and repeatedly gnash your teeth.",
				{
					"type": "affliction",
					"DC": 20,
					"savingThrow": "Fortitude",
					"entries": [
						"No matter how much you eat, you aren't satiated. After 1 day, you begin starving ({@book {@i Core Rulebook} 500|CRB|10|Starvation and Thirst}). Each week, you receive a new saving throw against the curse."
					]
				}
			]
		},
		{
			"name": "Curse of the Werecreature",
			"source": "B1",
			"page": 329,
			"type": "Curse",
			"traits": [
				"curse",
				"necromancy",
				"primal"
			],
			"entries": [
				"This curse affects only humanoids.",
				{
					"type": "affliction",
					"savingThrow": "Fortitude",
					"DC": "is the standard DC for the {@table DCs by Level||werecreature's new level \u2013 1}",
					"entries": [
						"On each full moon, the cursed creature must succeed at another Fortitude save or turn into the same kind of {@filter werecreature|bestiary||creature=werecreature} until dawn. The creature is under the GM's control and goes on a rampage for half the night before falling {@condition unconscious} until dawn."
					]
				}
			]
		},
		{
			"name": "Grave Curse",
			"source": "GMG",
			"page": 117,
			"type": "Curse",
			"level": "Level Varies",
			"traits": [
				"curse",
				"necromancy",
				"magical"
			],
			"entries": [
				"A grave curse punishes you for stealing from a tomb or other resting place.",
				{
					"type": "affliction",
					"DC": "equal to a {@table DC Adjustments||high} {@table DCs by level||spell DC for a monster of its level};",
					"savingThrow": "Will",
					"entries": [
						"You are hounded by undead creatures of the same level as the curse. Every night, you must attempt a DC {@flatDC 15} flat check. On a failure, an incorporeal undead manifests to hassle and harry you throughout the night, retreating before it can take much damage and often preventing you from gaining a full night's rest. Whenever you enter a graveyard or other area where bodies are buried, you must succeed at the same flat check or a body animates as a corporeal undead (typically a skeleton or zombie) to attack you.",
						"These undead are temporary and exist only to harry you; if you take control of the undead, move on, or otherwise avoid their attacks, incorporeal undead discorporate and corporeal undead collapse into ordinary corpses. The curse can be removed by returning the stolen items to their resting place."
					]
				}
			]
		},
		{
			"name": "Oath of the Flesh",
			"source": "GMG",
			"page": 117,
			"type": "Curse",
			"level": 7,
			"traits": [
				"abjuration",
				"curse",
				"magical"
			],
			"entries": [
				"When you swear an oath, you must obey that oath or suffer terrible consequences.",
				{
					"type": "affliction",
					"DC": 23,
					"savingThrow": "Fortitude",
					"entries": [
						"Each time you make a promise to someone, an ornate symbol representing that promise is magically carved into your flesh. Breaking any of these promises causes the symbol tattoo to grow into a gaping wound, dealing {@dice 3d6} slashing damage to you; damage from the curse can't be healed as long as the curse is still in effect."
					]
				}
			]
		},
		{
			"name": "Reviled of Nature",
			"source": "GMG",
			"page": 117,
			"type": "Curse",
			"level": 18,
			"traits": [
				"curse",
				"emotion",
				"enchantment",
				"magical",
				"mental"
			],
			"entries": [
				"This curse makes the hunter into the hunted, drawing the ire of animals wherever you go.",
				{
					"type": "affliction",
					"DC": 38,
					"savingThrow": "Will",
					"entries": [
						"Creatures of the natural world abhor you. Whenever an animal becomes aware of you, it must attempt a Will save against the curse. On a failure, it attacks you and fights to the death."
					]
				}
			]
		},
		{
			"name": "Reviling Earth",
			"source": "GMG",
			"page": 117,
			"type": "Curse",
			"level": 12,
			"traits": [
				"curse",
				"death",
				"magical",
				"necromancy"
			],
			"entries": [
				"A reviling earth curse usually appears across a specific geographical region, such as a ruined town, a necromancer's domain, or a similar area.",
				{
					"type": "affliction",
					"DC": 30,
					"savingThrow": "Fortitude",
					"entries": [
						"When you enter the area, you become {@condition doomed||doomed 1}, or {@condition doomed||doomed 2} on a critical failure."
					]
				}
			]
		},
		{
			"name": "Sellsword's Folly",
			"source": "GMG",
			"page": 117,
			"type": "Curse",
			"level": 9,
			"traits": [
				"curse",
				"emotion",
				"enchantment",
				"magical",
				"mental"
			],
			"entries": [
				"Even the most experienced combat veteran becomes as reckless as a rookie when suffering from sellsword's folly.",
				{
					"type": "affliction",
					"DC": 26,
					"savingThrow": "Will",
					"entries": [
						"The chaos of combat overwhelms you. Each time you roll initiative for a combat encounter, you must attempt a new saving throw against the curse; on a failure, you become {@condition confused} for 1 round. This is an {@trait incapacitation} effect."
					]
				}
			]
		},
		{
			"name": "Slayer's Haunt",
			"source": "GMG",
			"page": 116,
			"type": "Curse",
			"level": 4,
			"traits": [
				"curse",
				"illusion",
				"magical",
				"visual"
			],
			"entries": [
				"You are haunted by all those you have killed.",
				{
					"type": "affliction",
					"DC": 19,
					"savingThrow": "Will",
					"entries": [
						"You see all creatures around you as those you have slain, still bearing their wounds. You can't identify, {@action Recall Knowledge} about, or otherwise interact with these creatures in any way that involves seeing their true form without first succeeding at a Will save against the curse's DC to see through the illusion. On a critical failure for such a Will save, you become {@condition frightened||frightened 1}."
					]
				}
			]
		},
		{
			"name": "Spirit Anchor",
			"source": "GMG",
			"page": 117,
			"type": "Curse",
			"level": 13,
			"traits": [
				"curse",
				"magical",
				"necromancy",
				"negative"
			],
			"entries": [
				"This curse prevents your soul from moving on after death.",
				{
					"type": "affliction",
					"DC": 31,
					"savingThrow": "Fortitude",
					"entries": [
						"If you die while affected, your spirit is anchored to the Material Plane, and you become a ghost or other incorporeal undead."
					]
				}
			]
		},
		{
			"name": "Sword of Anathema",
			"source": "GMG",
			"page": 117,
			"type": "Curse",
			"level": 20,
			"traits": [
				"curse",
				"divine",
				"evocation"
			],
			"entries": [
				"With divine intervention, followers of a deity can bestow this curse upon an enemy of the faith.",
				{
					"type": "affliction",
					"DC": 40,
					"savingThrow": "Will",
					"entries": [
						"You are marked by the deity invoked as an enemy of the church. You gain weakness 10 to damage dealt by worshippers of that deity."
					]
				}
			]
		},
		{
			"name": "Theft of Thought",
			"source": "GMG",
			"page": 116,
			"type": "Curse",
			"level": 3,
			"traits": [
				"curse",
				"enchantment",
				"magical",
				"mental"
			],
			"entries": [
				"This curse protects a single book and activates against any creature who {@action steal||Steals} it.",
				{
					"type": "affliction",
					"DC": 18,
					"savingThrow": "Will",
					"entries": [
						"You begin to lose details from your memories, as well as a portion of your procedural memory. After being cursed, the first time you attempt a check using a skill in which you are trained or better, your proficiency rank in the skill used decreases by one rank for as long as you are cursed."
					]
				}
			]
		},
		{
			"name": "Thief's Retribution",
			"source": "GMG",
			"page": 117,
			"type": "Curse",
			"level": 19,
			"traits": [
				"conjuration",
				"curse",
				"magical"
			],
			"entries": [
				"This punishment causes you to lose something dear to you whenever you rob or steal. If you have nothing to lose, the curse exacts its punishment upon your body instead.",
				{
					"type": "affliction",
					"DC": 39,
					"savingThrow": "Fortitude",
					"entries": [
						"Each time you steal something, you lose something more valuable\u2014this item is whisked away and can't be found again. Typically this item is one of greater monetary value, but it might be one of greater value in another sense, such as one of greater emotional value, or something you need to complete a task. If you aren't carrying anything of greater value at the time of the theft, you lose one of your limbs instead, taking {@dice 10d6} slashing damage and losing use of that limb. The damage can't be healed, nor the limb restored, until the stolen item is returned, even through use of spells like {@i {@spell regenerate}}."
					]
				}
			]
		},
		{
			"name": "Unending Thirst",
			"source": "GMG",
			"page": 117,
			"type": "Curse",
			"level": 15,
			"traits": [
				"curse",
				"transmutation",
				"magical"
			],
			"entries": [
				"This curse kills through dehydration in the same vein as the curse of the ravenous, but with deadly speed.",
				{
					"type": "affliction",
					"DC": 32,
					"savingThrow": "Fortitude",
					"entries": [
						"You gain no benefit from drinking water or other liquids and begin suffering from thirst ({@book {@i Core Rulebook} 500|CRB|10|Starvation and Thirst}). Each day, you receive a new saving throw against the curse."
					]
				}
			]
		},
		{
			"name": "Wizard's Ward",
			"source": "GMG",
			"page": 116,
			"type": "Curse",
			"level": 6,
			"traits": [
				"abjuration",
				"curse",
				"magical"
			],
			"entries": [
				"A wizard's ward is placed upon a single book, usually a spellbook. If you damage the book, you must attempt a save against the curse's effect.",
				{
					"type": "affliction",
					"DC": 22,
					"savingThrow": "Will",
					"entries": [
						"You take {@dice 5d6} damage of the same damage type as the damage you dealt to the book, and the damage can't be healed as long as the curse lasts. Repairing the book, including replacing any missing text, ends this curse."
					]
				}
			]
		}
	]
}
