{
	"skill": [
		{
			"name": "Acrobatics",
			"source": "CRB",
			"page": 240,
			"entries": [
				"Acrobatics measures your ability to perform tasks requiring coordination and grace. When you use the {@action Escape} basic action, you can use your Acrobatics modifier instead of your unarmed attack modifier."
			]
		},
		{
			"name": "Arcana",
			"source": "CRB",
			"page": 241,
			"entries": [
				"Arcana measures how much you know about arcane magic and creatures. Even if you're untrained, you can {@action Recall Knowledge}.",
				{
					"type": "list",
					"items": [
						"{@b {@action Recall Knowledge}} about arcane theories; magic traditions; creatures of arcane significance (like dragons and beasts); and the Elemental, Astral, and Shadow Planes."
					]
				},
				{
					"type": "pf2-h3",
					"name": "Arcana Trained Actions",
					"entries": [
						"You must be trained in Arcana to use it for the following general skill actions.",
						{
							"type": "list",
							"items": [
								"{@b {@action Decipher Writing}} about arcane theory.",
								"{@b {@action Identify Magic}}, particularly arcane magic.",
								"{@b {@action Learn a Spell}} from the {@trait arcane} tradition."
							]
						}
					]
				}
			]
		},
		{
			"name": "Athletics",
			"source": "CRB",
			"page": 241,
			"entries": [
				"Athletics allows you to perform deeds of physical prowess. When you use the {@action Escape} basic action, you can use your {@skill Athletics} modifier instead of your unarmed attack modifier."
			]
		},
		{
			"name": "Crafting",
			"source": "CRB",
			"page": 243,
			"entries": [
				"You can use this skill to create, understand, and repair items. Even if you're untrained, you can {@action Recall Knowledge}.",
				{
					"type": "list",
					"items": [
						"{@b {@action Recall Knowledge}} about alchemical reactions, the value of items, engineering, unusual materials,\n and alchemical or mechanical creatures. The GM determines which creatures this applies to, but it usually includes constructs."
					]
				},
				{
					"type": "pf2-h3",
					"name": "Crafting Trained Actions",
					"entries": [
						"You must be trained in Crafting to use it to {@action Earn Income}.",
						{
							"type": "list",
							"items": [
								"{@b {@action Earn Income}} by crafting goods for the market."
							]
						}
					]
				}
			]
		},
		{
			"name": "Deception",
			"source": "CRB",
			"page": 245,
			"entries": [
				"You can trick and mislead others using disguises, lies, and other forms of subterfuge."
			]
		},
		{
			"name": "Diplomacy",
			"source": "CRB",
			"page": 246,
			"entries": [
				"You influence others through negotiation and flattery."
			]
		},
		{
			"name": "Intimidation",
			"source": "CRB",
			"page": 247,
			"entries": [
				"You bend others to your will using threats."
			]
		},
		{
			"name": "Lore",
			"source": "CRB",
			"page": 247,
			"entries": [
				"You have specialized information on a narrow topic. Lore features many subcategories. You might have Military Lore, Sailing Lore, Vampire Lore, or any similar subcategory of the skill. Each subcategory counts as its own skill, so applying a skill increase to Planar Lore wouldn't increase your proficiency with Sailing Lore, for example.",
				"You gain a specific subcategory of the Lore skill from your background. The GM determines what other subcategories they'll allow as Lore skills, though these categories are always less broad than any of the other skills that allow you to Recall Knowledge, and they should never be able to fully or mainly take the place of another skill's {@action Recall Knowledge} action. For instance, you couldn't choose Magic Lore to recall the breadth of knowledge about magic covered by Arcana, Nature, Occultism, and Religion, or Adventuring Lore to give you all the information an adventurer needs, or Planar Lore to gain all the information spread across various skills and subcategories such as Heaven Lore.",
				"If you have multiple subcategories of Lore that could apply to a check or that would overlap with another skill in the circumstances, you can use the skill with the better skill modifier or the one you would prefer to use. If there's any doubt whether a Lore skill applies to a specific topic or action, the GM decides whether it can be used or not.",
				"Even if you're untrained in Lore, you can use it to {@action Recall Knowledge}.",
				{
					"type": "list",
					"items": [
						"{@b {@action Recall Knowledge}} about the subject of your Lore skill's subcategory."
					]
				},
				{
					"type": "pf2-h3",
					"name": "Lore Trained Actions",
					"entries": [
						"You must be trained in Lore to use it to {@action Earn Income}.",
						{
							"type": "list",
							"items": [
								"{@b {@action Earn Income}} by using your knowledge to practice a trade."
							]
						}
					]
				}
			]
		},
		{
			"name": "Medicine",
			"source": "CRB",
			"page": 248,
			"entries": [
				"You can patch up wounds and help people recover from diseases and poisons. Even if you're untrained in Medicine, you can use it to {@action Recall Knowledge}.",
				{
					"type": "list",
					"items": [
						"{@b {@action Recall Knowledge}} about diseases, injuries, poisons, and other ailments. You can use this to perform forensic examinations if you spend 10 minutes (or more, as determined by the GM) checking for evidence such as wound patterns. This is most useful when determining how a body was injured or killed."
					]
				}
			]
		},
		{
			"name": "Nature",
			"source": "CRB",
			"page": 249,
			"entries": [
				"You know a great deal about the natural world, and you command and train animals and magical beasts. Even if you're untrained in Nature, you can use it to {@action Recall Knowledge}.",
				{
					"type": "list",
					"items": [
						"{@b {@action Recall Knowledge}} about fauna, flora, geography, weather, the environment, creatures of natural origin (like animals, beasts, fey, and plants), the First World, the Material Plane, and the Elemental Planes."
					]
				},
				{
					"type": "pf2-h3",
					"name": "Nature Trained Actions",
					"entries": [
						"You must be trained in Nature to use the following general skill actions.",
						{
							"type": "list",
							"items": [
								"{@b {@action Identify Magic}}, particularly primal magic.",
								"{@b {@action Learn a Spell}} from the {@trait primal} tradition."
							]
						}
					]
				}
			]
		},
		{
			"name": "Occultism",
			"source": "CRB",
			"page": 249,
			"entries": [
				"You know a great deal about the natural world, and you command and train animals and magical beasts. Even if you're untrained in Nature, you can use it to {@action Recall Knowledge}.",
				{
					"type": "list",
					"items": [
						"{@b {@action Recall Knowledge}} about ancient mysteries; obscure philosophies; creatures of occult significance (like aberrations, spirits, and oozes); and the Positive Energy, Negative Energy, Shadow, Astral, and Ethereal Planes."
					]
				},
				{
					"type": "pf2-h3",
					"name": "Occultism Trained Actions",
					"entries": [
						"You must be trained in Occultism to use it for the following general skill actions.",
						{
							"type": "list",
							"items": [
								"{@b {@action Decipher Writing}} on occult topics, including complex metaphysical systems, syncretic principles, weird philosophies, and incoherent ramblings.",
								"{@b {@action Identify Magic}}, particularly occult magic.",
								"{@b {@action Learn a Spell}} from the {@trait occult} tradition."
							]
						}
					]
				}
			]
		},
		{
			"name": "Perception",
			"source": "CRB",
			"page": 448,
			"entries": [
				"Perception measures your ability to be aware of your environment. Every creature has Perception, which works with and is limited by a creature's senses (described on page 464). Whenever you need to attempt a check based on your awareness, you'll attempt a Perception check. Your Perception uses your Wisdom modifier, so you'll use the following formula when attempting a Perception check.",
				{
					"type": "pf2-inset",
					"entries": [
						"Perception check result = d20 roll + Wisdom modifier + proficiency bonus + other bonuses + penalties"
					]
				},
				"Nearly all creatures are at least trained in Perception, so you will almost always add a proficiency bonus to your Perception modifier. You might add a circumstance bonus for advantageous situations or environments, and typically get status bonuses from spells or other magical effects. Items can also grant you a bonus to Perception, typically in a certain situation. For instance, a fine spyglass grants a +1 item bonus to Perception when attempting to see something a long distance away. Circumstance penalties to Perception occur when an environment or situation (such as fog) hampers your senses, while status penalties typically come from conditions, spells, and magic effects that foil the senses. You'll rarely encounter item penalties or untyped penalties for Perception.",
				"Many abilities are compared to your Perception DC to determine whether they succeed. Your Perception DC is 10 + your total Perception modifier.",
				{
					"type": "pf2-h4",
					"name": "Perception for Initiative",
					"entries": [
						"Often, you'll roll a Perception check to determine your order in initiative. When you do this, instead of comparing the result against a DC, everyone in the encounter will compare their results. The creature with the highest result acts first, the creature with the second-highest result goes second, and so on. Sometimes you may be called on to roll a skill check for initiative instead, but you'll compare results just as if you had rolled Perception. The full rules for initiative are found in the rules for encounter mode on page 468."
					]
				}
			]
		},
		{
			"name": "Performance",
			"source": "CRB",
			"page": 250,
			"entries": [
				"You are skilled at a form of performance, using your talents to impress a crowd or make a living.",
				{
					"type": "pf2-h3",
					"name": "Basic Competence",
					"entries": [
						"Some performances require you to be more than just charismatic, and if you don't meet the demands of the art form or the audience, the GM might apply a penalty based on the relevant ability score. For example, if you're dancing and have a negative Dexterity modifier, you might take a penalty to your attempt at dancing. Likewise, if you are orating and have a negative Intelligence modifier, you might have to hope your raw Charisma can overcome the penalties from your intellectual shortcomings\u2014or ask someone to help write your speeches!"
					]
				},
				{
					"type": "pf2-h3",
					"name": "Performance Traits",
					"entries": [
						"When you use an action that utilizes the Performance skill, it gains one or more traits relevant to the type of performance. The GM might change these depending on the circumstances, but the most common performance based traits are listed below.",
						{
							"type": "table",
							"rows": [
								[
									"Performance",
									"Additional Traits"
								],
								[
									"Act or perform comedy",
									"{@trait Auditory}, {@trait linguistic}, and {@trait visual}"
								],
								[
									"Dance",
									"{@trait Move} and {@trait visual}"
								],
								[
									"Play an instrument",
									"{@trait Auditory} and {@trait manipulate}"
								],
								[
									"Orate or sing",
									"{@trait Auditory} and {@trait linguistic}"
								]
							]
						}
					]
				},
				{
					"type": "pf2-h3",
					"name": "Performance Trained Action",
					"entries": [
						"You must be trained in Performance to use it to {@action Earn Income}.",
						{
							"type": "list",
							"items": [
								"{@b {@action Earn Income}} by staging a performance."
							]
						}
					]
				}
			]
		},
		{
			"name": "Religion",
			"source": "CRB",
			"page": 250,
			"entries": [
				"The secrets of deities, dogma, faith, and the realms of divine creatures both sublime and sinister are open to you. You also understand how magic works, though your training imparts a religious slant to that knowledge. Even if you're untrained in Religion, you can use it to {@action Recall Knowledge}.",
				{
					"type": "list",
					"items": [
						"{@b {@action Recall Knowledge}} about divine agents, the finer points of theology, obscure myths regarding a faith, and creatures of religious significance (like celestials, fiends, and undead), the Outer Sphere, and the Positive and Negative Energy Planes."
					]
				},
				{
					"type": "pf2-h3",
					"name": "Religion Trained Actions",
					"entries": [
						"You must be trained in Religion to use it for the following general skill actions.",
						{
							"type": "list",
							"items": [
								"{@b {@action Decipher Writing}} of a religious nature, including allegories, homilies, and proverbs.",
								"{@b {@action Identify Magic}}, particularly divine magic.",
								"{@b {@action Learn a Spell}} from the {@trait divine} tradition."
							]
						}
					]
				}
			]
		},
		{
			"name": "Society",
			"source": "CRB",
			"page": 250,
			"entries": [
				"You understand the people and systems that make civilization run, and you know the historical events that make societies what they are today. Further, you can use that knowledge to navigate the complex physical, societal, and economic workings of settlements. Even if you're untrained in Society, you can use it for the following general skill actions.",
				{
					"type": "list",
					"items": [
						"{@b {@action Recall Knowledge}} about local history, important personalities, legal institutions, societal structure, and humanoid cultures. The GM might allow Society to apply to other creatures that are major elements of society in your region, such as the draconic nobility in a kingdom of humans ruled by dragons.",
						"{@b {@action Subsist}} in a settlement by finding shelter, scrounging, or begging for food."
					]
				},
				{
					"type": "pf2-h3",
					"name": "Society Trained Actions",
					"entries": [
						"You must be trained in Society to use it to {@action Decipher Writing}.",
						{
							"type": "list",
							"items": [
								"{@b {@action Decipher Writing}} that's a coded message, text written in an incomplete or archaic form, or in some cases, text in a language you don't know."
							]
						}
					]
				}
			]
		},
		{
			"name": "Stealth",
			"source": "CRB",
			"page": 251,
			"entries": [
				"You are skilled at avoiding detection, allowing you to slip past foes, hide, or conceal an item."
			]
		},
		{
			"name": "Survival",
			"source": "CRB",
			"page": 252,
			"entries": [
				"You are adept at living in the wilderness, foraging for food and building shelter, and with training you discover the secrets of tracking and hiding your trail. Even if you're untrained, you can still use Survival to {@action Subsist}",
				{
					"type": "list",
					"items": [
						"{@action Subsist} in the wild by foraging for food and building shelter."
					]
				}
			]
		},
		{
			"name": "Thievery",
			"source": "CRB",
			"page": 253,
			"entries": [
				"You are trained in a particular set of skills favored by thieves and miscreants."
			]
		}
	]
}
