{
	"CRB": "spells-crb.json",
	"APG": "spells-apg.json",
	"LOWG": "spells-lowg.json",
	"LOCG": "spells-locg.json",
	"LOGM": "spells-logm.json",
	"LOL": "spells-lol.json",
	"LOIL": "spells-loil.json",
	"LOMM": "spells-lomm.json",
	"LOPSG": "spells-lopsg.json",
	"SoM": "spells-som.json",
	"AoA3": "spells-aoa3.json",
	"AoA4": "spells-aoa4.json",
	"AoA6": "spells-aoa6.json",
	"AoE2": "spells-aoe2.json",
	"AoE4": "spells-aoe4.json",
	"AoE5": "spells-aoe5.json",
	"AoE6": "spells-aoe6.json",
	"AV1": "spells-av1.json",
	"AV2": "spells-av2.json",
	"AV3": "spells-av3.json",
	"EC1": "spells-ec1.json",
	"EC2": "spells-ec2.json",
	"EC3": "spells-ec3.json",
	"EC4": "spells-ec4.json",
	"EC5": "spells-ec5.json",
	"EC6": "spells-ec6.json",
	"FRP1": "spells-frp1.json",
	"FRP3": "spells-frp3.json",
	"SoT1": "spells-sot1.json",
	"SoT3": "spells-sot3.json",
	"SoT4": "spells-sot4.json",
	"SoT5": "spells-sot5.json",
	"DA": "spells-da.json",
	"LOKL": "spells-lokl.json",
	"BotD": "spells-botd.json",
	"ToK": "spells-tok.json",
	"TV": "spells-tv.json",
	"GW1": "spells-gw1.json",
	"GW2": "spells-gw2.json",
	"RoE": "spells-roe.json",
	"PC1": "spells-pc1.json",
	"SoG2": "spells-sog2.json",
	"WtD1": "spells-wtd1.json",
	"WtD2": "spells-wtd2.json",
	"WtD3": "spells-wtd3.json",
	"WtD4": "spells-wtd4.json",
	"Mal": "spells-mal.json",
	"TEC": "spells-tec.json",
	"SF0": "spells-sf0.json"
}
