{
	"creatureFluff": [
		{
			"name": "Anadi Hunter",
			"source": "LOME",
			"entries": []
		},
		{
			"name": "Anadi Sage",
			"source": "LOME",
			"entries": []
		},
		{
			"name": "Anadi Elder",
			"source": "LOME",
			"entries": []
		},
		{
			"name": "Aigamuxa",
			"source": "LOME",
			"entries": []
		},
		{
			"name": "Asanbosam",
			"source": "LOME",
			"entries": []
		},
		{
			"name": "Biloko Warrior",
			"source": "LOME",
			"entries": []
		},
		{
			"name": "Biloko Veteran",
			"source": "LOME",
			"entries": []
		},
		{
			"name": "Eloko",
			"source": "LOME",
			"entries": []
		},
		{
			"name": "Charau-ka Warrior",
			"source": "LOME",
			"entries": []
		},
		{
			"name": "Charau-ka Acolyte Of Angazhan",
			"source": "LOME",
			"entries": []
		},
		{
			"name": "Charau-ka Butcher",
			"source": "LOME",
			"entries": []
		},
		{
			"name": "Grootslang",
			"source": "LOME",
			"entries": []
		},
		{
			"name": "K'nonna",
			"source": "LOME",
			"entries": []
		},
		{
			"name": "Pygmy Kaava",
			"source": "LOME",
			"entries": []
		},
		{
			"name": "Kaava Stalker",
			"source": "LOME",
			"entries": []
		},
		{
			"name": "Karina",
			"source": "LOME",
			"entries": []
		},
		{
			"name": "Maliadi",
			"source": "LOME",
			"entries": []
		},
		{
			"name": "Mamlambo",
			"source": "LOME",
			"entries": []
		},
		{
			"name": "Rompo",
			"source": "LOME",
			"entries": []
		},
		{
			"name": "Goluo",
			"source": "LOME",
			"entries": []
		},
		{
			"name": "Solar Ibis",
			"source": "LOME",
			"entries": []
		},
		{
			"name": "Zinba",
			"source": "LOME",
			"entries": []
		}
	]
}
