{
	"source": [
		{
			"source": "CRB",
			"name": "Core Rulebook",
			"date": "2019-08-01",
			"store": "https://paizo.com/products/btq01zp3",
			"vanilla": true,
			"defaultSource": [
				"spell",
				"item",
				"class",
				"condition",
				"background",
				"ancestry",
				"archetype",
				"feat",
				"trap",
				"hazard",
				"deity",
				"action",
				"classFeature",
				"subclassFeature",
				"table",
				"language",
				"ritual",
				"trait",
				"group",
				"domain",
				"skill",
				"familiarAbility",
				"companion",
				"companionAbility"
			]
		},
		{
			"source": "B1",
			"store": "https://paizo.com/products/btq01zp4",
			"name": "Bestiary",
			"vanilla": true,
			"date": "2019-08-01",
			"defaultSource": [
				"creatureTemplate",
				"ability",
				"creature"
			]
		},
		{
			"source": "GMG",
			"vanilla": true,
			"store": "https://paizo.com/products/btq022c1",
			"name": "Gamemastery Guide",
			"defaultSource": [
				"disease",
				"curse",
				"variantrule",
				"vehicle",
				"place",
				"plane",
				"settlement",
				"nation"
			]
		},
		{
			"source": "B2",
			"vanilla": true,
			"store": "https://paizo.com/products/btq022yq",
			"name": "Bestiary 2"
		},
		{
			"source": "APG",
			"vanilla": true,
			"store": "https://paizo.com/products/btq023ih",
			"name": "Advanced Player's Guide",
			"defaultSource": [
				"versatileHeritage",
				"familiar",
				"optfeature"
			]
		},
		{
			"source": "B3",
			"vanilla": true,
			"store": "https://paizo.com/products/btq027mn",
			"name": "Bestiary 3"
		},
		{
			"source": "SoM",
			"vanilla": true,
			"store": "https://paizo.com/products/btq027uy",
			"name": "Secrets of Magic",
			"defaultSource": [
				"eidolon"
			]
		},
		{
			"source": "LOWG",
			"store": "https://paizo.com/products/btq01zoj",
			"name": "Lost Omens: World Guide"
		},
		{
			"source": "LOCG",
			"store": "https://paizo.com/products/btq01zt4",
			"name": "Lost Omens: Character Guide",
			"defaultSource": [
				"organization"
			]
		},
		{
			"source": "LOGM",
			"store": "https://paizo.com/products/btq021wf",
			"name": "Lost Omens: Gods & Magic"
		},
		{
			"source": "LOGMWS",
			"store": "https://paizo.com/products/btq021wf",
			"name": "Lost Omens: Gods & Magic Web Supplement"
		},
		{
			"source": "LOL",
			"store": "https://paizo.com/products/btq023gd",
			"name": "Lost Omens: Legends"
		},
		{
			"source": "LOPSG",
			"store": "https://paizo.com/products/btq0250x",
			"name": "Lost Omens: Pathfinder Society Guide"
		},
		{
			"source": "LOAG",
			"store": "https://paizo.com/products/btq026k5",
			"name": "Lost Omens: Ancestry Guide"
		},
		{
			"source": "LOME",
			"store": "https://paizo.com/products/btq026i4",
			"name": "Lost Omens: The Mwangi Expanse"
		},
		{
			"source": "LOACLO",
			"store": "",
			"name": "Lost Omens: Absalom, City of Lost Omens"
		},
		{
			"source": "AAWS",
			"store": "https://paizo-images.s3-us-west-2.amazonaws.com/image/download/Azarketi+Ancestry.pdf",
			"name": "Azarketi Ancestry Web Supplement"
		},
		{
			"source": "G&G",
			"vanilla": true,
			"store": "https://paizo.com/products/btq026mw",
			"name": "Guns & Gears"
		},
		{
			"source": "LOTGB",
			"store": "https://paizo.com/products/btq027kc",
			"name": "Lost Omens: The Grand Bazaar"
		},
		{
			"source": "LOMM",
			"store": "https://paizo.com/products/btq027u2",
			"name": "Lost Omens: Monsters of Myth"
		},
		{
			"source": "BotD",
			"vanilla": true,
			"store": "https://paizo.com/products/btq02c0j",
			"name": "Book of the Dead"
		},
		{
			"source": "LOTG",
			"store": "https://paizo.com/products/btq02c20",
			"name": "Lost Omens: Travel Guide"
		},
		{
			"source": "LOKL",
			"store": "https://paizo.com/products/btq02c3a",
			"name": "Lost Omens: Knights of Lastwall"
		},
		{
			"source": "DA",
			"vanilla": true,
			"store": "https://paizo.com/products/btq02arq",
			"name": "Dark Archive"
		},
		{
			"source": "LOIL",
			"store": "https://paizo.com/products/btq02dxx",
			"name": "Lost Omens: Impossible Lands"
		},
		{
			"source": "PFUM",
			"name": "PATHFINDER: FUMBUS!",
			"store": "https://www.kickstarter.com/projects/dynamiteent/pathfinder-fumbus?ref=Pf2eTools"
		},
		{
			"source": "AoA0",
			"name": "Age of Ashes Player's Guide",
			"adventure": true,
			"store": "https://paizo.com/products/btq024wj"
		},
		{
			"source": "AoA1",
			"name": "Age of Ashes #1: Hellknight Hill",
			"adventure": true,
			"store": "https://paizo.com/products/btq024tw"
		},
		{
			"source": "AoA2",
			"name": "Age of Ashes #2: Cult of Cinders",
			"adventure": true,
			"store": "https://paizo.com/products/btq022ci"
		},
		{
			"source": "AoA3",
			"name": "Age of Ashes #3: Tomorrow Must Burn",
			"adventure": true,
			"store": "https://paizo.com/products/btq022lx"
		},
		{
			"source": "AoA4",
			"name": "Age of Ashes #4: Fires of the Haunted City",
			"adventure": true,
			"store": "https://paizo.com/products/btq0233p"
		},
		{
			"source": "AoA5",
			"name": "Age of Ashes #5: Against the Scarlet Triad",
			"adventure": true,
			"store": "https://paizo.com/products/btq023dz"
		},
		{
			"source": "AoA6",
			"name": "Age of Ashes #6: Broken Promises",
			"adventure": true,
			"store": "https://paizo.com/products/btq023g1"
		},
		{
			"source": "EC0",
			"name": "Extinction Curse Player's Guide",
			"adventure": true,
			"store": "https://paizo.com/products/btq022ks"
		},
		{
			"source": "EC1",
			"name": "Extinction Curse #1: The Show Must Go On",
			"adventure": true,
			"store": "https://paizo.com/products/btq01zqb"
		},
		{
			"source": "EC2",
			"name": "Extinction Curse #2: Legacy of the Lost God",
			"adventure": true,
			"store": "https://paizo.com/products/btq01zrd"
		},
		{
			"source": "EC3",
			"name": "Extinction Curse #3: Life's Long Shadows",
			"adventure": true,
			"store": "https://paizo.com/products/btq01zuh"
		},
		{
			"source": "EC4",
			"name": "Extinction Curse #4: Siege of the Dinosaurs",
			"adventure": true,
			"store": "https://paizo.com/products/btq0216l"
		},
		{
			"source": "EC5",
			"name": "Extinction Curse #5: Lord of the Black Sands",
			"adventure": true,
			"store": "https://paizo.com/products/btq021by"
		},
		{
			"source": "EC6",
			"name": "Extinction Curse #6: The Apocalypse Prophet",
			"adventure": true,
			"store": "https://paizo.com/products/btq021f4"
		},
		{
			"source": "AoE0",
			"name": "Agents of Edgewatch Player's Guide",
			"adventure": true,
			"store": "https://paizo.com/products/btq01zth"
		},
		{
			"source": "AoE1",
			"name": "Agents of Edgewatch #1: Devil at the Dreaming Palace",
			"adventure": true,
			"store": "https://paizo.com/products/btq01znq"
		},
		{
			"source": "AoE2",
			"name": "Agents of Edgewatch #2: Sixty Feet Under",
			"adventure": true,
			"store": "https://paizo.com/products/btq01znt"
		},
		{
			"source": "AoE3",
			"name": "Agents of Edgewatch #3: All or Nothing",
			"adventure": true,
			"store": "https://paizo.com/products/btq01zrs"
		},
		{
			"source": "AoE4",
			"name": "Agents of Edgewatch #4: Assault on Hunting Lodge Seven",
			"adventure": true,
			"store": "https://paizo.com/products/btq0204d"
		},
		{
			"source": "AoE5",
			"name": "Agents of Edgewatch #5: Belly of the Black Whale",
			"adventure": true,
			"store": "https://paizo.com/products/btq02065"
		},
		{
			"source": "AoE6",
			"name": "Agents of Edgewatch #6: Ruins of the Radiant Siege",
			"adventure": true,
			"store": "https://paizo.com/products/btq021cb"
		},
		{
			"source": "AV0",
			"name": "Abomination Vaults Player's Guide",
			"adventure": true,
			"store": "https://paizo.com/community/blog/v5748dyo6shjm"
		},
		{
			"source": "AV1",
			"name": "Abomination Vaults #1: Ruins of Gauntlight",
			"adventure": true,
			"store": "https://paizo.com/products/btq026kj"
		},
		{
			"source": "AV2",
			"name": "Abomination Vaults #2: Hands of the Devil",
			"adventure": true,
			"store": "https://paizo.com/products/btq027jm"
		},
		{
			"source": "AV3",
			"name": "Abomination Vaults #3: Eyes of Empty Death",
			"adventure": true,
			"store": "https://paizo.com/products/btq024xm"
		},
		{
			"source": "FRP0",
			"name": "Fists of the Ruby Phoenix Player's Guide",
			"adventure": true,
			"store": "https://paizo.com/community/blog/v5748dyo6shmo"
		},
		{
			"source": "FRP1",
			"name": "Fists of the Ruby Phoenix #1: Despair on Danger Island",
			"adventure": true,
			"store": "https://paizo.com/products/btq027qd"
		},
		{
			"source": "FRP2",
			"name": "Fists of the Ruby Phoenix #2: Ready? Fight!",
			"adventure": true,
			"store": "https://paizo.com/products/btq027sp"
		},
		{
			"source": "FRP3",
			"name": "Fists of the Ruby Phoenix #3: King of the Mountain",
			"adventure": true,
			"store": "https://paizo.com/products/btq027sq"
		},
		{
			"source": "SoT0",
			"name": "Strength of Thousands Player's Guide",
			"adventure": true,
			"store": "https://paizo.com/community/blog/v5748dyo6shr4"
		},
		{
			"source": "SoT1",
			"name": "Strength of Thousands #1: Kindled Magic",
			"adventure": true,
			"store": "https://paizo.com/products/btq026li"
		},
		{
			"source": "SoT2",
			"name": "Strength of Thousands #2: Spoken on the Song Wind",
			"adventure": true,
			"store": "https://paizo.com/products/btq026mv"
		},
		{
			"source": "SoT3",
			"name": "Strength of Thousands #3: Hurricane's Howl",
			"adventure": true,
			"store": "https://paizo.com/products/btq027kb"
		},
		{
			"source": "SoT4",
			"name": "Strength of Thousands #4: Secrets of the Temple-City",
			"adventure": true,
			"store": "https://paizo.com/products/btq027nz"
		},
		{
			"source": "SoT5",
			"name": "Strength of Thousands #5: Doorway to the Red Star",
			"adventure": true,
			"store": "https://paizo.com/products/btq027s2"
		},
		{
			"source": "SoT6",
			"name": "Strength of Thousands #6: Shadows of the Ancients",
			"adventure": true,
			"store": "https://paizo.com/products/btq027u1"
		},
		{
			"source": "OoA0",
			"name": "Outlaws of Alkenstar Player's Guide",
			"adventure": true,
			"store": "https://paizo.com/community/blog/v5748dyo6si08"
		},
		{
			"source": "OoA1",
			"name": "Outlaws of Alkenstar #1: Punks in a Powder Keg",
			"adventure": true,
			"store": "https://paizo.com/products/btq02ajl"
		},
		{
			"source": "OoA2",
			"name": "Outlaws of Alkenstar #2: Cradle of Quartz",
			"adventure": true,
			"store": "https://paizo.com/products/btq02am3"
		},
		{
			"source": "OoA3",
			"name": "Outlaws of Alkenstar #3: The Smoking Gun",
			"adventure": true,
			"store": "https://paizo.com/products/btq02aot"
		},
		{
			"source": "QFF0",
			"name": "Quest for the Frozen Flame Player's Guide",
			"adventure": true,
			"store": "https://paizo.com/community/blog/v5748dyo6shx3"
		},
		{
			"source": "QFF1",
			"name": "Quest for the Frozen Flame #1: Broken Tusk Moon",
			"adventure": true,
			"store": "https://paizo.com/products/btq02asv"
		},
		{
			"source": "QFF2",
			"name": "Quest for the Frozen Flame #2: Lost Mammoth Valley",
			"adventure": true,
			"store": "https://paizo.com/products/btq029ud"
		},
		{
			"source": "QFF3",
			"name": "Quest for the Frozen Flame #3: Burning Tundra",
			"adventure": true,
			"store": "https://paizo.com/products/btq029wg"
		},
		{
			"source": "BL0",
			"name": "Blood Lords Player's Guide",
			"adventure": true,
			"store": "https://paizo.com/community/blog/v5748dyo6si34"
		},
		{
			"source": "BL1",
			"name": "Blood Lords #1: Zombie Fest",
			"adventure": true,
			"store": "https://paizo.com/products/btq02art"
		},
		{
			"source": "BL2",
			"name": "Blood Lords #2: Graveclaw",
			"adventure": true,
			"store": "https://paizo.com/products/btq02asf"
		},
		{
			"source": "BL3",
			"name": "Blood Lords #3: Field of Maidens",
			"adventure": true,
			"store": "https://paizo.com/products/btq02c11"
		},
		{
			"source": "BL4",
			"name": "Blood Lords #4: The Ghouls Hunger",
			"adventure": true,
			"store": "https://paizo.com/products/btq02c4e"
		},
		{
			"source": "BL5",
			"name": "Blood Lords #5: A Taste of Ashes",
			"adventure": true,
			"store": "https://paizo.com/products/btq02d51"
		},
		{
			"source": "BL6",
			"name": "Blood Lords #6: Ghost King's Rage",
			"adventure": true,
			"store": "https://paizo.com/products/btq02d71"
		},
		{
			"source": "GW0",
			"name": "Gatewalkers Player's Guide",
			"adventure": true
		},
		{
			"source": "GW1",
			"store": "https://paizo.com/products/btq02dsq",
			"name": "Gatewalkers #1: The Seventh Arch",
			"adventure": true
		},
		{
			"source": "GW2",
			"store": "https://paizo.com/products/btq02dw1",
			"name": "Gatewalkers #2: They Watched the Stars",
			"adventure": true
		},
		{
			"source": "Sli",
			"store": "https://paizo.com/products/btq023hg",
			"name": "The Slithering",
			"adventure": true
		},
		{
			"source": "NGD",
			"store": "https://paizo.com/products/btq027o0",
			"name": "Night of the Gray Death",
			"adventure": true
		},
		{
			"source": "FoP",
			"store": "https://paizo.com/products/btq01zoh",
			"name": "The Fall of Plaguestone",
			"adventure": true
		},
		{
			"source": "TiO",
			"store": "https://paizo.com/products/btq026k1",
			"name": "Troubles in Otari",
			"adventure": true
		},
		{
			"source": "LTiBA",
			"name": "Little Trouble in Big Absalom",
			"store": "https://paizo.com/products/btq024ys"
		}
	]
}
