{
	"source": [
		{
			"source": "AAWS",
			"date": "2021-02-24",
			"store": "https://paizo-images.s3-us-west-2.amazonaws.com/image/download/Azarketi+Ancestry.pdf",
			"name": "Azarketi Ancestry Web Supplement",
			"entries": [
				"{@b Pathfinder Core Rulebook (Second Edition)} © 2019, Paizo Inc.; Authors: Logan Bonner, Jason Bulmahn, Stephen Radney-MacFarland, and Mark Seifter.",
				"{@b Pathfinder Lost Omens Azarketi Ancestry Web Supplement} © 2021, Paizo Inc.; Author: Samantha Phelan."
			]
		},
		{
			"source": "APG",
			"date": "2020-07-30",
			"errata": "2022-04-13",
			"vanilla": true,
			"store": "https://paizo.com/products/btq023ih",
			"name": "Advanced Player's Guide",
			"entries": [
				"{@b Pathfinder Core Rulebook (Second Edition)} © 2019, Paizo Inc.; Authors: Logan Bonner, Jason Bulmahn, Stephen Radney-MacFarland, and Mark Seifter.",
				"{@b Genie, Marid from the Tome of Horrors Complete} © 2011, Necromancer Games, Inc., published and distributed by Frog God Games; Author: Scott Greene, based on original material by Gary Gygax.",
				"{@b Pathfinder Advanced Player's Guide} © 2020, Paizo Inc.; Authors: Amirali Attar Olyaee, Alexander Augunas, Kate Baker, Brian Bauman, Logan Bonner, Carlos Cabrera, James Case, Jessica Catalan, John Compton, Paris Crenshaw, Jesse Decker, Fabby Garza Marroquín, Steven Hammond, Sasha Laranoa Harving, Joan Hong, Nicolas Hornyak, Vanessa Hoskins, James Jacobs, Erik Keith, Lyz Liddell, Luis Loza, Ron Lundeen, Patchen Mortimer, Dennis Muldoon, Stephen Radney-MacFarland, Jessica Redekop, Mikhail Rekun, Alex Riggs, David N. Ross, Michael Sayre, Mark Seifter, Kendra Leigh Speedling, Jason Tondro, Clark Valentine, and Andrew White."
			],
			"defaultSource": [
				"versatileHeritage",
				"familiar",
				"optfeature"
			]
		},
		{
			"source": "AV0",
			"date": "2021-01-15",
			"name": "Abomination Vaults Player's Guide",
			"adventure": true,
			"store": "https://paizo.com/community/blog/v5748dyo6shjm",
			"entries": [
				"{@b Pathfinder Core Rulebook (Second Edition)} © 2019, Paizo Inc.; Authors: Logan Bonner, Jason Bulmahn, Stephen Radney-MacFarland, and Mark Seifter.",
				"{@b Abomination Vaults Player's Guide} © 2021, Paizo Inc.; Author: Ron Lundeen, with James Jacobs."
			]
		},
		{
			"source": "AV1",
			"date": "2021-01-15",
			"name": "Abomination Vaults #1: Ruins of Gauntlight",
			"adventure": true,
			"store": "https://paizo.com/products/btq026kj",
			"entries": [
				"{@b Pathfinder Core Rulebook (Second Edition)} © 2019, Paizo Inc.; Authors: Logan Bonner, Jason Bulmahn, Stephen Radney-MacFarland, and Mark Seifter.",
				"{@b Soul Eater from the Tome of Horrors Complete} © 2011, Necromancer Games, Inc., published and distributed by Frog God Games; Author: Scott Greene, based on original material by David Cook.",
				"{@b Pathfinder Adventure Path #163: Ruins of Gauntlight} © 2021, Paizo Inc.; Author: James Jacobs."
			]
		},
		{
			"source": "AV2",
			"date": "2021-02-24",
			"name": "Abomination Vaults #2: Hands of the Devil",
			"adventure": true,
			"store": "https://paizo.com/products/btq027jm",
			"entries": [
				"{@b Skulk from the Tome of Horrors Complete} © 2011, Necromancer Games, Inc., published and distributed by Frog God Games; Author: Scott Greene, based on original material by Simon Muth.",
				"{@b Pathfinder Core Rulebook (Second Edition)} © 2019, Paizo Inc.; Authors: Logan Bonner, Jason Bulmahn, Stephen Radney-MacFarland, and Mark Seifter.",
				"{@b Pathfinder Adventure Path #164: Hands of the Devil} © 2021, Paizo Inc.; Authors: Vanessa Hoskins, with Ron Lundeen, Quinn Murphy, and Amber Stewart."
			]
		},
		{
			"source": "AV3",
			"date": "2021-04-07",
			"name": "Abomination Vaults #3: Eyes of Empty Death",
			"adventure": true,
			"store": "https://paizo.com/products/btq024xm",
			"entries": [
				"{@b Pathfinder Core Rulebook (Second Edition)} © 2019, Paizo Inc.; Authors: Logan Bonner, Jason Bulmahn, Stephen Radney-MacFarland, and Mark Seifter.",
				"{@b Daemon, Guardian from the Tome of Horrors Complete} © 2011, Necromancer Games, Inc., published and distributed by Frog God Games; Author: Scott Greene, based on original material by Ian McDowall.",
				"{@b Daemon, Derghodaemon from the Tome of Horrors Complete} © 2011, Necromancer Games, Inc., published and distributed by Frog God Games; Author: Scott Greene, based on original material by Gary Gygax.",
				"{@b Froghemoth from the Tome of Horrors Complete} © 2011, Necromancer Games, Inc., published and distributed by Frog God Games; Author: Scott Greene, based on original material by Gary Gygax.",
				"{@b Pathfinder Adventure Path #165: Eyes of Empty Death} © 2021, Paizo Inc.; Authors: Stephen Radney- MacFarland, with James Jacobs and Mikhail Rekun."
			]
		},
		{
			"source": "AVH",
			"date": "2022-05-25",
			"name": "Abomination Vaults Hardcover",
			"adventure": true,
			"store": "https://paizo.com/products/btq02ajj",
			"entries": [
				"{@b Pathfinder Core Rulebook (Second Edition)} © 2019, Paizo Inc.; Authors: Logan Bonner, Jason Bulmahn, Stephen Radney-MacFarland, and Mark Seifter.",
				"{@b Daemon, Guardian from the Tome of Horrors Complete} © 2011, Necromancer Games, Inc., published and distributed by Frog God Games; Author: Scott Greene, based on original material by Ian McDowall.",
				"{@b Daemon, Derghodaemon from the Tome of Horrors Complete} © 2011, Necromancer Games, Inc., published and distributed by Frog God Games; Author: Scott Greene, based on original material by Gary Gygax.",
				"{@b Froghemoth from the Tome of Horrors Complete} © 2011, Necromancer Games, Inc., published and distributed by Frog God Games; Author: Scott Greene, based on original material by Gary Gygax.",
				"{@b Skulk from the Tome of Horrors Complete} © 2011, Necromancer Games, Inc., published and distributed by Frog God Games; Author: Scott Greene, based on original material by Simon Muth.",
				"{@b Soul Eater from the Tome of Horrors Complete} © 2011, Necromancer Games, Inc., published and distributed by Frog God Games; Author: Scott Greene, based on original material by David Cook.",
				"{@b Abomination Vaults Adventure Path} © 2022, Paizo Inc.; Authors: Vanessa Hoskins, James Jacobs, and Stephen Radney-MacFarland, with Ron Lundeen."
			]
		},
		{
			"source": "AoA0",
			"date": "2019-08-01",
			"name": "Age of Ashes Player's Guide",
			"adventure": true,
			"store": "https://paizo.com/products/btq024wj",
			"entries": [
				"{@b Age of Ashes Player's Guide} © 2019, Paizo Inc.; Authors: James Jacobs, with Amanda Hamon."
			]
		},
		{
			"source": "AoA1",
			"date": "2019-08-01",
			"name": "Age of Ashes #1: Hellknight Hill",
			"adventure": true,
			"store": "https://paizo.com/products/btq024tw",
			"entries": [
				"{@b Pathfinder Adventure Path #145: Hellknight Hill} © 2019, Paizo Inc.; Authors: Amanda Hamon, with Logan Bonner, James Jacobs, and Jason Tondro."
			]
		},
		{
			"source": "AoA2",
			"date": "2019-09-01",
			"name": "Age of Ashes #2: Cult of Cinders",
			"adventure": true,
			"store": "https://paizo.com/products/btq022ci",
			"entries": [
				"{@b Grippli from the Tome of Horrors Complete} © 2011, Necromancer Games, Inc., published and distributed by Frog God Games; Author: Scott Greene, based on original material by Gary Gygax.",
				"{@b Pathfinder Adventure Path #146: Cult of Cinders} © 2019, Paizo Inc.; Authors: Eleanor Ferron, with Leo Glass, James Jacobs, Jason Keeley, and Owen KC Stephens."
			]
		},
		{
			"source": "AoA3",
			"date": "2019-09-18",
			"name": "Age of Ashes #3: Tomorrow Must Burn",
			"adventure": true,
			"store": "https://paizo.com/products/btq022lx",
			"entries": [
				"{@b Pathfinder Adventure Path #147: Tomorrow Must Burn} © 2019, Paizo Inc.; Authors: Ron Lundeen and Stephanie Lundeen, with Lyz Liddell and James Sutter."
			]
		},
		{
			"source": "AoA4",
			"date": "2019-10-16",
			"name": "Age of Ashes #4: Fires of the Haunted City",
			"adventure": true,
			"store": "https://paizo.com/products/btq0233p",
			"entries": [
				"{@b Pathfinder Adventure Path #148: Fires of the Haunted City} © 2019, Paizo Inc.; Authors: Linda Zayas-Palmer, with Owen K.C. Stephens, James L. Sutter, and Greg Vaughan."
			]
		},
		{
			"source": "AoA5",
			"date": "2019-11-13",
			"name": "Age of Ashes #5: Against the Scarlet Triad",
			"adventure": true,
			"store": "https://paizo.com/products/btq023dz",
			"entries": [
				"{@b Pech from the Tome of Horrors Complete} © 2011, Necromancer Games, Inc., published and distributed by Frog God Games; Author: Scott Greene, based on original material by Gary Gygax.",
				"{@b Pathfinder Core Rulebook (Second Edition)} © 2019, Paizo Inc.; Authors: Logan Bonner, Jason Bulmahn, Stephen Radney-MacFarland, and Mark Seifter.",
				"{@b Pathfinder Adventure Path #149: Against the Scarlet Triad} © 2019, Paizo Inc.; Authors: John Compton, with Tim Nightengale and James L. Sutter."
			]
		},
		{
			"source": "AoA6",
			"date": "2019-12-12",
			"name": "Age of Ashes #6: Broken Promises",
			"adventure": true,
			"store": "https://paizo.com/products/btq023g1",
			"entries": [
				"{@b Pathfinder Core Rulebook (Second Edition)} © 2019, Paizo Inc.; Authors: Logan Bonner, Jason Bulmahn, Stephen Radney-MacFarland, and Mark Seifter.",
				"{@b Pathfinder Adventure Path #150: Broken Promises} © 2019, Paizo Inc.; Authors: Luis Loza, with James Jacobs, Alex Riggs, and Owen K.C. Stephens."
			]
		},
		{
			"source": "AoE0",
			"date": "2020-07-08",
			"name": "Agents of Edgewatch Player's Guide",
			"adventure": true,
			"store": "https://paizo.com/products/btq01zth",
			"entries": [
				"{@b Pathfinder Core Rulebook (Second Edition)} © 2019, Paizo Inc.; Authors: Logan Bonner, Jason Bulmahn, Stephen Radney-MacFarland, and Mark Seifter.",
				"{@b Agents of Edgewatch Player's Guide} © 2020, Paizo Inc.; Author: Patrick Renie."
			]
		},
		{
			"source": "AoE1",
			"date": "2020-07-30",
			"name": "Agents of Edgewatch #1: Devil at the Dreaming Palace",
			"adventure": true,
			"store": "https://paizo.com/products/btq01znq",
			"entries": [
				"{@b Pathfinder Core Rulebook (Second Edition)} © 2019, Paizo Inc.; Authors: Logan Bonner, Jason Bulmahn, Stephen Radney-MacFarland, and Mark Seifter.",
				"{@b Carbuncle from the Tome of Horrors Complete} © 2011, Necromancer Games, Inc., published and distributed by Frog God Games; Author: Scott Greene, based on original material by Albie Fiore.",
				"{@b Pathfinder Adventure Path #157: Devil at the Dreaming Palace} © 2020, Paizo Inc.; Authors: James L. Sutter, with Luis Loza, Andrew Mullen, Samantha Phelan, and Patrick Renie."
			]
		},
		{
			"source": "AoE2",
			"date": "2020-08-26",
			"name": "Agents of Edgewatch #2: Sixty Feet Under",
			"adventure": true,
			"store": "https://paizo.com/products/btq01znt",
			"entries": [
				"{@b Pathfinder Core Rulebook (Second Edition)} © 2019, Paizo Inc.; Authors: Logan Bonner, Jason Bulmahn, Stephen Radney-MacFarland, and Mark Seifter.",
				"{@b Daemon, Guardian from the Tome of Horrors Complete} © 2011, Necromancer Games, Inc., published and distributed by Frog God Games; Author: Scott Greene, based on original material by Ian McDowall.",
				"{@b Pathfinder Adventure Path #158: Sixty Feet Under} © 2020, Paizo Inc.; Authors: Michael Sayre, with Saif Ansari, Leo Glass, Ron Lundeen, Jacob W. Michaels, Patrick Renie, and David N. Ross."
			]
		},
		{
			"source": "AoE3",
			"date": "2020-09-15",
			"name": "Agents of Edgewatch #3: All or Nothing",
			"adventure": true,
			"store": "https://paizo.com/products/btq01zrs",
			"entries": [
				"{@b Pathfinder Core Rulebook (Second Edition)} © 2019, Paizo Inc.; Authors: Logan Bonner, Jason Bulmahn, Stephen Radney-MacFarland, and Mark Seifter.",
				"{@b Daemon, Piscodaemon from the Tome of Horrors Complete} © 2011, Necromancer Games, Inc., published and distributed by Frog God Games; Author: Scott Greene, based on original material by Gary Gygax.",
				"{@b Pathfinder Adventure Path #159: All or Nothing} © 2020, Paizo Inc.; Authors: Jason Keeley, with Alexander Augunas, Jessica Catalan, Stephen Glicker, Mike Kimmel, Alex Riggs, and Mike Welham."
			]
		},
		{
			"source": "AoE4",
			"date": "2020-10-14",
			"name": "Agents of Edgewatch #4: Assault on Hunting Lodge Seven",
			"adventure": true,
			"store": "https://paizo.com/products/btq0204d",
			"entries": [
				"{@b Pathfinder Core Rulebook (Second Edition)} © 2019, Paizo Inc.; Authors: Logan Bonner, Jason Bulmahn, Stephen Radney-MacFarland, and Mark Seifter.",
				"{@b Pathfinder Adventure Path #160: Assault on Hunting Lodge Seven} © 2020, Paizo Inc.; Authors: Ron Lundeen, with Luis Loza and Hilary Moon Murphy."
			]
		},
		{
			"source": "AoE5",
			"date": "2020-11-15",
			"name": "Agents of Edgewatch #5: Belly of the Black Whale",
			"adventure": true,
			"store": "https://paizo.com/products/btq02065",
			"entries": [
				"{@b Pathfinder Core Rulebook (Second Edition)} © 2019, Paizo Inc.; Authors: Logan Bonner, Jason Bulmahn, Stephen Radney-MacFarland, and Mark Seifter.",
				"{@b Pathfinder Adventure Path #161: Belly of the Black Whale} © 2020, Paizo Inc.; Authors: Cole Kronewitter, with Kim Frandsen, Patchen Mortimer, Kyle T. Raes, Andrew White, and Brian Yaksha."
			]
		},
		{
			"source": "AoE6",
			"date": "2020-12-15",
			"name": "Agents of Edgewatch #6: Ruins of the Radiant Siege",
			"adventure": true,
			"store": "https://paizo.com/products/btq021cb",
			"entries": [
				"{@b Pathfinder Core Rulebook (Second Edition)} © 2019, Paizo Inc.; Authors: Logan Bonner, Jason Bulmahn, Stephen Radney-MacFarland, and Mark Seifter.",
				"{@b Pathfinder Adventure Path #162: Ruins of the Radiant Siege} © 2020, Paizo Inc.; Authors: Amber Stewart, with Carlos Cabrera, Benjamin U. Fields, Kim Frandsen, Jim Groves, John S. Roberts, and Diego Valdez."
			]
		},
		{
			"source": "B1",
			"store": "https://paizo.com/products/btq01zp4",
			"name": "Bestiary",
			"vanilla": true,
			"date": "2019-08-01",
			"defaultSource": [
				"creatureTemplate",
				"ability",
				"creature"
			],
			"entries": [
				"{@b Daemon, Guardian from the Tome of Horrors Complete} © 2011, Necromancer Games, Inc., published and distributed by Frog God Games; Author: Scott Greene, based on original material by Ian McDowall.",
				"{@b Dark Creeper from the Tome of Horrors Complete} © 2011, Necromancer Games, Inc., published and distributed by Frog God Games; Author: Scott Greene, based on original material by Rik Shepard.",
				"{@b Dark Stalker from the Tome of Horrors Complete} © 2011, Necromancer Games, Inc., published and distributed by Frog God Games; Author: Scott Greene, based on original material by Simon Muth.",
				"{@b Dragon, Faerie from the Tome of Horrors Complete} © 2011, Necromancer Games, Inc., published and distributed by Frog God Games; Author: Scott Greene, based on original material by Brian Jaeger and Gary Gygax.",
				"{@b Genie, Marid from the Tome of Horrors Complete} © 2011, Necromancer Games, Inc., published and distributed by Frog God Games; Author: Scott Greene, based on original material by Gary Gygax.",
				"{@b Mite from the Tome of Horrors Complete} © 2011, Necromancer Games, Inc., published and distributed by Frog God Games; Author: Scott Greene, based on original material by Ian Livingstone and Mark Barnes.",
				"{@b Pathfinder Bestiary (Second Edition)} © 2019, Paizo Inc.; Authors: Alexander Augunas, Logan Bonner, Jason Bulmahn, John Compton, Paris Crenshaw, Adam Daigle, Eleanor Ferron, Leo Glass, Thurston Hillman, James Jacobs, Jason Keeley, Lyz Liddell, Ron Lundeen, Robert G. McCreary, Tim Nightengale, Stephen Radney-MacFarland, Alex Riggs, David N. Ross, Michael Sayre, Mark Seifter, Chris S. Sims, Jeffrey Swank, Jason Tondro, Tonya Woldridge, and Linda Zayas-Palmer."
			]
		},
		{
			"source": "B2",
			"vanilla": true,
			"date": "2020-05-27",
			"store": "https://paizo.com/products/btq022yq",
			"name": "Bestiary 2",
			"entries": [
				"{@b Angel, Monadic Deva from the Tome of Horrors Complete} © 2011, Necromancer Games, Inc., published and distributed by Frog God Games; Author: Scott Greene, based on original material by Gary Gygax.",
				"{@b Angel, Movanic Deva from the Tome of Horrors Complete} © 2011, Necromancer Games, Inc., published and distributed by Frog God Games; Author: Scott Greene, based on original material by Gary Gygax.",
				"{@b Aurumvorax from the Tome of Horrors Complete} © 2011, Necromancer Games, Inc., published and distributed by Frog God Games; Author: Scott Greene, based on original material by Gary Gygax.",
				"{@b Basidirond from the Tome of Horrors Complete} © 2011, Necromancer Games, Inc., published and distributed by Frog God Games; Author: Scott Greene, based on original material by Gary Gygax.",
				"{@b Blindheim from the Tome of Horrors Complete} © 2011, Necromancer Games, Inc., published and distributed by Frog God Games; Author: Scott Greene, based on original material by Roger Musson.",
				"{@b The Book of Fiends} © 2003, Green Ronin Publishing; Authors: Aaron Loeb, Erik Mona, Chris Pramas, and Robert J. Schwalb.",
				"{@b Armies of the Abyss} © 2002, Green Ronin Publishing; Authors: Erik Mona and Chris Pramas.",
				"{@b The Avatar's Handbook} © 2003, Green Ronin Publishing; Authors: Jesse Decker and Chris Thomasson.",
				"{@b Book of the Righteous} © 2002, Aaron Loeb.",
				"{@b Legions of Hell} © 2001, Green Ronin Publishing; Author: Chris Pramas.",
				"{@b The Unholy Warrior's Handbook} © 2003, Green Ronin Publishing; Author: Robert J. Schwalb.",
				"{@b Carbuncle from the Tome of Horrors Complete} © 2011, Necromancer Games, Inc., published and distributed by Frog God Games; Author: Scott Greene, based on original material by Albie Fiore.",
				"{@b Cave Fisher from the Tome of Horrors Complete} © 2011, Necromancer Games, Inc., published and distributed by Frog God Games; Author: Scott Greene, based on original material by Lawrence Schick.",
				"{@b Daemon, Derghodaemon from the Tome of Horrors Complete} © 2011, Necromancer Games, Inc., published and distributed by Frog God Games; Author: Scott Greene, based on original material by Gary Gygax.",
				"{@b Daemon, Piscodaemon from the Tome of Horrors Complete} © 2011, Necromancer Games, Inc., published and distributed by Frog God Games; Author: Scott Greene, based on original material by Gary Gygax.",
				"{@b Dark Creeper from the Tome of Horrors Complete} © 2011, Necromancer Games, Inc., published and distributed by Frog God Games; Author: Scott Greene, based on original material by Rik Shepard.",
				"{@b Dark Stalker from the Tome of Horrors Complete} © 2011, Necromancer Games, Inc., published and distributed by Frog God Games; Author: Scott Greene, based on original material by Simon Muth.",
				"{@b Demon, Nabasu from the Tome of Horrors Complete} © 2011, Necromancer Games, Inc., published and distributed by Frog God Games; Author: Scott Greene, based on original material by Gary Gygax.",
				"{@b Demon, Shadow from the Tome of Horrors Complete} © 2011, Necromancer Games, Inc., published and distributed by Frog God Games; Author: Scott Greene, based on original material by Neville White.",
				"{@b Dracolisk from the Tome of Horrors Complete} © 2011, Necromancer Games, Inc., published and distributed by Frog God Games; Author: Scott Greene, based on original material by Gary Gygax.",
				"{@b Froghemoth from the Tome of Horrors Complete} © 2011, Necromancer Games, Inc., published and distributed by Frog God Games; Author: Scott Greene, based on original material by Gary Gygax.",
				"{@b Genie, Marid from the Tome of Horrors Complete} © 2011, Necromancer Games, Inc., published and distributed by Frog God Games; Author: Scott Greene, based on original material by Gary Gygax.",
				"{@b Grippli from the Tome of Horrors Complete} © 2011, Necromancer Games, Inc., published and distributed by Frog God Games; Author: Scott Greene, based on original material by Gary Gygax.",
				"{@b Korred from the Tome of Horrors Complete} © 2011, Necromancer Games, Inc., published and distributed by Frog God Games; Author: Scott Greene, based on original material by Gary Gygax.",
				"{@b Necrophidius from the Tome of Horrors Complete} © 2011, Necromancer Games, Inc., published and distributed by Frog God Games; Author: Scott Greene, based on original material by Simon Tillbrook.",
				"{@b Nereid from the Tome of Horrors Complete} © 2011, Necromancer Games, Inc., published and distributed by Frog God Games; Author: Scott Greene, based on original material by Gary Gygax.",
				"{@b Quickling from the Tome of Horrors Complete} © 2011, Necromancer Games, Inc., published and distributed by Frog God Games; Author: Scott Greene, based on original material by Gary Gygax.",
				"{@b Quickwood from the Tome of Horrors Complete} © 2011, Necromancer Games, Inc., published and distributed by Frog God Games; Author: Scott Greene, based on original material by Gary Gygax.",
				"{@b Scythe Tree from the Tome of Horrors Complete} © 2011, Necromancer Games, Inc., published and distributed by Frog God Games; Author: Scott Greene.",
				"{@b Skulk from the Tome of Horrors Complete} © 2011, Necromancer Games, Inc., published and distributed by Frog God Games; Author: Scott Greene, based on original material by Simon Muth.",
				"{@b Soul Eater from the Tome of Horrors Complete} © 2011, Necromancer Games, Inc., published and distributed by Frog God Games; Author: Scott Greene, based on original material by David Cook.",
				"{@b Troll, Two-Headed from the Tome of Horrors Complete} © 2011, Necromancer Games, Inc., published and distributed by Frog God Games; Author: Scott Greene, based on original material by Oliver Charles MacDonald.",
				"{@b Yellow Musk Creeper from the Tome of Horrors Complete} © 2011, Necromancer Games, Inc., published and distributed by Frog God Games; Author: Scott Greene, based on original material by Albie Fiore.",
				"{@b Yellow Musk Zombie from the Tome of Horrors Complete} © 2011, Necromancer Games, Inc., published and distributed by Frog God Games; Author: Scott Greene, based on original material by Albie Fiore.",
				"{@b Pathfinder Core Rulebook (Second Edition)} © 2019, Paizo Inc.; Authors: Logan Bonner, Jason Bulmahn, Stephen Radney-MacFarland, and Mark Seifter.",
				"{@b Pathfinder Bestiary 2 (Second Edition)} © 2020, Paizo Inc.; Authors: Alexander Augunas, Dennis Baker, Jesse Benner, Joseph Blomquist, Logan Bonner, Paris Crenshaw, Adam Daigle, Jesse Decker, Darrin Drader, Brian Duckwitz, Robert N. Emerson, Scott Fernandez, Keith Garrett, Scott Gladstein, Matthew Goodall, T.H. Gulliver, BJ Hensley, Tim Hitchcock, Vanessa Hoskins, James Jacobs, Brian R. James, Jason Keeley, John Laffan, Lyz Liddell, Colm Lundberg, Ron Lundeen, Jason Nelson, Randy Price, Jessica Redekop, Patrick Renie, Alistair Rigg, Alex Riggs, David N. Ross, David Schwartz, Mark Seifter, Amber Stewart, Jeffrey Swank, Russ Taylor, and Jason Tondro."
			]
		},
		{
			"source": "B3",
			"vanilla": true,
			"date": "2021-04-07",
			"store": "https://paizo.com/products/btq027mn",
			"name": "Bestiary 3",
			"entries": [
				"{@b Flumph from the Tome of Horrors Complete} © 2011, Necromancer Games, Inc., published and distributed by Frog God Games; Author: Scott Greene, based on original material by Ian McDowell and Douglas Naismith.",
				"{@b Pathfinder Core Rulebook (Second Edition)} © 2019, Paizo Inc.; Authors: Logan Bonner, Jason Bulmahn, Stephen Radney-MacFarland, and Mark Seifter.",
				"{@b Pathfinder Bestiary 3 (Second Edition)} © 2021, Paizo Inc.; Authors: Logan Bonner, James Case, Jessica Catalan, John Compton, Paris Crenshaw, Adam Daigle, Katina Davis, Erik Scott de Bie, Jesse Decker, Brian Duckwitz, Hexe Fey, Keith Garrett, Matthew Goodall, Violet Gray, Alice Grizzle, Steven Hammond, Sasha Laranoa Harving, Joan Hong, James Jacobs, Michelle Jones, Virginia Jordan, TJ Kahn, Mikko Kallio, Jason Keeley, Joshua Kim, Avi Kool, Jeff Lee, Lyz Liddell, Luis Loza, Ron Lundeen, Philippe-Antoine Menard, Patchen Mortimer, Dennis Muldoon, Andrew Mullen, Quinn Murphy, Dave Nelson, Jason Nelson, Samantha Phelan, Stephen Radney-MacFarland, Danita Rambo, Shiv Ramdas, BJ Recio, Jessica Redekop, Mikhail Rekun, Patrick Renie, Alex Riggs, David N. Ross, Simone D. Sallé, Michael Sayre, Mark Seifter, Sen.H.H.S, Abigail Slater, Rodney Sloan, Shay Snow, Pidj Sorensen, Kendra Leigh Speedling, Tan Shao Han, William Thompson, Jason Tondro, Clark Valentine, Ruvaid Virk, Skylar Wall, Andrew White, and Landon Winkler."
			]
		},
		{
			"source": "BL0",
			"date": "2022-06-29",
			"name": "Blood Lords Player's Guide",
			"adventure": true,
			"store": "https://paizo.com/community/blog/v5748dyo6si34",
			"entries": [
				"{@b Pathfinder Core Rulebook (Second Edition)} © 2019, Paizo Inc.; Authors: Logan Bonner, Jason Bulmahn, Stephen Radney-MacFarland, and Mark Seifter.",
				"{@b Blood Lords Player's Guide} © 2022, Paizo Inc.; Author: Ron Lundeen."
			]
		},
		{
			"source": "BL1",
			"date": "2022-07-27",
			"entries": [
				"{@b Necrophidius from the Tome of Horrors Complete} © 2011, Necromancer Games, Inc., published and distributed by Frog God Games; Author: Scott Greene, based on original material by Simon Tillbrook.",
				"{@b Pathfinder Core Rulebook (Second Edition)} © 2019, Paizo Inc.; Authors: Logan Bonner, Jason Bulmahn, Stephen Radney-MacFarland, and Mark Seifter.",
				"{@b Pathfinder Adventure Path #181: Zombie Feast} © 2022, Paizo Inc.; Author: Mike Kimmel."
			],
			"name": "Blood Lords #1: Zombie Feast",
			"adventure": true,
			"store": "https://paizo.com/products/btq02art"
		},
		{
			"date": "2022-08-31",
			"source": "BL2",
			"entries": [
				"{@b Pathfinder Core Rulebook (Second Edition)} © 2019, Paizo Inc.; Authors: Logan Bonner, Jason Bulmahn, Stephen Radney-MacFarland, and Mark Seifter.",
				"{@b Pathfinder Adventure Path #182: Graveclaw} © 2022, Paizo Inc.; Author: Jason Tondro."
			],
			"name": "Blood Lords #2: Graveclaw",
			"adventure": true,
			"store": "https://paizo.com/products/btq02asf"
		},
		{
			"unreleased": true,
			"source": "BL3",
			"name": "Blood Lords #3: Field of Maidens",
			"adventure": true,
			"store": "https://paizo.com/products/btq02c11"
		},
		{
			"unreleased": true,
			"source": "BL4",
			"name": "Blood Lords #4: The Ghouls Hunger",
			"adventure": true,
			"store": "https://paizo.com/products/btq02c4e"
		},
		{
			"unreleased": true,
			"source": "BL5",
			"name": "Blood Lords #5: A Taste of Ashes",
			"adventure": true,
			"store": "https://paizo.com/products/btq02d51"
		},
		{
			"unreleased": true,
			"source": "BL6",
			"name": "Blood Lords #6: Ghost King's Rage",
			"adventure": true,
			"store": "https://paizo.com/products/btq02d71"
		},
		{
			"source": "BotD",
			"date": "2022-04-27",
			"vanilla": true,
			"store": "https://paizo.com/products/btq02c0j",
			"name": "Book of the Dead",
			"entries": [
				"{@b Demon Lord, Orcus from the Tome of Horrors Complete} © 2011, Necromancer Games, Inc., published and distributed by Frog God Games; Author: Scott Greene and Clark Peterson, based on material by Gary Gygax.",
				"{@b Pathfinder Core Rulebook (Second Edition)} © 2019, Paizo Inc.; Authors: Logan Bonner, Jason Bulmahn, Stephen Radney-MacFarland, and Mark Seifter.",
				"{@b Pathfinder Book of the Dead} © 2022, Paizo Inc.; Authors: Brian Bauman, Tineke Bolleman. Logan Bonner, Jason Bulmahn, Jessica Catalan, John Compton, Chris Eng, Logan Harper, Michelle Jones, Jason Keeley, Luis Loza, Ron Lundeen, Liane Merciel, Patchen Mortimer, Quinn Murphy, Jessica Redekop, Mikhail Rekun, Solomon St. John, Michael Sayre, Mark Seifter, Sen.H.H.S., Kendra Leigh Speedling, Jason Tondro, Andrew White."
			]
		},
		{
			"source": "CRB",
			"name": "Core Rulebook",
			"date": "2019-08-01",
			"store": "https://paizo.com/products/btq01zp3",
			"entries": [
				"{@b Pathfinder Core Rulebook (Second Edition)} © 2019, Paizo Inc.; Designers: Logan Bonner, Jason Bulmahn, Stephen Radney-MacFarland, and Mark Seifter."
			],
			"vanilla": true,
			"defaultSource": [
				"spell",
				"item",
				"class",
				"condition",
				"background",
				"ancestry",
				"archetype",
				"feat",
				"trap",
				"hazard",
				"deity",
				"action",
				"classFeature",
				"subclassFeature",
				"table",
				"language",
				"ritual",
				"trait",
				"group",
				"domain",
				"skill",
				"familiarAbility",
				"companion",
				"companionAbility"
			]
		},
		{
			"source": "DA",
			"date": "2022-07-27",
			"entries": [
				"{@b Pathfinder Core Rulebook (Second Edition)} © 2019, Paizo Inc.; Authors: Logan Bonner, Jason Bulmahn, Stephen Radney-MacFarland, and Mark Seifter.",
				"{@b Pathfinder Dark Archive} © 2022, Paizo Inc.; Authors: Rigby Bendele, Logan Bonner, James Case, Dan Cascone, Jessica Catalan, Banana Chan, Kay Hashimoto, Sen H.H.S., Patrick Hurley, Joshua Kim, Avi Kool, Daniel Kwan, Kendra Leigh Speedling, Luis Loza, Ron Lundeen, Liane Merciel, Jacob W. Michaels, Andrew Mullen, Quinn Murphy, K. Tessa Newton, Mikhail Rekun, Patrick Renie, Solomon St. John, Michael Sayre, Mark Seifter, Shay Snow, Alex Speidel, Geoffrey Suthers, Ruvaid Virk, Jabari Weathers, and Isis Wozniakowska."
			],
			"vanilla": true,
			"store": "https://paizo.com/products/btq02arq",
			"name": "Dark Archive"
		},
		{
			"source": "EC0",
			"date": "2020-01-13",
			"name": "Extinction Curse Player's Guide",
			"adventure": true,
			"store": "https://paizo.com/products/btq022ks",
			"entries": [
				"{@b Pathfinder Core Rulebook (Second Edition)} © 2019, Paizo Inc.; Authors: Logan Bonner, Jason Bulmahn, Stephen Radney-MacFarland, and Mark Seifter.",
				"{@b Extinction Curse Player's Guide} © 2020, Paizo Inc.; Author: Ron Lundeen."
			]
		},
		{
			"source": "EC1",
			"date": "2020-01-30",
			"name": "Extinction Curse #1: The Show Must Go On",
			"adventure": true,
			"store": "https://paizo.com/products/btq01zqb",
			"entries": [
				"{@b Pathfinder Core Rulebook (Second Edition)} © 2019, Paizo Inc.; Authors: Logan Bonner, Jason Bulmahn, Stephen Radney-MacFarland, and Mark Seifter.",
				"{@b Pathfinder Adventure Path #151: The Show Must Go On} © 2020, Paizo Inc.; Authors: Jason Tondro, with Andrew Mullen, Patrick Renie, David N. Ross, and Michael Sayre."
			]
		},
		{
			"source": "EC2",
			"date": "2020-02-26",
			"name": "Extinction Curse #2: Legacy of the Lost God",
			"adventure": true,
			"store": "https://paizo.com/products/btq01zrd",
			"entries": [
				"{@b The Book of Fiends} © 2003, Green Ronin Publishing; Authors: Aaron Loeb, Erik Mona, Chris Pramas, and Robert J. Schwalb.",
				"{@b Armies of the Abyss} © 2002, Green Ronin Publishing; Authors: Erik Mona and Chris Pramas.",
				"{@b The Avatar's Handbook} © 2003, Green Ronin Publishing; Authors: Jesse Decker and Chris Thomasson.",
				"{@b Book of the Righteous} © 2002, Aaron Loeb.",
				"{@b Legions of Hell} © 2001, Green Ronin Publishing; Author: Chris Pramas.",
				"{@b The Unholy Warrior's Handbook} © 2003, Green Ronin Publishing; Author: Robert J. Schwalb.",
				"{@b Pathfinder Core Rulebook (Second Edition)} © 2019, Paizo Inc.; Authors: Logan Bonner, Jason Bulmahn, Stephen Radney-MacFarland, and Mark Seifter.",
				"{@b Genie, Marid from the Tome of Horrors Complete} © 2011, Necromancer Games, Inc., published and distributed by Frog God Games; Author: Scott Greene, based on original material by Gary Gygax.",
				"{@b Pathfinder Gamemastery Guide} © 2020, Paizo Inc.; Authors: Alexander Augunas, Jesse Benner, John Bennett, Logan Bonner, Clinton J. Boomer, Jason Bulmahn, James Case, Paris Crenshaw, Jesse Decker, Robert N. Emerson, Eleanor Ferron, Jaym Gates, Matthew Goetz, T.H. Gulliver, Kev Hamilton, Sasha Laranoa Harving, BJ Hensley, Vanessa Hoskins, Brian R. James, Jason LeMaitre, Lyz Liddell, Luis Loza, Colm Lundberg, Ron Lundeen, Stephen Radney-MacFarland, Jessica Redekop, Alistair Rigg, Mark Seifter, Owen K.C. Stephens, Amber Stewart, Christina Stiles, Landon Winkler, and Linda Zayas-Palmer."
			]
		},
		{
			"source": "EC3",
			"date": "2020-03-26",
			"name": "Extinction Curse #3: Life's Long Shadows",
			"adventure": true,
			"store": "https://paizo.com/products/btq01zuh",
			"entries": [
				"{@b Pathfinder Core Rulebook (Second Edition)} © 2019, Paizo Inc.; Authors: Logan Bonner, Jason Bulmahn, Stephen Radney-MacFarland, and Mark Seifter.",
				"{@b The Book of Fiends} © 2003, Green Ronin Publishing; Authors: Aaron Loeb, Erik Mona, Chris Pramas, and Robert J. Schwalb.",
				"{@b Armies of the Abyss} © 2002, Green Ronin Publishing; Authors: Erik Mona and Chris Pramas.",
				"{@b The Avatar's Handbook} © 2003, Green Ronin Publishing; Authors: Jesse Decker and Chris Thomasson.",
				"{@b Book of the Righteous} © 2002, Aaron Loeb.",
				"{@b Legions of Hell} © 2001, Green Ronin Publishing; Author: Chris Pramas.",
				"{@b The Unholy Warrior's Handbook} © 2003, Green Ronin Publishing; Author: Robert J. Schwalb.",
				"{@b Demon Lord, Jubilex from the Tome of Horrors Complete} © 2011, Necromancer Games, Inc., published and distributed by Frog God Games; Author: Scott Greene, based on material by Gary Gygax.",
				"{@b Demon Lord, Pazuzu from the Tome of Horrors Complete} © 2011, Necromancer Games, Inc., published and distributed by Frog God Games; Author: Scott Greene, based on material by Gary Gygax.",
				"{@b Pathfinder Adventure Path #153: Life's Long Shadows} © 2020, Paizo Inc.; Authors: Greg A. Vaughan, with Anthony Bono, Jacob W. Michaels, Andrew Mullen, Patrick Renie, Alex Riggs, Timothy Snow, and Amber Stewart."
			]
		},
		{
			"source": "EC4",
			"date": "2020-04-29",
			"name": "Extinction Curse #4: Siege of the Dinosaurs",
			"adventure": true,
			"store": "https://paizo.com/products/btq0216l",
			"entries": [
				"{@b Pathfinder Core Rulebook (Second Edition)} © 2019, Paizo Inc.; Authors: Logan Bonner, Jason Bulmahn, Stephen Radney-MacFarland, and Mark Seifter.",
				"{@b The Book of Fiends} © 2003, Green Ronin Publishing; Authors: Aaron Loeb, Erik Mona, Chris Pramas, and Robert J. Schwalb.",
				"{@b Armies of the Abyss} © 2002, Green Ronin Publishing; Authors: Erik Mona and Chris Pramas.",
				"{@b The Avatar's Handbook} © 2003, Green Ronin Publishing; Authors: Jesse Decker and Chris Thomasson.",
				"{@b Book of the Righteous} © 2002, Aaron Loeb.",
				"{@b Legions of Hell} © 2001, Green Ronin Publishing; Author: Chris Pramas.",
				"{@b The Unholy Warrior's Handbook} © 2003, Green Ronin Publishing; Author: Robert J. Schwalb.",
				"{@b Demon Lord, Pazuzu from the Tome of Horrors Complete} © 2011, Necromancer Games, Inc., published and distributed by Frog God Games; Author: Scott Greene, based on material by Gary Gygax.",
				"{@b Pathfinder Adventure Path #154: Siege of the Dinosaurs} © 2020, Paizo Inc.; Authors: Kate Baker, with Luis Loza, Andrew Mullen, Jason Nelson, Jennifer Povey, David Schwartz, and Amber Stewart."
			]
		},
		{
			"source": "EC5",
			"date": "2020-05-27",
			"name": "Extinction Curse #5: Lord of the Black Sands",
			"adventure": true,
			"store": "https://paizo.com/products/btq021by",
			"entries": [
				"{@b Pathfinder Core Rulebook (Second Edition)} © 2019, Paizo Inc.; Authors: Logan Bonner, Jason Bulmahn, Stephen Radney-MacFarland, and Mark Seifter.",
				"{@b The Book of Fiends} © 2003, Green Ronin Publishing; Authors: Aaron Loeb, Erik Mona, Chris Pramas, and Robert J. Schwalb.",
				"{@b Armies of the Abyss} © 2002, Green Ronin Publishing; Authors: Erik Mona and Chris Pramas.",
				"{@b The Avatar's Handbook} © 2003, Green Ronin Publishing; Authors: Jesse Decker and Chris Thomasson.",
				"{@b Book of the Righteous} © 2002, Aaron Loeb.",
				"{@b Legions of Hell} © 2001, Green Ronin Publishing; Author: Chris Pramas.",
				"{@b The Unholy Warrior's Handbook} © 2003, Green Ronin Publishing; Author: Robert J. Schwalb.",
				"{@b Genie, Marid from the Tome of Horrors Complete} © 2011, Necromancer Games, Inc., published and distributed by Frog God Games; Author: Scott Greene, based on material by Gary Gygax.",
				"{@b Pathfinder Adventure Path #155: Lord of the Black Sands} © 2020, Paizo Inc.; Authors: Mikko Kallio, with Andrew Mullen, Nathan Reinecke, David Schwartz, and Scott Young."
			]
		},
		{
			"source": "EC6",
			"date": "2020-06-24",
			"name": "Extinction Curse #6: The Apocalypse Prophet",
			"adventure": true,
			"store": "https://paizo.com/products/btq021f4",
			"entries": [
				"{@b Pathfinder Core Rulebook (Second Edition)} © 2019, Paizo Inc.; Authors: Logan Bonner, Jason Bulmahn, Stephen Radney-MacFarland, and Mark Seifter.",
				"{@b Demon Lord, Baphomet from the Tome of Horrors Complete} © 2011, Necromancer Games, Inc., published and distributed by Frog God Games; Author: Scott Greene, based on material by Gary Gygax.",
				"{@b Demon Lord, Pazuzu from the Tome of Horrors Complete} © 2011, Necromancer Games, Inc., published and distributed by Frog God Games; Author: Scott Greene, based on material by Gary Gygax.",
				"{@b Pathfinder Adventure Path #156: The Apocalypse Prophet} © 2020, Paizo Inc.; Authors: Lyz Liddell, with Kevin Bryan, Steven Hammond, Andrew Mullen, Mikhail Rekun, Patrick Renie, and David N. Ross."
			]
		},
		{
			"source": "FRP0",
			"date": "2021-04-12",
			"name": "Fists of the Ruby Phoenix Player's Guide",
			"adventure": true,
			"store": "https://paizo.com/community/blog/v5748dyo6shmo",
			"entries": [
				"{@b Pathfinder Core Rulebook (Second Edition)} © 2019, Paizo Inc.; Authors: Logan Bonner, Jason Bulmahn, Stephen Radney-MacFarland, and Mark Seifter.",
				"{@b Fists of the Ruby Phoenix Player's Guide} © 2021, Paizo Inc.; Author: Patrick Renie, with Luis Loza."
			]
		},
		{
			"source": "FRP1",
			"date": "2021-07-07",
			"name": "Fists of the Ruby Phoenix #1: Despair on Danger Island",
			"adventure": true,
			"store": "https://paizo.com/products/btq027qd",
			"entries": [
				"{@b Pathfinder Core Rulebook (Second Edition)} © 2019, Paizo Inc.; Authors: Logan Bonner, Jason Bulmahn, Stephen Radney-MacFarland, and Mark Seifter.",
				"{@b Daemon, Guardian from the Tome of Horrors Complete} © 2011, Necromancer Games, Inc., published and distributed by Frog God Games; Author: Scott Greene, based on original material by Ian McDowall.",
				"{@b Daemon, Derghodaemon from the Tome of Horrors Complete} © 2011, Necromancer Games, Inc., published and distributed by Frog God Games; Author: Scott Greene, based on original material by Gary Gygax.",
				"{@b Froghemoth from the Tome of Horrors Complete} © 2011, Necromancer Games, Inc., published and distributed by Frog God Games; Author: Scott Greene, based on original material by Gary Gygax.",
				"{@b Pathfinder Adventure Path #165: Eyes of Empty Death} © 2021, Paizo Inc.; Authors: Stephen RadneyMacFarland, with James Jacobs and Mikhail Rekun."
			]
		},
		{
			"source": "FRP2",
			"date": "2021-07-07",
			"name": "Fists of the Ruby Phoenix #2: Ready? Fight!",
			"adventure": true,
			"store": "https://paizo.com/products/btq027sp",
			"entries": [
				"{@b Pathfinder Core Rulebook (Second Edition)} © 2019, Paizo Inc.; Authors: Logan Bonner, Jason Bulmahn, Stephen Radney-MacFarland, and Mark Seifter.",
				"{@b Pathfinder Adventure Path #167: Ready? Fight!} © 2021, Paizo Inc.; Authors: David N. Ross, with Joan Hong, Joshua Kim, Danita Rambo, Sen H.H.S., Tan Shao Han, and Ruvaid Virk."
			]
		},
		{
			"source": "FRP3",
			"date": "2021-07-07",
			"name": "Fists of the Ruby Phoenix #3: King of the Mountain",
			"adventure": true,
			"store": "https://paizo.com/products/btq027sq",
			"entries": [
				"{@b Pathfinder Core Rulebook (Second Edition)} © 2019, Paizo Inc.; Authors: Logan Bonner, Jason Bulmahn, Stephen Radney-MacFarland, and Mark Seifter.",
				"{@b Pathfinder Adventure Path #168: King of the Mountain} © 2021, Paizo Inc.; Authors: James Case, with Joan Hong, Danita Rambo, David N. Ross, Amber Stewart, William Thompson, Ruvaid Virk, and Jabari Weathers."
			]
		},
		{
			"source": "FoP",
			"date": "2019-08-01",
			"store": "https://paizo.com/products/btq01zoh",
			"name": "The Fall of Plaguestone",
			"entries": [
				"{@b Pathfinder Adventure: The Fall of Plaguestone} © 2019, Paizo Inc.; Author: Jason Bulmahn."
			],
			"adventure": true
		},
		{
			"date": "2021-10-13",
			"source": "G&G",
			"vanilla": true,
			"store": "https://paizo.com/products/btq026mw",
			"name": "Guns & Gears",
			"entries": [
				"{@b Pathfinder Core Rulebook (Second Edition)} © 2019, Paizo Inc.; Authors: Logan Bonner, Jason Bulmahn, Stephen Radney-MacFarland, and Mark Seifter.",
				"{@b Pathfinder Guns & Gears} © 2021, Paizo Inc.; Authors: Logan Bonner, Jessica Catalan, John Compton, Andrew D. Geels, Steven Hammond, Sen H.H.S., Brent Holtsberry, Jason Keeley, Dustin Knight, Luis Loza, Ron Lundeen, Chris Mastey, Liane Merciel, Jacob W. Michaels, Dave Nelson, Samantha Phelan, Mikhail Rekun, Stephen Radney-MacFarland, Sydney Meeker, Kendra Leigh Speedling, Michael Sayre., Mark Seifter, Andrew Stoeckle, Calliope Lee Taylor, Andrew White, and Scott D. Young."
			]
		},
		{
			"source": "GMG",
			"date": "2020-02-26",
			"vanilla": true,
			"store": "https://paizo.com/products/btq022c1",
			"name": "Gamemastery Guide",
			"entries": [
				"{@b Pathfinder Core Rulebook (Second Edition)} © 2019, Paizo Inc.; Authors: Logan Bonner, Jason Bulmahn, Stephen Radney-MacFarland, and Mark Seifter.",
				"{@b Pathfinder Adventure Path #152: Legacy of the Lost God} © 2020, Paizo Inc.; Authors: Jenny Jarzabski, with Stephen Glicker, Luis Loza, Ron Lundeen, Andrew Mullen, and David N. Ross."
			],
			"defaultSource": [
				"disease",
				"curse",
				"variantrule",
				"vehicle",
				"place",
				"plane",
				"settlement",
				"nation"
			]
		},
		{
			"unreleased": true,
			"source": "GW0",
			"name": "Gatewalkers Player's Guide",
			"adventure": true
		},
		{
			"unreleased": true,
			"source": "GW1",
			"store": "https://paizo.com/products/btq02dsq",
			"name": "Gatewalkers #1: The Seventh Arch",
			"adventure": true
		},
		{
			"unreleased": true,
			"source": "GW2",
			"store": "https://paizo.com/products/btq02dw1",
			"name": "Gatewalkers #2: They Watched the Stars",
			"adventure": true
		},
		{
			"source": "LOACLO",
			"date": "2021-12-22",
			"store": "https://paizo.com/products/btq02ap2",
			"name": "Lost Omens: Absalom, City of Lost Omens",
			"entries": [
				"{@b Pathfinder Core Rulebook (Second Edition)} © 2019, Paizo Inc.; Authors: Logan Bonner, Jason Bulmahn, Stephen Radney-MacFarland, and Mark Seifter.",
				"{@b Pathfinder Lost Omens Absalom, City of Lost Omens} © 2021, Paizo Inc.; Authors: Allie Bustion, John Compton, Jeremy Corff, Katina Davis, Vanessa Hoskins, James Jacobs, Virginia Jordan, Erik Mona, Matt Morris, Liane Merciel, Dave Nelson, Samantha Phelan, Jessica Redekop, Mikhail Rekun, Brian Richmond, David N. Ross, Simone D. Sallé, Shahreena Shahrani, Abigail Slater, Chris Spivey, Diego Valdez, and Skylar- James Wall."
			]
		},
		{
			"source": "LOAG",
			"date": "2021-02-24",
			"store": "https://paizo.com/products/btq026k5",
			"name": "Lost Omens: Ancestry Guide",
			"entries": [
				"{@b The Book of Fiends © 2003, Green Ronin Publishing; Authors: Aaron Loeb, Erik Mona, Chris Pramas, and Robert J. Schwalb. Armies of the Abyss} © 2002, Green Ronin Publishing; Authors: Erik Mona and Chris Pramas.",
				"{@b The Avatar's Handbook} © 2003, Green Ronin Publishing; Authors: Jesse Decker and Chris Thomasson.",
				"{@b Book of the Righteous © 2002, Aaron Loeb. Legions of Hell} © 2001, Green Ronin Publishing; Author: Chris Pramas.",
				"{@b The Unholy Warrior's Handbook} © 2003, Green Ronin Publishing; Author: Robert J. Schwalb.",
				"{@b Dragon, Faerie from the Tome of Horrors Complete} © 2011, Necromancer Games, Inc., published and distributed by Frog God Games; Author: Scott Greene, based on original material by Gary Gygax.",
				"{@b Genie, Marid from the Tome of Horrors Complete} © 2011, Necromancer Games, Inc., published and distributed by Frog God Games; Author: Scott Greene, based on original material by Gary Gygax.",
				"{@b Grippli from the Tome of Horrors Complete} © 2011, Necromancer Games, Inc., published and distributed by Frog God Games; Author: Scott Greene, based on original material by Gary Gygax.",
				"{@b Pathfinder Core Rulebook (Second Edition)} © 2019, Paizo Inc.; Authors: Logan Bonner, Jason Bulmahn, Stephen Radney-MacFarland, and Mark Seifter.",
				"{@b Pathfinder Lost Omens Ancestry Guide (Second Edition)} © 2021, Paizo Inc.; Authors: Calder CaDavid, James Case, Jessica Catalan, Eleanor Ferron, Lyz Liddell, Luis Loza, Ron Lundeen, Patchen Mortimer, Andrew Mullen, Samantha Phelan, Jessica Redekop, Mikhail Rekun, David N. Ross, Mark Seifter, Owen K.C. Stephens, Isabelle Thorne, and Linda Zayas-Palmer."
			]
		},
		{
			"source": "LOCG",
			"date": "2019-10-16",
			"store": "https://paizo.com/products/btq01zt4",
			"name": "Lost Omens: Character Guide",
			"defaultSource": [
				"organization"
			],
			"entries": [
				"{@b Genie, Marid from the Tome of Horrors Complete} © 2011, Necromancer Games, Inc., published and distributed by Frog God Games; Author: Scott Greene, based on original material by Gary Gygax.",
				"{@b Pathfinder Lost Omens Character Guide (Second Edition)} © 2019, Paizo Inc.; Authors: John Compton, Sasha Lindley Hall, Amanda Hamon, Mike Kimmel, Luis Loza, Ron Lundeen, Matt Morris, Patchen Mortimer, Andrew Mullen, Mikhail Rekun, Micheal Sayre, Owen K.C. Stephens, Isabelle Thorne, and Linda Zayas-Palmer."
			]
		},
		{
			"source": "LOGM",
			"date": "2020-01-29",
			"store": "https://paizo.com/products/btq021wf",
			"name": "Lost Omens: Gods & Magic",
			"entries": [
				"{@b Genie, Marid from the Tome of Horrors Complete} © 2011, Necromancer Games, Inc., published and distributed by Frog God Games; Author: Scott Greene, based on original material by Gary Gygax.",
				"{@b Pathfinder Lost Omens Gods & Magic (Second Edition)} © 2020, Paizo Inc.; Authors: Robert Adducci, Amirali Attar Olyaee, Calder CaDavid, James Case, Adam Daigle, Katina Davis, Leo Glass, Joshua Grinlinton, James Jacobs, Virginia Jordan, Jason Keeley, Jacky Leung, Lyz Liddell, Ron Lundeen, Stephanie Lundeen, Jacob W. Michaels, Matt Morris, Dave Nelson, Samantha Phelan, Jennifer Povey, Jessica Redekop, Nathan Reinecke, Patrick Renie, David N. Ross, Simone D. Sallé, Michael Sayre, David Schwartz, Shahreena Shahrani, Isabelle Thorne, Marc Thuot, Jason Tondro, and Diego Valdez."
			]
		},
		{
			"source": "LOGMWS",
			"date": "2020-01-29",
			"store": "https://paizo-images.s3-us-west-2.amazonaws.com/image/download/PZO9303+Gods+%26+Magic+Web+Supplement.pdf",
			"name": "Lost Omens: Gods & Magic Web Supplement",
			"entries": [
				"{@b Genie, Marid from the Tome of Horrors Complete} © 2011, Necromancer Games, Inc., published and distributed by Frog God Games; Author: Scott Greene, based on original material by Gary Gygax.",
				"{@b Pathfinder Lost Omens Gods & Magic Web Supplement} © 2020, Paizo Inc.; Authors: James Case, Adam Daigle, Leo Glass, James Jacobs, Virginia Jordan, Jason Keeley, Jacky Leung, Lyz Liddell, Luis Loza, Ron Lundeen, Matt Morris, Nathan Reinecke, Simone D. Sallé, Michael Sayre, Shahreena Shahrani, Isabelle Thorne, and Diego Valdez."
			]
		},
		{
			"source": "LOIL",
			"unreleased": true,
			"store": "https://paizo.com/products/btq02dxx",
			"name": "Lost Omens: Impossible Lands"
		},
		{
			"source": "LOKL",
			"date": "2022-05-25",
			"store": "https://paizo.com/products/btq02c3a",
			"name": "Lost Omens: Knights of Lastwall",
			"entries": [
				"{@b Genie, Marid from the Tome of Horrors Complete} © 2011, Necromancer Games, Inc., published and distributed by Frog God Games; Author: Scott Greene, based on original material by Gary Gygax.",
				"{@b Soul Eater from the Tome of Horrors Complete} © 2011, Necromancer Games, Inc., published and distributed by Frog God Games; Author: Scott Greene, based on original material by David Cook.",
				"{@b Yellow Musk Creeper from the Tome of Horrors Complete} © 2011, Necromancer Games, Inc., published and distributed by Frog God Games; Author: Scott Greene, based on original material by Albie Fiore.",
				"{@b Yellow Musk Zombie from the Tome of Horrors Complete} © 2011, Necromancer Games, Inc., published and distributed by Frog God Games; Author: Scott Greene, based on original material by Albie Fiore.",
				"{@b Pathfinder Core Rulebook (Second Edition)} © 2019, Paizo Inc.; Authors: Logan Bonner, Jason Bulmahn, Stephen Radney-MacFarland, and Mark Seifter.",
				"{@b Pathfinder Lost Omens Knights of Lastwall} © 2022, Paizo Inc.; Authors: Banana Chan, Jessica Catalan, Ryan Costello, Katina Davis, Alastor Guzman, Ron Lundeen, Ianara Natividad, Erin Roberts, Ashton Sperry, and Isabelle Thorne"
			]
		},
		{
			"source": "LOL",
			"date": "2020-07-30",
			"store": "https://paizo.com/products/btq023gd",
			"name": "Lost Omens: Legends",
			"entries": [
				"{@b Genie, Marid from the Tome of Horrors Complete} © 2011, Necromancer Games, Inc., published and distributed by Frog God Games; Author: Scott Greene, based on original material by Gary Gygax.",
				"{@b Pathfinder Core Rulebook (Second Edition)} © 2019, Paizo Inc.; Authors: Logan Bonner, Jason Bulmahn, Stephen Radney-MacFarland, and Mark Seifter.",
				"{@b Pathfinder Lost Omens Legends} © 2020, Paizo Inc.; Authors: Alexander Augunas, Kate Baker, Jason Bulmahn, Alexandria Bustion, Carlos Cabrera, Calder CaDavid, Jessica Catalan, Natalie Collazo, Ryan Costello, Greg Diaz, Fabby Garza Marroquín, Jaym Gates, Alice Grizzle, Steven Hammond, Nicolas Hornyak, James Jacobs, Michelle Jones, Kristina Sisto Kindel, Aaron Lascano, Ron Lundeen, Stephanie Lundeen, Sydney Meeker, Liane Merciel, Matt Morris, Patchen Mortimer, Hilary Moon Murphy, Dennis Muldoon, Andrew Mullen, Amirali Attar Olyaee, Mikhail Rekun, Michael Sayre, Mark Seifter, Ashton Sperry, Owen K.C. Stephens, and Isabelle Thorne"
			]
		},
		{
			"source": "LOME",
			"date": "2021-07-07",
			"store": "https://paizo.com/products/btq026i4",
			"name": "Lost Omens: The Mwangi Expanse",
			"entries": [
				"{@b Basidirond from the Tome of Horrors Complete} © 2011, Necromancer Games, Inc., published and distributed by Frog God Games; Author: Scott Greene, based on original material by Gary Gygax.",
				"{@b Demon, Nabasu from the Tome of Horrors Complete} © 2011, Necromancer Games, Inc., published and distributed by Frog God Games; Author: Scott Greene, based on original material by Gary Gygax.",
				"{@b Froghemoth from the Tome of Horrors Complete} © 2011, Necromancer Games, Inc., published and distributed by Frog God Games; Author: Scott Greene, based on original material by Gary Gygax.",
				"{@b Genie, Marid from the Tome of Horrors Complete} © 2011, Necromancer Games, Inc., published and distributed by Frog God Games; Author: Scott Greene, based on original material by Gary Gygax.",
				"{@b Grippli from the Tome of Horrors Complete} © 2011, Necromancer Games, Inc., published and distributed by Frog God Games; Author: Scott Greene, based on original material by Gary Gygax.",
				"{@b Yellow Musk Creeper from the Tome of Horrors Complete} © 2011, Necromancer Games, Inc., published and distributed by Frog God Games; Author: Scott Greene, based on original material by Albie Fiore.",
				"{@b Pathfinder Core Rulebook (Second Edition)} © 2019, Paizo Inc.; Authors: Logan Bonner, Jason Bulmahn, Stephen Radney-MacFarland, and Mark Seifter.",
				"{@b Pathfinder Lost Omens The Mwangi Expanse} © 2021, Paizo Inc.; Authors: Laura-Shay Adams, Mariam Ahmad, Jahmal Brown, Misha Bushyager, Alexandria Bustion, Duan Byrd, John Compton, Sarah Davis, Naomi Fritts, Kent Hamilton, Sasha Laranoa Harving, Gabriel Hicks, TK Johnson, Michelle Jones, Joshua Kim, Travis Lionel, Ron Lundeen, Stephanie Lundeen, Hillary Moon Murphy, Lu Pellazar, Mikhail Rekun, Nate Wright, and Jabari Weathers."
			]
		},
		{
			"source": "LOMM",
			"date": "2021-12-22",
			"store": "https://paizo.com/products/btq027u2",
			"name": "Lost Omens: Monsters of Myth",
			"entries": [
				"{@b Genie, Marid from the Tome of Horrors Complete} © 2011, Necromancer Games, Inc., published and distributed by Frog God Games; Author: Scott Greene, based on original material by Gary Gygax.",
				"{@b Pathfinder Core Rulebook (Second Edition)} © 2019, Paizo Inc.; Authors: Logan Bonner, Jason Bulmahn, Stephen Radney-MacFarland, and Mark Seifter.",
				"{@b Pathfinder Lost Omens Monsters of Myth} © 2021, Paizo Inc.; Authors: James Case, John Compton, Dana Ebert, Joshua Kim, Aaron Lascano, Luis Loza, Ron Lundeen, Stephanie Lundeen, Liane Merciel, Andrew Mullen, Michael Sayre, Sen H.H.S., Shay Snow, and Jason Tondro."
			]
		},
		{
			"source": "LOPSG",
			"date": "2020-10-14",
			"store": "https://paizo.com/products/btq0250x",
			"name": "Lost Omens: Pathfinder Society Guide",
			"entries": [
				"{@b The Book of Fiends} © 2003, Green Ronin Publishing; Authors: Aaron Loeb, Erik Mona, Chris Pramas, and Robert J. Schwalb.",
				"{@b Armies of the Abyss} © 2002, Green Ronin Publishing; Authors: Erik Mona and Chris Pramas.",
				"{@b The Avatar's Handbook} © 2003, Green Ronin Publishing; Authors: Jesse Decker and Chris Thomasson.",
				"{@b Book of the Righteous} © 2002, Aaron Loeb.",
				"{@b Legions of Hell} © 2001, Green Ronin Publishing; Author: Chris Pramas.",
				"{@b The Unholy Warrior's Handbook} © 2003, Green Ronin Publishing; Author: Robert J. Schwalb.",
				"{@b Genie, Marid from the Tome of Horrors Complete} © 2011, Necromancer Games, Inc., published and distributed by Frog God Games; Author: Scott Greene, based on original material by Gary Gygax.",
				"{@b Dragon, Faerie from the Tome of Horrors Complete} © 2011, Necromancer Games, Inc., published and distributed by Frog God Games; Author: Scott Greene, based on original material by Brian Jaeger and Gary Gygax.",
				"{@b Pathfinder Core Rulebook (Second Edition)} © 2019, Paizo Inc.; Authors: Logan Bonner, Jason Bulmahn, Stephen Radney-MacFarland, and Mark Seifter.",
				"{@b Pathfinder Lost Omens Pathfinder Society Guide} © 2020, Paizo Inc.; Authors: Kate Baker, James Case, John Compton, Vanessa Hoskins, Mike Kimmel, Ron Lundeen, Dennis Muldoon, kieran t. newton, Michael Sayre, Clark Valentine, Tonya Woldridge, and Linda Zayas-Palmer"
			]
		},
		{
			"source": "LOTG",
			"date": "2022-08-31",
			"store": "https://paizo.com/products/btq02c20",
			"name": "Lost Omens: Travel Guide",
			"entries": [
				"{@b Genie, Marid} from the Tome of Horrors Complete © 2011, Necromancer Games, Inc., published and distributed by Frog God Games; Author: Scott Greene, based on original material by Gary Gygax.",
				"{@b Pathfinder Core Rulebook (Second Edition)} © 2019, Paizo Inc.; Authors: Logan Bonner, Jason Bulmahn, Stephen Radney-MacFarland, and Mark Seifter.",
				"{@b Pathfinder Lost Omens Travel Guide} © 2022, Paizo Inc.; Authors: Rigby Bendele, Katina Davis, Dana Ebert, Dustin Knight, Aaron Lascano, Ron Lundeen, Stephanie Lundeen, Ianara Natividad, Dave Nelson, Jessica Redekop, Nathan Reinecke, Mikhail Rekun, Erin Roberts, Simone Sallé, and Diego Valdez."
			]
		},
		{
			"source": "LOTGB",
			"date": "2021-10-13",
			"store": "https://paizo.com/products/btq027kc",
			"name": "Lost Omens: The Grand Bazaar",
			"entries": [
				"{@b Dragon, Faerie from the Tome of Horrors Complete} © 2011, Necromancer Games, Inc., published and distributed by Frog God Games; Author: Scott Greene, based on original material by Gary Gygax.",
				"{@b Genie, Marid from the Tome of Horrors Complete} © 2011, Necromancer Games, Inc., published and distributed by Frog God Games; Author: Scott Greene, based on original material by Gary Gygax.",
				"{@b Pathfinder Core Rulebook (Second Edition)} © 2019, Paizo Inc.; Authors: Logan Bonner, Jason Bulmahn, Stephen Radney-MacFarland, and Mark Seifter.",
				"{@b Pathfinder Lost Omens Grand Bazaar} © 2021, Paizo Inc.; Authors: Tineke Bolleman, Logan Bonner, Jessica Catalan, Dominique Dickey, Dana Ebert, Steven Hammond, Sen H.H.S., Dustin Knight, Avi Kool, Aaron Lascano, Carlos Luna, Ron Lundeen, Sydney Meeker, Randal Meyer, Jacob Michaels, Matt Morris, Andrew Mullen, Ianara Natividad, Dave Nelson, Jessica Redekop, Nathan Reinecke, Erin Roberts, David N. Ross, Simone Sallé, Mark Seifter, Shay Snow, Ashton Sperry, Amber Stewart, Andrew Stoeckle, Isabelle Thorne, Jason Tondro, and Scott D. Young."
			]
		},
		{
			"source": "LOWG",
			"date": "2019-08-31",
			"store": "https://paizo.com/products/btq01zoj",
			"name": "Lost Omens: World Guide",
			"entries": [
				"{@b Genie, Marid from the Tome of Horrors Complete} © 2011, Necromancer Games, Inc., published and distributed by Frog God Games; Author: Scott Greene, based on original material by Gary Gygax.",
				"{@b Pathfinder Lost Omens World Guide (Second Edition)} © 2019, Paizo Inc.; Authors: Tanya DePass, James Jacobs, Lyz Liddell, Ron Lundeen, Liane Merciel, Erik Mona, Mark Seifter, James L. Sutter."
			]
		},
		{
			"source": "LTiBA",
			"date": "2020-07-25",
			"name": "Little Trouble in Big Absalom",
			"store": "https://paizo.com/products/btq024ys",
			"adventure": true,
			"entries": [
				"{@b Pathfinder Core Rulebook (Second Edition)} © 2019, Paizo Inc.; Authors: Logan Bonner, Jason Bulmahn, Stephen Radney-MacFarland, and Mark Seifter.",
				"{@b Pathfinder Adventure: Little Trouble in Big Absalom} © 2020, Paizo Inc.; Author: Eleanor Ferron."
			]
		},
		{
			"source": "Mal",
			"date": "2021-07-07",
			"name": "Malevolence",
			"adventure": true,
			"entries": [
				"{@b Pathfinder Core Rulebook (Second Edition)} © 2019, Paizo Inc.; Authors: Logan Bonner, Jason Bulmahn, Stephen Radney-MacFarland, and Mark Seifter.",
				"{@b Pathfinder Adventure: Malevolence} © 2021, Paizo Inc.; Author: James Jacobs."
			],
			"store": "https://paizo.com/products/btq027qf"
		},
		{
			"source": "NGD",
			"date": "2021-10-13",
			"store": "https://paizo.com/products/btq027o0",
			"name": "Night of the Gray Death",
			"adventure": true,
			"entries": [
				"{@b Pathfinder Core Rulebook (Second Edition)} © 2019, Paizo Inc.; Authors: Logan Bonner, Jason Bulmahn, Stephen Radney-MacFarland, and Mark Seifter.",
				"{@b Pathfinder Adventure: Night of the Gray Death} © 2021, Paizo Inc.; Author: Ron Lundeen."
			]
		},
		{
			"source": "OoA0",
			"date": "2022-03-28",
			"entries": [
				"{@b Pathfinder Core Rulebook (Second Edition)} © 2019, Paizo Inc.; Authors: Logan Bonner, Jason Bulmahn, Stephen Radney-MacFarland, and Mark Seifter.",
				"{@b Outlaws of Alkenstar Player's Guide} © 2022, Paizo Inc.; Author: Patrick Renie."
			],
			"name": "Outlaws of Alkenstar Player's Guide",
			"adventure": true,
			"store": "https://paizo.com/community/blog/v5748dyo6si08"
		},
		{
			"source": "OoA1",
			"date": "2022-04-27",
			"name": "Outlaws of Alkenstar #1: Punks in a Powder Keg",
			"adventure": true,
			"store": "https://paizo.com/products/btq02ajl",
			"entries": [
				"{@b Pathfinder Core Rulebook (Second Edition)} © 2019, Paizo Inc.; Authors: Logan Bonner, Jason Bulmahn, Stephen Radney-MacFarland, and Mark Seifter.",
				"{@b Pathfinder Adventure Path #178: Punks in a Powder Keg} © 2022, Paizo Inc.; Authors: Vanessa Hoskins, with Stephanie Lundeen and Matt Morris."
			]
		},
		{
			"source": "OoA2",
			"date": "2022-05-25",
			"name": "Outlaws of Alkenstar #2: Cradle of Quartz",
			"adventure": true,
			"store": "https://paizo.com/products/btq02am3",
			"entries": [
				"{@b Pathfinder Core Rulebook (Second Edition)} © 2019, Paizo Inc.; Authors: Logan Bonner, Jason Bulmahn, Stephen Radney-MacFarland, and Mark Seifter.",
				"{@b Pathfinder Adventure Path #179: Cradle of Quartz} © 2022, Paizo Inc.; Authors: Scott D. Young and Ron Lundeen."
			]
		},
		{
			"source": "OoA3",
			"date": "2022-06-29",
			"name": "Outlaws of Alkenstar #3: The Smoking Gun",
			"adventure": true,
			"store": "https://paizo.com/products/btq02aot",
			"entries": [
				"{@b Pathfinder Core Rulebook (Second Edition)} © 2019, Paizo Inc.; Authors: Logan Bonner, Jason Bulmahn, Stephen Radney-MacFarland, and Mark Seifter.",
				"{@b Pathfinder Adventure Path #180: The Smoking Gun} © 2022, Paizo Inc.; Author: Cole Kronewitter."
			]
		},
		{
			"source": "PFUM",
			"date": "2021-11-11",
			"name": "PATHFINDER: FUMBUS!",
			"store": "https://www.kickstarter.com/projects/dynamiteent/pathfinder-fumbus?ref=Pf2eTools",
			"entries": [
				"{@b Pathfinder Core Rulebook (Second Edition)} © 2019, Paizo Inc.; Authors: Logan Bonner, Jason Bulmahn, Stephen Radney-MacFarland, and Mark Seifter."
			]
		},
		{
			"source": "QFF0",
			"date": "2021-12-20",
			"name": "Quest for the Frozen Flame Player's Guide",
			"entries": [
				"{@b Pathfinder Core Rulebook (Second Edition)} © 2019, Paizo Inc.; Authors: Logan Bonner, Jason Bulmahn, Stephen Radney-MacFarland, and Mark Seifter.",
				"{@b Quest for the Frozen Flame Player's Guide} © 2022, Paizo Inc.; Author: Patrick Renie."
			],
			"adventure": true,
			"store": "https://paizo.com/community/blog/v5748dyo6shx3"
		},
		{
			"source": "QFF1",
			"date": "2021-01-26",
			"name": "Quest for the Frozen Flame #1: Broken Tusk Moon",
			"adventure": true,
			"store": "https://paizo.com/products/btq02asv",
			"entries": [
				"{@b Pathfinder Core Rulebook (Second Edition)} © 2019, Paizo Inc.; Authors: Logan Bonner, Jason Bulmahn, Stephen Radney-MacFarland, and Mark Seifter.",
				"{@b Pathfinder Adventure Path #175: Broken Tusk Moon} © 2022, Paizo Inc.; Authors: Ron Lundeen and Stephanie Lundeen."
			]
		},
		{
			"source": "QFF2",
			"date": "2021-02-23",
			"name": "Quest for the Frozen Flame #2: Lost Mammoth Valley",
			"adventure": true,
			"store": "https://paizo.com/products/btq029ud",
			"entries": [
				"{@b Pathfinder Core Rulebook (Second Edition)} © 2019, Paizo Inc.; Authors: Logan Bonner, Jason Bulmahn, Stephen Radney-MacFarland, and Mark Seifter.",
				"{@b Battlezoo Bestiary} © 2021, Skyscraper Studios Inc.; Authors: Stephen Glicker, Patrick Renie, AND Mark Seifter",
				"{@b Demon, Nabasu from Tome of Horrors Complete} © 2011, Necromancer Games, Inc., published and distributed by Frog God Games; Author: Scott Greene, based on original material by Gary Gygax.",
				"{@b Demon, Shadow from Tome of Horrors Complete} © 2011, Necromancer Games, Inc., published and distributed by Frog God Games; Author: Scott Greene, based on original material by Neville White.",
				"{@b Grippli from Tome of Horrors Complete} © 2011, Necromancer Games, Inc., published and distributed by Frog God Games; Author: Scott Greene, based on original material by Gary Gygax.",
				"{@b Pathfinder Adventure Path #176: Lost Mammoth Valley} © 2022, Paizo Inc.; Author: Jessica Catalan."
			]
		},
		{
			"source": "QFF3",
			"date": "2021-03-30",
			"name": "Quest for the Frozen Flame #3: Burning Tundra",
			"adventure": true,
			"store": "https://paizo.com/products/btq029wg",
			"entries": [
				"{@b Pathfinder Core Rulebook (Second Edition)} © 2019, Paizo Inc.; Authors: Logan Bonner, Jason Bulmahn, Stephen Radney-MacFarland, and Mark Seifter.",
				"{@b Dracolisk from the Tome of Horrors Complete} © 2011, Necromancer Games, Inc., published and distributed by Frog God Games; Author: Scott Greene, based on original material by Gary Gygax.",
				"{@b Demon, Nabasu from the Tome of Horrors Complete} © 2011, Necromancer Games, Inc., published and distributed by Frog God Games; Author: Scott Greene, based on original material by Gary Gygax.",
				"{@b Demon, Shadow from the Tome of Horrors Complete} © 2011, Necromancer Games, Inc., published and distributed by Frog God Games; Author: Scott Greene, based on original material by Neville White.",
				"{@b Pathfinder Adventure Path #177: Burning Tundra} © 2022, Paizo Inc.; Author: Jason Tondro."
			]
		},
		{
			"store": "https://paizo.com/products/btq02d7e",
			"date": "2022-05-25",
			"source": "SaS",
			"entries": [
				"{@b Pathfinder Core Rulebook (Second Edition)} © 2019, Paizo Inc.; Authors: Logan Bonner, Jason Bulmahn, Stephen Radney-MacFarland, and Mark Seifter.",
				"{@b Pathfinder Adventure: Shadows at Sundown} © 2022, Paizo Inc.; Author: Landon Winkler."
			],
			"adventure": true,
			"name": "Shadows at Sundown"
		},
		{
			"source": "AFoF",
			"date": "2022-07-25",
			"store": "https://paizo.com/products/btq02d8f",
			"name": "A Fistful of Flowers",
			"entries": [
				"{@b Pathfinder Core Rulebook (Second Edition)} © 2019, Paizo Inc.; Authors: Logan Bonner, Jason Bulmahn, Stephen Radney-MacFarland, and Mark Seifter.",
				"{@b Pathfinder Adventure: A Fistful of Flowers} © 2022, Paizo Inc.; Authors: Eleanor Ferron, Linda Zayas-Palmer."
			],
			"adventure": true
		},
		{
			"source": "Sli",
			"date": "2020-07-30",
			"store": "https://paizo.com/products/btq023hg",
			"name": "The Slithering",
			"entries": [
				"{@b Pathfinder Core Rulebook (Second Edition)} © 2019, Paizo Inc.; Authors: Logan Bonner, Jason Bulmahn, Stephen Radney-MacFarland, and Mark Seifter.",
				"{@b Pathfinder Adventure: The Slithering} © 2020, Paizo Inc.; Author: Ron Lundeen."
			],
			"adventure": true
		},
		{
			"source": "SoM",
			"date": "2021-09-01",
			"vanilla": true,
			"store": "https://paizo.com/products/btq027uy",
			"name": "Secrets of Magic",
			"entries": [
				"{@b Angel, Monadic Deva from the Tome of Horrors Complete} © 2011, Necromancer Games, Inc., published and distributed by Frog God Games; Author: Scott Greene, based on original material by Gary Gygax.",
				"{@b Angel, Movanic Deva from the Tome of Horrors Complete} © 2011, Necromancer Games, Inc., published and distributed by Frog God Games; Author: Scott Greene, based on original material by Gary Gygax.",
				"{@b Daemon, Guardian from the Tome of Horrors Complete} © 2011, Necromancer Games, Inc., published and distributed by Frog God Games; Author: Scott Greene, based on original material by Ian McDowall.",
				"{@b Daemon, Piscodaemon from the Tome of Horrors Complete} © 2011, Necromancer Games, Inc., published and distributed by Frog God Games; Author: Scott Greene, based on original material by Gary Gygax.",
				"{@b Demon, Nabasu from the Tome of Horrors Complete} © 2011, Necromancer Games, Inc., published and distributed by Frog God Games; Author: Scott Greene, based on original material by Gary Gygax.",
				"{@b Demon, Shadow from the Tome of Horrors Complete} © 2011, Necromancer Games, Inc., published and distributed by Frog God Games; Author: Scott Greene, based on original material by Neville White.",
				"{@b Pathfinder Core Rulebook (Second Edition)} © 2019, Paizo Inc.; Authors: Logan Bonner, Jason Bulmahn, Stephen Radney-MacFarland, and Mark Seifter.",
				"{@b Pathfinder Secrets of Magic} © 2021, Paizo Inc.; Authors: Amirali Attar Olyaee, Kate Baker, Minty Belmont, Logan Bonner, James Case, Jessica Catalan, John Compton, Katina Davis, Jesse Decker, Chris Eng, Eleanor Ferron, Leo Glass, Joan Hong, Vanessa Hoskins, Jason Keeley, Joshua Kim, Luis Loza, Ron Lundeen, Liane Merciel, David N. Ross, Ianara Natividad, Chesley Oxendine, Stephen Radney-MacFarland, Shiv Ramdas, Mikhail Rekun, Simone D. Sallé, Michael Sayre, Mark Seifter, Sen H.H.S., Shay Snow, Kendra Leigh Speedling, Tan Shao Han, Calliope Lee Taylor, Mari Tokuda, Jason Tondro, Clark Valentine, Ruvaid Virk, Andrew White, Landon Winkler, Tonya Woldridge, and Isis Wozniakowska."
			],
			"defaultSource": [
				"eidolon"
			]
		},
		{
			"source": "SoT0",
			"date": "2021-07-26",
			"name": "Strength of Thousands Player's Guide",
			"adventure": true,
			"entries": [
				"{@b Grippli from the Tome of Horrors Complete} © 2011, Necromancer Games, Inc., published and distributed by Frog God Games; Author: Scott Greene, based on original material by Gary Gygax.",
				"{@b Pathfinder Core Rulebook (Second Edition)} © 2019, Paizo Inc.; Authors: Logan Bonner, Jason Bulmahn, Stephen Radney-MacFarland, and Mark Seifter.",
				"{@b Strength of Thousands Player's Guide} © 2021, Paizo Inc.; Author: Ron Lundeen."
			],
			"store": "https://paizo.com/community/blog/v5748dyo6shr4"
		},
		{
			"source": "SoT1",
			"date": "2021-08-05",
			"name": "Strength of Thousands #1: Kindled Magic",
			"adventure": true,
			"store": "https://paizo.com/products/btq026li",
			"entries": [
				"{@b Grippli from the Tome of Horrors Complete} © 2011, Necromancer Games, Inc., published and distributed by Frog God Games; Author: Scott Greene, based on original material by Gary Gygax.",
				"{@b Pathfinder Core Rulebook (Second Edition)} © 2019, Paizo Inc.; Authors: Logan Bonner, Jason Bulmahn, Stephen Radney-MacFarland, and Mark Seifter.",
				"{@b Pathfinder Adventure Path #169: Kindled Magic} © 2021, Paizo Inc.; Authors: Eleanor Ferron and Alexandria Bustion, with Shanyce Henley, Jenny Jarzabski, Jessica Redekop, and Mark Seifter."
			]
		},
		{
			"source": "SoT2",
			"date": "2021-09-01",
			"name": "Strength of Thousands #2: Spoken on the Song Wind",
			"adventure": true,
			"store": "https://paizo.com/products/btq026mv",
			"entries": [
				"{@b Pathfinder Core Rulebook (Second Edition)} © 2019, Paizo Inc.; Authors: Logan Bonner, Jason Bulmahn, Stephen Radney-MacFarland, and Mark Seifter.",
				"{@b Demon Lord, Jubilex from the Tome of Horrors Complete} © 2011, Necromancer Games, Inc., published and distributed by Frog God Games; Author: Scott Greene, based on original material by Gary Gygax.",
				"{@b Grippli from the Tome of Horrors Complete} © 2011, Necromancer Games, Inc., published and distributed by Frog God Games; Author: Scott Greene, based on original material by Gary Gygax.",
				"{@b Pathfinder Adventure Path #170: Spoken on the Song Wind} © 2021, Paizo Inc.; Authors: Quinn Murphy, with James Case, Jessica Catalan, Brian Cortijo, Isaac Kerry, Dave Nelson, Lu Pellazar, and Shan Wolf."
			]
		},
		{
			"source": "SoT3",
			"date": "2021-10-13",
			"name": "Strength of Thousands #3: Hurricane's Howl",
			"adventure": true,
			"store": "https://paizo.com/products/btq027kb",
			"entries": [
				"{@b Pathfinder Core Rulebook (Second Edition)} © 2019, Paizo Inc.; Authors: Logan Bonner, Jason Bulmahn, Stephen Radney-MacFarland, and Mark Seifter.",
				"{@b Grippli from the Tome of Horrors Complete} © 2011, Necromancer Games, Inc., published and distributed by Frog God Games; Author: Scott Greene, based on original material by Gary Gygax.",
				"{@b Pathfinder Adventure Path #171: Hurricane's Howl} © 2021, Paizo Inc.; Authors: Luis Loza, with Eleanor Ferron, John Godek III, and Shanyce Henley."
			]
		},
		{
			"source": "SoT4",
			"date": "2021-10-13",
			"name": "Strength of Thousands #4: Secrets of the Temple-City",
			"adventure": true,
			"store": "https://paizo.com/products/btq027nz",
			"entries": [
				"{@b Grippli from the Tome of Horrors Complete} © 2011, Necromancer Games, Inc., published and distributed by Frog God Games; Author: Scott Greene, based on original material by Gary Gygax.",
				"{@b Pathfinder Core Rulebook (Second Edition)} © 2019, Paizo Inc.; Authors: Logan Bonner, Jason Bulmahn, Stephen Radney-MacFarland, and Mark Seifter.",
				"{@b Pathfinder Adventure Path #172: Secrets of the Temple-City} © 2021, Paizo Inc.; Authors: Luis Loza, with Eleanor Ferron, John Godek III, and Shanyce Henley."
			]
		},
		{
			"source": "SoT5",
			"date": "2021-11-10",
			"name": "Strength of Thousands #5: Doorway to the Red Star",
			"adventure": true,
			"store": "https://paizo.com/products/btq027s2",
			"entries": [
				"{@b Pathfinder Core Rulebook (Second Edition)} © 2019, Paizo Inc.; Authors: Logan Bonner, Jason Bulmahn, Stephen Radney-MacFarland, and Mark Seifter.",
				"{@b Pathfinder Adventure Path #173: Doorway to the Red Star} © 2021, Paizo Inc.; Author: Michael Sayre."
			]
		},
		{
			"source": "SoT6",
			"date": "2021-07-26",
			"name": "Strength of Thousands #6: Shadows of the Ancients",
			"adventure": true,
			"store": "https://paizo.com/products/btq027u1",
			"entries": [
				"{@b Pathfinder Core Rulebook (Second Edition)} © 2019, Paizo Inc.; Authors: Logan Bonner, Jason Bulmahn, Stephen Radney-MacFarland, and Mark Seifter.",
				"{@b Pathfinder Adventure Path #174: Shadows of the Ancients} © 2021, Paizo Inc.; Authors: Saif Ansari, with Matt Hardin, Jacob W. Michaels, Matt Morris, Brendan Perry, Jessica Redekop, Nathan Reinecke, and Darren Spurrier."
			]
		},
		{
			"source": "TiO",
			"date": "2020-12-09",
			"store": "https://paizo.com/products/btq026k1",
			"name": "Troubles in Otari",
			"adventure": true,
			"entries": [
				"{@b Pathfinder Core Rulebook (Second Edition)} © 2019, Paizo Inc.; Authors: Logan Bonner, Jason Bulmahn, Stephen Radney-MacFarland, and Mark Seifter.",
				"{@b Pathfinder Adventure: Troubles in Otari} © 2020, Paizo Inc.; Authors: Jason Keeley, Lyz Liddell, and Ron Lundeen."
			]
		},
		{
			"source": "ToK",
			"date": "2021-11-19",
			"name": "Threshold of Knowledge",
			"entries": [
				"{@b Pathfinder Core Rulebook (Second Edition)} © 2019, Paizo Inc.; Authors: Logan Bonner, Jason Bulmahn, Stephen Radney-MacFarland, and Mark Seifter.",
				"{@b Pathfinder Adventure: Threshold of Knowledge} © 2021, Paizo Inc.; Authors: Ron Lundeen, Jabari Weathers."
			],
			"adventure": true,
			"store": "https://paizo.com/products/btq027qf"
		}
	]
}
