{"_meta":{"name":{"1":"Quick Reference","2":"GM Reference"},"id":{"1":"bookref-quick","2":"bookref-gmscreen"},"section":{"1":"Character Creation","2":"Items & Equipment","3":"Spells","4":"Playing the Game","5":"Game Mastering"}},"data":[{"id":1,"b":1,"s":1,"p":0,"h":"Animal Companions"},{"id":2,"b":1,"s":1,"p":0,"h":"Archetypes"},{"id":3,"b":1,"s":1,"p":0,"h":"Character Creation"},{"id":4,"b":1,"s":1,"p":0,"h":"Characters With Disabilities"},{"id":5,"b":1,"s":1,"p":0,"h":"Familiars"},{"id":6,"b":1,"s":1,"p":0,"h":"Leveling Up"},{"id":7,"b":1,"s":2,"p":1,"h":"Activating Items"},{"id":8,"b":1,"s":2,"p":1,"h":"Animals"},{"id":9,"b":1,"s":2,"p":1,"h":"Armor"},{"id":10,"b":1,"s":2,"p":1,"h":"Carrying and Using Items"},{"id":11,"b":1,"s":2,"p":1,"h":"Coins and Currency"},{"id":12,"b":1,"s":2,"p":1,"h":"Constant Abilities"},{"id":13,"b":1,"s":2,"p":1,"h":"Formulas"},{"id":14,"b":1,"s":2,"p":1,"h":"Investing Magic Items"},{"id":15,"b":1,"s":2,"p":1,"h":"Item Damage"},{"id":16,"b":1,"s":2,"p":1,"h":"Item Level"},{"id":17,"b":1,"s":2,"p":1,"h":"Items and Sizes"},{"id":18,"b":1,"s":2,"p":1,"h":"Price"},{"id":19,"b":1,"s":2,"p":1,"h":"Runes"},{"id":20,"b":1,"s":2,"p":1,"h":"Scrolls"},{"id":21,"b":1,"s":2,"p":1,"h":"Services"},{"id":22,"b":1,"s":2,"p":1,"h":"Shields"},{"id":23,"b":1,"s":2,"p":1,"h":"Shoddy Items"},{"id":24,"b":1,"s":2,"p":1,"h":"Staves"},{"id":25,"b":1,"s":2,"p":1,"h":"Wands"},{"id":26,"b":1,"s":2,"p":1,"h":"Weapons"},{"id":27,"b":1,"s":2,"p":1,"h":"Wearing Tools"},{"id":28,"b":1,"s":3,"p":2,"h":"Cantrips"},{"id":29,"b":1,"s":3,"p":2,"h":"Casting Spells"},{"id":30,"b":1,"s":3,"p":2,"h":"Disbelieving Illusions"},{"id":31,"b":1,"s":3,"p":2,"h":"Durations"},{"id":32,"b":1,"s":3,"p":2,"h":"Focus Spells"},{"id":33,"b":1,"s":3,"p":2,"h":"Hostile Actions"},{"id":34,"b":1,"s":3,"p":2,"h":"Identifying Spells"},{"id":35,"b":1,"s":3,"p":2,"h":"Innate Spells"},{"id":36,"b":1,"s":3,"p":2,"h":"Ranges, Areas, and Targets"},{"id":37,"b":1,"s":3,"p":2,"h":"Reading Spells"},{"id":38,"b":1,"s":3,"p":2,"h":"Rituals"},{"id":39,"b":1,"s":3,"p":2,"h":"Saving Throws"},{"id":40,"b":1,"s":3,"p":2,"h":"Setting Triggers"},{"id":41,"b":1,"s":3,"p":2,"h":"Spell Attacks"},{"id":42,"b":1,"s":3,"p":2,"h":"Spell Slots"},{"id":43,"b":1,"s":3,"p":2,"h":"Walls"},{"id":44,"b":1,"s":4,"p":3,"h":"Actions"},{"id":45,"b":1,"s":4,"p":3,"h":"Afflictions"},{"id":46,"b":1,"s":4,"p":3,"h":"Checks"},{"id":47,"b":1,"s":4,"p":3,"h":"Concealment and Invisibility"},{"id":48,"b":1,"s":4,"p":3,"h":"Condition Values"},{"id":49,"b":1,"s":4,"p":3,"h":"Conditions"},{"id":50,"b":1,"s":4,"p":3,"h":"Counteracting"},{"id":51,"b":1,"s":4,"p":3,"h":"Cover"},{"id":52,"b":1,"s":4,"p":3,"h":"Damage"},{"id":53,"b":1,"s":4,"p":3,"h":"Downtime Mode"},{"id":54,"b":1,"s":4,"p":3,"h":"Effects"},{"id":55,"b":1,"s":4,"p":3,"h":"Encounter Mode"},{"id":56,"b":1,"s":4,"p":3,"h":"Exploration Mode"},{"id":57,"b":1,"s":4,"p":3,"h":"Flanking"},{"id":58,"b":1,"s":4,"p":3,"h":"Game Conventions"},{"id":59,"b":1,"s":4,"p":3,"h":"Hero Points"},{"id":60,"b":1,"s":4,"p":3,"h":"Hit Points, Healing, and Dying"},{"id":61,"b":1,"s":4,"p":3,"h":"Making Choices"},{"id":62,"b":1,"s":4,"p":3,"h":"Movement"},{"id":63,"b":1,"s":4,"p":3,"h":"Overriding Conditions"},{"id":64,"b":1,"s":4,"p":3,"h":"Perception"},{"id":65,"b":1,"s":4,"p":3,"h":"Special Checks"},{"id":66,"b":1,"s":4,"p":3,"h":"Specific Checks"},{"id":67,"b":1,"s":5,"p":4,"h":"Difficulty Classes"},{"id":68,"b":1,"s":5,"p":4,"h":"Drugs"},{"id":69,"b":1,"s":5,"p":4,"h":"Environment"},{"id":70,"b":1,"s":5,"p":4,"h":"Hazards"},{"id":71,"b":1,"s":5,"p":4,"h":"Planning a Campaign"},{"id":72,"b":1,"s":5,"p":4,"h":"Preparing an Adventure"},{"id":73,"b":1,"s":5,"p":4,"h":"Rewards"},{"id":74,"b":1,"s":5,"p":4,"h":"Running Modes of Play"},{"id":75,"b":1,"s":5,"p":4,"h":"Running a Game Session"}]}