{
	"dwarf": "ancestry-dwarf.json",
	"elf": "ancestry-elf.json",
	"gnome": "ancestry-gnome.json",
	"goblin": "ancestry-goblin.json",
	"halfling": "ancestry-halfling.json",
	"human": "ancestry-human.json",
	"catfolk": "ancestry-catfolk.json",
	"azarketi": "ancestry-azarketi.json",
	"fetchling": "ancestry-fetchling.json",
	"hobgoblin": "ancestry-hobgoblin.json",
	"kitsune": "ancestry-kitsune.json",
	"kobold": "ancestry-kobold.json",
	"leshy": "ancestry-leshy.json",
	"orc": "ancestry-orc.json",
	"lizardfolk": "ancestry-lizardfolk.json",
	"ratfolk": "ancestry-ratfolk.json",
	"tengu": "ancestry-tengu.json",
	"android": "ancestry-android.json",
	"fleshwarp": "ancestry-fleshwarp.json",
	"shoony": "ancestry-shoony.json",
	"sprite": "ancestry-sprite.json",
	"strix": "ancestry-strix.json",
	"grippli": "ancestry-grippli.json",
	"anadi": "ancestry-anadi.json",
	"goloma": "ancestry-goloma.json",
	"gnoll": "ancestry-gnoll.json",
	"conrasu": "ancestry-conrasu.json",
	"shisk": "ancestry-shisk.json",
	"automaton": "ancestry-automaton.json",
	"poppet": "ancestry-poppet.json",
	"skeleton": "ancestry-skeleton.json",
	"ghoran": "ancestry-ghoran.json",
	"kashrishi": "ancestry-kashrishi.json",
	"nagaji": "ancestry-nagaji.json",
	"vanara": "ancestry-vanara.json",
	"vishkanya": "ancestry-vishkanya.json",
	"versatileHeritage": "versatile-heritages.json"
}
