{
	"creatureFluff": [
		{
			"images": [
				"https://2e.aonprd.com/Images/Monsters/Minchgorm.png"
			],
			"source": "AoE5",
			"name": "Minchgorm",
			"entries": []
		},
		{
			"images": [
				"https://2e.aonprd.com/Images/Monsters/Obrousian.png"
			],
			"source": "AoE5",
			"name": "Obrousian",
			"entries": []
		},
		{
			"images": [
				"https://2e.aonprd.com/Images/Monsters/Lusca.png"
			],
			"source": "AoE5",
			"name": "Lusca",
			"entries": []
		},
		{
			"images": [
				"https://2e.aonprd.com/Images/Monsters/ClockworkAmalgam.png"
			],
			"source": "AoE5",
			"name": "Clockwork Amalgam",
			"entries": []
		},
		{
			"images": [
				"https://2e.aonprd.com/Images/Monsters/ElementalVessel_Water.png"
			],
			"source": "AoE5",
			"name": "Elemental Vessel, Water",
			"entries": []
		},
		{
			"images": [
				"https://2e.aonprd.com/Images/Monsters/Zealborn.png"
			],
			"source": "AoE5",
			"name": "Zealborn",
			"entries": []
		},
		{
			"images": [
				"https://2e.aonprd.com/Images/Monsters/Myrucarx.png"
			],
			"source": "AoE5",
			"name": "Myrucarx",
			"entries": []
		}
	]
}
