{
	"creatureFluff": [
		{
			"images": [
				"https://2e.aonprd.com/Images/Monsters/Velstrac_Interlocutor.png"
			],
			"source": "AoA3",
			"name": "Interlocutor",
			"entries": []
		},
		{
			"images": [
				"https://2e.aonprd.com/Images/Monsters/Velstrac_Evangelist.png"
			],
			"source": "AoA3",
			"name": "Evangelist",
			"entries": []
		},
		{
			"images": [
				"https://2e.aonprd.com/Images/Monsters/ShadowGiant.png"
			],
			"source": "AoA3",
			"name": "Shadow Giant",
			"entries": []
		},
		{
			"images": [
				"https://2e.aonprd.com/Images/Monsters/Devil_Osyluth.png"
			],
			"source": "AoA3",
			"name": "Osyluth",
			"entries": []
		},
		{
			"images": [
				"https://2e.aonprd.com/Images/Monsters/RemnantOfBarzillai.png"
			],
			"source": "AoA3",
			"name": "Remnant of Barzillai",
			"entries": []
		},
		{
			"images": [
				"https://2e.aonprd.com/Images/Monsters/BloodBoar.png"
			],
			"source": "AoA3",
			"name": "Blood Boar",
			"entries": []
		},
		{
			"images": [
				"https://2e.aonprd.com/Images/Monsters/Rusalka.png"
			],
			"source": "AoA3",
			"name": "Rusalka",
			"entries": []
		},
		{
			"images": [
				"https://2e.aonprd.com/Images/Monsters/Velstrac_Precentor.png"
			],
			"source": "AoA3",
			"name": "Precentor",
			"entries": []
		},
		{
			"images": [
				"https://2e.aonprd.com/Images/Monsters/Demon_Kalavakus.png"
			],
			"source": "AoA3",
			"name": "Kalavakus",
			"entries": []
		},
		{
			"images": [
				"https://2e.aonprd.com/Images/Monsters/Velstrac_Augur.png"
			],
			"source": "AoA3",
			"name": "Augur",
			"entries": []
		}
	]
}
