{
	"item": [
		{
			"name": "Cinderclaw Gauntlet",
			"source": "AoA1",
			"page": 77,
			"type": "Item",
			"level": 5,
			"traits": [
				"uncommon",
				"evocation",
				"magical"
			],
			"price": {
				"coin": "gp",
				"amount": 150
			},
			"usage": "worn on 1 hand",
			"bulk": "L",
			"category": "Worn",
			"entries": [
				"This sharp-taloned {@runeItem spiked gauntlet||+1 weapon potency||striking|} appears to have been crafted from dragon scales, with claws built from iron. In addition to the typical weapon traits, a {@i Cinderclaw gauntlet} has the {@trait versatile <s>} trait.",
				"On a critical hit, the {@i Cinderclaw gauntlet} deals an additional {@damage 1d6} fire damage.",
				{
					"type": "ability",
					"activity": {
						"number": 1,
						"unit": "reaction"
					},
					"components": [
						"command"
					],
					"trigger": "Your attack roll with the {@i Cinderclaw gauntlet} is a critical success.",
					"entries": [
						"The creature you hit must succeed at a DC 19 Fortitude save or be {@condition sickened|CRB|sickened 1} by the gauntlet's acrid smoke. Creatures that don't need to breathe are immune."
					]
				}
			]
		},
		{
			"name": "Hunter's Arrowhead",
			"source": "AoA1",
			"page": 77,
			"type": "Item",
			"level": 4,
			"traits": [
				"rare",
				"enchantment",
				"invested",
				"magical"
			],
			"price": {
				"coin": "gp",
				"amount": 80
			},
			"usage": "worn",
			"bulk": "\u2013",
			"category": "Worn",
			"entries": [
				"This arrowhead-shaped charm is not meant to be affixed to an arrow, but instead to be carried in a pocket or inside of a quiver. A {@i hunter's arrowhead} is etched with images sacred to the elven god {@deity Ketephys|LOGM}. If you carry one on your person, you are infused with great skill at hunting, and gain a +1 item bonus to {@skill Survival} skill checks and attack rolls against any creature you've currently designated as your prey for the {@action Hunt Prey} ranger ability (note that the bonus to attack rolls is an item bonus, and therefore not cumulative with an item bonus from a magic weapon). A {@i hunter's arrowhead} is also a religious symbol of {@deity Ketephys|LOGM}.",
				"This specific {@i hunter's arrowhead} (and no other) is a key to the Huntergate aiudara. If this {@i hunter's arrowhead} is touched to the stone within Huntergate, it activates the portal\u2014provided the portal is fully functional. See \"Cult of Cinders\" for more information about Huntergate and what lies beyond its archway.",
				{
					"type": "ability",
					"activity": {
						"number": 1,
						"unit": "reaction"
					},
					"components": [
						"command"
					],
					"frequency": {
						"unit": "day",
						"number": 1
					},
					"trigger": "You would miss with an attack made with a bow.",
					"entries": [
						"You get a +2 circumstance bonus to your attack roll. This can turn a miss into a hit."
					]
				}
			]
		}
	]
}
