{
	"ancestry": [
		{
			"name": "Poppet",
			"source": "LOTGB",
			"page": 60,
			"rarity": "rare",
			"hp": 6,
			"size": [
				"small"
			],
			"speed": {
				"walk": 25
			},
			"boosts": [
				"constitution",
				"charisma",
				"free"
			],
			"flaw": [
				"dexterity"
			],
			"languages": [
				"{@language Common}",
				"Additional languages equal to your Intelligence modifier (if positive). Choose from {@language Draconic}, {@language Dwarven}, {@language Elven}, {@language Gnomish}, {@language Goblin}, {@language Sylvan}, and any other languages to which you have access (such as the languages prevalent in your region)."
			],
			"traits": [
				"construct",
				"humanoid"
			],
			"features": [
				{
					"name": "Constructed",
					"entries": [
						"The materials of your body resist ailments that assail the flesh. You gain a +1 circumstance bonus to saving throws against {@trait death} effects, {@trait disease}, and {@trait poison} as well as to saving throws against effects that would give you the {@condition drained}, {@condition paralyzed}, or {@condition sickened} conditions. Your spark of life means that you're a living creature, and you can be healed by positive energy and harmed by negative energy as normal."
					]
				},
				{
					"name": "Darkvision",
					"entries": [
						"You can see in darkness and dim light just as well as you can see in bright light, though your vision in darkness is in black and white."
					]
				},
				{
					"name": "Flammable",
					"entries": [
						"You have weakness to fire damage equal to one-third your level (minimum 1)."
					]
				}
			],
			"flavor": [
				"Small constructs originally designed to serve as companions or servants. They occasionally gain a greater spark of life, transforming them into independent, sapient creatures."
			],
			"info": [
				"Poppets are small, basic constructs that typically help their owners with simple tasks. Occasionally, poppets gain sapience, independence, and a spark of life. Elevated beyond mere helpers or playthings, these poppets are free to chart their own destinies.",
				"Most commonly made of cloth, wicker, and wood, poppets are among the simplest of constructs. They serve as helpers to fetch tools, clean dishes, tidy rooms, or perform other light tasks. Their size and appearance vary, but nearly all poppets appear humanoid in shape and between 1 to 3 feet tall. They're usually roughly made with button eyes sewn onto blank faces, strings of yarn in place of hair, and a simple dress or tunic made from coarse, cheap cloth. Wealthy families sometimes purchase poppets as toys, with their squishy bodies and stitched smiles, to keep their children company. Most poppets can't speak and lack the intellect to understand speech beyond preprogrammed orders. Poppets can become {@familiar Poppet|LOPSG|familiars}.",
				"Very, very rarely, a common poppet spontaneously manifests a spark of life\u2014a tiny bit of life essence\u2014 and becomes a thinking, independent creature. These events are exceedingly rare; fewer than one in a thousand gain this spark. A poppet might manifest this life essence through a magical fluke in its construction, a brush with ephemeral spirits, or even the fervent wish of a loving child. Whatever their origin, the poppets described here as an ancestry have their own life and free will. They might consider their creators or former owners to be friends, but they acknowledge no one as their master and often leave comfortable homes or workshops to seek their place in the world.",
				"Sapient living poppets usually refer to themselves as \"awakened\" to indicate the moment they gained clear and true self-awareness. Poppets might talk about this event as the time they \"popped up,\" \"woke up,\" or \"sparked alive.\" Most poppets celebrate two special anniversaries each year: the day of their initial creation (which, for most poppets, they must learn secondhand or by studying their creator's records) and the day they awoke to true consciousness.",
				{
					"type": "pf2-h3",
					"page": 60,
					"name": "You Might...",
					"entries": [
						{
							"type": "list",
							"items": [
								"Like surprising others with your unexpected cleverness and eloquence.",
								"Seek out other self-aware beings that most people might overlook.",
								"Rely on your harmless appearance to trick others."
							]
						}
					]
				},
				{
					"type": "pf2-h3",
					"page": 60,
					"name": "Others Probably...",
					"entries": [
						{
							"type": "list",
							"items": [
								"Mistake you for a toy.",
								"Doubt your ability to handle tasks that require any dexterity or complex thought.",
								"Wonder whether your mundane form conceals other magical marvels."
							]
						}
					]
				},
				{
					"type": "pf2-h3",
					"page": 60,
					"name": "Physical Description",
					"entries": [
						"Living poppets are both humanoids and constructs, which gives them some of the benefits and drawbacks of each category. Their bodies are usually made of wood and wicker, but they can be made of cloth, leather, tin, stuffing, or delicate clockwork. Either way, poppets burn or melt quickly and must take care to avoid fire. They virtually never look alike, as each is created from unique and unusual circumstances.",
						"Poppets are fully alert and self-aware when they awaken to sentience; although they might not know much at first, they instantly gain intelligence and consciousness. They must breathe and sleep, and they must consume food and water each day; through a sort of magical digestion they can restore rips, tears, or scuffs in their physical form. Poppets don't age the same way fleshy creatures do, but they slowly wear down in physical form as well as in mental acuity. A poppet that tends to their body and mind (and takes care to avoid fire) can live up to 30 years."
					]
				},
				{
					"type": "pf2-h3",
					"page": 60,
					"name": "Society",
					"entries": [
						"Free-willed poppets are so rare that almost no such poppet has met another. Poppets normally live with larger creatures, though not always their creators, and tend to get along well in societies sized for larger creatures. Most live in cities because that's where toy makers, clockwork crafters, and other specialists have their shops, but poppets created by lonely hermits or reclusive inventors might prefer a life in the wilderness.",
						"Poppets often stay on the lookout for other creatures who, like them, have stumbled into self-awareness. They might have regular conversations with animated objects, golems, houseplants, statues, or toys, in which they're deeply polite out of a desire to leave a good impression for the time when the object \"wakes up.\""
					]
				},
				{
					"type": "pf2-h3",
					"page": 60,
					"name": "Alignment and Religion",
					"entries": [
						"Ordinary poppets are built as helpers and companions, and awakened poppets tend to retain this drive to aid others. They're therefore generally good, and more poppets are lawful than chaotic. Some spend their time trying to uncover secrets of their creation, find others like them, or keep out of trouble; these poppets are generally neutral in alignment. Poppets aren't typically religious unless a particular faith defined their creation, such as being made from scraps of {@deity Iomedae||Iomedaean} altar cloth or woven from reeds around a sacred {@deity Gozreh||Gozren} pool. These poppets tend to be vocally religious, even zealous, in their faith. Poppets who find religion later in their lives often revere {@deity Brigh|LOGM}, {@deity Casandalee|LOGM}, or {@deity Nethys}."
					]
				},
				{
					"type": "pf2-h3",
					"page": 61,
					"name": "Names",
					"entries": [
						"Poppets generally choose their own names, usually descriptive nicknames based on their materials, patterns, size, or demeanor. They tend to pick up and shed nicknames throughout their lives, and they happily adopt nicknames given to them by people they like. A poppet fashioned to look like a particular person, such as a doll sewn to resemble a deceased child, might proudly take the name of that person."
					]
				},
				{
					"type": "pf2-h4",
					"page": 61,
					"name": "Sample Names",
					"entries": [
						"Burlap, Buttoneyes, Checker, Clockwhirr, Fivestitch, Nettle, Scramble, Stuffing, Taffeta, Tattercap"
					]
				},
				{
					"type": "pf2-sidebar",
					"page": 62,
					"name": "Poppet Adventurers",
					"entries": [
						"Poppets like helping others and experiencing new things; both of these motivations lead naturally into the life of an adventurer. They aren't generally driven by a lust for treasure, but they like adorning themselves with pretty accoutrement and using their finds to better the lives of others. The {@background acolyte}, {@background entertainer}, and {@background laborer} backgrounds are good choices for many poppets, as are {@background cook|APG}, {@background scavenger|APG}, and {@background servant|APG}. Poppets who watched their creator work might have the {@background artist}, {@background hermit}, or {@background tinker} background to reflect what they've seen. Because poppets like to help others, they gravitate toward becoming {@class bard||bards} or {@class champion||champions}. Some might think that poppets' small size and general clumsiness make them poor {@class fighter||fighters} or {@class ranger||rangers}, but certain poppets embrace these classes out of a drive to display their bravery and prove the naysayers wrong."
					]
				},
				{
					"type": "pf2-sidebar",
					"page": 63,
					"name": "Poppet Settlements",
					"entries": [
						"Poppets don't often meet another of their kind, much less settle down together. Poppet-only settlements simply don't exist or are so remote as to be wholly unknown. Instead, poppets are most common in large cities, surrounded by the bustle of crowds. Any place where people appreciate skilled artisans, whether in cloth or clockworks, is a good place to find simple poppets, and thus awakened poppets are more likely to be found in bigger cities like Absalom, Katapesh, and Quantium. Poppets usually have a network of allies to draw upon in their communities; for many poppets, this network includes their creator and their creator's associates, but even poppets who don't know their creator tend to make themselves useful and liked."
					]
				},
				{
					"type": "pf2-sidebar",
					"page": 63,
					"name": "Poppet Motives",
					"entries": [
						"Nearly all poppets are interested in helping others and finding more creatures like themselves, and both these motivations are excellent for adventure. Yet, a poppet might have any number of other, more personal motives. A poppet might adventure to find a cure for a terminally ill creator, carry out the dying wish of a deceased friend, or complete the life's goal of a spirit that awakened within them, even if the poppet doesn't know who that person was in life. A poppet might take up arms to rescue kidnapped friends or save endangered children. Poppets aren't often greedy, but some might adventure to adorn their simple forms with gemstone eyes, golden thread, or other flashy accoutrements."
					]
				},
				{
					"type": "pf2-sidebar",
					"page": 63,
					"name": "Poppets in Society",
					"entries": [
						"It might seem strange to picture a poppet walking into a general store to buy rope and jerky, but such occurrences aren't uncommon in urban areas. Poppets are, after all, designed to handle mundane tasks, so people aren't likely to call attention to a poppet going about routine business in such communities. People might even help the poppet out by leaning a plank so it can reach a counter or adjusting a heavy load\u2014thinking that, by doing so, they're aiding a powerful or influential owner. Talk is likely to circulate, however, if the poppet is active in a small settlement where such helper constructs are unknown, or if the poppet is engaged in some truly unusual tasks, like giving a speech or dragging in a slain monster for a bounty."
					]
				},
				{
					"type": "pf2-h2",
					"page": 61,
					"name": "Poppets Of The Inner Sea",
					"entries": [
						"Awkward and endearing, poppets are well-regarded in all but the most insular and superstitious communities of Golarion. They're known to be able, helpful, and loyal little creatures who support a master's work or make an aristocrat's life easier, which is particularly true in large trade cities such as Absalom, Almas, the city of Katapesh, and Katheer. The key difference between ordinary poppets and living poppets, in most people's experiences, is responsive speech. Ordinary poppets usually can't talk; if they can, they reproduce only a few preprogrammed phrases by rote. They normally communicate with strangers via notes pinned to their bodies, like walking note boards. Awakened poppets not only talk but carry on lengthy, expressive conversations, which likely strikes even the most jaded urbanite as a marvelous wonder.",
						"In regions where an entrenched nobility enjoys flaunting their wealth, poppets are even built specifically as toys. Taldor and Cheliax teem with aristocrats who pamper their children, grooming them for a life of leisure and devotion to family honor. These children have the best and most expensive toys, including poppets in fancy, frilly clothing. Such poppets are sometimes armed with subtle weaponry to fight against kidnappers or assassins who threaten their charges. Commoners in these nations treat poppets with deference and caution, as no one wants to risk the wrath of a spoiled scion. Awakened poppets from these lands sometimes believe themselves members of the aristocracy and can be snooty.",
						"In nations such as Nex, Osirion, and Katapesh, where magic flows freely, construct servitors are common. As many people expect to see familiars and homunculi in their daily routines, a busy poppet rarely draws much attention. Such poppets are assumed to be on tasks for powerful masters, but they don't command too much respect\u2014after all, if the task were truly important, the master wouldn't have sent a simple poppet. Poppets in these regions can expect to have to wait in lines, pester trade workers to get their attention, or barter like anyone else. They also tend to have simple and functional appearances with few ornamentations and a tendency to look shabby from years of work. Thus, poppets from these lands have a deeper understanding of common folk from spending so much time shoulder to shoulder (or, more likely, shoulder to thigh) among them.",
						"Some poppets originate from crafted sophistication more so than magical skill. They might be cunning clockworks with interlocking piston-powered gears or simply wood and wicker with ingenious hinges and well-calibrated mechanisms inside. Others might look like toy soldiers or have visages of smooth, thin metal. Such poppets are most common in Alkenstar, Numeria, or around Absalom's Clockwork Cathedral. They often worry about rust, grit, or water spoiling their inner workings, to the point of being fussy.",
						"There are few areas where poppets are outright feared, but Ustalav is one of them. Whispered stories of ghosts or curses tell tales of common objects, or even toys, given dread animation to inflict misery on a household, making citizens highly suspicious of poppets. This belief is unfortunate because Ustalav has more than its share of the creatures; eccentric inventors, professors desperate to prove abstruse theories, and possessing spirits from beyond the grave might give a poppet the spark of life. These poppets learn caution quickly, lest they be thrown into a bonfire or lake.",
						"Because they're made from fragile materials, most poppets don't last very long before breaking down. A few rare exceptions survive from powerful ancient empires with well-known mastery of constructs, such as the Azlanti Empire or the Jistka Imperium. These poppets might be incredibly old\u2014older than they'll ever know, as such poppets awakened recently within an ancient ruin usually have no solid recollections of their creators or their original purpose. These poppets pose perhaps the deepest mysteries, as they might hold the keys to unlock secrets of lost civilizations.",
						{
							"type": "pf2-h3",
							"page": 62,
							"name": "Poppets Origins",
							"entries": [
								"It's rare to find two poppets that look alike, but the most significant and defining characteristic of a poppet isn't what they're made of. Rather, it's how they were imbued with life and independent thought. Magic animates most poppets, and those awakened gain their spark of life and sentience when something goes slightly off-kilter with their enchantment. For unknown reasons\u2014perhaps an accident or a creator's errant tinkering\u2014a spark of life explodes into being, and a formerly lifeless series of nested commands and calculations synthesize together as true thought. The poppet suddenly gains life and self-awareness, the ability to speak and reason, and a desire for freedom.",
								"In some cases, a poppet's life essence originally belonged to another being. An errant fragment of a departed soul, psychic impression, or similar ephemeral sliver lodges within the little construct, and the poppet's magic fashions an entirely unique personality around it. A poppet awakened this way might have occasional glimpses into the being who donated this essence, but their life, mind, and soul are thereafter their own.",
								"The rarest, and perhaps most precious, poppets are brought to life with love. These are faithful assistants or beloved toys that someone earnestly, honestly wished would become \"real.\" There's more magic in the world than found in formulas and litanies, and this wish magic awakens poppets in the best of circumstances: knowing they're cherished and able to respond with love of their own."
							]
						}
					]
				}
			],
			"heritageInfo": [
				"Although each poppet's origin is unique, the fundamental nature of their origin provides them with a heritage. Choose one of the following poppet heritages at 1st level."
			],
			"heritage": [
				{
					"name": "Ghost Poppet",
					"shortName": "Ghost",
					"source": "LOTGB",
					"page": 62,
					"entries": [
						"You awakened when a bit of another person's life force and a fragment of their soul\u2014possibly, but not always, at the moment of their death\u2014found its way into your constructed body. You don't remember anything more than vague flashes of your \"before life,\" but that life essence still protects you. You gain resistance to negative damage equal to half your level (minimum 1)."
					]
				},
				{
					"name": "Stuffed Poppet",
					"shortName": "Stuffed",
					"source": "LOTGB",
					"page": 62,
					"entries": [
						"You have little inside you other than cotton, sawdust, or dried leaves. You take no damage from falling, regardless of the distance you fall."
					]
				},
				{
					"name": "Toy Poppet",
					"shortName": "Toy",
					"source": "LOTGB",
					"page": 63,
					"entries": [
						"You have the form of a child's tiny toy or doll, but you don't let your small size impede your joy of life. Instead of {@trait Small}, your size is {@trait Tiny}. Like other {@trait Tiny} creatures, you don't automatically receive lesser cover from being in a larger creature's space, but circumstances might allow you to {@action Take Cover}. You can purchase weapons, armor, and other items for your size with the same statistics as normal gear, except that melee weapons have a reach of 0 for you (or a reach 5 feet shorter than normal if they have the {@trait reach} trait). You can enter another creature's space, which is important because you must usually enter a creature's space to attack it with melee {@action Strike||Strikes}! {@quickref Remember to adjust the Bulk of items and your Bulk limit for Tiny size||1|Items and Sizes}. The information on how to handle {@trait Tiny} PCs, including rules for attempting to ride on other characters, appears on page 66 of the Pathfinder Lost Omens Ancestry Guide."
					]
				},
				{
					"name": "Windup Poppet",
					"shortName": "Windup",
					"source": "LOTGB",
					"page": 63,
					"entries": [
						"You're made primarily of soft metals, such as tin or silver, and your life force dwells within an exceptional array of clockworks deep in your body. Provided you wind metal tabs on your body a few times each day, you don't need food or water to survive. You must still breathe to ventilate your internal mechanisms and sleep to give your mechanisms rest, just like other poppets."
					]
				},
				{
					"name": "Wishborn Poppet",
					"shortName": "Wishborn",
					"source": "LOTGB",
					"page": 63,
					"entries": [
						"You were wished to life, either by a powerful spellcaster or by the earnest desire of an innocent person who loved you very much. You're living proof that a hopeful spirit can overcome any obstacle. If you roll a success on a saving throw against an {@trait emotion} or {@trait fear} effect, you get a critical success instead."
					]
				}
			],
			"summary": {
				"images": [
					"https://2e.aonprd.com/Images/Ancestries/Poppet01.png",
					"https://2e.aonprd.com/Images/Ancestries/Poppet02.png"
				]
			}
		}
	]
}
