{
	"item": [
		{
			"name": "Dragon's Eye Charm",
			"source": "AoA2",
			"page": 71,
			"type": "Item",
			"level": 7,
			"traits": [
				"uncommon",
				"divination",
				"magical"
			],
			"price": {
				"coin": "gp",
				"amount": 360
			},
			"usage": "held in 1 hand",
			"bulk": "L",
			"category": "Held",
			"entries": [
				"This charm, a dragon-shaped pendant worn like a necklace or set into armor or clothing as a decoration, is warm and smooth to the touch. It must be held in one hand to be used (pressing the palm of one's hand to the charm also works, provided that your hand is otherwise empty). It has four distinct powers.",
				{
					"type": "ability",
					"activity": {
						"number": 1,
						"unit": "action"
					},
					"components": [
						"Interact"
					],
					"frequency": {
						"unit": "day",
						"freq": 1
					},
					"entries": [
						"The dragon's eye charm manifests fire for you to wield against your foe. You cast a 5th-level {@spell produce flame} spell with a spell attack roll of +13."
					]
				},
				{
					"type": "ability",
					"activity": {
						"number": 1,
						"unit": "action"
					},
					"components": [
						"Interact"
					],
					"frequency": {
						"unit": "day",
						"freq": 1
					},
					"entries": [
						"The charm's pupil becomes plainly visible. You can look through the charm to gain darkvision for as long as you Sustain the Activation, to a maximum of 10 minutes."
					]
				},
				{
					"type": "ability",
					"activity": {
						"number": 1,
						"unit": "action"
					},
					"components": [
						"Interact"
					],
					"frequency": {
						"unit": "day",
						"freq": 1
					},
					"entries": [
						"The dragon's eye charm shrouds you in a faintly glowing layer of golden energy. You gain fire resistance 5 for 10 minutes."
					]
				},
				{
					"type": "ability",
					"activity": {
						"number": 1,
						"unit": "action"
					},
					"components": [
						"Interact"
					],
					"frequency": {
						"unit": "day",
						"freq": 1
					},
					"entries": [
						"You can speak and understand Draconic as long as you Sustain the Activation, to a maximum of 10 minutes."
					]
				}
			]
		},
		{
			"name": "Eclipse",
			"source": "AoA2",
			"page": 72,
			"type": "Item",
			"level": 8,
			"traits": [
				"unique",
				"evocation",
				"light",
				"magical"
			],
			"price": {
				"coin": "gp",
				"amount": 450
			},
			"usage": "held in 1 hand",
			"bulk": "L",
			"category": "Held",
			"entries": [
				"This +1 returning striking cold iron starknife has an ornate central grip that depicts a silver dragon, the neck, wings, and tail of which wrap over and around the handle in knots to support the weapon's four cold iron blades. While the handle is polished to a mirrorlike shine, the blades of Eclipse are a flat black and entirely unreflective. Eclipse is also the portal key required to activate Dreamgate at {@deity Alseta|LOGM}'s Ring.",
				"Whenever you score a critical hit with Eclipse, the target creature's eyes are plunged into darkness; if that creature doesn't have darkvision, it is {@condition blinded} for 1 round.",
				{
					"type": "ability",
					"activity": {
						"number": 1,
						"unit": "action"
					},
					"components": [
						"command"
					],
					"frequency": {
						"unit": "day",
						"freq": 1
					},
					"entries": [
						"Eclipse's blades glow like starlit night sky, causing it to shed light as a torch until you deactivate it as a single action, which has the {@trait concentrate} trait."
					]
				},
				{
					"type": "ability",
					"activity": {
						"number": 1,
						"unit": "reaction"
					},
					"components": [
						"envision"
					],
					"frequency": {
						"unit": "day",
						"freq": 3
					},
					"trigger": "You attempt a {@skill Stealth} check to {@action Hide} or {@action Sneak}, but you haven't rolled yet",
					"entries": [
						"You absorb light, gaining a +2 status bonus to the {@skill Stealth} check."
					]
				}
			]
		}
	]
}
