{
	"feat": [
		{
			"name": "Butterfly Blade Dedication",
			"source": "FRP1",
			"page": 78,
			"level": 4,
			"featType": {
				"archetype": [
					"Butterfly Blade"
				]
			},
			"traits": [
				"uncommon",
				"archetype",
				"dedication"
			],
			"prerequisites": "trained in {@item butterfly sword|FRP1|butterfly swords}",
			"access": "Defeat a member of the Butterfly Blades in a sanctioned bout.",
			"entries": [
				"You become trained in {@skill Deception} and {@skill Stealth}; if you were already trained, you become an expert instead. Whenever your proficiency rank in any weapon increases to expert or beyond, you also gain that new proficiency rank with butterfly swords. You gain access to {@item butterfly swords|frp1}."
			],
			"special": [
				"You cannot select another dedication feat until you have gained two other feats from this archetype."
			],
			"leadsTo": [
				"Butterfly's Kiss|FRP1",
				"Butterfly's Sting|FRP1",
				"Deadly Butterfly|FRP1",
				"Innocent Butterfly|FRP1",
				"Mastermind's Eye|FRP1"
			]
		},
		{
			"name": "Butterfly's Kiss",
			"source": "FRP1",
			"page": 78,
			"level": 6,
			"featType": {
				"archetype": [
					"Butterfly Blade"
				]
			},
			"traits": [
				"archetype"
			],
			"prerequisites": "{@feat Butterfly Blade Dedication|FRP1}",
			"entries": [
				"You can make nonlethal {@action Strike||Strikes} with a butterfly sword without taking a penalty."
			]
		},
		{
			"name": "Butterfly's Sting",
			"source": "FRP1",
			"page": 78,
			"level": 6,
			"featType": {
				"archetype": [
					"Butterfly Blade"
				]
			},
			"traits": [
				"archetype"
			],
			"prerequisites": "{@feat Butterfly Blade Dedication|FRP1}",
			"entries": [
				"You gain the sneak attack class feature (Core Rulebook 181)",
				"You don't increase the number of dice as you gain levels."
			]
		},
		{
			"name": "Cross The Threshold",
			"source": "FRP1",
			"page": 79,
			"level": 16,
			"featType": {
				"archetype": [
					"Ghost Eater"
				]
			},
			"traits": [
				"archetype"
			],
			"prerequisites": "{@feat Ghost Eater Dedication|FRP1}",
			"entries": [
				"You can cast {@spell ethereal jaunt} as an occult innate spell once per day. You don't need to {@action Sustain a Spell||Sustain the Spell}; instead, it lasts for 10 minutes or until you choose to return to your material form as a free action."
			]
		},
		{
			"name": "Deadly Butterfly",
			"source": "FRP1",
			"page": 78,
			"level": 8,
			"featType": {
				"archetype": [
					"Butterfly Blade"
				]
			},
			"traits": [
				"archetype"
			],
			"prerequisites": "{@feat Butterfly Blade Dedication|FRP1}",
			"entries": [
				"You gain access to the butterfly sword's critical specialization effect. If you already had access to the critical specialization effect or you gain the effect at a later time, you also gain the critical specialization effect for knives when you critically hit with a butterfly sword. You can benefit from only one critical specialization effect at a time."
			]
		},
		{
			"name": "Disrupting Strikes",
			"source": "FRP1",
			"page": 79,
			"activity": {
				"number": 1,
				"unit": "action"
			},
			"level": 6,
			"featType": {
				"archetype": [
					"Ghost Eater"
				]
			},
			"traits": [
				"archetype"
			],
			"prerequisites": "{@feat Ghost Eater Dedication|FRP1}",
			"entries": [
				"You call forth positive energy from within to help you destroy undead. Your weapon and unarmed {@action Strike||Strikes} gain the effects of a disrupting property rune until the start of your next turn.",
				"If you're 14th level or higher, your {@action Strike||Strikes} instead gain the effects of a greater disrupting property rune. The DC for the rune's effect is equal to your class DC or spell DC, whichever is higher."
			]
		},
		{
			"name": "Entwined Energy Ki",
			"source": "FRP1",
			"page": 74,
			"level": 10,
			"traits": [
				"uncommon",
				"monk"
			],
			"entries": [
				"You can transform your inner power into a type of energy to empower your ki abilities. When you gain this feat, choose either acid, cold, electricity, fire, or sonic damage. When you cast {@spell ki blast} (Core Rulebook 401), you can choose to have the spell deal the type of damage you chose instead of force damage. When you cast {@spell ki form|APG} or {@spell ki strike}, add the type of damage you chose to the list of damage types you can select for the spell."
			],
			"special": [
				"At the GM's discretion, this feat can alter other ki spells."
			]
		},
		{
			"name": "Ghost Eater Dedication",
			"source": "FRP1",
			"page": 79,
			"level": 2,
			"featType": {
				"archetype": [
					"Ghost Eater"
				]
			},
			"traits": [
				"uncommon",
				"archetype",
				"dedication"
			],
			"prerequisites": "trained in {@skill Occultism} or {@skill Religion}",
			"entries": [
				"You have trained as a ghost eater, a hunter specialized in the destruction of spirits. You know how to channel your own spiritual energy to harm spirits. Your weapon and unarmed attack {@action Strike||Strikes} become magical. Against incorporeal creatures, they also gain the effects of a ghost touch property rune."
			],
			"special": [
				"You cannot select another dedication feat until you have gained two other feats from this archetype."
			],
			"leadsTo": [
				"Cross The Threshold|FRP1",
				"Disrupting Strikes|FRP1",
				"Reach Beyond|FRP1"
			]
		},
		{
			"name": "Innocent Butterfly",
			"source": "FRP1",
			"page": 78,
			"level": 14,
			"featType": {
				"archetype": [
					"Butterfly Blade"
				]
			},
			"traits": [
				"archetype"
			],
			"prerequisites": "{@feat Butterfly Blade Dedication|FRP1}",
			"entries": [
				"You know how to alter the perceptions of others. You can cast {@spell aura of the unremarkable|frp1} once per day as an innate arcane spell. The spell uses your class DC or spell DC, whichever is higher."
			]
		},
		{
			"name": "Mastermind's Eye",
			"source": "FRP1",
			"page": 78,
			"level": 6,
			"featType": {
				"archetype": [
					"Butterfly Blade"
				]
			},
			"traits": [
				"archetype"
			],
			"prerequisites": "{@feat Butterfly Blade Dedication|FRP1}",
			"entries": [
				"When you succeed at identifying a creature using {@action Recall Knowledge}, that creature is {@condition flat-footed} against your attacks until the start of your next turn; if you critically succeed, it's {@condition flat-footed} against your attacks for 1 minute. This feat serves as the {@class rogue||rogue's} {@class rogue||mastermind racket|mastermind|apg} for the purpose of meeting prerequisites."
			]
		},
		{
			"name": "Reach Beyond",
			"source": "FRP1",
			"page": 79,
			"level": 4,
			"featType": {
				"archetype": [
					"Ghost Eater"
				]
			},
			"traits": [
				"archetype"
			],
			"prerequisites": "{@feat Ghost Eater Dedication|FRP1}",
			"entries": [
				"You've learned to move your spiritual energy past yourself to attack spirits where others can't. You can make melee {@action Strike||Strikes} against incorporeal creatures that are inside solid objects as long as the object is within your reach. An incorporeal creature inside of a solid object is {@condition hidden}, requiring you to succeed at a DC {@flatDC 11} flat check when you target it. You can spend an action, which has the {@trait concentrate} trait, to focus on a creature inside of a solid object. If you do, the next melee {@action Strike} you make this turn requires you to succeed at only a DC {@flatDC 6} flat check to affect the creature."
			]
		},
		{
			"name": "Syu Tak-nwa's Deadly Hair",
			"source": "FRP1",
			"page": 74,
			"level": 6,
			"traits": [
				"uncommon",
				"witch"
			],
			"prerequisites": "{@feat Living Hair|APG}",
			"entries": [
				"Your hair unarmed attack deals {@damage 1d6} bludgeoning damage and gains the {@trait grapple} trait."
			]
		},
		{
			"name": "Syu Tak-nwa's Hexed Locks",
			"source": "FRP1",
			"page": 74,
			"level": 8,
			"traits": [
				"uncommon",
				"witch"
			],
			"prerequisites": "{@feat Living Hair|APG}",
			"entries": [
				"Your hair unarmed attack gains the {@trait reach} trait. You can deliver hexes through your hair.",
				"When you successfully cast a hex focus spell that requires 2 or more actions to cast and that doesn't require a spell attack roll, if your target is within your reach, as part of the spellcasting activity you can make a hair {@action Strike} against the foe before applying {@trait any} effects of the hex. If this {@action Strike} misses, the hex has no effect."
			]
		},
		{
			"name": "Syu Tak-nwa's Skillful Tresses",
			"source": "FRP1",
			"page": 74,
			"level": 4,
			"traits": [
				"uncommon",
				"witch"
			],
			"prerequisites": "{@feat Living Hair|APG}",
			"entries": [
				"You can expertly control your living hair and use it to perform various tasks. You can perform simple {@action Interact} actions with your hair such as opening an unlocked door or picking up objects. Your hair can't perform actions that require fingers or significant manual dexterity, including any action that would require a check to accomplish. Your hair can hold items of up to 1 Bulk, but can't Activate or attack with any items it's holding."
			]
		},
		{
			"name": "Wronged Monk's Wrath",
			"source": "FRP1",
			"page": 74,
			"level": 10,
			"traits": [
				"uncommon",
				"monk"
			],
			"prerequisites": "ki spells",
			"entries": [
				"You gain the {@spell wronged monk's wrath|frp1} ki spell.",
				"Increase the number of Focus Points in your focus pool by 1."
			]
		}
	]
}
