{
	"creatureFluff": [
		{
			"images": [
				"https://2e.aonprd.com/Images/Monsters/Zrukbat.png"
			],
			"source": "AoE1",
			"name": "Zrukbat",
			"entries": []
		},
		{
			"images": [
				"https://2e.aonprd.com/Images/Monsters/SiegeShard.png"
			],
			"source": "AoE1",
			"name": "Siege Shard",
			"entries": []
		},
		{
			"images": [
				"https://2e.aonprd.com/Images/Monsters/Cobbleswarm.png"
			],
			"source": "AoE1",
			"name": "Cobbleswarm",
			"entries": []
		},
		{
			"images": [
				"https://2e.aonprd.com/Images/Monsters/Binumir.png"
			],
			"source": "AoE1",
			"name": "Binumir",
			"entries": []
		}
	]
}
