{
	"_meta": {
		"dependencies": {
			"creature": [
				"B1"
			]
		},
		"internalCopies": [
			"creature"
		],
		"otherSources": {
			"creature": {
				"B1": "TiO"
			}
		}
	},
	"creature": [
		{
			"name": "Basilisk",
			"isNpc": false,
			"source": "TiO",
			"page": 26,
			"level": 5,
			"traits": [
				"n",
				"medium",
				"beast"
			],
			"perception": {
				"std": 11
			},
			"senses": [
				{
					"name": "darkvision"
				}
			],
			"skills": {
				"athletics": {
					"std": 13
				},
				"stealth": {
					"std": 8
				}
			},
			"abilityMods": {
				"str": 4,
				"dex": -1,
				"con": 5,
				"int": -3,
				"wis": 2,
				"cha": 1
			},
			"speed": {
				"walk": 20
			},
			"attacks": [],
			"abilities": {
				"mid": [
					{
						"activity": {
							"number": 1,
							"unit": "reaction"
						},
						"traits": [
							"arcane",
							"transmutation"
						],
						"entries": [
							"When a creature the basilisk can see within 30 feet starts its turn, the basilisk can use its reaction to glance at the creature. The creature must attempt a DC 20 Fortitude save. If it fails, it gains the {@condition slowed|CRB|slowed 1} condition for 1 minute as its body slowly stiffens."
						],
						"name": "Petrifying Glance"
					}
				],
				"bot": [
					{
						"activity": {
							"number": 2,
							"unit": "action"
						},
						"traits": [
							"arcane",
							"concentrate",
							"transmutation"
						],
						"entries": [
							"The basilisk stares at a creature it can see within 30 feet.",
							"If the creature can see the basilisk, that creature must attempt a DC 22 Fortitude save. If it fails and hasn't already gained the {@condition slowed} condition from Petrifying Glance or this ability, it gains the {@condition slowed|CRB|slowed 1} condition.",
							"If the creature fails this save when it already had the {@condition slowed} condition from this ability or Petrifying Glance, the creature is permanently turned to stone.",
							"A creature {@condition petrified} in this manner that's coated (not just splashed) with fresh basilisk blood (taken from a basilisk that has been dead for no longer than 1 hour) is instantly restored to flesh. A single basilisk contains enough blood to coat 2 creatures in this manner."
						],
						"name": "Petrifying Gaze"
					}
				]
			},
			"defenses": {
				"ac": {
					"std": 22
				},
				"savingThrows": {
					"fort": {
						"std": 14
					},
					"ref": {
						"std": 8
					},
					"will": {
						"std": 11
					}
				},
				"hp": [
					{
						"hp": 75,
						"abilities": null
					}
				]
			}
		},
		{
			"name": "Boar",
			"isNpc": false,
			"source": "TiO",
			"page": 8,
			"level": 2,
			"traits": [
				"n",
				"medium",
				"animal"
			],
			"perception": {
				"std": 8
			},
			"senses": [
				{
					"name": "low-light vision"
				}
			],
			"skills": {
				"acrobatics": {
					"std": 5
				},
				"athletics": {
					"std": 8
				},
				"survival": {
					"std": 8
				}
			},
			"abilityMods": {
				"str": 4,
				"dex": 1,
				"con": 4,
				"int": -4,
				"wis": 2,
				"cha": -3
			},
			"speed": {
				"walk": 40
			},
			"attacks": [],
			"abilities": {
				"mid": [
					{
						"activity": {
							"number": 1,
							"unit": "reaction"
						},
						"entries": [
							"When the boar is reduced to 0 Hit Points, it can use its reaction to remain conscious with 1 Hit Point, but it gains the {@condition wounded|CRB|wounded 1} condition (or increases the {@condition wounded} value by 1 if it already has that condition). It can't use this ability at {@condition wounded|CRB|wounded 3}."
						],
						"name": "Ferocity",
						"generic": {
							"tag": "ability"
						}
					}
				],
				"bot": [
					{
						"activity": {
							"number": 2,
							"unit": "action"
						},
						"entries": [
							"The boar {@action Stride||Strides} twice and then makes a tusk {@action Strike}. As long as it moved at least 20 feet, it gains a +2 circumstance bonus to its attack roll."
						],
						"name": "Boar Charge"
					}
				]
			},
			"defenses": {
				"ac": {
					"std": 18
				},
				"savingThrows": {
					"fort": {
						"std": 10
					},
					"ref": {
						"std": 5
					},
					"will": {
						"std": 8
					}
				},
				"hp": [
					{
						"hp": 30,
						"abilities": null
					}
				]
			}
		},
		{
			"name": "Brimstone Rat",
			"isNpc": false,
			"source": "TiO",
			"page": 37,
			"level": -1,
			"traits": [
				"n",
				"small",
				"animal"
			],
			"perception": {
				"std": 5
			},
			"senses": [
				{
					"name": "low-light vision"
				}
			],
			"skills": {
				"acrobatics": {
					"std": 5
				},
				"athletics": {
					"std": 2,
					"to Climb or Swim": 4
				},
				"stealth": {
					"std": 5
				}
			},
			"abilityMods": {
				"str": 1,
				"dex": 3,
				"con": 2,
				"int": -4,
				"wis": 1,
				"cha": -3
			},
			"speed": {
				"walk": 30,
				"or climb": 10
			},
			"attacks": [],
			"abilities": {
				"top": [
					{
						"entries": [
							"+5 Str +1, Dex +3, Con +2, Int \u20134, Wis +1, Cha \u20133."
						],
						"name": "Stealth"
					}
				]
			},
			"defenses": {
				"ac": {
					"std": 15
				},
				"savingThrows": {
					"fort": {
						"std": 6
					},
					"ref": {
						"std": 7
					},
					"will": {
						"std": 3
					}
				},
				"hp": [
					{
						"hp": 8,
						"abilities": null
					}
				]
			}
		},
		{
			"name": "Bugbear Marauder",
			"isNpc": false,
			"source": "TiO",
			"page": 30,
			"level": 2,
			"traits": [
				"ne",
				"medium",
				"goblin",
				"humanoid"
			],
			"perception": {
				"std": 7
			},
			"senses": [
				{
					"name": "darkvision"
				}
			],
			"skills": {
				"acrobatics": {
					"std": 6
				},
				"athletics": {
					"std": 7
				},
				"intimidation": {
					"std": 4
				},
				"stealth": {
					"std": 6
				}
			},
			"abilityMods": {
				"str": 4,
				"dex": 2,
				"con": 3,
				"int": -1,
				"wis": 1,
				"cha": 0
			},
			"items": [
				"javelin (3)",
				"leather armor",
				"longsword"
			],
			"speed": {
				"walk": 25
			},
			"attacks": [],
			"abilities": {
				"bot": [
					{
						"activity": {
							"number": 1,
							"unit": "action"
						},
						"entries": [
							"The bugbear marauder {@action Stride||Strides} up to 10 feet and attempts to {@action Grapple} a creature that can't see them and doesn't know where they are. If the bugbear succeeds, they also deal fist damage to that creature."
						],
						"name": "Bushwhack"
					},
					{
						"entries": [
							"The bugbear marauder gains a +3 circumstance bonus to damage rolls against creatures they have {@condition grabbed}."
						],
						"name": "Mauler"
					}
				]
			},
			"defenses": {
				"ac": {
					"std": 17
				},
				"savingThrows": {
					"fort": {
						"std": 9
					},
					"ref": {
						"std": 8
					},
					"will": {
						"std": 5
					}
				},
				"hp": [
					{
						"hp": 34,
						"abilities": null
					}
				]
			}
		},
		{
			"name": "Crocodile",
			"isNpc": false,
			"source": "TiO",
			"page": 11,
			"level": 2,
			"traits": [
				"n",
				"large",
				"animal"
			],
			"perception": {
				"std": 7
			},
			"senses": [
				{
					"name": "low-light vision"
				}
			],
			"skills": {
				"athletics": {
					"std": 8
				},
				"stealth": {
					"std": 7,
					"in water": 11
				}
			},
			"abilityMods": {
				"str": 4,
				"dex": 1,
				"con": 3,
				"int": -5,
				"wis": 1,
				"cha": -4
			},
			"speed": {
				"walk": 20,
				"or swim": 25
			},
			"attacks": [
				{
					"range": "Melee",
					"name": "jaws",
					"attack": 10,
					"effects": [
						"Grab"
					],
					"damage": "{@damage 1d10+4} piercing plus Grab",
					"types": [
						"piercing"
					]
				},
				{
					"range": "Melee",
					"name": "tail",
					"attack": 10,
					"traits": [
						"agile"
					],
					"effects": [],
					"damage": "{@damage 1d6+4} bludgeoning",
					"types": [
						"bludgeoning"
					]
				}
			],
			"abilities": {
				"top": [
					{
						"entries": [
							"The crocodile can hold its breath for about 2 hours."
						],
						"name": "Deep Breath"
					}
				],
				"bot": [
					{
						"activity": {
							"number": 1,
							"unit": "action"
						},
						"entries": [
							"When hiding in water, the crocodile can move up to 35 feet, traveling on water and land, up to a creature that doesn't see it and doesn't know where it is and make a {@action Strike} against that creature. The creature is {@condition flat-footed} against the attack."
						],
						"name": "Aquatic Ambush",
						"generic": {
							"tag": "ability"
						}
					},
					{
						"activity": {
							"number": 1,
							"unit": "action"
						},
						"traits": [
							"attack"
						],
						"entries": [
							"The crocodile tucks its legs and rolls rapidly, twisting its victim. It makes a jaws {@action Strike} with a +2 circumstance bonus to the attack roll against a creature it has {@condition grabbed}. If it hits, it also knocks the creature {@condition prone}. If it fails, it releases the creature."
						],
						"name": "Death Roll"
					},
					{
						"activity": {
							"number": 1,
							"unit": "action"
						},
						"entries": [
							"After succeeding at a jaws {@action Strike}, the crocodile can use this action to automatically give the target the {@condition grabbed} condition until the end of the crocodile's next turn."
						],
						"name": "Grab",
						"generic": {
							"tag": "ability"
						}
					}
				]
			},
			"defenses": {
				"ac": {
					"std": 18
				},
				"savingThrows": {
					"fort": {
						"std": 9
					},
					"ref": {
						"std": 7
					},
					"will": {
						"std": 5
					}
				},
				"hp": [
					{
						"hp": 30,
						"abilities": null
					}
				]
			}
		},
		{
			"name": "Gargoyle Guardian",
			"isNpc": false,
			"source": "TiO",
			"page": 35,
			"level": 4,
			"traits": [
				"ce",
				"medium",
				"beast",
				"earth"
			],
			"perception": {
				"std": 10
			},
			"senses": [
				{
					"name": "darkvision"
				}
			],
			"skills": {
				"acrobatics": {
					"std": 10
				},
				"athletics": {
					"std": 9
				},
				"stealth": {
					"std": 12
				}
			},
			"abilityMods": {
				"str": 3,
				"dex": 2,
				"con": 3,
				"int": -2,
				"wis": 2,
				"cha": -2
			},
			"speed": {
				"walk": 25,
				"fly": 40
			},
			"attacks": [],
			"abilities": {
				"mid": [
					{
						"activity": {
							"number": 1,
							"unit": "reaction"
						},
						"entries": [
							"If Grimstone is flying and a creature moves into an adjacent square below it, she can use her reaction to make a claw {@action Strike} against that creature."
						],
						"name": "Clawed Feet"
					}
				],
				"bot": [
					{
						"activity": {
							"number": 1,
							"unit": "action"
						},
						"traits": [
							"concentrate"
						],
						"entries": [
							"Until the next time Grimstone uses an action, she appears to be a statue. A creature must succeed at a DC 32 {@skill Perception} check to figure out that the statue is really a creature."
						],
						"name": "Statue"
					}
				]
			},
			"defenses": {
				"ac": {
					"std": 21
				},
				"savingThrows": {
					"fort": {
						"std": 13
					},
					"ref": {
						"std": 10
					},
					"will": {
						"std": 10
					}
				},
				"hp": [
					{
						"hp": 40,
						"abilities": null
					}
				],
				"resistances": [
					{
						"amount": 5,
						"name": "bludgeoning"
					},
					{
						"amount": 5,
						"name": "piercing"
					},
					{
						"amount": 5,
						"name": "slashing"
					}
				]
			}
		},
		{
			"name": "Ghost Commoner",
			"isNpc": false,
			"source": "TiO",
			"page": 20,
			"level": 4,
			"traits": [
				"n",
				"medium",
				"ghost",
				"incorporeal",
				"spirit",
				"undead"
			],
			"perception": {
				"std": 10
			},
			"senses": [
				{
					"name": "darkvision"
				}
			],
			"skills": {
				"dwelling lore": {
					"std": 10
				}
			},
			"abilityMods": {
				"str": -5,
				"dex": 3,
				"con": 0,
				"int": 0,
				"wis": 2,
				"cha": 2
			},
			"speed": {
				"fly": 25
			},
			"attacks": [],
			"abilities": {
				"top": [
					{
						"entries": [
							"Finley can stray only a short distance from where they were killed or the place they haunt. A typical limit is 120 feet."
						],
						"name": "Site Bound Blue"
					}
				],
				"mid": [
					{
						"entries": [
							"A ghost has no body and can pass through physical objects, though it can't end its turn inside one.",
							"Most checks that use Strength and require a body, such as {@action Grapple} and {@action Shove}, don't work against a ghost, and a ghost can't use them against other creatures."
						],
						"name": "Incorporeal"
					},
					{
						"traits": [
							"divine",
							"necromancy"
						],
						"entries": [
							"Setting right the injustice that led to Finley's death (as described in Putting Finley to Rest, below) allows them to move on to the afterlife. Otherwise, when the ghost is destroyed, they re-form, fully healed, after {@dice 2d4} days at the location to which they're bound."
						],
						"name": "Rejuvenation"
					}
				],
				"bot": [
					{
						"activity": {
							"number": 2,
							"unit": "action"
						},
						"traits": [
							"divine",
							"enchantment",
							"fear",
							"mental"
						],
						"entries": [
							"The ghost loudly laments their fate. Each living creature within 30 feet who hears them must attempt a DC 21 Will save. On a failure, a creature gains the {@condition frightened|CRB|frightened 2} condition (or {@condition frightened|CRB|frightened 3} on a critical failure). On a success, a creature can't be affected by this ghost's Frightful Moan for 1 minute."
						],
						"name": "Frightful Moan"
					}
				]
			},
			"defenses": {
				"ac": {
					"std": 20
				},
				"savingThrows": {
					"fort": {
						"std": 8
					},
					"ref": {
						"std": 11
					},
					"will": {
						"std": 8
					}
				},
				"hp": [
					{
						"hp": 30,
						"abilities": [
							"rejuvenation"
						]
					}
				],
				"immunities": [
					"poison",
					"sneak attack"
				],
				"resistances": [
					{
						"amount": 5,
						"name": "all damage"
					}
				]
			}
		},
		{
			"name": "Giant Centipede",
			"isNpc": false,
			"source": "TiO",
			"page": 12,
			"level": -1,
			"traits": [
				"n",
				"medium",
				"animal"
			],
			"perception": {
				"std": 6
			},
			"senses": [
				{
					"name": "darkvision"
				}
			],
			"skills": {
				"acrobatics": {
					"std": 6
				},
				"athletics": {
					"std": 2
				},
				"stealth": {
					"std": 6
				}
			},
			"abilityMods": {
				"str": -1,
				"dex": 3,
				"con": 1,
				"int": -5,
				"wis": 1,
				"cha": -4
			},
			"speed": {
				"walk": 30,
				"climb": 30
			},
			"attacks": [],
			"abilities": {
				"bot": [
					{
						"traits": [
							"poison"
						],
						"entries": [
							"A target that takes damage from the centipede's mandibles {@action Strike} must succeed at a DC 14 Fortitude save or take {@damage 1d10} poison damage."
						],
						"name": "Giant Centipede Venom"
					}
				]
			},
			"defenses": {
				"ac": {
					"std": 15
				},
				"savingThrows": {
					"fort": {
						"std": 7
					},
					"ref": {
						"std": 6
					},
					"will": {
						"std": 2
					}
				},
				"hp": [
					{
						"hp": 8,
						"abilities": null
					}
				]
			}
		},
		{
			"name": "Giant Rat",
			"isNpc": false,
			"source": "TiO",
			"page": 14,
			"level": -1,
			"traits": [
				"n",
				"small",
				"animal"
			],
			"perception": {
				"std": 5
			},
			"senses": [
				{
					"name": "low-light vision"
				}
			],
			"skills": {
				"acrobatics": {
					"std": 5
				},
				"athletics": {
					"std": 2,
					"to Climb or Swim": 4
				},
				"stealth": {
					"std": 5
				}
			},
			"abilityMods": {
				"str": 1,
				"dex": 3,
				"con": 2,
				"int": -4,
				"wis": 1,
				"cha": -3
			},
			"speed": {
				"walk": 30,
				"climb": 10
			},
			"attacks": [],
			"abilities": {
				"top": [
					{
						"entries": [
							"+5 Str +1, Dex +3, Con +2, Int \u20134, Wis +1, Cha \u20133."
						],
						"name": "Stealth"
					}
				]
			},
			"defenses": {
				"ac": {
					"std": 15
				},
				"savingThrows": {
					"fort": {
						"std": 6
					},
					"ref": {
						"std": 7
					},
					"will": {
						"std": 3
					}
				},
				"hp": [
					{
						"hp": 8,
						"abilities": null
					}
				]
			}
		},
		{
			"name": "Giant Spider",
			"isNpc": false,
			"source": "TiO",
			"page": 16,
			"level": 1,
			"traits": [
				"n",
				"medium",
				"animal"
			],
			"perception": {
				"std": 7
			},
			"senses": [
				{
					"name": "darkvision"
				}
			],
			"skills": {
				"acrobatics": {
					"std": 7
				},
				"athletics": {
					"std": 5
				},
				"stealth": {
					"std": 7
				}
			},
			"abilityMods": {
				"str": 2,
				"dex": 4,
				"con": 1,
				"int": -5,
				"wis": 2,
				"cha": -4
			},
			"speed": {
				"walk": 25,
				"climb": 25
			},
			"attacks": [],
			"defenses": {
				"ac": {
					"std": 17
				},
				"savingThrows": {
					"fort": {
						"std": 6
					},
					"ref": {
						"std": 9
					},
					"will": {
						"std": 5
					}
				},
				"hp": [
					{
						"hp": 16,
						"abilities": null
					}
				]
			}
		},
		{
			"name": "Hargrit Leadbuster",
			"isNpc": false,
			"source": "TiO",
			"page": 36,
			"level": 4,
			"traits": [
				"unique",
				"le",
				"medium",
				"dwarf",
				"humanoid"
			],
			"perception": {
				"std": 16
			},
			"senses": [
				{
					"name": "darkvision"
				}
			],
			"skills": {
				"athletics": {
					"std": 10
				},
				"diplomacy": {
					"std": 12,
					"against devils": 14
				},
				"intimidation": {
					"std": 10
				},
				"religion": {
					"std": 10
				}
			},
			"abilityMods": {
				"str": 2,
				"dex": 0,
				"con": 3,
				"int": 0,
				"wis": 4,
				"cha": 2
			},
			"speed": {
				"walk": 20
			},
			"attacks": [],
			"abilities": {
				"top": [
					{
						"entries": [
							"+10, {@skill Intimidation} +10, {@skill Religion} +10 Str +2, Dex +0, Con +3, Int +0, Wis +4, Cha +2 Items area map (showing Maunder Castle, the logging camp, logger movements, and plans of attack), +1 dagger, half plate, religious symbol of {@deity Asmodeus}, scroll of magic weapon."
						],
						"name": "Fiend Lore"
					}
				],
				"bot": [
					{
						"entries": [
							"Hargrit can cast these cleric spells (spell DC 21, spell attack +13). 2nd Level {@spell dispel magic} (×2), heal (×2), resist energy, see invisibility; 1st Level {@spell burning hands}, command, fear; Cantrips (2nd Level) daze, light, message, sigil."
						],
						"name": "Spells"
					},
					{
						"entries": [
							"Hargrit ignores the reduction to his Speed from armor and deducts 5 feet from any one penalty to his Speed (such as from a spell)."
						],
						"name": "Unburdened Iron"
					}
				]
			},
			"defenses": {
				"ac": {
					"std": 20
				},
				"savingThrows": {
					"fort": {
						"std": 11
					},
					"ref": {
						"std": 8
					},
					"will": {
						"std": 14
					}
				},
				"hp": [
					{
						"hp": 65,
						"abilities": null
					}
				]
			}
		},
		{
			"name": "Harpies",
			"isNpc": false,
			"source": "TiO",
			"page": 48,
			"level": 5,
			"traits": [
				"ce",
				"medium",
				"humanoid"
			],
			"perception": {
				"std": 12
			},
			"senses": [
				{
					"name": "darkvision"
				}
			],
			"skills": {
				"acrobatics": {
					"std": 13
				},
				"deception": {
					"std": 13
				},
				"intimidation": {
					"std": 11
				},
				"performance": {
					"std": 14,
					"singing": 16
				}
			},
			"abilityMods": {
				"str": 1,
				"dex": 4,
				"con": 0,
				"int": -1,
				"wis": 1,
				"cha": 4
			},
			"items": [
				"club"
			],
			"speed": {
				"walk": 20,
				"fly": 60
			},
			"attacks": [],
			"abilities": {
				"bot": [
					{
						"activity": {
							"number": 1,
							"unit": "action"
						},
						"traits": [
							"concentrate",
							"enchantment",
							"mental",
							"primal"
						],
						"entries": [
							"The harpy cries out an eerie, compelling melody.",
							"Each non-harpy creature within 300 feet that can hear the song must attempt a DC 21 Will save. On a failure, the creature becomes captivated and must spend each of its actions to move closer to the harpy as expediently as possible while avoiding obvious dangers. If a captivated creature is adjacent to the harpy, it stays still and doesn't act. If attacked by the harpy, the creature is freed from captivation at the end of the harpy's turn.",
							"The effect lasts for 1 round, but if the harpy uses this ability again on subsequent rounds, they extend the duration by 1 round for all affected creatures. Once a creature succeeds at any save against Captivating Song, that creature is temporarily immune to Captivating Songs for 24 hours."
						],
						"name": "Captivating Song"
					}
				]
			},
			"defenses": {
				"ac": {
					"std": 22
				},
				"savingThrows": {
					"fort": {
						"std": 9
					},
					"ref": {
						"std": 15
					},
					"will": {
						"std": 12
					}
				},
				"hp": [
					{
						"hp": 68,
						"abilities": null
					}
				]
			}
		},
		{
			"name": "Hell Hound",
			"isNpc": false,
			"source": "TiO",
			"page": 24,
			"level": 3,
			"traits": [
				"le",
				"medium",
				"beast",
				"fiend",
				"fire"
			],
			"perception": {
				"std": 9
			},
			"senses": [
				{
					"name": "darkvision"
				}
			],
			"skills": {
				"acrobatics": {
					"std": 8
				},
				"athletics": {
					"std": 9
				},
				"stealth": {
					"std": 8
				},
				"survival": {
					"std": 9,
					"to Track": 11
				}
			},
			"abilityMods": {
				"str": 4,
				"dex": 3,
				"con": 2,
				"int": -2,
				"wis": 2,
				"cha": -2
			},
			"speed": {
				"walk": 40
			},
			"attacks": [],
			"abilities": {
				"bot": [
					{
						"activity": {
							"number": 1,
							"unit": "action"
						},
						"traits": [
							"divine",
							"evocation",
							"fire"
						],
						"entries": [
							"The hell hound breathes flames that deal {@damage 4d6} fire damage to all creatures in a 15-foot cone. Each affected creature must attempt a DC 19 basic Reflex save. The hell hound can't use Breath Weapon again for {@dice 1d4} rounds. If the hell hound would take fire damage or is the target of a {@trait fire} effect, its Breath Weapon recharges."
						],
						"name": "Breath Weapon"
					},
					{
						"entries": [
							"The hell hound's evil damage harms only good characters."
						],
						"name": "Evil Damage"
					}
				]
			},
			"defenses": {
				"ac": {
					"std": 19
				},
				"savingThrows": {
					"fort": {
						"std": 9
					},
					"ref": {
						"std": 10
					},
					"will": {
						"std": 7
					}
				},
				"hp": [
					{
						"hp": 40,
						"abilities": null
					}
				],
				"immunities": [
					"fire"
				]
			}
		},
		{
			"name": "Karstin Star-Hand, Shadow",
			"isNpc": false,
			"source": "TiO",
			"page": 29,
			"_copy": {
				"name": "Shadow",
				"source": "B1",
				"_mod": {
					"abilities.mid": [
						{
							"mode": "insertArr",
							"items": {
								"entries": [
									"A shadow has no body and can pass through physical objects, though it can't end its turn inside an object. Most checks that use Strength and require a body, such as {@action Grapple} and {@action Shove}, don't work against a shadow, and a shadow can't use them against other creatures."
								],
								"name": "Incorporeal"
							}
						}
					],
					"abilities.bot": {
						"mode": "removeArr",
						"names": "Shadow Spawn"
					}
				}
			},
			"traits": []
		},
		{
			"name": "Kobold Dragon Mage",
			"isNpc": false,
			"source": "TiO",
			"page": 26,
			"level": 2,
			"traits": [
				"le",
				"small",
				"humanoid",
				"kobold"
			],
			"perception": {
				"std": 5
			},
			"senses": [
				{
					"name": "darkvision"
				}
			],
			"skills": {
				"arcana": {
					"std": 6
				},
				"deception": {
					"std": 8
				},
				"diplomacy": {
					"std": 8
				},
				"intimidation": {
					"std": 8
				},
				"stealth": {
					"std": 7
				}
			},
			"abilityMods": {
				"str": -1,
				"dex": 3,
				"con": 0,
				"int": 2,
				"wis": 1,
				"cha": 4
			},
			"items": [
				"staff"
			],
			"speed": {
				"walk": 25
			},
			"attacks": [],
			"abilities": {
				"mid": [
					{
						"entries": [
							"A kobold dragon mage's resistance depends on the color of its scales: Black acid 5, Blue electricity 5, Green poison 5, Red fire 5, White cold 5."
						],
						"name": "Dragonscaled"
					}
				],
				"bot": [
					{
						"entries": [
							"The dragon mage can cast these wizard spells (spell DC 20, attack +12). 1st Level {@spell fear}, magic missile (×3); Cantrips detect magic, ghost sound, mage hand, ray of frost."
						],
						"name": "Spells"
					},
					{
						"entries": [
							"The dragon mage deals an extra {@dice 1d6} damage to creatures that have the {@condition flat-footed} condition."
						],
						"name": "Sneak Attack",
						"generic": {
							"tag": "ability"
						}
					}
				]
			},
			"defenses": {
				"ac": {
					"std": 17
				},
				"savingThrows": {
					"fort": {
						"std": 4
					},
					"ref": {
						"std": 7
					},
					"will": {
						"std": 7
					}
				},
				"hp": [
					{
						"hp": 25,
						"abilities": null
					}
				],
				"resistances": [
					{
						"amount": 5,
						"name": "poison",
						"note": "(see dragonscaled)"
					}
				]
			}
		},
		{
			"name": "Kobold Scout",
			"isNpc": false,
			"source": "TiO",
			"page": 26,
			"level": 1,
			"traits": [
				"le",
				"small",
				"humanoid",
				"kobold"
			],
			"perception": {
				"std": 8
			},
			"senses": [
				{
					"name": "darkvision"
				}
			],
			"skills": {
				"acrobatics": {
					"std": 7
				},
				"crafting": {
					"std": 3
				},
				"nature": {
					"std": 6
				},
				"stealth": {
					"std": 7
				},
				"survival": {
					"std": 6
				}
			},
			"abilityMods": {
				"str": 0,
				"dex": 4,
				"con": 1,
				"int": 0,
				"wis": 3,
				"cha": 1
			},
			"items": [
				"crossbow (20 bolts)",
				"leather armor",
				"shortsword"
			],
			"speed": {
				"walk": 25
			},
			"attacks": [],
			"abilities": {
				"top": [
					{
						"entries": [
							"+6 Str +0, Dex +4, Con +1, Int +0, Wis +3, Cha +1 Items crossbow (20 bolts), leather armor, shortsword."
						],
						"name": "Survival"
					}
				],
				"bot": [
					{
						"activity": {
							"number": 1,
							"unit": "action"
						},
						"entries": [
							"If the kobold is adjacent to at least one enemy, the kobold {@action Stride||Strides} up to 30 feet and gains a +2 circumstance bonus to AC against reactions triggered by this movement. It must end this movement in a space that's not adjacent to any enemy."
						],
						"name": "Hurried Retreat"
					},
					{
						"entries": [
							"The kobold scout deals an extra {@dice 1d6} damage to creatures that have the {@condition flat-footed} condition."
						],
						"name": "Sneak Attack",
						"generic": {
							"tag": "ability"
						}
					}
				]
			},
			"defenses": {
				"ac": {
					"std": 18
				},
				"savingThrows": {
					"fort": {
						"std": 5
					},
					"ref": {
						"std": 9
					},
					"will": {
						"std": 6
					}
				},
				"hp": [
					{
						"hp": 16,
						"abilities": null
					}
				]
			}
		},
		{
			"name": "Kobold Scout",
			"isNpc": false,
			"source": "TiO",
			"page": 45,
			"level": 1,
			"traits": [
				"le",
				"small",
				"humanoid",
				"kobold"
			],
			"perception": {
				"std": 8
			},
			"senses": [
				{
					"name": "darkvision"
				}
			],
			"skills": {
				"acrobatics": {
					"std": 7
				},
				"crafting": {
					"std": 3
				},
				"nature": {
					"std": 6
				},
				"stealth": {
					"std": 7
				},
				"survival": {
					"std": 6
				}
			},
			"abilityMods": {
				"str": 0,
				"dex": 4,
				"con": 1,
				"int": 0,
				"wis": 3,
				"cha": 1
			},
			"items": [
				"crossbow (20 bolts)",
				"leather armor",
				"shortsword"
			],
			"speed": {
				"walk": 25
			},
			"attacks": [],
			"abilities": {
				"top": [
					{
						"entries": [
							"+6 Str +0, Dex +4, Con +1, Int +0, Wis +3, Cha +1 Items crossbow (20 bolts), leather armor, shortsword."
						],
						"name": "Survival"
					}
				],
				"bot": [
					{
						"activity": {
							"number": 1,
							"unit": "action"
						},
						"entries": [
							"If the kobold is adjacent to at least one enemy, the kobold {@action Stride||Strides} up to 30 feet and gains a +2 circumstance bonus to AC against reactions triggered by this movement. The kobold must end this movement in a space that's not adjacent to any enemy."
						],
						"name": "Hurried Retreat"
					},
					{
						"entries": [
							"The kobold scout deals an extra {@dice 1d6} damage to creatures that have the {@condition flat-footed} condition."
						],
						"name": "Sneak Attack",
						"generic": {
							"tag": "ability"
						}
					}
				]
			},
			"defenses": {
				"ac": {
					"std": 18
				},
				"savingThrows": {
					"fort": {
						"std": 5
					},
					"ref": {
						"std": 9
					},
					"will": {
						"std": 6
					}
				},
				"hp": [
					{
						"hp": 16,
						"abilities": null
					}
				]
			}
		},
		{
			"name": "Kobold Trapmaster",
			"isNpc": false,
			"source": "TiO",
			"page": 45,
			"level": 2,
			"traits": [
				"le",
				"small",
				"humanoid",
				"kobold"
			],
			"perception": {
				"std": 6
			},
			"senses": [
				{
					"name": "darkvision"
				}
			],
			"skills": {
				"acrobatics": {
					"std": 7
				},
				"crafting": {
					"std": 8
				}
			},
			"abilityMods": {
				"str": 2,
				"dex": 4,
				"con": 1,
				"int": 4,
				"wis": 3,
				"cha": 1
			},
			"items": [
				"leather armor",
				"shortsword",
				"spear (3)",
				"spike trap (3)"
			],
			"speed": {
				"walk": 25
			},
			"attacks": [],
			"abilities": {
				"bot": [
					{
						"activity": {
							"number": 1,
							"unit": "action"
						},
						"entries": [
							"If the kobold is adjacent to at least one enemy, the kobold {@action Stride||Strides} up to 30 feet and gains a +2 circumstance bonus to AC against reactions triggered by this movement. The kobold must end this movement in a space that's not adjacent to an enemy."
						],
						"name": "Hurried Retreat"
					},
					{
						"entries": [
							"The kobold trapmaster deals an extra {@dice 1d6} damage to creatures that have the {@condition flat-footed} condition."
						],
						"name": "Sneak Attack",
						"generic": {
							"tag": "ability"
						}
					},
					{
						"activity": {
							"number": 3,
							"unit": "action"
						},
						"entries": [
							"The kobold trapmaster deploys one spike trap in an adjacent square."
						],
						"name": "Quick Trap"
					},
					{
						"entries": [
							"Once this trap is deployed, anyone who steps on the square it's in takes {@damage 2d8} piercing damage and must attempt a DC 17 basic Reflex saving throw."
						],
						"name": "Spike Trap"
					}
				]
			},
			"defenses": {
				"ac": {
					"std": 19
				},
				"savingThrows": {
					"fort": {
						"std": 7
					},
					"ref": {
						"std": 10
					},
					"will": {
						"std": 5
					}
				},
				"hp": [
					{
						"hp": 28,
						"abilities": null
					}
				]
			}
		},
		{
			"name": "Kotgar Leadbuster",
			"isNpc": false,
			"source": "TiO",
			"page": 33,
			"level": 4,
			"traits": [
				"unique",
				"le",
				"medium",
				"dwarf",
				"humanoid"
			],
			"perception": {
				"std": 12
			},
			"senses": [
				{
					"name": "darkvision"
				}
			],
			"skills": {
				"athletics": {
					"std": 12,
					"to Shove": 14
				},
				"crafting": {
					"std": 8
				},
				"intimidation": {
					"std": 9
				},
				"society": {
					"std": 8
				},
				"survival": {
					"std": 10
				}
			},
			"abilityMods": {
				"str": 4,
				"dex": 1,
				"con": 3,
				"int": 0,
				"wis": 2,
				"cha": 1
			},
			"items": [
				"half plate",
				"javelin (6)",
				"maul"
			],
			"speed": {
				"walk": 20
			},
			"attacks": [],
			"abilities": {
				"mid": [
					{
						"activity": {
							"number": 1,
							"unit": "reaction"
						},
						"entries": [
							"If a creature Kotgar can reach with a melee attack makes a ranged attack, uses an action with the {@trait manipulate} or {@trait move} trait, or leaves a square on its turn, Kotgar can use his reaction to make a melee {@action Strike} against that creature. If his attack is a critical hit and the foe was using an action with the {@trait manipulate} trait, their action doesn't have {@trait any} effect."
						],
						"name": "Attack of Opportunity",
						"generic": {
							"tag": "ability"
						}
					}
				],
				"bot": [
					{
						"activity": {
							"number": 1,
							"unit": "action"
						},
						"entries": [
							"If Kotgar has already attacked this turn and is holding a two-handed melee weapon, he can make a {@action Strike} with his two-handed melee weapon. If he hits a target that's Medium or smaller, he can push it back 5 feet, or 10 feet if his {@action Strike} was a critical hit. Kotgar can move to follow the target. Whether he hits or misses, the target is {@condition flat-footed} until the end of his current turn unless he critically fails."
						],
						"name": "Brutish Shove"
					},
					{
						"entries": [
							"When a creature Kotgar Shoves has to stop moving because it would hit an object, it takes 4 bludgeoning damage."
						],
						"name": "Powerful Shove"
					},
					{
						"entries": [
							"Kotgar ignores the reduction to his Speed from armor and deducts 5 feet from any one penalty to his Speed (such as from a spell)."
						],
						"name": "Unburdened Iron"
					}
				]
			},
			"defenses": {
				"ac": {
					"std": 21
				},
				"savingThrows": {
					"fort": {
						"std": 13
					},
					"ref": {
						"std": 9
					},
					"will": {
						"std": 10
					}
				},
				"hp": [
					{
						"hp": 60,
						"abilities": null
					}
				]
			}
		},
		{
			"name": "Kurnugian Jackal",
			"isNpc": false,
			"source": "TiO",
			"page": 61,
			"level": 6,
			"traits": [
				"uncommon",
				"ce",
				"medium",
				"beast"
			],
			"perception": {
				"std": 17
			},
			"senses": [
				{
					"name": "low-light vision"
				},
				{
					"type": "imprecise",
					"name": "scent",
					"range": 60
				}
			],
			"languages": {
				"languages": [
					"abyssal",
					"common"
				]
			},
			"skills": {
				"athletics": {
					"std": 18
				},
				"diplomacy": {
					"std": 11
				},
				"intimidation": {
					"std": 13
				},
				"occultism": {
					"std": 11
				},
				"stealth": {
					"std": 18
				}
			},
			"abilityMods": {
				"str": 4,
				"dex": 5,
				"con": 4,
				"int": 1,
				"wis": 3,
				"cha": 0
			},
			"speed": {
				"walk": 35
			},
			"attacks": [],
			"spellcasting": [
				{
					"name": "Divine Innate",
					"type": "Innate",
					"tradition": "Divine",
					"DC": 21,
					"entry": {
						"1": {
							"spells": [
								{
									"name": "charm"
								},
								{
									"name": "grim tendrils"
								}
							]
						},
						"2": {
							"spells": [
								{
									"name": "hideous laughter"
								},
								{
									"name": "see invisibility"
								}
							]
						},
						"3": {
							"spells": [
								{
									"name": "paralyze"
								}
							]
						}
					}
				}
			],
			"abilities": {
				"top": [
					{
						"entries": [
							"+13, {@skill Occultism} +11, {@skill Religion} +13, {@skill Stealth} +18 Str +4, Dex +5, Con +4, Int +1, Wis +3, Cha +0."
						],
						"name": "Intimidation"
					}
				],
				"mid": [
					{
						"activity": {
							"number": 1,
							"unit": "reaction"
						},
						"traits": [
							"concentrate",
							"divine",
							"mental",
							"visual"
						],
						"entries": [
							"When a target affected by the Kurnugian jackal's."
						],
						"name": "Inflict Pain"
					},
					{
						"entries": [
							"Stare ability takes damage, the jackal can focus the power of their third eye to intensify the pain of this damage, increasing the damage dealt by {@dice 1d6}."
						],
						"name": "Hypnotic"
					}
				],
				"bot": [
					{
						"activity": {
							"number": 1,
							"unit": "action"
						},
						"traits": [
							"concentrate",
							"divine",
							"mental",
							"visual"
						],
						"entries": [
							"The Kurnugian jackal opens their third eye to look at a target within 30 feet that can see the jackal. That target takes a \u20132 penalty to Will saving throws until the end of the Kurnugian jackal's next turn. The Kurnugian jackal can maintain this stare against only one opponent at a time; if the jackal uses it on a second target, it ends for the first target. The jackal can dismiss it as a free action and use their Remove Memory ability if they so choose."
						],
						"name": "Hypnotic Stare"
					},
					{
						"activity": {
							"number": 1,
							"unit": "action"
						},
						"entries": [
							"When the Kurnugian jackal succeeds at their jaws {@action Strike}, they can use this action immediately after to automatically knock over the target, giving the target the {@condition prone} condition."
						],
						"name": "Knockdown",
						"generic": {
							"tag": "ability"
						}
					},
					{
						"activity": {
							"number": 1,
							"unit": "free"
						},
						"traits": [
							"concentrate",
							"divine",
							"mental"
						],
						"entries": [
							"The Kurnugian ends their Hypnotic Stare ability early, and just before this happens, the target must succeed at a DC 24 Will saving throw or forget any {@condition hostile} activities."
						],
						"name": "Remove Memory"
					},
					{
						"entries": [
							"Kurnugian jackal performed against it."
						],
						"name": "the"
					}
				]
			},
			"defenses": {
				"ac": {
					"std": 23
				},
				"savingThrows": {
					"fort": {
						"std": 14
					},
					"ref": {
						"std": 17
					},
					"will": {
						"std": 11
					}
				},
				"hp": [
					{
						"hp": 98,
						"abilities": null
					}
				],
				"weaknesses": [
					{
						"amount": 5,
						"name": "cold iron"
					}
				]
			}
		},
		{
			"name": "Leopard",
			"isNpc": false,
			"source": "TiO",
			"page": 33,
			"level": 2,
			"traits": [
				"n",
				"medium",
				"animal"
			],
			"perception": {
				"std": 7
			},
			"senses": [
				{
					"name": "low-light vision"
				}
			],
			"skills": {
				"acrobatics": {
					"std": 8
				},
				"athletics": {
					"std": 7
				},
				"stealth": {
					"std": 8
				}
			},
			"abilityMods": {
				"str": 3,
				"dex": 4,
				"con": 2,
				"int": -4,
				"wis": 1,
				"cha": -2
			},
			"speed": {
				"walk": 30,
				"or climb": 20
			},
			"attacks": [],
			"abilities": {
				"bot": [
					{
						"activity": {
							"number": 1,
							"unit": "action"
						},
						"entries": [
							"When the leopard succeeds at its jaws {@action Strike}, it can use this action to automatically give the target the {@condition grabbed} condition until the end of its next turn."
						],
						"name": "Grab",
						"generic": {
							"tag": "ability"
						}
					},
					{
						"activity": {
							"number": 1,
							"unit": "action"
						},
						"entries": [
							"The leopard makes two claw Strikes against a creature it has {@condition grabbed}. The second attack uses the same multiple attack penalty as the first, but attacks it makes after this take a \u201310 multiple attack penalty (or a \u20138 multiple attack penalty for its claw {@action Strike})."
						],
						"name": "Maul"
					},
					{
						"activity": {
							"number": 1,
							"unit": "action"
						},
						"entries": [
							"The leopard {@action Stride||Strides} and makes a {@action Strike} at the end of that movement. If the leopard successfully used {@action Hide} before this action, the target has the {@condition flat-footed} condition against this {@action Strike}."
						],
						"name": "Pounce"
					},
					{
						"entries": [
							"The leopard deals an extra {@dice 1d4} damage to creatures that have the {@condition flat-footed} condition."
						],
						"name": "Sneak Attack",
						"generic": {
							"tag": "ability"
						}
					}
				]
			},
			"defenses": {
				"ac": {
					"std": 18
				},
				"savingThrows": {
					"fort": {
						"std": 8
					},
					"ref": {
						"std": 10
					},
					"will": {
						"std": 5
					}
				},
				"hp": [
					{
						"hp": 30,
						"abilities": null
					}
				]
			}
		},
		{
			"name": "Mimic Prankster",
			"isNpc": false,
			"source": "TiO",
			"page": 49,
			"level": 4,
			"traits": [
				"n",
				"medium",
				"aberration"
			],
			"perception": {
				"std": 9
			},
			"senses": [
				{
					"name": "darkvision"
				}
			],
			"skills": {
				"athletics": {
					"std": 12
				},
				"deception": {
					"std": 8
				},
				"dwelling lore": {
					"std": 10
				}
			},
			"abilityMods": {
				"str": 4,
				"dex": 1,
				"con": 3,
				"int": 0,
				"wis": 1,
				"cha": 0
			},
			"speed": {
				"walk": 10
			},
			"attacks": [],
			"abilities": {
				"mid": [
					{
						"entries": [
							"The mimic is coated in an adhesive slime. Any creature that touches the mimic (usually from a fists {@action Strike}, the mimic's pseudopod {@action Strike}, or a {@action Grapple} or {@action Shove}) must succeed at a DC 23 Reflex save or gain the {@condition grabbed} condition. The DC to {@action Escape} is 23. A melee or thrown weapon that successfully Strikes the mimic is stuck to the mimic. A character can spend an action to attempt a DC 23 {@skill Athletics} check, removing the weapon on a success. The mimic can release a stuck creature or object by spending a single action.",
							"The adhesive dissolves 1 minute after the mimic dies, releasing all stuck objects and creatures."
						],
						"name": "Adhesive"
					},
					{
						"activity": {
							"number": 1,
							"unit": "reaction"
						},
						"entries": [
							"If a creature touches or physically interacts with the mimic while the mimic is transformed using Mimic Object, the mimic can spend its reaction to automatically give the creature the {@condition grabbed} condition from its adhesive ability. The creature doesn't get to attempt the saving throw against this effect. The mimic then makes a pseudopod {@action Strike} against any creature adjacent to itself. Object Lesson can't be used again until the mimic escapes and takes on a new disguise."
						],
						"name": "Object Lesson"
					}
				],
				"bot": [
					{
						"activity": {
							"number": 1,
							"unit": "action"
						},
						"traits": [
							"concentrate"
						],
						"entries": [
							"The mimic assumes the shape of any Medium object. This doesn't change the mimic's texture or overall size, but the mimic can alter their coloration and visual appearance. A creature must succeed at a DC 28 {@skill Perception} check to figure out that the object is really a creature."
						],
						"name": "Mimic Object"
					}
				]
			},
			"defenses": {
				"ac": {
					"std": 20
				},
				"savingThrows": {
					"fort": {
						"std": 11
					},
					"ref": {
						"std": 9
					},
					"will": {
						"std": 9
					}
				},
				"hp": [
					{
						"hp": 75,
						"abilities": null
					}
				]
			}
		},
		{
			"name": "Morgrym Leadbuster",
			"isNpc": false,
			"source": "TiO",
			"page": 35,
			"level": 4,
			"traits": [
				"unique",
				"ne",
				"medium",
				"dwarf",
				"humanoid"
			],
			"perception": {
				"std": 11
			},
			"senses": [
				{
					"name": "darkvision"
				}
			],
			"skills": {
				"athletics": {
					"std": 12
				},
				"crafting": {
					"std": 12
				},
				"diplomacy": {
					"std": 13,
					"against demons": 15
				},
				"intimidation": {
					"std": 15
				},
				"religion": {
					"std": 16
				},
				"society": {
					"std": 9
				},
				"survival": {
					"std": 12
				},
				"demon lore": {
					"std": 13
				}
			},
			"abilityMods": {
				"str": 3,
				"dex": 2,
				"con": 2,
				"int": 4,
				"wis": 1,
				"cha": -1
			},
			"speed": {
				"walk": 20
			},
			"attacks": [],
			"abilities": {
				"top": [
					{
						"entries": [
							"+13 (+15 against demons), {@skill Intimidation} +15"
						],
						"name": "Diplomacy"
					},
					{
						"entries": [
							"+16, {@skill Society} +9, {@skill Survival} +12 Str +3, Dex +2, Con +2, Int +4, Wis +1, Cha \u20131 Items spellbook (Advanced Arcanomnemonics), material component pouch, staff, wand of fear."
						],
						"name": "Religion"
					}
				],
				"mid": [
					{
						"activity": {
							"number": 1,
							"unit": "reaction"
						},
						"traits": [
							"arcane",
							"concentrate",
							"move"
						],
						"entries": [
							"If Morgrym is targeted by an attack and a lower-level undead creature is adjacent to him, Morgrym and the undead swap places, and the undead becomes the target of the attack."
						],
						"name": "Necromantic Defense"
					}
				],
				"bot": [
					{
						"entries": [
							"Morgrym can cast these wizard spells (spell DC 21, spell attack +13). 2nd Level {@spell acid arrow}, obscuring mist, resist energy; 1st Level {@spell command}, gust of wind, magic missile; Cantrips (2nd Level) daze, detect magic, ghost sound, mage hand, message, ray of frost, shield."
						],
						"name": "Spells"
					},
					{
						"traits": [
							"arcane"
						],
						"entries": [
							"Once per day, Morgrym can drain his bonded item's power to choose a spell that he already cast today and cast it again. Recalling this spell is instant, but he still has to spend the actions to cast the spell."
						],
						"name": "Arcane Bond"
					},
					{
						"entries": [
							"Morgrym deals with the grim powers of life and death and has focused his magic to aid him in this endeavor. He can cast {@spell fear} as a school spell."
						],
						"name": "Necromancer"
					}
				]
			},
			"defenses": {
				"ac": {
					"std": 19
				},
				"savingThrows": {
					"fort": {
						"std": 11
					},
					"ref": {
						"std": 9
					},
					"will": {
						"std": 14
					}
				},
				"hp": [
					{
						"hp": 50,
						"abilities": null
					}
				]
			}
		},
		{
			"name": "Ogre Warrior",
			"isNpc": false,
			"source": "TiO",
			"page": 46,
			"level": 3,
			"traits": [
				"ce",
				"large",
				"giant",
				"humanoid"
			],
			"perception": {
				"std": 5
			},
			"senses": [
				{
					"name": "darkvision"
				}
			],
			"skills": {
				"athletics": {
					"std": 12
				},
				"intimidation": {
					"std": 9
				}
			},
			"abilityMods": {
				"str": 5,
				"dex": -1,
				"con": 4,
				"int": -2,
				"wis": 0,
				"cha": -2
			},
			"items": [
				"greataxe",
				"hide armor",
				"javelin (6)"
			],
			"speed": {
				"walk": 25
			},
			"attacks": [],
			"defenses": {
				"ac": {
					"std": 17
				},
				"savingThrows": {
					"fort": {
						"std": 11
					},
					"ref": {
						"std": 6
					},
					"will": {
						"std": 5
					}
				},
				"hp": [
					{
						"hp": 50,
						"abilities": null
					}
				]
			}
		},
		{
			"name": "Omblin Leadbuster",
			"isNpc": false,
			"source": "TiO",
			"page": 37,
			"level": 2,
			"traits": [
				"unique",
				"ne",
				"medium",
				"dwarf",
				"humanoid"
			],
			"perception": {
				"std": 12
			},
			"senses": [
				{
					"name": "darkvision"
				}
			],
			"skills": {
				"acrobatics": {
					"std": 8
				},
				"society": {
					"std": 5
				},
				"stealth": {
					"std": 8
				},
				"survival": {
					"std": 6
				},
				"thievery": {
					"std": 8
				}
			},
			"abilityMods": {
				"str": 2,
				"dex": 4,
				"con": 2,
				"int": 1,
				"wis": 2,
				"cha": 0
			},
			"items": [
				"hand crossbow (10 bolts)",
				"leather armor",
				"rapier"
			],
			"speed": {
				"walk": 20
			},
			"attacks": [],
			"abilities": {
				"top": [
					{
						"entries": [
							"+8 Str +2, Dex +4, Con +2, Int +1, Wis +2, Cha +0 Items hand crossbow (10 bolts), leather armor, rapier."
						],
						"name": "Thievery"
					}
				],
				"mid": [
					{
						"activity": {
							"number": 1,
							"unit": "reaction"
						},
						"entries": [
							"When a creature Omblin can see targets him with an attack, Omblin gains a +2 circumstance bonus to AC against the attack."
						],
						"name": "Nimble Dodge"
					}
				],
				"bot": [
					{
						"entries": [
							"Omblin deals an extra {@dice 1d6} to creatures that have the {@condition flat-footed} condition."
						],
						"name": "Sneak Attack",
						"generic": {
							"tag": "ability"
						}
					},
					{
						"entries": [
							"Omblin critically hits a target and deals damage, the target is {@condition flat-footed} against his attacks until the end of his next turn."
						],
						"name": "Unbalancing Blow When"
					},
					{
						"traits": [
							"ignores"
						],
						"entries": [
							"the reduction to his Speed from armor and deducts 5 feet from any one penalty to his."
						],
						"name": "Unburdened Iron Omblin"
					}
				]
			},
			"defenses": {
				"ac": {
					"std": 18
				},
				"savingThrows": {
					"fort": {
						"std": 8
					},
					"ref": {
						"std": 10
					},
					"will": {
						"std": 8
					}
				},
				"hp": [
					{
						"hp": 30,
						"abilities": null
					}
				]
			}
		},
		{
			"name": "Orc Commander",
			"isNpc": false,
			"source": "TiO",
			"page": 41,
			"level": 2,
			"traits": [
				"ce",
				"medium",
				"humanoid",
				"orc"
			],
			"perception": {
				"std": 11
			},
			"senses": [
				{
					"name": "darkvision"
				}
			],
			"skills": {
				"athletics": {
					"std": 8
				},
				"intimidation": {
					"std": 6
				},
				"survival": {
					"std": 5
				}
			},
			"abilityMods": {
				"str": 4,
				"dex": 2,
				"con": 1,
				"int": -1,
				"wis": 1,
				"cha": 2
			},
			"items": [
				"hide armor",
				"javelin (6)",
				"maul"
			],
			"speed": {
				"walk": 25
			},
			"attacks": [],
			"abilities": {
				"mid": [
					{
						"activity": {
							"number": 1,
							"unit": "reaction"
						},
						"entries": [
							"When the orc is reduced to 0 Hit Points, they can use their reaction to remain conscious with 1 Hit Point, but they gain the {@condition wounded|CRB|wounded 1} condition (or increases the {@condition wounded} value by 1 if they already have that condition). They can't use this ability at {@condition wounded|CRB|wounded 3}."
						],
						"name": "Ferocity",
						"generic": {
							"tag": "ability"
						}
					}
				],
				"bot": [
					{
						"activity": {
							"number": 1,
							"unit": "action"
						},
						"traits": [
							"concentrate",
							"emotion",
							"mental"
						],
						"entries": [
							"Bellowing mightily, the warchief gives themself and all orc allies within 60 feet who can hear them a +1 status bonus to attack rolls and damage rolls until the start of the orc warchief's next turn."
						],
						"name": "Battle Cry"
					}
				]
			},
			"defenses": {
				"ac": {
					"std": 19
				},
				"savingThrows": {
					"fort": {
						"std": 7
					},
					"ref": {
						"std": 6
					},
					"will": {
						"std": 7
					}
				},
				"hp": [
					{
						"hp": 32,
						"abilities": null
					}
				]
			}
		},
		{
			"name": "Orc Scrapper",
			"isNpc": false,
			"source": "TiO",
			"page": 40,
			"level": 1,
			"traits": [
				"ce",
				"medium",
				"humanoid",
				"orc"
			],
			"perception": {
				"std": 6
			},
			"senses": [
				{
					"name": "darkvision"
				}
			],
			"skills": {
				"athletics": {
					"std": 7
				},
				"intimidation": {
					"std": 4
				},
				"survival": {
					"std": 4
				}
			},
			"abilityMods": {
				"str": 4,
				"dex": 2,
				"con": 3,
				"int": -1,
				"wis": 1,
				"cha": 0
			},
			"items": [
				"battle axe",
				"breastplate",
				"javelin (4)"
			],
			"speed": {
				"walk": 25
			},
			"attacks": [],
			"abilities": {
				"mid": [
					{
						"activity": {
							"number": 1,
							"unit": "reaction"
						},
						"entries": [
							"When the orc is reduced to 0 Hit Points, they can use their reaction to remain conscious with 1 Hit Point, but they gain the {@condition wounded|CRB|wounded 1} condition (or increases the {@condition wounded} value by 1 if they already have that condition). They can't use this ability at {@condition wounded|CRB|wounded 3}."
						],
						"name": "Ferocity",
						"generic": {
							"tag": "ability"
						}
					}
				]
			},
			"defenses": {
				"ac": {
					"std": 18
				},
				"savingThrows": {
					"fort": {
						"std": 8
					},
					"ref": {
						"std": 7
					},
					"will": {
						"std": 4
					}
				},
				"hp": [
					{
						"hp": 23,
						"abilities": null
					}
				]
			}
		},
		{
			"name": "Owlbear",
			"isNpc": false,
			"source": "TiO",
			"page": 47,
			"level": 4,
			"traits": [
				"n",
				"large",
				"animal"
			],
			"perception": {
				"std": 13
			},
			"senses": [
				{
					"name": "low-light vision"
				}
			],
			"skills": {
				"acrobatics": {
					"std": 7
				},
				"athletics": {
					"std": 14
				},
				"intimidation": {
					"std": 10
				}
			},
			"abilityMods": {
				"str": 6,
				"dex": 1,
				"con": 5,
				"int": -4,
				"wis": 3,
				"cha": 0
			},
			"speed": {
				"walk": 25
			},
			"attacks": [],
			"abilities": {
				"bot": [
					{
						"activity": {
							"number": 1,
							"unit": "action"
						},
						"traits": [
							"fear",
							"mental"
						],
						"entries": [
							"Each creature within 80 feet who can hear the owlbear's screech must attempt a DC 20 Will save. The creatures can't be affected by another screech for 1 minute. On a critical success, the creature is unaffected; on a success, the creature gains the {@condition frightened|CRB|frightened 1} condition; on a failure, the creature gains the {@condition frightened|CRB|frightened 2} condition; on a critical failure, the creature gains the {@condition frightened|CRB|frightened 3} condition and must spend its next turn running away from the owlbear."
						],
						"name": "Bloodcurdling Screech"
					},
					{
						"activity": {
							"number": 1,
							"unit": "action"
						},
						"entries": [
							"When the owlbear succeeds at its talon {@action Strike}, it can use this action immediately after to automatically give the target the {@condition grabbed} condition until the end of its next turn."
						],
						"name": "Grab",
						"generic": {
							"tag": "ability"
						}
					},
					{
						"activity": {
							"number": 2,
							"unit": "action"
						},
						"traits": [
							"auditory",
							"fear",
							"mental"
						],
						"entries": [
							"The owlbear makes a Bloodcurdling Screech and {@action Stride||Strides} twice. All creatures that can hear within 80 feet of the owlbear at any point during this movement are subjected to the effects of Bloodcurdling Screech."
						],
						"name": "Screeching Advance"
					}
				]
			},
			"defenses": {
				"ac": {
					"std": 21
				},
				"savingThrows": {
					"fort": {
						"std": 13
					},
					"ref": {
						"std": 7
					},
					"will": {
						"std": 11
					}
				},
				"hp": [
					{
						"hp": 70,
						"abilities": null
					}
				]
			}
		},
		{
			"name": "Scalliwing",
			"isNpc": false,
			"source": "TiO",
			"page": 62,
			"level": 3,
			"traits": [
				"uncommon",
				"cg",
				"tiny",
				"beast",
				"couatl"
			],
			"perception": {
				"std": 12
			},
			"senses": [
				{
					"name": "darkvision"
				}
			],
			"languages": {
				"languages": [
					"common"
				]
			},
			"skills": {
				"acrobatics": {
					"std": 10
				},
				"diplomacy": {
					"std": 9
				},
				"nature": {
					"std": 9
				},
				"religion": {
					"std": 9
				}
			},
			"abilityMods": {
				"str": 1,
				"dex": 4,
				"con": 0,
				"int": 0,
				"wis": 3,
				"cha": 3
			},
			"speed": {
				"walk": 10,
				"fly": 40
			},
			"attacks": [],
			"spellcasting": [
				{
					"name": "Divine Innate",
					"type": "Innate",
					"tradition": "Divine",
					"DC": 20,
					"entry": {
						"0": {
							"level": 2,
							"spells": [
								{
									"name": "daze"
								},
								{
									"name": "guidance"
								},
								{
									"name": "mage hand"
								},
								{
									"name": "message"
								},
								{
									"name": "shield"
								}
							]
						},
						"1": {
							"spells": [
								{
									"name": "command"
								},
								{
									"name": "heal"
								},
								{
									"name": "sanctuary"
								}
							]
						},
						"2": {
							"spells": [
								{
									"name": "heal",
									"amount": 2
								},
								{
									"name": "invisibility",
									"notes": [
										"self only"
									]
								}
							]
						}
					}
				}
			],
			"abilities": {
				"top": [
					{
						"entries": [
							"+9 Str +1, Dex +4, Con +0, Int +0, Wis +3, Cha +3."
						],
						"name": "Religion"
					}
				],
				"bot": [
					{
						"activity": {
							"number": 2,
							"unit": "action"
						},
						"traits": [
							"mental",
							"visual"
						],
						"entries": [
							"The scalliwing spreads their iridescent wings and flutters them in a hypnotizing pattern. Each creature within 30 feet that can see the scalliwing must attempt a DC 20 Will save.",
							{
								"type": "successDegree",
								"entries": {
									"Critical Success": "The creature is unaffected.",
									"Success": "The creature is {@condition flat-footed} until the start of its next turn.",
									"Failure": "The creature is {@condition flat-footed} until the start of its next turn, and it must spend its first action on its next turn admiring the scalliwing.",
									"Critical Failure": "The creature is {@condition flat-footed} until the start of its next turn. For 1 minute, the creature must spend its first action each turn admiring the scalliwing. This effect ends if the scalliwing attacks or uses another {@condition hostile} action against the affected creature."
								}
							}
						],
						"name": "Wing Flash"
					}
				]
			},
			"defenses": {
				"ac": {
					"std": 19
				},
				"savingThrows": {
					"fort": {
						"std": 8
					},
					"ref": {
						"std": 12
					},
					"will": {
						"std": 11
					}
				},
				"hp": [
					{
						"hp": 45,
						"abilities": null
					}
				]
			}
		},
		{
			"name": "Sewer Ooze",
			"isNpc": false,
			"source": "TiO",
			"page": 13,
			"level": 1,
			"traits": [
				"n",
				"medium",
				"mindless",
				"ooze"
			],
			"perception": {
				"std": 3
			},
			"senses": [
				{
					"name": "motion sense",
					"range": 60
				},
				{
					"name": "no vision"
				}
			],
			"skills": {
				"stealth": {
					"std": 1,
					"in sewers": 4
				}
			},
			"abilityMods": {
				"str": 2,
				"dex": -5,
				"con": 4,
				"int": -5,
				"wis": 0,
				"cha": -5
			},
			"speed": {
				"walk": 10
			},
			"attacks": [],
			"abilities": {
				"top": [
					{
						"entries": [
							"A sewer ooze can sense nearby motion through vibration and air movement, allowing it to fight as well as if it could see. However, a sewer ooze can't see, so effects that depend on vision or seeing don't work on it."
						],
						"name": "Motion Sense"
					}
				],
				"bot": [
					{
						"activity": {
							"number": 1,
							"unit": "action"
						},
						"entries": [
							"The sewer ooze unleashes a wave of filth, covering all creatures within 20 feet of itself. Each creature in the area must succeed at a DC 17 Reflex save or take {@damage 1d4} acid damage and take a \u201310-foot penalty to its Speeds for 1 minute (on a critical failure, the creature also falls over and gains the {@condition prone} condition). A creature can {@action Interact} to clean someone off. This decreases the Speed penalty to \u20135 feet after 1 action, or to no penalty after 2 actions. After using Filth Wave, the ooze can't use it again for 1 minute."
						],
						"name": "Filth Wave"
					}
				]
			},
			"defenses": {
				"ac": {
					"std": 8
				},
				"savingThrows": {
					"fort": {
						"std": 9
					},
					"ref": {
						"std": 1
					},
					"will": {
						"std": 3
					}
				},
				"hp": [
					{
						"hp": 40,
						"abilities": null
					}
				],
				"immunities": [
					"acid",
					"mental",
					"critical hits",
					"sneak"
				]
			}
		},
		{
			"name": "Skeleton Guard",
			"isNpc": false,
			"source": "TiO",
			"page": 28,
			"level": -1,
			"traits": [
				"ne",
				"medium",
				"mindless",
				"skeleton",
				"undead"
			],
			"perception": {
				"std": 2
			},
			"senses": [
				{
					"name": "darkvision"
				}
			],
			"skills": {
				"acrobatics": {
					"std": 6
				},
				"athletics": {
					"std": 3
				}
			},
			"abilityMods": {
				"str": 2,
				"dex": 4,
				"con": 0,
				"int": -5,
				"wis": 0,
				"cha": 0
			},
			"items": [
				"scimitar",
				"shortbow (20 arrows)"
			],
			"speed": {
				"walk": 25
			},
			"attacks": [],
			"defenses": {
				"ac": {
					"std": 16
				},
				"savingThrows": {
					"fort": {
						"std": 2
					},
					"ref": {
						"std": 8
					},
					"will": {
						"std": 2
					}
				},
				"hp": [
					{
						"hp": 4,
						"abilities": null
					}
				],
				"immunities": [
					"mental",
					"poison",
					"unconscious"
				]
			}
		},
		{
			"name": "Stinkweed Shambler",
			"isNpc": false,
			"source": "TiO",
			"page": 63,
			"level": 2,
			"traits": [
				"ne",
				"small",
				"plant"
			],
			"perception": {
				"std": 8
			},
			"senses": [
				{
					"name": "low-light vision"
				}
			],
			"languages": {
				"languages": [
					"sylvan (can't speak any language)"
				]
			},
			"skills": {
				"acrobatics": {
					"std": 8
				},
				"intimidation": {
					"std": 6
				},
				"stealth": {
					"std": 8
				},
				"survival": {
					"std": 6
				}
			},
			"abilityMods": {
				"str": 2,
				"dex": 4,
				"con": 3,
				"int": -2,
				"wis": 2,
				"cha": 0
			},
			"speed": {
				"walk": 20,
				"climb": 10
			},
			"attacks": [],
			"abilities": {
				"top": [
					{
						"entries": [
							"+6 Str +2, Dex +4, Con +3, Int \u20132, Wis +2, Cha +0."
						],
						"name": "Survival"
					}
				],
				"mid": [
					{
						"traits": [
							"aura",
							"olfactory"
						],
						"entries": [
							"10 feet. A creature entering the aura or starting its turn in the aura must succeed at a DC 14 Fortitude save or become {@condition flat-footed} for 1 round (and {@condition slowed|CRB|slowed 1} for 1 round on a critical failure). A creature that succeeds at its save is temporarily immune for 1 minute."
						],
						"name": "Stench"
					},
					{
						"entries": [
							"The foul smell emitted by a stinkweed shambler becomes stronger when its leaves are crushed or burned. When a stinkweed shambler takes bludgeoning or fire damage, the DC for its Stench ability increases to 18 and its {@skill Stealth} bonus decreases to +4. Both of these effects last for 1 minute."
						],
						"name": "Stinky Leaves"
					}
				],
				"bot": [
					{
						"activity": {
							"number": 1,
							"unit": "action"
						},
						"entries": [
							"The stinkweed shambler {@action Stride||Strides} up to half its Speed. This movement doesn't provoke reactions."
						],
						"name": "Waving Weed"
					},
					{
						"entries": [
							"A stinkweed shambler ignores difficult terrain and greater difficult terrain from non-magical foliage."
						],
						"name": "Woodland Stride"
					}
				]
			},
			"defenses": {
				"ac": {
					"std": 18
				},
				"savingThrows": {
					"fort": {
						"std": 7
					},
					"ref": {
						"std": 10
					},
					"will": {
						"std": 8
					}
				},
				"hp": [
					{
						"hp": 30,
						"abilities": null
					}
				],
				"weaknesses": [
					{
						"amount": 4,
						"name": "fire"
					}
				]
			}
		},
		{
			"name": "Troll Enforcer",
			"isNpc": false,
			"source": "TiO",
			"page": 50,
			"level": 5,
			"traits": [
				"ce",
				"large",
				"giant",
				"troll"
			],
			"perception": {
				"std": 11
			},
			"senses": [
				{
					"name": "darkvision"
				}
			],
			"skills": {
				"athletics": {
					"std": 12
				},
				"intimidation": {
					"std": 12
				}
			},
			"abilityMods": {
				"str": 5,
				"dex": 2,
				"con": 6,
				"int": -2,
				"wis": 0,
				"cha": -2
			},
			"speed": {
				"walk": 30
			},
			"attacks": [],
			"abilities": {
				"mid": [
					{
						"entries": [
							"Bomela recovers 20 Hit Points at the start of her turn unless she has taken acid or fire damage since her last turn. She can't die unless her regeneration is deactivated when she's reduced to 0 HP."
						],
						"name": "Regeneration",
						"generic": {
							"tag": "ability"
						}
					}
				],
				"bot": [
					{
						"activity": {
							"number": 1,
							"unit": "action"
						},
						"entries": [
							"If Bomela succeeds at two claw Strikes against the same creature in the same turn, she can use this ability to automatically deal claw {@action Strike} damage to that creature."
						],
						"name": "Rend",
						"generic": {
							"tag": "ability"
						}
					}
				]
			},
			"defenses": {
				"ac": {
					"std": 20
				},
				"savingThrows": {
					"fort": {
						"std": 17
					},
					"ref": {
						"std": 11
					},
					"will": {
						"std": 7
					}
				},
				"hp": [
					{
						"hp": 115,
						"abilities": [
							"{@ability regeneration} 20 (deactivated by acid or fire)"
						]
					}
				],
				"weaknesses": [
					{
						"amount": 10,
						"name": "fire"
					}
				]
			}
		},
		{
			"name": "Viper",
			"isNpc": false,
			"source": "TiO",
			"page": 32,
			"level": -1,
			"traits": [
				"n",
				"tiny",
				"animal"
			],
			"perception": {
				"std": 5
			},
			"senses": [
				{
					"name": "low-light vision"
				}
			],
			"skills": {
				"acrobatics": {
					"std": 5
				},
				"athletics": {
					"std": 1,
					"to Climb": 4
				},
				"stealth": {
					"std": 5
				},
				"survival": {
					"std": 3
				}
			},
			"abilityMods": {
				"str": -3,
				"dex": 4,
				"con": 0,
				"int": -4,
				"wis": 1,
				"cha": -2
			},
			"speed": {
				"walk": 20,
				"or climb": 20,
				"or swim": 20
			},
			"attacks": [],
			"abilities": {
				"top": [
					{
						"entries": [
							"+3 Str \u20133, Dex +4, Con +0, Int \u20134, Wis +1, Cha \u20132."
						],
						"name": "Survival"
					}
				],
				"mid": [
					{
						"activity": {
							"number": 1,
							"unit": "reaction"
						},
						"entries": [
							"If a creature ends its movement adjacent to the viper or within the viper's space, the viper can use its reaction to {@action Stride}, {@action Climb}, or {@action Swim} up to 10 feet. It must end its movement in a location that isn't within 5 feet of a foe. This movement doesn't trigger reactions."
						],
						"name": "Slink"
					}
				],
				"bot": [
					{
						"traits": [
							"poison"
						],
						"entries": [
							"A target damaged by the viper's fangs must succeed at a DC 16 Fortitude save or take {@damage 1d10} poison damage."
						],
						"name": "Viper Venom"
					}
				]
			},
			"defenses": {
				"ac": {
					"std": 15
				},
				"savingThrows": {
					"fort": {
						"std": 2
					},
					"ref": {
						"std": 7
					},
					"will": {
						"std": 5
					}
				},
				"hp": [
					{
						"hp": 8,
						"abilities": null
					}
				]
			}
		},
		{
			"name": "Web Lurker",
			"isNpc": false,
			"source": "TiO",
			"page": 17,
			"level": 3,
			"traits": [
				"ne",
				"medium",
				"aberration"
			],
			"perception": {
				"std": 10
			},
			"senses": [
				{
					"name": "darkvision"
				}
			],
			"skills": {
				"acrobatics": {
					"std": 9
				},
				"athletics": {
					"std": 9
				},
				"crafting": {
					"std": 8
				},
				"stealth": {
					"std": 11
				}
			},
			"abilityMods": {
				"str": 4,
				"dex": 4,
				"con": 3,
				"int": 1,
				"wis": 3,
				"cha": -1
			},
			"speed": {
				"walk": 25,
				"climb": 25
			},
			"attacks": [],
			"abilities": {
				"top": [
					{
						"entries": [
							"The web lurker can speak with and understand spiders."
						],
						"name": "Spider Speak"
					}
				],
				"bot": [
					{
						"traits": [
							"poison"
						],
						"entries": [
							"A creature damaged by the web lurker's fangs must succeed at a DC 19 Fortitude save or take {@damage 1d12} poison damage and become {@condition flat-footed} for 1 round."
						],
						"name": "Web Lurker Venom"
					},
					{
						"entries": [
							"A creature hit by the web lurker's web attack gets stuck to the nearest surface. It can't move until it successfully Escapes (DC 20)."
						],
						"name": "Web Trap"
					}
				]
			},
			"defenses": {
				"ac": {
					"std": 19
				},
				"savingThrows": {
					"fort": {
						"std": 10
					},
					"ref": {
						"std": 11
					},
					"will": {
						"std": 8
					}
				},
				"hp": [
					{
						"hp": 45,
						"abilities": null
					}
				]
			}
		},
		{
			"name": "Wight",
			"isNpc": false,
			"source": "TiO",
			"page": 28,
			"level": 3,
			"traits": [
				"le",
				"medium",
				"undead",
				"wight"
			],
			"perception": {
				"std": 10
			},
			"senses": [
				{
					"name": "darkvision"
				}
			],
			"skills": {
				"athletics": {
					"std": 11
				},
				"intimidation": {
					"std": 9
				},
				"stealth": {
					"std": 6
				}
			},
			"abilityMods": {
				"str": 4,
				"dex": 1,
				"con": 4,
				"int": 0,
				"wis": 3,
				"cha": 2
			},
			"speed": {
				"walk": 25
			},
			"attacks": [],
			"abilities": {
				"mid": [
					{
						"activity": {
							"number": 1,
							"unit": "reaction"
						},
						"entries": [
							"When the wight is reduced to 0 Hit Points, it can use its reaction to make a {@action Strike} before being destroyed. It doesn't gain any Hit Points from drain life on this {@action Strike}."
						],
						"name": "Final Spite"
					}
				],
				"bot": [
					{
						"traits": [
							"divine",
							"necromancy"
						],
						"entries": [
							"When the wight deals damage to a living creature with its claw {@action Strike}, the wight recovers 2 Hit Points and the target must succeed at a DC 17 Fortitude save or take 2 damage that can't be healed. The wight can use drain life multiple times, but a single creature can't take more than 8 unhealable damage. Each full night of rest heals 2 of the unhealable damage, and a full day of bed rest increases the recovery to 4 of the unhealable damage."
						],
						"name": "Drain Life"
					}
				]
			},
			"defenses": {
				"ac": {
					"std": 18
				},
				"savingThrows": {
					"fort": {
						"std": 11
					},
					"ref": {
						"std": 6
					},
					"will": {
						"std": 10
					}
				},
				"hp": [
					{
						"hp": 50,
						"abilities": null
					}
				],
				"immunities": [
					"poison",
					"unconscious"
				]
			}
		},
		{
			"name": "Wolf",
			"isNpc": false,
			"source": "TiO",
			"page": 24,
			"level": 1,
			"traits": [
				"n",
				"medium",
				"animal"
			],
			"perception": {
				"std": 7
			},
			"senses": [
				{
					"name": "low-light vision"
				}
			],
			"skills": {
				"acrobatics": {
					"std": 7
				},
				"athletics": {
					"std": 5
				},
				"stealth": {
					"std": 7
				},
				"survival": {
					"std": 7
				}
			},
			"abilityMods": {
				"str": 2,
				"dex": 4,
				"con": 1,
				"int": -4,
				"wis": 2,
				"cha": -2
			},
			"speed": {
				"walk": 35
			},
			"attacks": [],
			"abilities": {
				"bot": [
					{
						"entries": [],
						"name": "Knockdown",
						"generic": {
							"tag": "ability"
						}
					},
					{
						"activity": {
							"number": 1,
							"unit": "action"
						},
						"entries": [
							"When the wolf succeeds at its jaws {@action Strike}, it can use this action to automatically knock over the target, giving it the {@condition prone} condition."
						],
						"name": "Knockdown",
						"generic": {
							"tag": "ability"
						}
					},
					{
						"entries": [
							"If the wolf Strikes a target that at least two of the wolf's allies could reach with a melee attack, the wolf deals {@damage 1d4} extra damage with that {@action Strike}."
						],
						"name": "Pack Attack"
					}
				]
			},
			"defenses": {
				"ac": {
					"std": 15
				},
				"savingThrows": {
					"fort": {
						"std": 6
					},
					"ref": {
						"std": 9
					},
					"will": {
						"std": 5
					}
				},
				"hp": [
					{
						"hp": 24,
						"abilities": null
					}
				]
			}
		},
		{
			"name": "Zombie Shambler",
			"isNpc": false,
			"source": "TiO",
			"page": 29,
			"level": -1,
			"traits": [
				"ne",
				"medium",
				"mindless",
				"undead",
				"zombie"
			],
			"perception": {
				"std": 0
			},
			"senses": [
				{
					"name": "darkvision"
				}
			],
			"skills": {
				"athletics": {
					"std": 5
				}
			},
			"abilityMods": {
				"str": 3,
				"dex": -2,
				"con": 2,
				"int": -5,
				"wis": 0,
				"cha": -2
			},
			"speed": {
				"walk": 25
			},
			"attacks": [],
			"abilities": {
				"top": [
					{
						"entries": [
							"A zombie has only 2 actions on its turn, and it can't use reactions."
						],
						"name": "Slow"
					}
				],
				"bot": [
					{
						"activity": {
							"number": 1,
							"unit": "action"
						},
						"entries": [
							"When the zombie succeeds at its jaws {@action Strike}, it can use this action to automatically give the target the {@condition grabbed} condition until the end of its next turn."
						],
						"name": "Grab",
						"generic": {
							"tag": "ability"
						}
					},
					{
						"activity": {
							"number": 1,
							"unit": "action"
						},
						"entries": [
							"If the zombie has a creature {@condition grabbed} or {@condition restrained}, it can make a special {@action Strike} against the {@condition grabbed} or {@condition restrained} creature. This {@action Strike} has an attack bonus of +7 and deals {@damage 1d8+3} piercing damage on a success."
						],
						"name": "Jaws"
					}
				]
			},
			"defenses": {
				"ac": {
					"std": 12
				},
				"savingThrows": {
					"fort": {
						"std": 6
					},
					"ref": {
						"std": 0
					},
					"will": {
						"std": 2
					}
				},
				"hp": [
					{
						"hp": 20,
						"abilities": null
					}
				],
				"immunities": [
					"mental",
					"poison",
					"unconscious"
				]
			}
		}
	]
}
