{
	"item": [
		{
			"name": "Aluum Charm",
			"source": "AoA5",
			"page": 82,
			"type": "Item",
			"level": 10,
			"traits": [
				"uncommon",
				"enchantment",
				"invested",
				"magical"
			],
			"usage": "worn",
			"bulk": "\u2013",
			"category": "Worn",
			"entries": [
				"This ornate pendant of brass is adorned with a vibrant blue gemstone. An aluum charm grants control over a particular aluum and lesser influence over other such constructs. As long as you wear an aluum's linked aluum charm, that aluum follows your verbal commands, including somewhat nuanced orders like \"subdue this target\" or \"strike anyone wearing a blue robe.\"",
				{
					"type": "ability",
					"activity": {
						"number": 2,
						"unit": "action"
					},
					"components": [
						"command"
					],
					"frequency": {
						"unit": "round",
						"freq": 1
					},
					"entries": [
						"The charm grants you control over an aluum you can see within 60 feet, with a level equal to or lower than the charm. This has the effect of dominate and allows a DC 28 Will save. If the aluum is currently under the control of someone wearing its linked charm, it gets a result on its saving throw one degree higher than what it rolled. You can control only one aluum at a time using this activation, and controlling a new aluum ends the effect for one you had previously affected."
					]
				}
			]
		},
		{
			"name": "False Death",
			"source": "AoA5",
			"page": 78,
			"type": "Item",
			"level": 5,
			"traits": [
				"uncommon",
				"alchemical",
				"consumable",
				"ingested",
				"poison"
			],
			"price": {
				"coin": "gp",
				"amount": 25
			},
			"usage": "held in 1 hand",
			"bulk": "L",
			"activate": {
				"activity": {
					"number": 1,
					"unit": "action"
				},
				"components": [
					"Interact"
				]
			},
			"category": "Poison",
			"entries": [
				"Typically used to fake one's death, this poison swiftly causes the imbiber to lose consciousness and suppresses vital signs. A creature examining the {@condition unconscious} target must succeed at a {@skill Medicine} check against the imbiber's {@skill Deception} DC + 4 to determine that the target is alive, and a critical success allows the examiner to determine that a toxin is causing the effect. The false death toxin has an extremely bitter taste ({@skill Perception} DC 10 to detect), making it difficult to trick a creature into consuming the poison against its wishes.",
				{
					"type": "affliction",
					"traits": [],
					"DC": 18,
					"savingThrow": "Fortitude",
					"onset": "10 minutes",
					"maxDuration": "5 days",
					"stages": [
						{
							"stage": 1,
							"entry": "{@condition clumsy|CRB|clumsy 2}",
							"duration": "1 round"
						},
						{
							"stage": 2,
							"entry": "{@condition unconscious}",
							"duration": "1 hour"
						},
						{
							"stage": 3,
							"entry": "{@condition unconscious}",
							"duration": "1 day"
						}
					]
				}
			]
		},
		{
			"name": "Frenzy Oil",
			"source": "AoA5",
			"page": 78,
			"type": "Item",
			"level": 16,
			"traits": [
				"uncommon",
				"alchemical",
				"consumable",
				"contact",
				"poison"
			],
			"price": {
				"coin": "gp",
				"amount": 1500
			},
			"usage": "held in 1 hand",
			"bulk": "L",
			"activate": {
				"activity": {
					"number": 1,
					"unit": "action"
				},
				"components": [
					"Interact"
				]
			},
			"category": "Poison",
			"entries": [
				"This oil, which is pressed from vrock spores and mixed with a combination of acacia ash and thistle seeds, seeps into the skin of living creatures, initially inspiring irritability that unpredictably manifests as berserk rage.",
				{
					"type": "affliction",
					"traits": [],
					"DC": 37,
					"savingThrow": "Fortitude",
					"onset": "{@dice 1d6} minutes",
					"maxDuration": "6 rounds",
					"stages": [
						{
							"stage": 1,
							"entry": "{@damage 4d6} mental damage, {@condition quickened|CRB|quickened 1}, attack nearby creatures as if {@condition confused}",
							"duration": "1 round"
						},
						{
							"stage": 2,
							"entry": "{@damage 6d6} mental damage, attack nearby creatures as if {@condition confused}",
							"duration": "1 round"
						},
						{
							"stage": 3,
							"entry": "{@damage 8d6} mental damage, {@condition fatigued}, attack nearby creatures as if {@condition confused}",
							"duration": "1 round"
						}
					]
				}
			]
		},
		{
			"name": "Gorgon's Breath",
			"source": "AoA5",
			"page": 78,
			"type": "Item",
			"level": 13,
			"traits": [
				"uncommon",
				"alchemical",
				"consumable",
				"inhaled",
				"poison"
			],
			"price": {
				"coin": "gp",
				"amount": 475
			},
			"usage": "held in 1 hand",
			"bulk": "L",
			"activate": {
				"activity": {
					"number": 1,
					"unit": "action"
				},
				"components": [
					"Interact"
				]
			},
			"category": "Poison",
			"entries": [
				"Gorgon's breath is a fine powder that can easily enter living creatures' bloodstreams through their lungs before binding to mucous membranes and causing any nearby soft tissues to harden.",
				{
					"type": "affliction",
					"traits": [],
					"DC": 32,
					"savingThrow": "Fortitude",
					"onset": "1 round",
					"maxDuration": "6 rounds",
					"stages": [
						{
							"stage": 1,
							"entry": "{@condition slowed|CRB|slowed 1}",
							"duration": "1 round"
						},
						{
							"stage": 2,
							"entry": "{@damage 4d6} bludgeoning damage and {@condition slowed|CRB|slowed 1}",
							"duration": "1 round"
						},
						{
							"stage": 3,
							"entry": "{@condition petrified} ;",
							"duration": "1 round"
						}
					]
				}
			]
		},
		{
			"name": "Grinning Pugwampi",
			"source": "AoA5",
			"page": 77,
			"type": "Item",
			"level": 14,
			"traits": [
				"uncommon",
				"consumable",
				"enchantment",
				"magical",
				"misfortune",
				"talisman"
			],
			"price": {
				"coin": "gp",
				"amount": 700
			},
			"usage": "affixed to weapon",
			"bulk": "\u2013",
			"category": "Talisman",
			"entries": [
				"This bone statuette of a sneering gremlin crumbles to dust when activated, imparting a fraction of its subject's infamous misfortune unto those you strike.",
				{
					"type": "ability",
					"activity": {
						"number": 1,
						"unit": "free"
					},
					"components": [
						"envision"
					],
					"trigger": "You damage a {@condition flat-footed} creature with the affixed weapon",
					"entries": [
						"The damaged creature must attempt a DC 33 Will save.",
						{
							"type": "successDegree",
							"entries": {
								"Critical Success": "The creature is unaffected.",
								"Success": "The creature must roll twice and take the worse result on the next check it attempts.",
								"Failure": "The creature must roll twice and take the worse result on all checks until the end of its next turn."
							}
						}
					]
				}
			]
		},
		{
			"name": "Isolation Draught",
			"source": "AoA5",
			"page": 79,
			"type": "Item",
			"level": 7,
			"traits": [
				"uncommon",
				"alchemical",
				"consumable",
				"ingested",
				"poison"
			],
			"price": {
				"coin": "gp",
				"amount": 55
			},
			"usage": "held in 1 hand",
			"bulk": "L",
			"activate": {
				"activity": {
					"number": 1,
					"unit": "action"
				},
				"components": [
					"Interact"
				]
			},
			"category": "Poison",
			"entries": [
				"Derived from steeping toxic highland plum pits in refined grain alcohols, this clear tonic slowly shuts down the imbiber's senses.",
				{
					"type": "affliction",
					"traits": [],
					"DC": 25,
					"savingThrow": "Fortitude",
					"onset": "10 minutes",
					"maxDuration": "30 minutes",
					"stages": [
						{
							"stage": 1,
							"entry": "{@condition dazzled}, \u20133 to all {@skill Perception} checks",
							"duration": "1 minute"
						},
						{
							"stage": 2,
							"entry": "{@condition dazzled}, {@condition deafened}, \u20135 to all {@skill Perception} checks",
							"duration": "1 minute"
						},
						{
							"stage": 3,
							"entry": "{@condition blinded}, {@condition deafened}, \u20135 to all {@skill Perception} checks",
							"duration": "5 minutes"
						}
					]
				}
			]
		},
		{
			"name": "Mage Bane",
			"source": "AoA5",
			"page": 79,
			"type": "Item",
			"level": 12,
			"traits": [
				"uncommon",
				"alchemical",
				"consumable",
				"injury",
				"poison"
			],
			"price": {
				"coin": "gp",
				"amount": 325
			},
			"usage": "held in 2 hands",
			"bulk": "L",
			"activate": {
				"activity": {
					"number": 3,
					"unit": "action"
				},
				"components": [
					"Interact"
				]
			},
			"category": "Poison",
			"entries": [
				"Upon being mixed and injected into the bloodstream, this powder of the crimson orchid quickly assaults the brain and nerves, disrupting the victim's ability to piece together coherent thoughts and spells.",
				{
					"type": "affliction",
					"traits": [],
					"DC": 32,
					"savingThrow": "Fortitude",
					"maxDuration": "6 rounds",
					"stages": [
						{
							"stage": 1,
							"entry": "{@damage 2d6} mental damage and {@condition stupefied|CRB|stupefied 2}",
							"duration": "1 round"
						},
						{
							"stage": 2,
							"entry": "{@damage 3d6} mental damage and {@condition stupefied|CRB|stupefied 3}",
							"duration": "1 round"
						},
						{
							"stage": 3,
							"entry": "{@damage 4d6} mental damage and {@condition stupefied|CRB|stupefied 4}",
							"duration": "1 round"
						}
					]
				}
			]
		},
		{
			"name": "Nethysian Bulwark",
			"source": "AoA5",
			"page": 77,
			"type": "Item",
			"level": 16,
			"traits": [
				"uncommon",
				"abjuration",
				"evocation",
				"magical"
			],
			"price": {
				"coin": "gp",
				"amount": 8000
			},
			"usage": "held in 1 hand",
			"bulk": 1,
			"category": "Held",
			"entries": [
				"This round shield is often fashioned to resemble the religious symbol of its dual-natured namesake.",
				"A Nethysian bulwark is a high-grade cold iron shield (Hardness 10, HP 40, BT 20) that defends the wielder and can explode with retributive force when struck.",
				{
					"type": "ability",
					"activity": {
						"number": 1,
						"unit": "free"
					},
					"components": [
						"envision"
					],
					"trigger": "The shield becomes {@condition broken} when performing a",
					"entries": [
						"The shield explodes in a burst of bright light and shadowy tendrils, releasing a 15-foot cone of force that must include the attacker if possible. The cone deals {@damage 6d8} force damage to all creatures in the area (DC 34 basic Reflex save)."
					]
				}
			]
		},
		{
			"name": "Nightmare Salt",
			"source": "AoA5",
			"page": 79,
			"type": "Item",
			"level": 20,
			"traits": [
				"rare",
				"alchemical",
				"consumable",
				"ingested",
				"poison"
			],
			"price": {
				"coin": "gp",
				"amount": 14000
			},
			"usage": "held in 2 hands",
			"bulk": "L",
			"activate": {
				"activity": {
					"number": 3,
					"unit": "action"
				},
				"components": [
					"Interact"
				]
			},
			"category": "Poison",
			"entries": [
				"This potent poison consists of crystals whose flavor and appearance mimics edible salt but whose effects are deadly: victims experience periods of waking nightmares that overload the senses and eventually result in death through a combination of shock and exhaustion.",
				{
					"type": "affliction",
					"traits": [],
					"DC": 43,
					"savingThrow": "Fortitude",
					"onset": "1 hour",
					"maxDuration": "5 days",
					"stages": [
						{
							"stage": 1,
							"entry": "{@condition frightened|CRB|frightened 2} once every {@dice 1d4} hours, plus {@condition fatigued}",
							"duration": "1 day"
						},
						{
							"stage": 2,
							"entry": "{@condition confused} for 1 minute once every {@dice 1d4} hours, plus {@condition frightened|CRB|frightened 3} and {@condition fatigued}",
							"duration": "1 day"
						},
						{
							"stage": 3,
							"entry": "{@condition frightened|CRB|frightened 3}, plus {@condition confused} for {@dice 1d4} minutes, once every hour, plus {@condition fatigued} ;",
							"duration": "1 day"
						}
					]
				}
			]
		},
		{
			"name": "Oblivion Essence",
			"source": "AoA5",
			"page": 79,
			"type": "Item",
			"level": 19,
			"traits": [
				"uncommon",
				"alchemical",
				"consumable",
				"injury",
				"poison"
			],
			"price": {
				"coin": "gp",
				"amount": 6500
			},
			"usage": "held in 2 hands",
			"bulk": "L",
			"activate": {
				"activity": {
					"number": 1,
					"unit": "action"
				},
				"components": [
					"Interact"
				]
			},
			"category": "Poison",
			"entries": [
				"Created from a daemon's powdered soul gems or refined from the waters of Abaddon's rivers, oblivion essence causes victims to rapidly age and decay.",
				{
					"type": "affliction",
					"traits": [],
					"DC": 42,
					"savingThrow": "Fortitude",
					"maxDuration": "6\nrounds",
					"stages": [
						{
							"stage": 1,
							"entry": "{@damage 8d6} poison damage and {@condition slowed|CRB|slowed 1}",
							"duration": "1 round"
						},
						{
							"stage": 2,
							"entry": "{@damage 10d6} poison damage, {@condition enfeebled|CRB|enfeebled 2}, and {@condition slowed|CRB|slowed 1}",
							"duration": "1 round"
						},
						{
							"stage": 3,
							"entry": "{@damage 12d6} poison damage, {@condition enfeebled|CRB|enfeebled 3}, {@condition slowed|CRB|slowed 1}",
							"duration": "1 round"
						}
					]
				}
			]
		},
		{
			"name": "Pactmasters' Grace",
			"source": "AoA5",
			"page": 77,
			"type": "Item",
			"level": 14,
			"traits": [
				"uncommon",
				"divination",
				"invested",
				"magical"
			],
			"price": {
				"coin": "gp",
				"amount": 4000
			},
			"usage": "worn",
			"bulk": "\u2013",
			"category": "Worn",
			"entries": [
				"Granted by Katapesh's Pactmasters to influential merchants, exceptional Zephyr Guards, and favorite retainers, these blue crystal\u2013studded platinum rings sharpen their wearers' urban instincts. You gain a +3 item bonus to {@skill Lore||Mercantile Lore} checks while wearing the ring, and you can attempt checks that require a proficiency rank of master in {@skill Society}. While invested, the ring grants a +2 item bonus to saving throws while you are in an urban setting, and this increases to a +3 item bonus if you have legendary proficiency in {@skill Lore||Guild Lore}, {@skill Lore||Katapesh Lore}, {@skill Lore||Mercantile Lore}, or {@skill Society}."
			]
		},
		{
			"name": "Peshspine Grenade",
			"source": "AoA5",
			"page": 77,
			"type": "Item",
			"level": "1+",
			"traits": [
				"uncommon",
				"alchemical",
				"bomb",
				"consumable",
				"splash"
			],
			"usage": "held in 1 hand",
			"bulk": "L",
			"activate": {
				"activity": {
					"number": 1,
					"unit": "action"
				},
				"components": [
					"Strike"
				]
			},
			"category": "Bomb",
			"entries": [
				"Peshspine grenades are explosive bombs packed with alchemically treated needles from the pesh cactus. A peshspine grenade deals the listed piercing damage and splash damage. On a hit, the target gains the {@condition stupefied} condition until the end of its next turn.",
				"Many types of peshpine grenade grant an item bonus to attack rolls."
			],
			"generic": "G",
			"variants": [
				{
					"variantType": "lesser",
					"level": 1,
					"price": {
						"coin": "gp",
						"amount": 3
					},
					"entries": [
						"The bomb deals {@damage 1d6} piercing damage and 1 piercing splash damage, and the target is {@condition stupefied|CRB|stupefied 1}."
					]
				},
				{
					"variantType": "moderate",
					"level": 3,
					"price": {
						"coin": "gp",
						"amount": 10
					},
					"entries": [
						"You gain a +1 item bonus to attack rolls.",
						"The bomb deals {@damage 2d6} piercing damage and 2 piercing splash damage, and the target is {@condition stupefied|CRB|stupefied 1}."
					]
				},
				{
					"variantType": "greater",
					"level": 11,
					"price": {
						"coin": "gp",
						"amount": 250
					},
					"entries": [
						"You gain a +2 item bonus to attack rolls.",
						"The bomb deals {@damage 3d6} piercing damage and 3 piercing splash damage, and the target is {@condition stupefied|CRB|stupefied 2}."
					]
				},
				{
					"variantType": "major",
					"level": 17,
					"price": {
						"coin": "gp",
						"amount": 2500
					},
					"entries": [
						"You gain a +3 item bonus to attack rolls.",
						"The bomb deals {@damage 4d6} piercing damage and 4 piercing splash damage, and the target is {@condition stupefied|CRB|stupefied 3}."
					]
				}
			]
		},
		{
			"name": "Weeping Midnight",
			"source": "AoA5",
			"page": 79,
			"type": "Item",
			"level": 16,
			"traits": [
				"uncommon",
				"alchemical",
				"consumable",
				"injury",
				"poison"
			],
			"price": {
				"coin": "gp",
				"amount": 1400
			},
			"usage": "held in 2 hands",
			"bulk": "L",
			"activate": {
				"activity": {
					"number": 3,
					"unit": "action"
				},
				"components": [
					"Interact"
				]
			},
			"category": "Poison",
			"entries": [
				"Alchemists have refined the devastatingly allergenic pollen of the widow orchid to create this venom, which swiftly causes the victim's eyes to leak mucus and swell shut.",
				{
					"type": "affliction",
					"traits": [],
					"DC": 36,
					"savingThrow": "Fortitude",
					"maxDuration": "6\nrounds",
					"stages": [
						{
							"stage": 1,
							"entry": "{@damage 6d6} poison damage and {@condition dazzled}",
							"duration": "1 round"
						},
						{
							"stage": 2,
							"entry": "{@damage 7d6} poison damage, {@condition dazzled}, and {@condition sickened|CRB|sickened 1}",
							"duration": "1 round"
						},
						{
							"stage": 3,
							"entry": "{@damage 8d6} poison damage and {@condition blinded}",
							"duration": "1 round"
						}
					]
				}
			]
		}
	]
}
