{
	"creature": [
		{
			"name": "Bone Skipper Swarm",
			"source": "AoE2",
			"page": 80,
			"level": 6,
			"traits": [
				"uncommon",
				"n",
				"large",
				"animal",
				"swarm"
			],
			"perception": {
				"std": 17
			},
			"senses": [
				{
					"type": "imprecise",
					"name": "bonesense",
					"range": 30
				},
				{
					"name": "darkvision"
				}
			],
			"skills": {
				"acrobatics": {
					"std": 17
				}
			},
			"abilityMods": {
				"str": -4,
				"dex": 5,
				"con": 4,
				"int": -5,
				"wis": 2,
				"cha": -5
			},
			"speed": {
				"walk": 25,
				"fly": 40
			},
			"abilities": {
				"top": [
					{
						"entries": [
							"A bone skipper swarm identifies bones and creatures with a skeletal system in the listed range."
						],
						"name": "Bonesense"
					}
				],
				"bot": [
					{
						"activity": {
							"number": 1,
							"unit": "action"
						},
						"entries": [
							"Each enemy in the swarm's space takes {@damage 3d6} piercing damage (DC 24 basic Reflex save) plus exposure to marrow rot."
						],
						"name": "Swarming Bites"
					},
					{
						"type": "affliction",
						"name": "Marrow Rot",
						"traits": [
							"disease"
						],
						"note": "Marrow rot affects only creatures with a skeletal system",
						"DC": 24,
						"savingThrow": "Fortitude",
						"onset": "1 day",
						"stages": [
							{
								"stage": 1,
								"entry": "{@condition enfeebled|CRB|enfeebled 1}",
								"duration": "1 day"
							},
							{
								"stage": 2,
								"entry": "{@condition enfeebled|CRB|enfeebled 2}",
								"duration": "1 day"
							},
							{
								"stage": 3,
								"entry": "{@condition enfeebled|CRB|enfeebled 2} and {@condition drained|CRB|drained 1}",
								"duration": "1 day"
							}
						]
					}
				]
			},
			"defenses": {
				"ac": {
					"std": 24
				},
				"savingThrows": {
					"fort": {
						"std": 14
					},
					"ref": {
						"std": 17
					},
					"will": {
						"std": 12
					}
				},
				"hp": [
					{
						"hp": 120
					}
				],
				"immunities": [
					"precision",
					"swarm mind"
				],
				"weaknesses": [
					{
						"amount": 9,
						"name": "area damage"
					},
					{
						"name": "splash"
					}
				]
			}
		},
		{
			"name": "Copper Hand Illusionist",
			"source": "AoE2",
			"page": 23,
			"level": 5,
			"traits": [
				"le",
				"medium",
				"human",
				"humanoid"
			],
			"perception": {
				"std": 15
			},
			"languages": {
				"languages": [
					"common",
					"vudrani"
				]
			},
			"skills": {
				"acrobatics": {
					"std": 13
				},
				"arcana": {
					"std": 13
				},
				"deception": {
					"std": 9
				},
				"stealth": {
					"std": 13
				},
				"thievery": {
					"std": 13
				}
			},
			"abilityMods": {
				"str": 2,
				"dex": 4,
				"con": 1,
				"int": 4,
				"wis": 1,
				"cha": 0
			},
			"items": [
				"+1 dagger",
				"moderate healing potion",
				"spellbook"
			],
			"speed": {
				"walk": 25
			},
			"attacks": [
				{
					"range": "Melee",
					"name": "dagger",
					"attack": 13,
					"traits": [
						"agile",
						"finesse",
						"thrown <10 feet>",
						"versatile <s>"
					],
					"damage": "{@damage 1d4+5} piercing",
					"types": [
						"piercing"
					]
				}
			],
			"spellcasting": [
				{
					"type": "Prepared",
					"tradition": "arcane",
					"DC": 23,
					"attack": 15,
					"entry": {
						"0": {
							"level": 3,
							"spells": [
								{
									"name": "daze"
								},
								{
									"name": "detect magic"
								},
								{
									"name": "electric arc"
								},
								{
									"name": "ghost sound"
								},
								{
									"name": "shield"
								}
							]
						},
						"1": {
							"spells": [
								{
									"name": "color spray"
								},
								{
									"name": "illusory disguise"
								},
								{
									"name": "illusory object"
								},
								{
									"name": "spider sting"
								}
							]
						},
						"2": {
							"spells": [
								{
									"name": "dispel magic"
								},
								{
									"name": "invisibility"
								},
								{
									"name": "mirror image"
								},
								{
									"name": "telekinetic maneuver"
								}
							]
						},
						"3": {
							"spells": [
								{
									"name": "haste"
								},
								{
									"name": "hypnotic pattern"
								},
								{
									"name": "vampiric touch"
								}
							]
						}
					}
				}
			],
			"abilities": {
				"bot": [
					{
						"entries": [
							"The Copper Hand illusionist deals {@dice 2d6} additional precision damage to {@condition flat-footed} creatures."
						],
						"name": "Sneak Attack"
					}
				]
			},
			"defenses": {
				"ac": {
					"std": 22,
					"notes": [
						"with {@spell mage armor}"
					]
				},
				"savingThrows": {
					"fort": {
						"std": 8
					},
					"ref": {
						"std": 13
					},
					"will": {
						"std": 12
					}
				},
				"hp": [
					{
						"hp": 70
					}
				]
			}
		},
		{
			"name": "Copper Hand Rogue",
			"source": "AoE2",
			"page": 16,
			"level": 4,
			"traits": [
				"rare",
				"le",
				"medium",
				"human",
				"humanoid"
			],
			"perception": {
				"std": 13
			},
			"languages": {
				"languages": [
					"common",
					"vudrani"
				]
			},
			"skills": {
				"acrobatics": {
					"std": 12
				},
				"athletics": {
					"std": 10
				},
				"deception": {
					"std": 11
				},
				"thievery": {
					"std": 12
				}
			},
			"abilityMods": {
				"str": 2,
				"dex": 4,
				"con": 2,
				"int": 0,
				"wis": 2,
				"cha": 1
			},
			"speed": {
				"walk": 25
			},
			"attacks": [
				{
					"range": "Melee",
					"name": "shortsword",
					"attack": 14,
					"traits": [
						"agile",
						"finesse",
						"versatile <s>"
					],
					"damage": "{@damage 1d6+5} piercing",
					"types": [
						"piercing"
					]
				},
				{
					"range": "Ranged",
					"name": "hand crossbow",
					"attack": 14,
					"traits": [
						"range <60 feet>",
						"reload <1>"
					],
					"damage": "{@damage 1d6} piercing",
					"types": [
						"piercing"
					]
				}
			],
			"abilities": {
				"mid": [
					{
						"activity": {
							"number": 1,
							"unit": "reaction"
						},
						"trigger": "A creature targets the Copper Hand rogue with an attack, and the rogue can see the attacker",
						"entries": [
							"The rogue dodges out of the way, gaining a +2 circumstance bonus to AC against the triggering attack."
						],
						"name": "Nimble Dodge"
					}
				],
				"bot": [
					{
						"activity": {
							"number": 1,
							"unit": "action"
						},
						"entries": [
							"The rogue applies one of their black adder venom poisons to their wielded weapon. If their next attack with that weapon before the end of their next turn hits and deals damage, the target is afflicted with the poison."
						],
						"name": "Poison Weapon"
					},
					{
						"entries": [
							"The Copper Hand rogue deals {@dice 1d6} additional precision damage to {@condition flat-footed} creatures."
						],
						"name": "Sneak Attack"
					}
				]
			},
			"defenses": {
				"ac": {
					"std": 21
				},
				"savingThrows": {
					"fort": {
						"std": 12
					},
					"ref": {
						"std": 14
					},
					"will": {
						"std": 10
					}
				},
				"hp": [
					{
						"hp": 60
					}
				]
			}
		},
		{
			"name": "Dreadsong Dancer",
			"source": "AoE2",
			"page": 81,
			"level": 8,
			"traits": [
				"rare",
				"le",
				"medium",
				"fiend"
			],
			"perception": {
				"std": 13
			},
			"senses": [
				{
					"name": "darkvision"
				}
			],
			"languages": {
				"languages": [
					"common",
					"infernal (can't speak any language)"
				]
			},
			"skills": {
				"acrobatics": {
					"std": 18
				},
				"athletics": {
					"std": 16
				},
				"deception": {
					"std": 18
				},
				"occultism": {
					"std": 14
				},
				"performance": {
					"std": 18
				},
				"stealth": {
					"std": 18
				}
			},
			"abilityMods": {
				"str": 4,
				"dex": 6,
				"con": 3,
				"int": 4,
				"wis": 3,
				"cha": 6
			},
			"speed": {
				"walk": 25
			},
			"attacks": [
				{
					"range": "Melee",
					"name": "claw",
					"attack": 18,
					"traits": [
						"agile",
						"finesse"
					],
					"damage": "{@damage 2d10+6} slashing",
					"types": [
						"slashing"
					]
				},
				{
					"range": "Melee",
					"name": "songblade",
					"attack": 20,
					"traits": [
						"agile",
						"deadly <d10>",
						"finesse",
						"magical",
						"trip"
					],
					"damage": "{@damage 2d10+8} slashing",
					"types": [
						"slashing"
					]
				}
			],
			"spellcasting": [
				{
					"type": "Innate",
					"tradition": "occult",
					"DC": 23,
					"entry": {
						"1": {
							"spells": [
								{
									"name": "true strike",
									"amount": 3
								}
							]
						},
						"2": {
							"spells": [
								{
									"name": "invisibility"
								},
								{
									"name": "silence"
								}
							]
						},
						"4": {
							"spells": [
								{
									"name": "dimension door"
								}
							]
						}
					}
				}
			],
			"abilities": {
				"mid": [
					{
						"entries": [
							"A dreadsong dancer is {@condition stunned|CRB|stunned 1} if they see or hear a creature critically succeed at a {@skill Performance} check or at a saving throw against their Dreadsong. The dreadsong dancer is {@condition quickened|CRB|quickened 1} for 1 round if they see or hear a creature critically fail at a {@skill Performance} check or a saving throw against their Dreadsong. They can use the extra action only to {@action Stride} or {@action Strike}."
						],
						"name": "Performance Anxiety"
					},
					{
						"activity": {
							"number": 1,
							"unit": "reaction"
						},
						"trigger": "A creature plays an instrument while {@action Cast a Spell||Casting a Spell} or casts a composition spell within 20 feet of the dreadsong dancer",
						"entries": [
							"The dreadsong dancer {@action Stride||Strides} up to 20 feet and makes a songblade {@action Strike} against the triggering creature. If the {@action Strike} hits, the spell is disrupted."
						],
						"name": "Jealous Musician"
					}
				],
				"bot": [
					{
						"activity": {
							"number": 2,
							"unit": "action"
						},
						"traits": [
							"auditory",
							"concentrate",
							"fear",
							"illusion",
							"mental"
						],
						"entries": [
							"The dreadsong dancer whirls their howling songblades and cloaks themself in illusion magic.",
							"Each non-fiend creature in a 30-foot emanation from the dreadsong dancer must attempt a DC 29 Will save.",
							{
								"type": "successDegree",
								"entries": {
									"Critical Success": "No effect, and the creature is temporarily immune for 24 hours. The dreadsong dancer is affected by their performance anxiety.",
									"Success": "The creature is {@condition frightened|CRB|frightened 1}.",
									"Failure": "The creature is {@condition frightened|CRB|frightened 2}, and the dreadsong dancer is {@condition undetected} by the creature for 1 minute. The creature can't use {@action Seek} to find the dreadsong dancer.",
									"Critical Failure": "As failure, but the creature can't reduce its {@condition frightened} condition below 2 for 1 minute. In addition, the dreadsong dancer is affected by its performance anxiety."
								}
							}
						],
						"name": "Dreadsong"
					},
					{
						"activity": {
							"number": 1,
							"unit": "action"
						},
						"entries": [
							"songblade"
						],
						"name": "Rend",
						"generic": {
							"tag": "ability"
						}
					}
				]
			},
			"defenses": {
				"ac": {
					"std": 27
				},
				"savingThrows": {
					"fort": {
						"std": 13
					},
					"ref": {
						"std": 19
					},
					"will": {
						"std": 16
					},
					"abilities": [
						"+2 status to all saves vs. composition spells"
					]
				},
				"hp": [
					{
						"hp": 160
					}
				],
				"immunities": [
					"disease",
					"poison"
				],
				"weaknesses": [
					{
						"amount": 10,
						"name": "good"
					}
				]
			},
			"hasImages": true
		},
		{
			"name": "Excorion",
			"source": "AoE2",
			"page": 82,
			"level": 7,
			"traits": [
				"uncommon",
				"ne",
				"medium",
				"undead"
			],
			"perception": {
				"std": 18
			},
			"senses": [
				{
					"name": "darkvision"
				}
			],
			"skills": {
				"acrobatics": {
					"std": 16
				},
				"athletics": {
					"std": 17
				},
				"stealth": {
					"std": 16
				}
			},
			"abilityMods": {
				"str": 4,
				"dex": 5,
				"con": 4,
				"int": -3,
				"wis": 1,
				"cha": 0
			},
			"speed": {
				"walk": 35
			},
			"attacks": [
				{
					"range": "Melee",
					"name": "fist",
					"attack": 18,
					"traits": [
						"agile",
						"finesse"
					],
					"effects": [
						"Grab"
					],
					"damage": "{@damage 2d8+8} bludgeoning plus Grab",
					"types": [
						"bludgeoning"
					]
				},
				{
					"range": "Ranged",
					"name": "bloody spew",
					"attack": 18,
					"traits": [
						"range <20 feet>"
					],
					"damage": "{@damage 3d6+4} bludgeoning and {@condition dazzled} for 1 round",
					"types": [
						"bludgeoning",
						"round"
					]
				}
			],
			"abilities": {
				"mid": [
					{
						"entries": [
							"The excorion moves about by way of hundreds of pulsating blood vessels, which stretch from its body in dozens of tight, ropy bundles and anchor it to the ground. An excorion cannot be."
						],
						"name": "Vein Walker"
					},
					{
						"entries": [
							"Shoved, or otherwise forcibly moved except by magic, and the excorion ignores {@quickref difficult terrain||3|terrain} (but not {@quickref greater difficult terrain||3|terrain})."
						],
						"name": "Tripped"
					}
				],
				"bot": [
					{
						"activity": {
							"number": 1,
							"unit": "action"
						},
						"entries": [
							"The excorion plants a magical handprint on the target, marking them as chosen for death. The excorion makes a fist {@action Strike} against an adjacent creature; this does not count toward the excorion's multiple attack penalty. On a hit, the attack does no damage, but the creature becomes {@condition observed} to every excorion within 60 feet, even if an excorion's line of sight would be blocked by a wall or other obstacle. This effect lasts until the handprint is washed off, which requires water and spending 3 actions to fully clean off."
						],
						"name": "Bloody Handprint"
					},
					{
						"activity": {
							"number": 2,
							"unit": "action"
						},
						"requirements": "The excorion has at least 70",
						"name": "Vital Transfusion"
					},
					{
						"entries": [
							"The excorion sacrifices itself and transfers its bloody, vital energy to a willing living creature within 30 feet. The excorion is immediately destroyed, and the targeted living creature heals a number of HP equal to half the excorion's remaining HP at the time that it used this ability. The living creature is {@condition slowed|CRB|slowed 1} during its next turn as its body adjusts to the newly transfused blood and vital energy; the living creature also counts as an excorion for 1 minute for the purpose of seeing other excorions' Bloody Handprint marks."
						],
						"name": "Hit Points; Effect"
					},
					{
						"activity": {
							"number": 1,
							"unit": "action"
						},
						"entries": [
							"The excorion spews necrotic blood all over a foe it has {@condition grabbed}.",
							"The {@condition grabbed} creature must succeed at a DC 25 Fortitude save or become {@condition sickened|CRB|sickened 2}."
						],
						"name": "Vomit Blood"
					}
				]
			},
			"defenses": {
				"ac": {
					"std": 24
				},
				"savingThrows": {
					"fort": {
						"std": 17
					},
					"ref": {
						"std": 18
					},
					"will": {
						"std": 14
					}
				},
				"hp": [
					{
						"hp": 160,
						"abilities": [
							"negative healing"
						]
					}
				],
				"immunities": [
					"mental",
					"death effects",
					"disease"
				],
				"weaknesses": [
					{
						"amount": 10,
						"name": "positive"
					},
					{
						"amount": 5,
						"name": "slashing"
					}
				]
			},
			"hasImages": true
		},
		{
			"name": "Fayati Alummur",
			"source": "AoE2",
			"page": 26,
			"level": 8,
			"traits": [
				"unique",
				"le",
				"medium",
				"human",
				"humanoid"
			],
			"description": "Female human guildmaster",
			"perception": {
				"std": 19
			},
			"languages": {
				"languages": [
					"common",
					"vudrani"
				]
			},
			"skills": {
				"acrobatics": {
					"std": 18
				},
				"deception": {
					"std": 18
				},
				"diplomacy": {
					"std": 16
				},
				"stealth": {
					"std": 18
				},
				"thievery": {
					"std": 18
				}
			},
			"abilityMods": {
				"str": 1,
				"dex": 6,
				"con": 1,
				"int": 0,
				"wis": 2,
				"cha": 4
			},
			"items": [
				"+1 daggers (3)",
				"moderate darkvision elixir",
				"jade bauble talisman (affixed to main-gauche)",
				"leather armor",
				"+1 striking main-gauche",
				"+1 striking rapier"
			],
			"speed": {
				"walk": 25
			},
			"attacks": [
				{
					"range": "Melee",
					"name": "rapier",
					"attack": 20,
					"traits": [
						"deadly <d8>",
						"disarm",
						"finesse"
					],
					"damage": "{@damage 2d6+5} piercing",
					"types": [
						"piercing"
					]
				},
				{
					"range": "Melee",
					"name": "main-gauche",
					"attack": 20,
					"traits": [
						"agile",
						"disarm",
						"finesse",
						"magical",
						"parry",
						"versatile <s>"
					],
					"damage": "{@damage 2d4+5} piercing",
					"types": [
						"piercing"
					]
				},
				{
					"range": "Melee",
					"name": "dagger",
					"attack": 20,
					"traits": [
						"agile",
						"finesse",
						"thrown <10 feet>",
						"versatile <s>"
					],
					"damage": "{@damage 1d4+5} piercing",
					"types": [
						"piercing"
					]
				},
				{
					"range": "Ranged",
					"name": "dagger",
					"attack": 20,
					"traits": [
						"agile",
						"finesse",
						"thrown <10 feet>",
						"versatile <s>"
					],
					"damage": "{@damage 1d4+5} piercing",
					"types": [
						"piercing"
					]
				}
			],
			"abilities": {
				"mid": [
					{
						"activity": {
							"number": 1,
							"unit": "reaction"
						},
						"trigger": "A creature targets Fayati with an attack and she can see the attacker",
						"entries": [
							"Fayati dodges out of the way, gaining a +2 circumstance bonus to AC against the triggering attack."
						],
						"name": "Nimble Dodge"
					},
					{
						"activity": {
							"number": 1,
							"unit": "reaction"
						},
						"trigger": "A creature within Fayati's reach is hit by a melee {@action Strike} from one of her allies",
						"entries": [
							"Fayati makes a {@action Strike} against the triggering creature."
						],
						"name": "Opportune Backstab"
					}
				],
				"bot": [
					{
						"activity": {
							"number": 1,
							"unit": "action"
						},
						"requirements": "Fayati's last attack was a successful melee {@action Strike} with her rapier",
						"entries": [
							"Fayati makes a main-gauche {@action Strike} against the same creature that she just hit. This {@action Strike} deals an additional {@damage 4d6} precision damage."
						],
						"name": "Deepen the Wound"
					},
					{
						"entries": [
							"Whenever Fayati critically succeeds at a {@action Strike} against a creature, until the start of her next turn, the first time that another member of the Copper Hand deals damage to that creature during their turn, they deal an additional {@damage 1d6} precision damage to it."
						],
						"name": "Guildmaster's Lead"
					},
					{
						"entries": [
							"Fayati deals {@dice 2d6} extra precision damage to {@condition flat-footed} creatures."
						],
						"name": "Sneak Attack",
						"generic": {
							"tag": "ability"
						}
					}
				]
			},
			"defenses": {
				"ac": {
					"std": 27
				},
				"savingThrows": {
					"fort": {
						"std": 15
					},
					"ref": {
						"std": 18
					},
					"will": {
						"std": 16
					}
				},
				"hp": [
					{
						"hp": 150
					}
				]
			}
		},
		{
			"name": "Frefferth",
			"source": "AoE2",
			"page": 35,
			"level": 9,
			"traits": [
				"unique",
				"le",
				"medium",
				"undead"
			],
			"perception": {
				"std": 18
			},
			"senses": [
				{
					"name": "lifesense",
					"range": 60
				}
			],
			"languages": {
				"languages": [
					"common",
					"necril"
				]
			},
			"skills": {
				"athletics": {
					"std": 21
				},
				"intimidation": {
					"std": 23
				},
				"stealth": {
					"std": 16
				},
				"survival": {
					"std": 17
				}
			},
			"abilityMods": {
				"str": 6,
				"dex": 3,
				"con": 3,
				"int": 3,
				"wis": 4,
				"cha": 6
			},
			"speed": {
				"walk": 20
			},
			"attacks": [
				{
					"range": "Melee",
					"name": "Alietta",
					"attack": 21,
					"traits": [
						"magical",
						"two-hand <d12>"
					],
					"damage": "{@damage 2d8+12} slashing",
					"types": [
						"slashing"
					]
				},
				{
					"range": "Melee",
					"name": "spear",
					"attack": 20,
					"traits": [
						"magical",
						"thrown <20 feet>"
					],
					"damage": "{@damage 1d6+12} piercing",
					"types": [
						"piercing"
					]
				},
				{
					"range": "Ranged",
					"name": "spear",
					"attack": 19,
					"traits": [
						"magical",
						"thrown <20 feet>"
					],
					"damage": "{@damage 1d6+12} piercing",
					"types": [
						"piercing"
					]
				}
			],
			"abilities": {
				"mid": [
					{
						"traits": [
							"aura",
							"emotion",
							"fear",
							"mental"
						],
						"entries": [
							"30 feet, DC 25"
						],
						"name": "Frightful Presence",
						"generic": {
							"tag": "ability"
						}
					},
					{
						"activity": {
							"number": 1,
							"unit": "reaction"
						},
						"name": "Attack of Opportunity",
						"generic": {
							"tag": "ability"
						}
					},
					{
						"traits": [
							"divine",
							"necromancy"
						],
						"entries": [
							"When Frefferth is destroyed, his body and items dissipate into shadowy nothingness and the knight re-forms after {@dice 1d4} days within the sarcophagus in area D12, fully healed. Frefferth can be trapped only by returning the chain of the stilled spirit to the sarcophagus (see areas D12 and D34), in which case Frefferth's body dissipates, leaving his items in the spot where he was last slain."
						],
						"name": "Rejuvenation"
					}
				],
				"bot": [
					{
						"entries": [
							"As dullahan."
						],
						"name": "Head Hunter",
						"entries_as_xyz": "Ability not found: 'Head Hunter As dullahan.' in Frefferth, p.35"
					},
					{
						"entries": [
							"Whenever Frefferth damages a creature with a critical hit using a ranged piercing weapon, the weapon remains impaled in the victim's body. The victim becomes {@condition clumsy|CRB|clumsy 1} as long as they are impaled; the impaling weapon can be removed by the affected creature or an adjacent ally as a 2-action activity that has the {@trait manipulate} trait."
						],
						"name": "Impaler"
					},
					{
						"activity": {
							"number": 2,
							"unit": "action"
						},
						"entries": [
							"As dullahan."
						],
						"name": "Reap",
						"entries_as_xyz": "Ability not found: 'Reap As dullahan.' in Frefferth, p.35"
					},
					{
						"activity": {
							"number": 2,
							"unit": "action"
						},
						"traits": [
							"conjuration",
							"occult"
						],
						"entries": [
							"As dullahan, except Frefferth summons a nightmare (Bestiary 244) instead.",
							"(This is already factored into Frefferth's level and the difficulty of this encounter.)"
						],
						"name": "Summon Steed"
					}
				]
			},
			"defenses": {
				"ac": {
					"std": 30
				},
				"savingThrows": {
					"fort": {
						"std": 14
					},
					"ref": {
						"std": 16
					},
					"will": {
						"std": 19
					}
				},
				"hp": [
					{
						"hp": 125,
						"abilities": [
							"fast healing 8"
						]
					}
				],
				"immunities": [
					"death effects",
					"disease",
					"fear"
				],
				"weaknesses": [
					{
						"amount": 10,
						"name": "good"
					}
				]
			}
		},
		{
			"name": "Giant Bone Skipper",
			"source": "AoE2",
			"page": 80,
			"level": 7,
			"traits": [
				"uncommon",
				"n",
				"large",
				"animal"
			],
			"perception": {
				"std": 17
			},
			"senses": [
				{
					"type": "imprecise",
					"name": "bonesense",
					"range": 30
				},
				{
					"name": "darkvision"
				}
			],
			"skills": {
				"acrobatics": {
					"std": 19
				},
				"athletics": {
					"std": 15
				},
				"stealth": {
					"std": 15
				}
			},
			"abilityMods": {
				"str": 4,
				"dex": 6,
				"con": 4,
				"int": -5,
				"wis": 2,
				"cha": -5
			},
			"speed": {
				"walk": 25,
				"fly": 40
			},
			"attacks": [
				{
					"range": "Melee",
					"name": "mandibles",
					"attack": 18,
					"effects": [
						"marrow rot"
					],
					"damage": "{@damage 2d10+6} piercing plus marrow rot",
					"types": [
						"piercing"
					]
				}
			],
			"abilities": {
				"top": [
					{
						"entries": [
							"A giant bone skipper identifies bones and creatures with a skeletal system in the listed range."
						],
						"name": "Bonesense"
					}
				],
				"bot": [
					{
						"activity": {
							"number": 1,
							"unit": "action"
						},
						"entries": [
							"The giant bone skipper Leaps up to 20 feet. It then makes a mandibles {@action Strike}, gaining a +1 circumstance bonus to its attack roll."
						],
						"name": "Leaping Charge"
					},
					{
						"entries": [
							"As bone skipper swarm, but DC 25."
						],
						"name": "Marrow Rot",
						"entries_as_xyz": [
							{
								"type": "affliction",
								"name": "",
								"traits": [
									"disease"
								],
								"note": "Marrow rot affects only creatures with a skeletal system",
								"DC": 24,
								"savingThrow": "Fortitude",
								"onset": "1 day",
								"stages": [
									{
										"stage": 1,
										"entry": "{@condition enfeebled|CRB|enfeebled 1}",
										"duration": "1 day"
									},
									{
										"stage": 2,
										"entry": "{@condition enfeebled|CRB|enfeebled 2}",
										"duration": "1 day"
									},
									{
										"stage": 3,
										"entry": "{@condition enfeebled|CRB|enfeebled 2} and {@condition drained|CRB|drained 1}",
										"duration": "1 day"
									}
								]
							}
						]
					}
				]
			},
			"defenses": {
				"ac": {
					"std": 25
				},
				"savingThrows": {
					"fort": {
						"std": 15
					},
					"ref": {
						"std": 17
					},
					"will": {
						"std": 15
					}
				},
				"hp": [
					{
						"hp": 115
					}
				]
			},
			"hasImages": true
		},
		{
			"name": "Kolo Harvan",
			"source": "AoE2",
			"page": 17,
			"level": 2,
			"traits": [
				"unique",
				"le",
				"small",
				"halfling",
				"humanoid"
			],
			"perception": {
				"std": 8
			},
			"languages": {
				"languages": [
					"common",
					"halfling"
				]
			},
			"skills": {
				"acrobatics": {
					"std": 7
				},
				"deception": {
					"std": 8
				},
				"diplomacy": {
					"std": 8
				},
				"stealth": {
					"std": 9
				},
				"thievery": {
					"std": 7
				}
			},
			"abilityMods": {
				"str": 0,
				"dex": 3,
				"con": 1,
				"int": 1,
				"wis": 0,
				"cha": 4
			},
			"items": [
				"daggers (5)",
				"standard skeleton key",
				"studded leather armor"
			],
			"speed": {
				"walk": 25
			},
			"attacks": [
				{
					"range": "Melee",
					"name": "dagger",
					"attack": 11,
					"traits": [
						"agile",
						"finesse",
						"versatile <s>"
					],
					"damage": "{@damage 1d4} piercing",
					"types": [
						"piercing"
					]
				},
				{
					"range": "Ranged",
					"name": "dagger",
					"attack": 11,
					"traits": [
						"agile",
						"thrown <10 feet>",
						"versatile <s>"
					],
					"damage": "{@damage 1d4+3} piercing",
					"types": [
						"piercing"
					]
				}
			],
			"abilities": {
				"mid": [
					{
						"activity": {
							"number": 1,
							"unit": "reaction"
						},
						"trigger": "A creature ends its movement adjacent to Kolo",
						"entries": [
							"Kolo {@action Step||Steps}."
						],
						"name": "Scurry"
					}
				],
				"bot": [
					{
						"entries": [
							"Kolo's melee {@action Strike||Strikes} deal an extra {@damage 1d6} precision damage to Medium or larger creatures."
						],
						"name": "Upward Stab"
					}
				]
			},
			"defenses": {
				"ac": {
					"std": 18
				},
				"savingThrows": {
					"fort": {
						"std": 5
					},
					"ref": {
						"std": 11
					},
					"will": {
						"std": 8
					}
				},
				"hp": [
					{
						"hp": 30
					}
				]
			}
		},
		{
			"name": "Najra Lizard",
			"source": "AoE2",
			"page": 83,
			"level": 4,
			"traits": [
				"uncommon",
				"cn",
				"tiny",
				"dragon"
			],
			"perception": {
				"std": 11
			},
			"senses": [
				{
					"name": "darkvision"
				},
				{
					"type": "imprecise",
					"name": "scent",
					"range": 30
				}
			],
			"languages": {
				"languages": [
					"draconic"
				]
			},
			"skills": {
				"acrobatics": {
					"std": 14
				},
				"deception": {
					"std": 10,
					"to Create a Diversion": 12
				},
				"stealth": {
					"std": 12
				},
				"survival": {
					"std": 12
				}
			},
			"abilityMods": {
				"str": -1,
				"dex": 4,
				"con": 2,
				"int": -1,
				"wis": 3,
				"cha": 2
			},
			"speed": {
				"walk": 30
			},
			"attacks": [
				{
					"range": "Melee",
					"name": "jaws",
					"attack": 14,
					"effects": [
						"najra lizard venom"
					],
					"damage": "{@damage 2d6} piercing plus najra lizard venom",
					"types": [
						"piercing"
					]
				},
				{
					"range": "Ranged",
					"name": "venomous spit",
					"attack": 14,
					"traits": [
						"agile",
						"poison",
						"range increment <20 feet>"
					],
					"effects": [
						"najra lizard venom"
					],
					"damage": "{@damage 1d4} poison plus najra lizard venom",
					"types": [
						"poison"
					]
				}
			],
			"abilities": {
				"mid": [
					{
						"activity": {
							"number": 1,
							"unit": "reaction"
						},
						"trigger": "Another creature in the najra lizard's square succeeds at a {@skill Deception} check to {@action Create a Diversion}",
						"entries": [
							"The najra lizard automatically successfully Creates a Diversion against the same targets."
						],
						"name": "Shared Diversion"
					}
				],
				"bot": [
					{
						"type": "affliction",
						"name": "Najra Lizard Venom",
						"note": "The creature is extremely thirsty and can't quench its thirst while poisoned",
						"DC": 21,
						"savingThrow": "Fortitude",
						"maxDuration": "4 hours",
						"stages": [
							{
								"stage": 1,
								"entry": "{@damage 1d4} poison damage, {@condition fatigued}, and {@dice 1d4} damage that can't be recovered until the creature quenches its thirst",
								"duration": "1 round"
							},
							{
								"stage": 2,
								"entry": "as stage 1",
								"duration": "1 hour"
							}
						]
					},
					{
						"entries": [
							"The najra lizard's melee {@action Strike||Strikes} deal {@damage 1d6} precision damage to creatures sharing a square with more than one najra lizard."
						],
						"name": "Najra Swarm Attack"
					}
				]
			},
			"defenses": {
				"ac": {
					"std": 21
				},
				"savingThrows": {
					"fort": {
						"std": 10
					},
					"ref": {
						"std": 12
					},
					"will": {
						"std": 11
					}
				},
				"hp": [
					{
						"hp": 60
					}
				],
				"immunities": [
					"paralyzed",
					"sleep"
				]
			},
			"hasImages": true
		},
		{
			"name": "Ofalth Zombie",
			"source": "AoE2",
			"page": 47,
			"level": 7,
			"traits": [
				"rare",
				"ne",
				"large",
				"aberration",
				"mindless",
				"undead",
				"zombie"
			],
			"perception": {
				"std": 15
			},
			"senses": [
				{
					"name": "darkvision"
				}
			],
			"skills": {
				"athletics": {
					"std": 20
				}
			},
			"abilityMods": {
				"str": 7,
				"dex": 3,
				"con": 6,
				"int": -5,
				"wis": 0,
				"cha": 2
			},
			"speed": {
				"walk": 30
			},
			"attacks": [
				{
					"range": "Melee",
					"name": "fist",
					"attack": 18,
					"traits": [
						"reach <10 feet>"
					],
					"effects": [
						"wretched weeps"
					],
					"damage": "{@damage 2d8+11} bludgeoning plus wretched weeps",
					"types": [
						"bludgeoning"
					]
				},
				{
					"range": "Ranged",
					"name": "fling offal",
					"attack": 17,
					"traits": [
						"range increment <30 feet>"
					],
					"effects": [
						"wretched weeps"
					],
					"damage": "{@damage 2d6+11} bludgeoning plus wretched weeps",
					"types": [
						"bludgeoning"
					]
				}
			],
			"abilities": {
				"top": [
					{
						"entries": [
							"The ofalth zombie is permanently {@condition slowed|CRB|slowed 1} and can't use reactions."
						],
						"name": "Slow"
					}
				],
				"mid": [
					{
						"entries": [
							"The ofalth zombie gains fast healing 2 as long as it is in the Catacombs or another area with a high concentration of dead."
						],
						"name": "Corpse Wallow"
					},
					{
						"traits": [
							"aura",
							"disease",
							"necromancy"
						],
						"entries": [
							"10 feet, DC 24.",
							"As zombie ability (Bestiary 340)."
						],
						"name": "Rotting Aura"
					}
				],
				"bot": [
					{
						"activity": {
							"number": 1,
							"unit": "action"
						},
						"entries": [
							"The ofalth zombie makes a fling offal {@action Strike} and compares the attack roll result to the AC of any foes within the area of a 15-foot cone emanating from the ofalth zombie. This counts as two attacks for the ofalth zombie's multiple attack penalty. The ofalth zombie can't use Bury in Offal again until it moves at least 10 feet to a different space."
						],
						"name": "Bury in Offal"
					},
					{
						"traits": [
							"disease"
						],
						"entries": [
							"As ofalth, but DC 22."
						],
						"name": "Wretched Weeps",
						"entries_as_xyz": "Ability not found: 'Wretched Weeps As ofalth, but DC 22.' in Ofalth Zombie, p.47"
					}
				]
			},
			"defenses": {
				"ac": {
					"std": 22
				},
				"savingThrows": {
					"fort": {
						"std": 18
					},
					"ref": {
						"std": 11
					},
					"will": {
						"std": 13
					}
				},
				"hp": [
					{
						"hp": 190,
						"abilities": [
							"negative healing"
						]
					}
				],
				"immunities": [
					"death effects",
					"disease"
				]
			}
		},
		{
			"name": "Shristi Melipdra",
			"source": "AoE2",
			"page": 91,
			"level": 7,
			"traits": [
				"unique",
				"lg",
				"medium",
				"human",
				"humanoid"
			],
			"description": "Male human guard captain",
			"perception": {
				"std": 18
			},
			"languages": {
				"languages": [
					"common",
					"goblin",
					"hallit",
					"vudrani"
				]
			},
			"skills": {
				"acrobatics": {
					"std": 16
				},
				"athletics": {
					"std": 17
				},
				"society": {
					"std": 13
				},
				"stealth": {
					"std": 16
				}
			},
			"abilityMods": {
				"str": 4,
				"dex": 3,
				"con": 2,
				"int": 0,
				"wis": 3,
				"cha": 1
			},
			"items": [
				"Foreign Guard uniform",
				"handcuffs (2; Pathfinder Adventure Path #157 77)",
				"victor's medallion from the Challenge of Sky and Heaven"
			],
			"speed": {
				"walk": 35
			},
			"attacks": [
				{
					"range": "Melee",
					"name": "skyward slash",
					"attack": 17,
					"traits": [
						"nonlethal",
						"unarmed",
						"versatile <p>"
					],
					"damage": "{@damage 2d10+4} slashing",
					"types": [
						"slashing"
					]
				},
				{
					"range": "Melee",
					"name": "fist",
					"attack": 17,
					"traits": [
						"agile",
						"finesse",
						"nonlethal",
						"unarmed"
					],
					"damage": "{@damage 2d6+4} bludgeoning",
					"types": [
						"bludgeoning"
					]
				}
			],
			"abilities": {
				"mid": [
					{
						"activity": {
							"number": 1,
							"unit": "reaction"
						},
						"name": "Attack of Opportunity",
						"generic": {
							"tag": "ability"
						}
					}
				],
				"bot": [
					{
						"activity": {
							"number": 1,
							"unit": "action"
						},
						"traits": [
							"flourish"
						],
						"entries": [
							"Shristi makes two unarmed {@action Strike||Strikes}. If both hit the same creature, combine their damage for the purposes of resistances and weaknesses. He applies his multiple attack penalty to the {@action Strike||Strikes} normally. As it has the {@trait flourish} trait, Shristi can use {@action Flurry of Blows} only once per turn."
						],
						"name": "Flurry of Blows"
					},
					{
						"activity": {
							"number": 1,
							"unit": "action"
						},
						"traits": [
							"electricity",
							"evocation",
							"sonic",
							"verbal"
						],
						"frequency": {
							"unit": "day",
							"number": 2
						},
						"entries": [
							"With a loud shout, Shristi unleashes his ki as a crackling shroud of thunder and lightning that engulfs his body. Until the end of his next turn, Shristi's unarmed {@action Strike||Strikes} and {@action Strike||Strikes} with weapons that have the {@trait monk} trait deal an additional 3 electricity damage and 3 sonic damage."
						],
						"name": "Heaven's Thunder"
					},
					{
						"activity": {
							"number": 1,
							"unit": "action"
						},
						"traits": [
							"stance"
						],
						"entries": [
							"Shristi enters a combat stance perfected by past champions of the Challenge of Sky and Heaven. While in this stance, the only {@action Strike||Strikes} Shristi can make are skyward slash unarmed attacks. These deal {@damage 1d10} slashing damage; are in the {@group brawling}; and have the {@trait nonlethal}, {@trait unarmed}, and {@trait versatile <P>} traits.",
							"While in Sky and Heaven Stance Shristi gains resistance 2 to electricity and sonic damage."
						],
						"name": "Sky and Heaven Stance"
					}
				]
			},
			"defenses": {
				"ac": {
					"std": 26
				},
				"savingThrows": {
					"fort": {
						"std": 13
					},
					"ref": {
						"std": 18
					},
					"will": {
						"std": 16
					}
				},
				"hp": [
					{
						"hp": 100
					}
				]
			}
		},
		{
			"name": "Skinsaw Murderer",
			"source": "AoE2",
			"page": 50,
			"level": 6,
			"traits": [
				"rare",
				"ce",
				"medium",
				"human",
				"humanoid"
			],
			"perception": {
				"std": 17
			},
			"languages": {
				"languages": [
					"common",
					"daemonic"
				]
			},
			"skills": {
				"acrobatics": {
					"std": 15
				},
				"deception": {
					"std": 12
				},
				"stealth": {
					"std": 15
				}
			},
			"abilityMods": {
				"str": 2,
				"dex": 5,
				"con": 4,
				"int": 0,
				"wis": 1,
				"cha": 0
			},
			"speed": {
				"walk": 25
			},
			"attacks": [
				{
					"range": "Melee",
					"name": "shortsword",
					"attack": 15,
					"traits": [
						"agile",
						"finesse",
						"magical",
						"versatile <s>"
					],
					"damage": "{@damage 1d6+5} piercing",
					"types": [
						"piercing"
					]
				},
				{
					"range": "Melee",
					"name": "war razor",
					"attack": 17,
					"traits": [
						"agile",
						"backstabber",
						"deadly <d8>",
						"finesse"
					],
					"damage": "{@damage 1d4+5} piercing",
					"types": [
						"piercing"
					]
				},
				{
					"range": "Ranged",
					"name": "dagger",
					"attack": 17,
					"traits": [
						"agile",
						"finesse",
						"thrown <10 feet>",
						"versatile <s>"
					],
					"damage": "{@damage 1d4+5} piercing",
					"types": [
						"piercing"
					]
				}
			],
			"abilities": {
				"bot": [
					{
						"activity": {
							"number": 1,
							"unit": "action"
						},
						"entries": [
							"{@damage 1d6+5} piercing Melee war razor +17 (agile, backstabber, deadly <d8>, finesse), Damage {@damage 1d4+5} piercing Ranged {@as 1} dagger +17 (agile, finesse, thrown <10 feet>, versatile S), Damage {@damage 1d4+5} piercing."
						],
						"name": "S), Damage"
					},
					{
						"entries": [
							"When attacking a {@condition flat-footed} creature, the Skinsaw murderer deals {@dice 1d6} additional precision damage."
						],
						"name": "Sneak Attack",
						"generic": {
							"tag": "ability"
						}
					},
					{
						"activity": {
							"number": 1,
							"unit": "action"
						},
						"traits": [
							"flourish"
						],
						"entries": [
							"As the ranger feat (Core Rulebook 171)."
						],
						"name": "Twin Takedown"
					}
				]
			},
			"defenses": {
				"ac": {
					"std": 22
				},
				"savingThrows": {
					"fort": {
						"std": 14
					},
					"ref": {
						"std": 17
					},
					"will": {
						"std": 9
					}
				},
				"hp": [
					{
						"hp": 120
					}
				]
			}
		},
		{
			"name": "Skinsaw Seamer",
			"source": "AoE2",
			"page": 51,
			"level": 8,
			"traits": [
				"rare",
				"le",
				"medium",
				"human",
				"humanoid"
			],
			"perception": {
				"std": 18
			},
			"languages": {
				"languages": [
					"common",
					"daemonic"
				]
			},
			"skills": {
				"acrobatics": {
					"std": 18
				},
				"athletics": {
					"std": 17
				},
				"deception": {
					"std": 16
				},
				"religion": {
					"std": 17
				},
				"thievery": {
					"std": 16
				},
				"norgorber lore": {
					"std": 16
				}
			},
			"abilityMods": {
				"str": 3,
				"dex": 4,
				"con": 0,
				"int": 2,
				"wis": 3,
				"cha": 2
			},
			"speed": {
				"walk": 25
			},
			"attacks": [
				{
					"range": "Melee",
					"name": "war razor",
					"attack": 20,
					"traits": [
						"agile",
						"backstabber",
						"deadly <d8>",
						"finesse"
					],
					"damage": "{@damage 1d4+7} piercing",
					"types": [
						"piercing"
					]
				},
				{
					"range": "Melee",
					"name": "shortsword",
					"attack": 18,
					"traits": [
						"agile",
						"finesse",
						"magical",
						"versatile <s>"
					],
					"damage": "{@damage 2d6+7} piercing",
					"types": [
						"piercing"
					]
				},
				{
					"range": "Ranged",
					"name": "dagger",
					"attack": 20,
					"traits": [
						"agile",
						"finesse",
						"thrown <10 feet>",
						"versatile <s>"
					],
					"damage": "{@damage 1d4+7} piercing",
					"types": [
						"piercing"
					]
				}
			],
			"abilities": {
				"mid": [
					{
						"activity": {
							"number": 1,
							"unit": "reaction"
						},
						"trigger": "A creature hits the seamer with a melee {@action Strike}",
						"entries": [
							"Every Skinsaw seamer keeps a sewing needle attached to a loop of thick silk, wrapped loosely around their hand not holding a weapon, which they can use in combat to snag or disarm attackers; ; The seamer attempts an {@skill Athletics} check to either {@action Grapple} or {@action Disarm} the triggering creature."
						],
						"name": "Wire Catch"
					}
				],
				"bot": [
					{
						"activity": {
							"number": 1,
							"unit": "action"
						},
						"entries": [
							"{@damage 2d6+7} piercing Ranged dagger +20 (agile, finesse, thrown <10 feet>, versatile S), Damage {@damage 1d4+7} piercing."
						],
						"name": "S), Damage"
					},
					{
						"activity": {
							"number": 1,
							"unit": "action"
						},
						"requirements": "The Skinsaw seamer dealt damage with a melee weapon other than its war razor with their last action",
						"entries": [
							"The seamer makes a war razor {@action Strike} against the same creature that they just damaged. On a hit, the seamer slices a strip of flesh from the target and deals {@damage 1d6} {@condition persistent damage||persistent bleed damage} in addition to the war razor's usual damage."
						],
						"name": "Flay"
					},
					{
						"activity": {
							"number": 2,
							"unit": "action"
						},
						"requirements": "The Skinsaw seamer is currently grappling a creature",
						"entries": [
							"The seamer stitches a piece of cloth to the creature's arm, face, or leg, potentially hindering it. The creature must attempt a DC 26 Reflex saving throw; if the seamer has already successfully used their Flay ability against the creature within the past minute, the creature's save result is one degree of success worse.",
							{
								"type": "successDegree",
								"entries": {
									"Critical Success": "The creature is unaffected.",
									"Success": "The creature takes {@damage 1d4} piercing damage.",
									"Failure": "The creature is {@condition clumsy|CRB|clumsy 1}, {@condition dazzled}, {@condition enfeebled|CRB|enfeebled 1}, or {@condition flat-footed} (seamer's choice). This effect lasts until the creature spends a single action to tear out the stitching, which deals {@damage 1d6} piercing damage to it.",
									"Critical Failure": "The creature is {@condition clumsy|CRB|clumsy 2}, {@condition blinded}, {@condition enfeebled|CRB|enfeebled 2}, or {@condition flat-footed} (seamer's choice). This effect lasts until the creature spends 2 actions to tear out the stitching, which deals {@damage 2d6} piercing damage to it."
								}
							}
						],
						"name": "Quick Stitch"
					}
				]
			},
			"defenses": {
				"ac": {
					"std": 26
				},
				"savingThrows": {
					"fort": {
						"std": 16
					},
					"ref": {
						"std": 18
					},
					"will": {
						"std": 17
					}
				},
				"hp": [
					{
						"hp": 130
					}
				]
			}
		},
		{
			"name": "Skinstitch",
			"source": "AoE2",
			"page": 84,
			"level": 5,
			"traits": [
				"uncommon",
				"n",
				"large",
				"construct",
				"mindless"
			],
			"perception": {
				"std": 12
			},
			"senses": [
				{
					"name": "darkvision"
				}
			],
			"skills": {
				"athletics": {
					"std": 15
				}
			},
			"abilityMods": {
				"str": 6,
				"dex": 3,
				"con": 5,
				"int": -5,
				"wis": 0,
				"cha": 0
			},
			"speed": {
				"walk": 25
			},
			"attacks": [
				{
					"range": "Melee",
					"name": "blade",
					"attack": 15,
					"traits": [
						"agile",
						"sweep"
					],
					"damage": "{@damage 2d4+8} slashing",
					"types": [
						"slashing"
					]
				},
				{
					"range": "Melee",
					"name": "cudgel",
					"attack": 15,
					"traits": [
						"forceful",
						"reach <10 feet>"
					],
					"damage": "{@damage 2d8+8} bludgeoning",
					"types": [
						"bludgeoning"
					]
				}
			],
			"abilities": {
				"mid": [
					{
						"entries": [
							"The rotting hides and molding straw stuffing of skinstitches are ideal nesting grounds for vermin and insect swarms. Any animal swarm sharing a space with a skinstitch gains fast healing 3. Additionally, if a creature deals at least 10 piercing or slashing damage to the skinstitch, the swarm can use its swarming bites {@action Strike} (or similar attack) against the attacker as a reaction."
						],
						"name": "Pest Haven"
					}
				],
				"bot": [
					{
						"activity": {
							"number": 2,
							"unit": "action"
						},
						"entries": [
							"The skinstitch makes a blade {@action Strike} against an animal or humanoid. On a success, the skinstitch slices a long strip of flesh from the target; if the skinstitch dealt damage, it deals an additional {@damage 1d6} {@condition persistent damage||persistent bleed damage}."
						],
						"name": "Flay"
					},
					{
						"activity": {
							"number": 1,
							"unit": "action"
						},
						"traits": [
							"manipulate"
						],
						"requirements": "The skinstitch hasn't used this ability since the last time it successfully used its Flay ability",
						"entries": [
							"The skinstitch sews flayed flesh to its body to seal tears and rents. The skinstitch regains 8 Hit Points."
						],
						"name": "Stitch Skin"
					}
				]
			},
			"defenses": {
				"ac": {
					"std": 22
				},
				"savingThrows": {
					"fort": {
						"std": 16
					},
					"ref": {
						"std": 14
					},
					"will": {
						"std": 7
					}
				},
				"hp": [
					{
						"hp": 95
					}
				],
				"immunities": [
					"bleed",
					"death effects",
					"disease",
					"doomed"
				],
				"weaknesses": [
					{
						"amount": 5,
						"name": "fire"
					}
				]
			},
			"hasImages": true
		},
		{
			"name": "Tenome",
			"source": "AoE2",
			"page": 85,
			"level": 4,
			"traits": [
				"ne",
				"medium",
				"humanoid"
			],
			"perception": {
				"std": 14
			},
			"senses": [
				{
					"name": "darkvision"
				}
			],
			"languages": {
				"languages": [
					"common"
				]
			},
			"skills": {
				"acrobatics": {
					"std": 12
				},
				"athletics": {
					"std": 11
				},
				"deception": {
					"std": 10
				},
				"intimidation": {
					"std": 10
				},
				"survival": {
					"std": 8
				}
			},
			"abilityMods": {
				"str": 4,
				"dex": 5,
				"con": 3,
				"int": 0,
				"wis": 0,
				"cha": 2
			},
			"speed": {
				"walk": 25
			},
			"attacks": [
				{
					"range": "Melee",
					"name": "jaws",
					"attack": 14,
					"damage": "{@damage 2d8+4} piercing",
					"types": [
						"piercing"
					]
				},
				{
					"range": "Melee",
					"name": "claw",
					"attack": 14,
					"traits": [
						"agile"
					],
					"effects": [
						"Grab"
					],
					"damage": "{@damage 2d6+4} slashing plus Grab",
					"types": [
						"slashing"
					]
				}
			],
			"abilities": {
				"mid": [
					{
						"entries": [
							"While the tenome is Grabbing a creature, all other creatures are {@condition concealed} to the tenome."
						],
						"name": "Obscuring Grab"
					}
				],
				"bot": [
					{
						"activity": {
							"number": 2,
							"unit": "action"
						},
						"traits": [
							"healing",
							"necromancy",
							"occult"
						],
						"requirements": "The tenome has a creature {@condition grabbed} or {@condition restrained}",
						"entries": [
							"The tenome makes a jaws {@action Strike} against the {@condition grabbed} or {@condition restrained} creature. If the {@action Strike} hits, the creature must succeed at a DC 18 Fortitude save or become {@condition drained|CRB|drained 1} (or the value of the creature's {@condition drained} condition increases by 1 if it already has a {@condition drained} value, to a maximum of {@condition drained|CRB|drained 4}). The tenome regains {@dice 1d8} Hit Points each time it uses Bone Drink."
						],
						"name": "Bone Drink"
					},
					{
						"activity": {
							"number": 1,
							"unit": "action"
						},
						"entries": [
							"The tenome {@action Stride||Strides} twice, {@action Step||Steps} twice, or {@action Step||Steps} and {@action Stride||Strides} (in either order). It cannot use Burst of Speed again for {@dice 1d4} rounds."
						],
						"name": "Burst of Speed"
					},
					{
						"activity": {
							"number": 1,
							"unit": "action"
						},
						"traits": [
							"or"
						],
						"entries": [
							"{@as 2} (emotion, enchantment, fear, incapacitation, mental, occult, visual) A tenome can gaze at a creature within 30 feet by presenting one of its eyes. The target must succeed at a DC 21 Will save or become {@condition frightened|CRB|frightened 1}. If the tenome uses 2 actions and presents both of its eyes, the target is also {@condition paralyzed} if it fails the save. A creature that successfully saves is temporarily immune for 24 hours."
						],
						"name": "Terrifying Gaze"
					}
				]
			},
			"defenses": {
				"ac": {
					"std": 21
				},
				"savingThrows": {
					"fort": {
						"std": 13
					},
					"ref": {
						"std": 15
					},
					"will": {
						"std": 12
					}
				},
				"hp": [
					{
						"hp": 60
					}
				]
			},
			"hasImages": true
		},
		{
			"name": "Teraphant",
			"source": "AoE2",
			"page": 86,
			"level": 9,
			"traits": [
				"uncommon",
				"n",
				"huge",
				"beast"
			],
			"perception": {
				"std": 18
			},
			"senses": [
				{
					"name": "emotion sense",
					"range": 120
				},
				{
					"name": "low-light vision"
				}
			],
			"languages": {
				"languages": [
					"vudrani (can't speak any language)"
				]
			},
			"skills": {
				"athletics": {
					"std": 20
				},
				"intimidation": {
					"std": 18
				},
				"survival": {
					"std": 18
				}
			},
			"abilityMods": {
				"str": 7,
				"dex": 1,
				"con": 5,
				"int": -2,
				"wis": 3,
				"cha": 3
			},
			"speed": {
				"walk": 45
			},
			"attacks": [
				{
					"range": "Melee",
					"name": "horn",
					"attack": 20,
					"traits": [
						"reach <10 feet>"
					],
					"damage": "{@damage 3d6+9} piercing",
					"types": [
						"piercing"
					]
				},
				{
					"range": "Melee",
					"name": "trunk",
					"attack": 20,
					"traits": [
						"reach <15 feet>"
					],
					"effects": [
						"grabbing trunk"
					]
				},
				{
					"range": "Melee",
					"name": "foot",
					"attack": 20,
					"traits": [
						"reach <10 feet>"
					],
					"damage": "{@damage 3d10+9} bludgeoning",
					"types": [
						"bludgeoning"
					]
				}
			],
			"abilities": {
				"top": [
					{
						"traits": [
							"emotion",
							"mental"
						],
						"entries": [
							"A teraphant can sense the emotions of creatures within 120 feet as an imprecise sense.",
							"Emotion sense is a precise sense against creatures under an {@trait emotion} effect. A creature under the effects of calm emotions can't be noticed via emotion sense."
						],
						"name": "Emotion Sense"
					}
				],
				"mid": [
					{
						"activity": {
							"number": 1,
							"unit": "reaction"
						},
						"trigger": "A creature within 60 feet of the teraphant is targeted by a spell or ability with the {@trait emotion} trait",
						"entries": [
							"The teraphant also benefits from the spell or effect, as though it were an additional target for 1 minute or until the triggering spell or ability ends."
						],
						"name": "Empathetic Response"
					}
				],
				"bot": [
					{
						"entries": [
							"A Medium or smaller creature hit by the teraphant's trunk is {@condition grabbed}. If the teraphant moves, it can bring the {@condition grabbed} creature along with it."
						],
						"name": "Grabbing Trunk"
					},
					{
						"activity": {
							"number": 2,
							"unit": "action"
						},
						"requirements": "The teraphant has a creature {@condition grabbed}",
						"entries": [
							"The teraphant slams the creature onto one of its horns. The target must attempt a DC 27 Reflex save or suffer {@damage 3d6+9} piercing damage and {@damage 1d6} {@condition persistent damage||persistent bleed damage} ({@damage 6d6+18} piercing damage on a critical failure)."
						],
						"name": "Impale"
					},
					{
						"activity": {
							"number": 2,
							"unit": "action"
						},
						"entries": [
							"The teraphant lets out a loud trumpet that deals {@damage 8d8} mental damage (DC 27 basic Will save) in a 30-foot cone. A creature that fails its save is also pushed 15 feet (30 feet on a critical failure). If a pushed creatures strikes a solid barrier, it takes {@damage 3d6} bludgeoning damage and stops. The teraphant can't use."
						],
						"name": "Psychokinetic Trumpet"
					},
					{
						"entries": [
							"Trumpet again for {@dice 1d4} rounds."
						],
						"name": "Psychokinetic"
					},
					{
						"activity": {
							"number": 3,
							"unit": "action"
						},
						"entries": [
							"Large or smaller, foot, DC 27"
						],
						"name": "Trample",
						"generic": {
							"tag": "ability"
						}
					}
				]
			},
			"defenses": {
				"ac": {
					"std": 27
				},
				"savingThrows": {
					"fort": {
						"std": 20
					},
					"ref": {
						"std": 14
					},
					"will": {
						"std": 18
					}
				},
				"hp": [
					{
						"hp": 175
					}
				]
			},
			"hasImages": true
		},
		{
			"name": "Vaultbreaker Ooze",
			"source": "AoE2",
			"page": 87,
			"level": 6,
			"traits": [
				"uncommon",
				"n",
				"large",
				"mindless",
				"ooze"
			],
			"perception": {
				"std": 10
			},
			"senses": [
				{
					"type": "imprecise",
					"name": "motion sense",
					"range": 60
				}
			],
			"skills": {
				"thievery": {
					"std": 17
				}
			},
			"abilityMods": {
				"str": 4,
				"dex": 2,
				"con": 7,
				"int": -5,
				"wis": 0,
				"cha": -5
			},
			"speed": {
				"walk": 20,
				"climb": 10
			},
			"attacks": [
				{
					"range": "Melee",
					"name": "pseudopod",
					"attack": 17,
					"damage": "{@damage 1d8+8} bludgeoning plus {@damage 2d6} acid",
					"types": [
						"acid",
						"bludgeoning"
					]
				}
			],
			"abilities": {
				"top": [
					{
						"entries": [
							"A vaultbreaker ooze can sense nearby motion through vibration and air movement."
						],
						"name": "Motion Sense"
					},
					{
						"entries": [
							"The vaultbreaker ooze's metallic plasm alerts it to the presence of metals with the {@trait precious} trait (including gold and platinum) within 30 feet."
						],
						"name": "Treasure Sense"
					}
				],
				"mid": [
					{
						"activity": {
							"number": 1,
							"unit": "reaction"
						},
						"traits": [
							"manipulate",
							"polymorph",
							"transmutation"
						],
						"trigger": "A creature {@action Strike||Strikes} the vaultbreaker ooze",
						"entries": [
							"The ooze's outer plasm hardens into a protective shell of precious metals. Until the start of its next turn, it gains resistance 5 to physical damage (except adamantine), it has a \u20135-foot penalty to its Speed, and its pseudopod {@action Strike||Strikes} gain the versatile."
						],
						"name": "Metallify"
					},
					{
						"entries": [
							"P weapon trait."
						],
						"name": "S or"
					}
				],
				"bot": [
					{
						"activity": {
							"number": 2,
							"unit": "action"
						},
						"entries": [
							"DC 23, {@damage 2d8+9} acid, {@action Escape} DC 23, Rupture 14 (19 when using Metallify)"
						],
						"name": "Engulf",
						"generic": {
							"tag": "ability"
						}
					},
					{
						"activity": {
							"number": 2,
							"unit": "action"
						},
						"traits": [
							"manipulate",
							"polymorph",
							"transmutation"
						],
						"entries": [
							"The vaultbreaker ooze instinctually shapes its pseudopod into a key, lockpick, or tool required to bypass a locking mechanism; it uses this pseudopod as thieves' tools to {@action Pick a Lock} or {@action Disable a Device}."
						],
						"name": "Form Tool"
					}
				]
			},
			"defenses": {
				"ac": {
					"std": 13
				},
				"savingThrows": {
					"fort": {
						"std": 17
					},
					"ref": {
						"std": 10
					},
					"will": {
						"std": 8
					}
				},
				"hp": [
					{
						"hp": 150
					}
				],
				"immunities": [
					"acid",
					"mental",
					"critical hits"
				]
			},
			"hasImages": true
		},
		{
			"name": "Wrent Dicaspiron",
			"source": "AoE2",
			"page": 89,
			"level": 10,
			"traits": [
				"unique",
				"ce",
				"medium",
				"human",
				"humanoid"
			],
			"perception": {
				"std": 22
			},
			"languages": {
				"languages": [
					"common",
					"daemonic"
				]
			},
			"skills": {
				"acrobatics": {
					"std": 20
				},
				"athletics": {
					"std": 22
				},
				"religion": {
					"std": 17
				},
				"thievery": {
					"std": 16
				}
			},
			"abilityMods": {
				"str": 6,
				"dex": 4,
				"con": 4,
				"int": -2,
				"wis": 1,
				"cha": 2
			},
			"speed": {
				"walk": 25
			},
			"attacks": [
				{
					"range": "Melee",
					"name": "cleaver",
					"attack": 24,
					"traits": [
						"forceful",
						"sweep"
					],
					"damage": "{@damage 2d8+8} slashing",
					"types": [
						"slashing"
					]
				},
				{
					"range": "Melee",
					"name": "spiked chain",
					"attack": 22,
					"traits": [
						"disarm",
						"finesse",
						"reach <15 feet>",
						"trip"
					],
					"effects": [
						"Grab"
					],
					"damage": "{@damage 2d8+6} piercing plus Grab",
					"types": [
						"piercing"
					]
				}
			],
			"abilities": {
				"top": [
					{
						"entries": [
							"Skinsaw sanctum vault, modified spiked chains (2)"
						],
						"name": "to the"
					}
				],
				"mid": [
					{
						"activity": {
							"number": 1,
							"unit": "reaction"
						},
						"name": "Attack of Opportunity",
						"generic": {
							"tag": "ability"
						}
					}
				],
				"bot": [
					{
						"entries": [
							"Any creature taking {@condition persistent damage||persistent bleed damage} is {@condition flat-footed} against the Skinner's attacks. When attacking a {@condition flat-footed} creature, the Skinner deals an additional {@damage 2d6} precision damage."
						],
						"name": "Bloody Sneak Attack"
					},
					{
						"entries": [
							"Skinner can effectively wield abnormally long spiked chains and can do so using only one hand."
						],
						"name": "Chain Expert The"
					},
					{
						"activity": {
							"number": 1,
							"unit": "free"
						},
						"requirements": "The Skinner has an adjacent creature {@condition grabbed} with her spiked chain",
						"entries": [
							"The Skinner attempts an {@skill Athletics} check against the {@condition grabbed} creature's Reflex save."
						],
						"name": "Chain Up"
					},
					{
						"entries": [
							"On a success, the Skinner knots her chain around the {@condition grabbed} creature, which becomes {@condition restrained} ({@action Escape} DC = 10 + the result of the Skinner's {@skill Athletics} check); on a critical success, the creature also falls {@condition prone}. Regardless of whether the Skinner succeeds, she drops the chain."
						],
						"name": "DC."
					},
					{
						"entries": [
							"Skinner makes a successful cleaver {@action Strike} against a {@condition grabbed} creature, she also deals {@damage 1d6} {@condition persistent damage||persistent bleed damage} (or {@dice 2d6} on a critical hit)."
						],
						"name": "Flay Whenever the"
					},
					{
						"activity": {
							"number": 2,
							"unit": "action"
						},
						"requirements": "The Skinner has a creature {@condition grabbed} with her spiked chain",
						"entries": [
							"The Skinner pulls the creature into the nearest open adjacent square and makes a cleaver {@action Strike} against the creature."
						],
						"name": "Hook and Flay"
					}
				]
			},
			"defenses": {
				"ac": {
					"std": 30
				},
				"savingThrows": {
					"fort": {
						"std": 22
					},
					"ref": {
						"std": 20
					},
					"will": {
						"std": 17
					}
				},
				"hp": [
					{
						"hp": 180
					}
				]
			}
		}
	]
}
