{
	"_meta": {
		"internalCopies": [
			"creature"
		]
	},
	"creature": [
		{
			"name": "Abberton Ruffians",
			"source": "EC1",
			"page": 9,
			"level": -1,
			"traits": [
				"ne",
				"medium",
				"human",
				"humanoid"
			],
			"description": "Human ruffians (3)",
			"perception": {
				"std": 4
			},
			"languages": {
				"languages": [
					"common"
				]
			},
			"skills": {
				"athletics": {
					"std": 5
				},
				"deception": {
					"std": 3
				},
				"intimidation": {
					"std": 3
				},
				"thievery": {
					"std": 3
				},
				"gambling lore": {
					"std": 1
				}
			},
			"abilityMods": {
				"str": 3,
				"dex": 1,
				"con": 2,
				"int": -1,
				"wis": 2,
				"cha": 1
			},
			"items": [
				"bottles (2)",
				"dagger"
			],
			"speed": {
				"walk": 25
			},
			"attacks": [
				{
					"range": "Melee",
					"name": "dagger",
					"attack": 7,
					"traits": [
						"agile",
						"thrown <10 feet>",
						"versatile <s>"
					],
					"damage": "{@damage 1d4+3} piercing",
					"types": [
						"piercing"
					]
				},
				{
					"range": "Melee",
					"name": "fist",
					"attack": 7,
					"traits": [
						"agile",
						"nonlethal"
					],
					"damage": "{@damage 1d4+3} bludgeoning",
					"types": [
						"bludgeoning"
					]
				},
				{
					"range": "Ranged",
					"name": "thrown bottle",
					"attack": 5,
					"traits": [
						"range <10 feet>"
					],
					"damage": "{@damage 1d6+3} bludgeoning",
					"types": [
						"bludgeoning"
					]
				}
			],
			"abilities": {
				"bot": [
					{
						"activity": {
							"number": 1,
							"unit": "action"
						},
						"requirements": "The ruffian hasn't acted yet on their turn",
						"entries": [
							"The ruffian uses an {@action Interact} action to draw their dagger, then uses {@action Demoralize}."
						],
						"name": "Opening Threat"
					}
				]
			},
			"defenses": {
				"ac": {
					"std": 13
				},
				"savingThrows": {
					"fort": {
						"std": 5
					},
					"ref": {
						"std": 5
					},
					"will": {
						"std": 2
					}
				},
				"hp": [
					{
						"hp": 8
					}
				]
			}
		},
		{
			"name": "Abrikandilu",
			"source": "EC1",
			"page": 81,
			"level": 4,
			"traits": [
				"ce",
				"medium",
				"demon",
				"fiend"
			],
			"perception": {
				"std": 10
			},
			"senses": [
				{
					"name": "darkvision"
				}
			],
			"languages": {
				"languages": [
					"abyssal",
					"celestial",
					"draconic"
				],
				"abilities": [
					"telepathy 100 feet"
				]
			},
			"skills": {
				"athletics": {
					"std": 12
				},
				"intimidation": {
					"std": 8
				}
			},
			"abilityMods": {
				"str": 4,
				"dex": 1,
				"con": 3,
				"int": -2,
				"wis": 2,
				"cha": 0
			},
			"speed": {
				"walk": 25
			},
			"attacks": [
				{
					"range": "Melee",
					"name": "claw",
					"attack": 14,
					"traits": [
						"agile"
					],
					"damage": "{@damage 2d6+4} slashing",
					"types": [
						"slashing"
					]
				},
				{
					"range": "Melee",
					"name": "jaws",
					"attack": 14,
					"effects": [
						"mutilating bite"
					],
					"damage": "{@damage 3d6+4} piercing plus mutilating bite",
					"types": [
						"piercing"
					]
				},
				{
					"range": "Ranged",
					"name": "hurled debris",
					"attack": 11,
					"traits": [
						"range increment <20 feet>"
					],
					"damage": "{@damage 2d6+4} bludgeoning",
					"types": [
						"bludgeoning"
					]
				}
			],
			"spellcasting": [
				{
					"type": "Innate",
					"tradition": "divine",
					"DC": 20,
					"entry": {
						"2": {
							"spells": [
								{
									"name": "fear",
									"amount": 2
								}
							]
						}
					}
				}
			],
			"abilities": {
				"mid": [
					{
						"entries": [
							"A wrecker demon loathes the sight of its own reflection. When a creature Interacts with a mirror within sight of the wrecker demon, the demon takes a \u20132 penalty to Will saves against {@skill Intimidation} checks. A wrecker demon that ends its turn adjacent to a mirror or that is attacked by a creature holding a mirror takes {@damage 1d6} mental damage (this usually leads wrecker demons to focus their efforts on destroying nearby mirrors using Wreck)."
						],
						"name": "Hatred of Mirrors"
					}
				],
				"bot": [
					{
						"traits": [
							"curse",
							"divine",
							"necromancy"
						],
						"entries": [
							"When the wrecker demon hits a creature with a jaws {@action Strike}, the creature must succeed at a DC 21 Fortitude save or become physically mutilated. The creature then takes a \u20131 status penalty to Charisma-based checks.",
							"This penalty is cumulative up to \u20133, and remains even if the wounds are healed.",
							"The penalty is reduced by 1 every 24 hours until it reaches 0."
						],
						"name": "Mutilating Bite"
					},
					{
						"activity": {
							"number": 1,
							"unit": "action"
						},
						"entries": [
							"The wrecker demon makes two claw {@action Strike||Strikes} against an object (if the object is worn or held by a creature, this action gains the {@trait manipulate} trait). If both {@action Strike||Strikes} hit, combine their damage for the purpose of overcoming its Hardness. These {@action Strike||Strikes} do not count toward the wrecker demon's multiple attack penalty, nor does that penalty apply to these {@action Strike||Strikes}."
						],
						"name": "Wreck"
					}
				]
			},
			"defenses": {
				"ac": {
					"std": 19
				},
				"savingThrows": {
					"fort": {
						"std": 15
					},
					"ref": {
						"std": 9
					},
					"will": {
						"std": 7
					}
				},
				"hp": [
					{
						"hp": 70
					}
				],
				"weaknesses": [
					{
						"amount": 5,
						"name": "cold iron"
					},
					{
						"amount": 5,
						"name": "good"
					}
				]
			},
			"hasImages": true
		},
		{
			"name": "Blood Wolf",
			"source": "EC1",
			"page": 43,
			"level": 3,
			"traits": [
				"uncommon",
				"ne",
				"medium",
				"animal",
				"fiend"
			],
			"perception": {
				"std": 9
			},
			"senses": [
				{
					"name": "darkvision"
				},
				{
					"type": "imprecise",
					"name": "scent",
					"range": 30
				}
			],
			"skills": {
				"acrobatics": {
					"std": 8
				},
				"athletics": {
					"std": 10
				},
				"intimidation": {
					"std": 8
				},
				"survival": {
					"std": 9
				}
			},
			"abilityMods": {
				"str": 5,
				"dex": 3,
				"con": 2,
				"int": -4,
				"wis": 2,
				"cha": -1
			},
			"speed": {
				"walk": 30
			},
			"attacks": [
				{
					"range": "Melee",
					"name": "jaws",
					"attack": 12,
					"effects": [
						"Knockdown"
					],
					"damage": "{@damage 1d8+5} piercing plus Knockdown",
					"types": [
						"piercing"
					]
				}
			],
			"abilities": {
				"mid": [
					{
						"activity": {
							"number": 1,
							"unit": "reaction"
						},
						"name": "Attack of Opportunity",
						"generic": {
							"tag": "ability"
						}
					}
				],
				"bot": [
					{
						"activity": {
							"number": 1,
							"unit": "action"
						},
						"traits": [
							"move"
						],
						"entries": [
							"The blood wolf moves up to half its Speed. This movement doesn't trigger reactions. At the end of the movement, it attempts an {@skill Intimidation} check to {@action Demoralize} a target within 5 feet of it. This {@skill Intimidation} check doesn't take the \u20134 circumstance penalty for the wolf not speaking a language."
						],
						"name": "Aggressive Rush"
					},
					{
						"entries": [
							"The blood wolf's {@action Strike||Strikes} deal an extra {@dice 1d6} damage to creatures within reach of at least two of the wolf's allies."
						],
						"name": "Pack Attack"
					}
				]
			},
			"defenses": {
				"ac": {
					"std": 18
				},
				"savingThrows": {
					"fort": {
						"std": 11
					},
					"ref": {
						"std": 9
					},
					"will": {
						"std": 7
					}
				},
				"hp": [
					{
						"hp": 50
					}
				],
				"weaknesses": [
					{
						"amount": 3,
						"name": "good"
					}
				],
				"resistances": [
					{
						"amount": 5,
						"name": "electricity"
					}
				]
			}
		},
		{
			"name": "Bone Croupier",
			"source": "EC1",
			"page": 80,
			"level": 5,
			"traits": [
				"ne",
				"medium",
				"undead"
			],
			"perception": {
				"std": 11
			},
			"senses": [
				{
					"name": "darkvision"
				}
			],
			"languages": {
				"languages": [
					"common"
				]
			},
			"skills": {
				"acrobatics": {
					"std": 14
				},
				"deception": {
					"std": 14
				},
				"diplomacy": {
					"std": 14
				},
				"stealth": {
					"std": 14
				},
				"thievery": {
					"std": 14
				},
				"gambling lore": {
					"std": 12
				}
			},
			"abilityMods": {
				"str": 2,
				"dex": 5,
				"con": 2,
				"int": 1,
				"wis": 2,
				"cha": 5
			},
			"speed": {
				"walk": 25
			},
			"attacks": [
				{
					"range": "Melee",
					"name": "claw",
					"attack": 14,
					"traits": [
						"agile",
						"finesse"
					],
					"damage": "{@damage 2d8+5} slashing",
					"types": [
						"slashing"
					]
				}
			],
			"spellcasting": [
				{
					"type": "Innate",
					"tradition": "occult",
					"DC": 22,
					"entry": {
						"0": {
							"level": 4,
							"spells": [
								{
									"name": "prestidigitation"
								}
							]
						},
						"1": {
							"spells": [
								{
									"name": "illusory disguise"
								}
							]
						},
						"3": {
							"spells": [
								{
									"name": "mind reading"
								}
							]
						},
						"4": {
							"spells": [
								{
									"name": "discern lies"
								}
							]
						}
					}
				}
			],
			"abilities": {
				"bot": [
					{
						"activity": {
							"number": 1,
							"unit": "free"
						},
						"traits": [
							"divination",
							"misfortune",
							"occult"
						],
						"trigger": "A creature within 30 feet of the bone croupier attempts a check that uses a d20, but hasn't rolled yet",
						"frequency": {
							"unit": "day",
							"number": 1
						},
						"entries": [
							"The bone croupier pulls on the threads of luck that bind all things. Instead of rolling its check, the target automatically gets a failure."
						],
						"name": "Change of Luck"
					},
					{
						"activity": {
							"number": 2,
							"unit": "action"
						},
						"traits": [
							"death",
							"occult"
						],
						"entries": [
							"The bone croupier targets an adjacent creature that is {@condition dying}. That creature can either increase its {@condition dying} value by 1 or roll a d4. On a 4, the creature is no longer {@condition dying} and is {@condition unconscious} at 0 HP. On a 1, 2, or 3, however, the creature increases its {@condition dying} value by that amount. Regardless, the creature is temporarily immune for the next 24 hours."
						],
						"name": "Roll the Bones"
					}
				]
			},
			"defenses": {
				"ac": {
					"std": 22
				},
				"savingThrows": {
					"fort": {
						"std": 9
					},
					"ref": {
						"std": 14
					},
					"will": {
						"std": 14
					}
				},
				"hp": [
					{
						"hp": 50,
						"abilities": [
							"negative healing"
						]
					}
				],
				"immunities": [
					"death effects",
					"disease",
					"paralyzed",
					"poison",
					"unconscious"
				],
				"resistances": [
					{
						"amount": 5,
						"name": "cold"
					},
					{
						"amount": 5,
						"name": "piercing"
					},
					{
						"amount": 5,
						"name": "slashing"
					}
				]
			},
			"hasImages": true
		},
		{
			"name": "Cavnakash",
			"source": "EC1",
			"page": 89,
			"level": 5,
			"traits": [
				"unique",
				"ne",
				"medium",
				"humanoid",
				"xulgath"
			],
			"perception": {
				"std": 12
			},
			"senses": [
				{
					"name": "darkvision"
				}
			],
			"languages": {
				"languages": [
					"common",
					"draconic",
					"undercommon"
				]
			},
			"skills": {
				"arcana": {
					"std": 10
				},
				"athletics": {
					"std": 13
				},
				"intimidation": {
					"std": 13
				},
				"religion": {
					"std": 15
				},
				"stealth": {
					"std": 10
				}
			},
			"abilityMods": {
				"str": 3,
				"dex": 0,
				"con": 2,
				"int": 1,
				"wis": 5,
				"cha": 2
			},
			"items": [
				"{@runeItem maul||+1 weapon potency||striking|}",
				"{@item wooden religious symbol}",
				"{@item scale mail}",
				"{@item wand} of {@spell heal} (2nd)"
			],
			"speed": {
				"walk": 20
			},
			"attacks": [
				{
					"range": "Melee",
					"name": "maul",
					"attack": 17,
					"traits": [
						"shove",
						"magical"
					],
					"damage": "{@damage 2d12+3} bludgeoning",
					"types": [
						"bludgeoning"
					]
				},
				{
					"range": "Melee",
					"name": "jaws",
					"attack": 16,
					"damage": "{@damage 2d8+3} piercing",
					"types": [
						"piercing"
					]
				},
				{
					"range": "Melee",
					"name": "claw",
					"attack": 16,
					"traits": [
						"agile"
					],
					"damage": "{@damage 2d6+3} slashing",
					"types": [
						"slashing"
					]
				}
			],
			"spellcasting": [
				{
					"type": "Prepared",
					"tradition": "divine",
					"DC": 24,
					"attack": 17,
					"entry": {
						"0": {
							"level": 3,
							"spells": [
								{
									"name": "chill touch"
								},
								{
									"name": "divine lance"
								},
								{
									"name": "guidance"
								},
								{
									"name": "shield"
								},
								{
									"name": "produce flame"
								},
								{
									"name": "stabilize"
								},
								{
									"name": "tanglefoot"
								}
							]
						},
						"1": {
							"spells": [
								{
									"name": "bane"
								},
								{
									"name": "protection"
								},
								{
									"name": "harm",
									"amount": 2
								}
							]
						},
						"2": {
							"spells": [
								{
									"name": "death knell"
								},
								{
									"name": "see invisibility"
								},
								{
									"name": "harm",
									"amount": 2
								}
							]
						},
						"3": {
							"spells": [
								{
									"name": "chilling darkness"
								},
								{
									"name": "crisis of faith"
								},
								{
									"name": "harm",
									"amount": 3
								}
							]
						}
					}
				}
			],
			"abilities": {
				"mid": [
					{
						"traits": [
							"aura",
							"olfactory"
						],
						"entries": [
							"30 feet. A creature that enters the aura must attempt a DC 22 Fortitude save. On a failure, the creature is {@condition sickened|CRB|sickened 1}, and on a critical failure, the creature also takes a \u20135-foot status penalty to its Speeds for 1 round. While within the aura, the creature takes a \u20132 circumstance penalty to saves to recover from the {@condition sickened} condition.",
							"A creature that succeeds at its save is temporarily immune to all xulgaths' stenches for 1 minute."
						],
						"name": "Stench"
					}
				],
				"bot": [
					{
						"traits": [
							"3rd"
						],
						"entries": [
							"."
						],
						"name": "Cantrips"
					},
					{
						"entries": [
							"1 Focus Point, DC 22; 3rd cry of destruction (Core Rulebook 390)"
						],
						"name": "Cleric Domain Spell"
					},
					{
						"activity": {
							"number": 1,
							"unit": "action"
						},
						"entries": [
							"Cavnakash expends a {@spell harm} spell and attempts a melee {@action Strike}. If he hits, he adds the spell's negative damage to his {@action Strike} damage. If he misses, the {@spell harm} spell is still expended."
						],
						"name": "Channel Smite"
					},
					{
						"entries": [
							"Gift Cavnakash has a profane gift from Balenni, giving him a +1 status bonus to attack rolls, skill checks, and saving throws (already factored into his statistics)."
						],
						"name": "Profane"
					}
				]
			},
			"defenses": {
				"ac": {
					"std": 22
				},
				"savingThrows": {
					"fort": {
						"std": 13
					},
					"ref": {
						"std": 10
					},
					"will": {
						"std": 15
					}
				},
				"hp": [
					{
						"hp": 83
					}
				]
			}
		},
		{
			"name": "Corrosive Lizard",
			"source": "EC1",
			"page": 45,
			"level": 2,
			"traits": [
				"uncommon",
				"ne",
				"medium",
				"animal",
				"fiend"
			],
			"perception": {
				"std": 7
			},
			"senses": [
				{
					"name": "darkvision"
				},
				{
					"type": "imprecise",
					"name": "scent",
					"range": 30
				}
			],
			"skills": {
				"acrobatics": {
					"std": 6
				},
				"athletics": {
					"std": 8
				},
				"stealth": {
					"std": 6
				}
			},
			"abilityMods": {
				"str": 2,
				"dex": 2,
				"con": 4,
				"int": -4,
				"wis": 1,
				"cha": -2
			},
			"speed": {
				"walk": 30,
				"swim": 30
			},
			"attacks": [
				{
					"range": "Melee",
					"name": "jaws",
					"attack": 11,
					"effects": [
						"Grab"
					],
					"damage": "{@damage 1d10+2} piercing plus {@damage 1d6} {@condition persistent damage||persistent acid damage} and {@ability Grab}",
					"types": [
						"persistent",
						"piercing"
					]
				}
			],
			"abilities": {
				"mid": [
					{
						"activity": {
							"number": 1,
							"unit": "reaction"
						},
						"trigger": "A creature {@condition grabbed} by the corrosive lizard's jaws fails a check to {@action Escape}",
						"entries": [
							"The lizard's jaws deal {@damage 1d6} piercing damage and {@damage 1d6} acid damage to the triggering creature."
						],
						"name": "Gnashing Bite"
					}
				],
				"bot": [
					{
						"activity": {
							"number": 2,
							"unit": "action"
						},
						"traits": [
							"acid",
							"primal"
						],
						"entries": [
							"The corrosive lizard vomits a gout of acid in a 15-foot cone. Each creature in this area takes {@damage 3d6} acid damage (DC 20 basic Reflex save). The lizard can't use Gout of Acid again for {@dice 1d4} rounds."
						],
						"name": "Gout of Acid"
					},
					{
						"activity": {
							"number": 2,
							"unit": "action"
						},
						"entries": [
							"The corrosive lizard {@action Stride||Strides} up to double its Speed and then makes a jaws {@action Strike}. If the lizard moved at least 20 feet away from its starting position, it gains a +2 circumstance bonus to this attack roll."
						],
						"name": "Lurching Charge"
					}
				]
			},
			"defenses": {
				"ac": {
					"std": 18
				},
				"savingThrows": {
					"fort": {
						"std": 10
					},
					"ref": {
						"std": 8
					},
					"will": {
						"std": 5
					}
				},
				"hp": [
					{
						"hp": 30
					}
				],
				"immunities": [
					"acid"
				],
				"weaknesses": [
					{
						"amount": 3,
						"name": "good"
					}
				]
			}
		},
		{
			"name": "Corrupted Priest",
			"source": "EC1",
			"page": 39,
			"level": 3,
			"traits": [
				"unique",
				"ne",
				"medium",
				"human",
				"humanoid"
			],
			"perception": {
				"std": 11
			},
			"languages": {
				"languages": [
					"common"
				]
			},
			"skills": {
				"diplomacy": {
					"std": 7
				},
				"nature": {
					"std": 9
				},
				"survival": {
					"std": 9
				},
				"gozreh lore": {
					"std": 8
				}
			},
			"abilityMods": {
				"str": 1,
				"dex": 0,
				"con": 1,
				"int": 1,
				"wis": 4,
				"cha": 2
			},
			"items": [
				"{@item leather armor}",
				"gray robes",
				"{@item trident}",
				"{@item wooden religious symbol} of {@deity Gozreh} defaced with demonic runes"
			],
			"speed": {
				"walk": 25
			},
			"attacks": [
				{
					"range": "Melee",
					"name": "trident",
					"attack": 10,
					"traits": [
						"fatal <d10>",
						"thrown <20 feet>"
					],
					"damage": "{@damage 2d8+1} piercing",
					"types": [
						"piercing"
					]
				}
			],
			"spellcasting": [
				{
					"type": "Prepared",
					"tradition": "primal",
					"DC": 20,
					"attack": 12,
					"entry": {
						"0": {
							"level": 2,
							"spells": [
								{
									"name": "light"
								},
								{
									"name": "produce flame"
								},
								{
									"name": "stabilize"
								},
								{
									"name": "tanglefoot"
								}
							]
						},
						"1": {
							"spells": [
								{
									"name": "fear"
								},
								{
									"name": "heal"
								},
								{
									"name": "spider sting"
								},
								{
									"name": "summon animal"
								}
							]
						},
						"2": {
							"spells": [
								{
									"name": "barkskin"
								},
								{
									"name": "flaming sphere"
								},
								{
									"name": "summon elemental"
								}
							]
						}
					}
				}
			],
			"abilities": {
				"top": [
					{
						"entries": [
							"The corrupted priest can use {@skill Diplomacy} to {@action Make an Impression} on animals and to make very simple {@action Request||Requests} of them."
						],
						"name": "Wild Empathy"
					}
				],
				"mid": [
					{
						"activity": {
							"number": 1,
							"unit": "reaction"
						},
						"trigger": "The corrupted priest is targeted by an effect with the {@trait mental} trait or that requires a Will save",
						"entries": [
							"The hermit's mind is a storm of chaos due to demonic influences. The creator of the triggering effect takes {@damage 3d8} mental damage (DC 20 basic Will save)."
						],
						"name": "Roiling Mind"
					}
				],
				"bot": [
					{
						"entries": [
							"Corrupted priests deal an extra {@dice 1d8} damage with their tridents, and any trident gains the {@trait fatal <d10>} trait while the priest is using it (both the extra weapon damage die and the {@trait fatal} trait have already been included above)."
						],
						"name": "Demonic Strength"
					}
				]
			},
			"defenses": {
				"ac": {
					"std": 17
				},
				"savingThrows": {
					"fort": {
						"std": 8
					},
					"ref": {
						"std": 5
					},
					"will": {
						"std": 11
					}
				},
				"hp": [
					{
						"hp": 45
					}
				]
			}
		},
		{
			"name": "Corrupted Retainer",
			"source": "EC1",
			"page": 35,
			"level": 2,
			"traits": [
				"ce",
				"medium",
				"human",
				"humanoid"
			],
			"perception": {
				"std": 6
			},
			"languages": {
				"languages": [
					"common"
				]
			},
			"skills": {
				"acrobatics": {
					"std": 6
				},
				"athletics": {
					"std": 6
				},
				"survival": {
					"std": 6
				}
			},
			"abilityMods": {
				"str": 2,
				"dex": 2,
				"con": 3,
				"int": 0,
				"wis": 2,
				"cha": 0
			},
			"items": [
				"{@item hide armor}",
				"gray robes",
				"{@item trident}",
				"{@item wooden shield} (Hardness 3)"
			],
			"speed": {
				"walk": 25
			},
			"attacks": [
				{
					"range": "Melee",
					"name": "trident",
					"attack": 11,
					"traits": [
						"fatal <d10>",
						"thrown <20 feet>"
					],
					"damage": "{@damage 2d8+2} piercing",
					"types": [
						"piercing"
					]
				}
			],
			"abilities": {
				"mid": [
					{
						"activity": {
							"number": 1,
							"unit": "reaction"
						},
						"traits": [
							"rage"
						],
						"trigger": "A foe within the corrupted retainer's reach attempts to move away from them",
						"entries": [
							"The corrupted retainer keeps pace with the triggering foe. The corrupted retainer {@action Stride||Strides} up to their Speed, following that foe and keeping it in reach throughout its movement until it stops moving or the corrupted retainer has moved their full Speed."
						],
						"name": "No Escape"
					},
					{
						"activity": {
							"number": 1,
							"unit": "reaction"
						},
						"name": "Shield Block",
						"generic": {
							"tag": "ability"
						}
					}
				],
				"bot": [
					{
						"entries": [
							"Corrupted retainers deal an extra {@dice 1d8} damage with their tridents, and any trident gains the {@trait fatal <d10>} trait while the corrupted retainer is using it (both the extra weapon damage die and the {@trait fatal} trait have already been included in the corrupted retainer's trident {@action Strike} above)."
						],
						"name": "Demonic Strength"
					},
					{
						"activity": {
							"number": 1,
							"unit": "action"
						},
						"traits": [
							"concentrate",
							"emotion",
							"mental"
						],
						"entries": [
							"The corrupted retainer begins to rage and gains 5 temporary Hit Points. The rage lasts for 1 minute or until they fall {@condition unconscious}, whichever happens first. While raging, the corrupted retainer deals 2 additional damage with melee weapons, has a \u20131 penalty to AC, and cannot use actions that have the {@trait concentrate} trait unless those actions also have the {@trait rage} trait. The corrupted retainer can still {@action Seek} while raging."
						],
						"name": "Tainted Rage"
					}
				]
			},
			"defenses": {
				"ac": {
					"std": 19,
					"with shield raised": 21
				},
				"savingThrows": {
					"fort": {
						"std": 9
					},
					"ref": {
						"std": 6
					},
					"will": {
						"std": 7
					}
				},
				"hp": [
					{
						"hp": 30
					}
				]
			}
		},
		{
			"name": "Daring Danika",
			"source": "EC1",
			"page": 28,
			"level": 2,
			"traits": [
				"unique",
				"le",
				"medium",
				"human",
				"humanoid"
			],
			"description": "Female human lion-tamer",
			"perception": {
				"std": 7
			},
			"skills": {
				"athletics": {
					"std": 6,
					"to Disarm": 7
				},
				"diplomacy": {
					"std": 7
				},
				"intimidation": {
					"std": 7
				},
				"nature": {
					"std": 6
				},
				"performance": {
					"std": 7
				}
			},
			"abilityMods": {
				"str": 0,
				"dex": 3,
				"con": 1,
				"int": 1,
				"wis": 1,
				"cha": 3
			},
			"items": [
				"lion tamer's outfit",
				"short stool",
				"whip"
			],
			"speed": {
				"walk": 25
			},
			"attacks": [
				{
					"range": "Melee",
					"name": "whip",
					"attack": 10,
					"traits": [
						"disarm",
						"finesse",
						"nonlethal",
						"reach",
						"trip"
					],
					"damage": "{@damage 1d4+5} slashing",
					"types": [
						"slashing"
					]
				},
				{
					"range": "Melee",
					"name": "stool bash",
					"attack": 6,
					"traits": [
						"disarm"
					],
					"damage": "{@damage 1d6} bludgeoning",
					"types": [
						"bludgeoning"
					]
				}
			],
			"abilities": {
				"bot": [
					{
						"activity": {
							"number": 1,
							"unit": "action"
						},
						"entries": [
							"Danika targets a single minion creature within reach of her whip to spur its ferocity.",
							"That creature gains 5 temporary Hit Points. The target is temporarily immune to Sting of the Lash for 24 hours."
						],
						"name": "Sting of the Lash"
					}
				]
			},
			"defenses": {
				"ac": {
					"std": 17
				},
				"savingThrows": {
					"fort": {
						"std": 7
					},
					"ref": {
						"std": 9
					},
					"will": {
						"std": 7
					},
					"abilities": [
						"+2 circumstance vs. Disarm"
					]
				},
				"hp": [
					{
						"hp": 30
					}
				]
			}
		},
		{
			"name": "Flea Swarm",
			"source": "EC1",
			"page": 83,
			"level": 5,
			"traits": [
				"n",
				"large",
				"animal",
				"swarm"
			],
			"perception": {
				"std": 13
			},
			"senses": [
				{
					"name": "low-light vision"
				},
				{
					"type": "imprecise",
					"name": "scent",
					"range": 30
				}
			],
			"skills": {
				"acrobatics": {
					"std": 14
				},
				"athletics": {
					"std": 9,
					"to Jump": 13
				}
			},
			"abilityMods": {
				"str": -2,
				"dex": 5,
				"con": 4,
				"int": -5,
				"wis": 1,
				"cha": -4
			},
			"speed": {
				"walk": 30
			},
			"abilities": {
				"bot": [
					{
						"traits": [
							"disease"
						],
						"entries": [
							"As giant flea, except DC 19."
						],
						"name": "Flea Fever"
					},
					{
						"activity": {
							"number": 1,
							"unit": "action"
						},
						"requirements": "The flea swarm's last action was",
						"name": "Suck Blood"
					},
					{
						"entries": [
							"Bites, and it dealt damage to at least one enemy; The flea swarm drinks the creatures' blood. Each victim becomes {@condition drained|CRB|drained 1} and the swarm regains 3 HP for each victim {@condition drained}."
						],
						"name": "Swarming"
					},
					{
						"activity": {
							"number": 1,
							"unit": "action"
						},
						"entries": [
							"Each enemy in the swarm's space takes {@damage 2d4+7} piercing damage and must attempt a DC 22 basic Reflex save. A creature that fails its save is exposed to flea fever."
						],
						"name": "Swarming Bites"
					}
				]
			},
			"defenses": {
				"ac": {
					"std": 18
				},
				"savingThrows": {
					"fort": {
						"std": 15
					},
					"ref": {
						"std": 16
					},
					"will": {
						"std": 6
					}
				},
				"hp": [
					{
						"hp": 55
					}
				],
				"immunities": [
					"precision",
					"disease",
					"swarm mind"
				],
				"weaknesses": [
					{
						"name": "area"
					}
				]
			}
		},
		{
			"name": "Giant Flea",
			"source": "EC1",
			"page": 83,
			"level": 3,
			"traits": [
				"n",
				"large",
				"animal"
			],
			"perception": {
				"std": 10
			},
			"senses": [
				{
					"name": "low-light vision"
				},
				{
					"type": "imprecise",
					"name": "scent",
					"range": 30
				}
			],
			"skills": {
				"acrobatics": {
					"std": 10
				},
				"athletics": {
					"std": 9,
					"to Jump": 15
				}
			},
			"abilityMods": {
				"str": 2,
				"dex": 3,
				"con": 3,
				"int": -5,
				"wis": 1,
				"cha": -4
			},
			"speed": {
				"walk": 30
			},
			"attacks": [
				{
					"range": "Melee",
					"name": "proboscis",
					"attack": 10,
					"effects": [
						"Suck Blood",
						"flea fever"
					],
					"damage": "{@damage 1d8+4} piercing plus Suck Blood and flea fever",
					"types": [
						"piercing"
					]
				}
			],
			"abilities": {
				"bot": [
					{
						"activity": {
							"number": 1,
							"unit": "action"
						},
						"requirements": "The giant flea's last action was a successful proboscis {@action Strike}",
						"entries": [
							"The giant flea drinks the creature's blood. The victim becomes {@condition drained|CRB|drained 1} and the flea regains 5 HP."
						],
						"name": "Suck Blood"
					},
					{
						"traits": [
							"disease"
						],
						"entries": [
							"Drain from flea fever can't be reduced or recovered from naturally until the disease is cured. Saving Throw DC 18 Fortitude; Stage 1 {@condition drained|CRB|drained 1} ({@dice 1d4} hours), Stage 2 {@condition drained|CRB|drained 1} and {@condition sickened|CRB|sickened 1} (1 day), Stage 3 {@condition drained|CRB|drained 2} and {@condition sickened|CRB|sickened 1} (1 day), Stage 4."
						],
						"name": "Flea Fever"
					}
				]
			},
			"defenses": {
				"ac": {
					"std": 19
				},
				"savingThrows": {
					"fort": {
						"std": 12
					},
					"ref": {
						"std": 12
					},
					"will": {
						"std": 4
					}
				},
				"hp": [
					{
						"hp": 50
					}
				]
			},
			"hasImages": true
		},
		{
			"name": "Rhovo",
			"source": "EC1",
			"page": 9,
			"description": "Male human drunken brawler",
			"_copy": {
				"name": "Jaleen",
				"source": "EC1"
			}
		},
		{
			"name": "Jaleen",
			"source": "EC1",
			"page": 9,
			"level": 1,
			"traits": [
				"unique",
				"cn",
				"medium",
				"human",
				"humanoid"
			],
			"description": "Female human drunken brawler",
			"perception": {
				"std": 4
			},
			"languages": {
				"languages": [
					"common"
				]
			},
			"skills": {
				"athletics": {
					"std": 7
				},
				"intimidation": {
					"std": 3
				},
				"society": {
					"std": 3
				}
			},
			"abilityMods": {
				"str": 3,
				"dex": 1,
				"con": 3,
				"int": -1,
				"wis": 2,
				"cha": -1
			},
			"items": [
				"leather armor"
			],
			"speed": {
				"walk": 25
			},
			"attacks": [
				{
					"range": "Melee",
					"name": "fist",
					"attack": 8,
					"traits": [
						"agile",
						"nonlethal"
					],
					"damage": "{@damage 1d4+3} bludgeoning",
					"types": [
						"bludgeoning"
					]
				},
				{
					"range": "Melee",
					"name": "improvised weapon",
					"attack": 6,
					"effects": [
						"piercing",
						"or slashing"
					],
					"damage": "{@damage 1d6+3} bludgeoning, piercing, or slashing",
					"types": [
						"bludgeoning"
					]
				}
			],
			"abilities": {
				"bot": [
					{
						"activity": {
							"number": 1,
							"unit": "action"
						},
						"traits": [
							"concentrate",
							"emotion",
							"mental"
						],
						"requirements": "The drunken brawler isn't {@condition fatigued} or raging",
						"entries": [
							"The drunken brawler begins raging. They gain 4 temporary Hit Points and deal 1 additional damage with fist {@action Strike||Strikes}. They have a \u20131 penalty to AC and can't use actions with the {@trait concentrate} trait unless those actions also have the {@trait rage} trait. The drunken brawler can still {@action Seek} while in a drunken rage. The rage lasts for 1 minute or until the drunken brawler falls {@condition unconscious}, whichever comes first. When the drunken rage is over, the drunken brawler is {@condition fatigued}, loses all temporary Hit Points they received from the rage, and cannot rage again for 1 minute."
						],
						"name": "Drunken Rage"
					},
					{
						"activity": {
							"number": 1,
							"unit": "action"
						},
						"entries": [
							"The drunken brawler uses an {@action Interact} action to pick up an improvised weapon within reach and then {@action Strike||Strikes} with it. The drunken brawler has a +2 circumstance bonus to this attack."
						],
						"name": "Improvised Surprise"
					}
				]
			},
			"defenses": {
				"ac": {
					"std": 14
				},
				"savingThrows": {
					"fort": {
						"std": 9
					},
					"ref": {
						"std": 4
					},
					"will": {
						"std": 7
					}
				},
				"hp": [
					{
						"hp": 27
					}
				]
			}
		},
		{
			"name": "Jellico Bounce-bounce",
			"source": "EC1",
			"page": 28,
			"level": 2,
			"traits": [
				"unique",
				"ce",
				"medium",
				"human",
				"humanoid"
			],
			"perception": {
				"std": 7
			},
			"skills": {
				"acrobatics": {
					"std": 7
				},
				"performance": {
					"std": 7
				},
				"stealth": {
					"std": 7
				},
				"thievery": {
					"std": 9
				}
			},
			"abilityMods": {
				"str": 2,
				"dex": 3,
				"con": 1,
				"int": 2,
				"wis": 0,
				"cha": 1
			},
			"speed": {
				"walk": 30
			},
			"attacks": [
				{
					"range": "Melee",
					"name": "bowling pin",
					"attack": 9,
					"traits": [
						"agile",
						"nonlethal"
					],
					"damage": "{@damage 1d6+2} bludgeoning",
					"types": [
						"bludgeoning"
					]
				},
				{
					"range": "Melee",
					"name": "dagger",
					"attack": 10,
					"traits": [
						"agile",
						"finesse",
						"versatile <s>"
					],
					"damage": "{@damage 1d4+2} piercing",
					"types": [
						"piercing"
					]
				},
				{
					"range": "Ranged",
					"name": "bowling pin",
					"attack": 10,
					"traits": [
						"agile",
						"nonlethal",
						"thrown <10 feet>"
					],
					"damage": "{@damage 1d6+2} bludgeoning",
					"types": [
						"bludgeoning"
					]
				},
				{
					"range": "Melee",
					"name": "dagger",
					"attack": 10,
					"traits": [
						"agile",
						"thrown <10 feet>",
						"versatile <s>"
					],
					"damage": "{@damage 1d4+2} piercing",
					"types": [
						"piercing"
					]
				}
			],
			"abilities": {
				"mid": [
					{
						"activity": {
							"number": 1,
							"unit": "reaction"
						},
						"trigger": "Jellico is the target of a {@action Strike} by an attacker he can see",
						"entries": [
							"Jellico gains a +2 circumstance bonus to AC against the triggering {@action Strike}."
						],
						"name": "Bob and Weave"
					}
				],
				"bot": [
					{
						"activity": {
							"number": 1,
							"unit": "action"
						},
						"entries": [
							"Jellico makes a {@action High Jump} or {@action Long Jump}."
						],
						"name": "Bounce"
					},
					{
						"activity": {
							"number": 2,
							"unit": "action"
						},
						"entries": [
							"Jellico {@action Stride||Strides} up to his Speed and does not trigger reactions during this movement."
						],
						"name": "Bounce-Bounce"
					},
					{
						"entries": [
							"Jellico's bowling pin ranged {@action Strike} hits, the bowling pin bounces off the target back toward Jellico.",
							"Jellico can catch it again if he has a free hand."
						],
						"name": "Juggler If"
					}
				]
			},
			"defenses": {
				"ac": {
					"std": 17
				},
				"savingThrows": {
					"fort": {
						"std": 7
					},
					"ref": {
						"std": 9
					},
					"will": {
						"std": 6
					}
				},
				"hp": [
					{
						"hp": 32
					}
				]
			}
		},
		{
			"name": "Juvenile Boar",
			"source": "EC1",
			"page": 20,
			"level": 0,
			"traits": [
				"n",
				"small",
				"animal"
			],
			"perception": {
				"std": 5
			},
			"senses": [
				{
					"name": "low-light vision"
				},
				{
					"type": "imprecise",
					"name": "scent",
					"range": 30
				}
			],
			"skills": {
				"acrobatics": {
					"std": 3
				},
				"athletics": {
					"std": 5
				},
				"survival": {
					"std": 5
				}
			},
			"abilityMods": {
				"str": 3,
				"dex": 1,
				"con": 2,
				"int": -4,
				"wis": 1,
				"cha": -2
			},
			"speed": {
				"walk": 30
			},
			"attacks": [
				{
					"range": "Melee",
					"name": "tusk",
					"attack": 8,
					"damage": "{@damage 1d6+3} piercing",
					"types": [
						"piercing"
					]
				}
			],
			"abilities": {
				"mid": [
					{
						"activity": {
							"number": 1,
							"unit": "reaction"
						},
						"name": "Ferocity",
						"generic": {
							"tag": "ability"
						}
					}
				],
				"bot": [
					{
						"activity": {
							"number": 2,
							"unit": "action"
						},
						"entries": [
							"The juvenile boar {@action Stride||Strides} up to two times and then makes a tusk {@action Strike}. As long as it moved at least 20 feet, it gains a +2 circumstance bonus to its attack roll."
						],
						"name": "Boar Charge"
					}
				]
			},
			"defenses": {
				"ac": {
					"std": 15
				},
				"savingThrows": {
					"fort": {
						"std": 9
					},
					"ref": {
						"std": 3
					},
					"will": {
						"std": 5
					}
				},
				"hp": [
					{
						"hp": 16
					}
				]
			}
		},
		{
			"name": "Luminous Ooze",
			"source": "EC1",
			"page": 85,
			"level": 4,
			"traits": [
				"n",
				"small",
				"mindless",
				"ooze"
			],
			"perception": {
				"std": 6
			},
			"senses": [
				{
					"name": "motion sense",
					"range": 60
				},
				{
					"name": "no vision"
				}
			],
			"skills": {
				"athletics": {
					"std": 11
				}
			},
			"abilityMods": {
				"str": 3,
				"dex": -5,
				"con": 3,
				"int": -5,
				"wis": 0,
				"cha": 1
			},
			"speed": {
				"walk": 25,
				"climb": 15
			},
			"attacks": [
				{
					"range": "Melee",
					"name": "pseudopod",
					"attack": 13,
					"damage": "{@damage 2d8+5} bludgeoning",
					"types": [
						"bludgeoning"
					]
				}
			],
			"abilities": {
				"top": [
					{
						"entries": [
							"A luminous ooze can sense nearby motion through vibration and air movement."
						],
						"name": "Motion Sense"
					}
				],
				"mid": [
					{
						"traits": [
							"aura",
							"light",
							"visual"
						],
						"entries": [
							"5 feet. A luminous ooze constantly sheds distracting multicolored light. A creature that ends its turn within the aura must attempt a DC 21 Fortitude save or become {@condition dazzled} until the end of its next turn. On a critical failure, it instead becomes {@condition blinded} until the end of its next turn."
						],
						"name": "Bedazzling"
					},
					{
						"entries": [
							"Whenever the luminous ooze's electricity immunity prevents it from taking damage, it gains 8 temporary HP. Until the end of its next turn, the luminous ooze's pseudopod {@action Strike} deals an additional {@dice 1d6} points of electricity damage."
						],
						"name": "Lightning Catcher"
					}
				],
				"bot": [
					{
						"activity": {
							"number": 2,
							"unit": "action"
						},
						"traits": [
							"light",
							"visual"
						],
						"entries": [
							"The ooze glows with blinding brightness. All creatures within a 30-foot emanation must attempt a DC 21 Fortitude save.",
							{
								"type": "successDegree",
								"entries": {
									"Critical Success": "The creature is unaffected.",
									"Success": "The creature is {@condition dazzled} until the end of its next turn.",
									"Failure": "The creature is {@condition blinded} until the end of its next turn."
								}
							}
						],
						"name": "Light Up"
					}
				]
			},
			"defenses": {
				"ac": {
					"std": 11
				},
				"savingThrows": {
					"fort": {
						"std": 11
					},
					"ref": {
						"std": 3
					},
					"will": {
						"std": 6
					}
				},
				"hp": [
					{
						"hp": 80
					}
				],
				"immunities": [
					"electricity",
					"mental",
					"precision",
					"critical hits"
				]
			},
			"hasImages": true
		},
		{
			"name": "Mechanical Carny",
			"source": "EC1",
			"page": 86,
			"level": 2,
			"traits": [
				"n",
				"medium",
				"construct",
				"mindless"
			],
			"perception": {
				"std": 6
			},
			"senses": [
				{
					"name": "low-light vision"
				}
			],
			"languages": {
				"languages": [
					"common (can speak pre-recorded phrases only)"
				]
			},
			"skills": {
				"acrobatics": {
					"std": 7
				},
				"athletics": {
					"std": 9
				},
				"performance": {
					"std": 6
				}
			},
			"abilityMods": {
				"str": 3,
				"dex": 1,
				"con": 0,
				"int": -5,
				"wis": 0,
				"cha": 2
			},
			"speed": {
				"walk": 25
			},
			"attacks": [
				{
					"range": "Melee",
					"name": "spring-loaded fist",
					"attack": 11,
					"traits": [
						"nonlethal",
						"reach <10 feet>"
					],
					"damage": "{@damage 2d4+4} bludgeoning",
					"types": [
						"bludgeoning"
					]
				},
				{
					"range": "Melee",
					"name": "headbutt",
					"attack": 11,
					"damage": "{@damage 2d4+4} bludgeoning",
					"types": [
						"bludgeoning"
					]
				}
			],
			"abilities": {
				"mid": [
					{
						"entries": [
							"A severely damaged mechanical carny has a chance of malfunctioning. If a mechanical carny has 15 or fewer Hit Points at the start of its turn, it must succeed at a DC {@flatDC 5} flat check or go haywire. A haywire mechanical carny wildly attacks the nearest living creature, or the nearest object if no creatures are nearby. It takes a \u20131 circumstance penalty to {@action Strike||Strikes} but deals an additional {@damage 1d6} bludgeoning damage plus Knockdown. This effect lasts 10 minutes or until the mechanical carny is destroyed."
						],
						"name": "Haywire"
					}
				]
			},
			"defenses": {
				"ac": {
					"std": 17
				},
				"savingThrows": {
					"fort": {
						"std": 8
					},
					"ref": {
						"std": 11
					},
					"will": {
						"std": 4
					}
				},
				"hp": [
					{
						"hp": 33
					}
				],
				"immunities": [
					"bleed",
					"death effects",
					"disease",
					"doomed"
				],
				"weaknesses": [
					{
						"name": "electricity"
					}
				],
				"resistances": [
					{
						"amount": 3,
						"name": "physical",
						"note": "except adamantine"
					}
				]
			},
			"hasImages": true
		},
		{
			"name": "Nemmia Bramblecloak",
			"source": "EC1",
			"page": 91,
			"level": 3,
			"traits": [
				"unique",
				"ne",
				"small",
				"halfling",
				"humanoid"
			],
			"perception": {
				"std": 9
			},
			"senses": [
				{
					"name": "keen eyes"
				}
			],
			"languages": {
				"languages": [
					"abyssal",
					"common",
					"druidic"
				]
			},
			"skills": {
				"diplomacy": {
					"std": 8
				},
				"nature": {
					"std": 11
				},
				"religion": {
					"std": 9
				},
				"stealth": {
					"std": 8
				},
				"survival": {
					"std": 11
				}
			},
			"abilityMods": {
				"str": -1,
				"dex": 3,
				"con": 1,
				"int": 1,
				"wis": 4,
				"cha": 1
			},
			"speed": {
				"walk": 20
			},
			"attacks": [
				{
					"range": "Melee",
					"name": "sickle",
					"attack": 9,
					"traits": [
						"agile",
						"finesse",
						"magical",
						"trip"
					],
					"damage": "{@damage 1d4+3} slashing",
					"types": [
						"slashing"
					]
				},
				{
					"range": "Melee",
					"name": "staff",
					"attack": 5,
					"traits": [
						"two-hand <d8>"
					],
					"damage": "{@dice 1d4-1} bludgeoning",
					"types": [
						"bludgeoning"
					]
				}
			],
			"spellcasting": [
				{
					"type": "Innate",
					"tradition": "primal",
					"DC": 19,
					"entry": {
						"1": {
							"spells": [
								{
									"name": "charm",
									"amount": 3,
									"notes": [
										"targets animals only"
									]
								}
							]
						},
						"2": {
							"spells": [
								{
									"name": "paranoia",
									"notes": [
										"targets animals only"
									]
								}
							]
						},
						"3": {
							"spells": [
								{
									"name": "animal vision",
									"amount": "at will",
									"notes": [
										"target must be a rodent, serpent or similar animal considered troublesome by humans"
									]
								}
							]
						},
						"constant": {}
					}
				},
				{
					"type": "Spontaneous",
					"tradition": "primal",
					"DC": 21,
					"attack": 11,
					"entry": {
						"0": {
							"level": 2,
							"spells": [
								{
									"name": "produce flame"
								},
								{
									"name": "read aura"
								},
								{
									"name": "stabilize"
								},
								{
									"name": "tanglefoot"
								}
							]
						},
						"1": {
							"spells": [
								{
									"name": "fear"
								},
								{
									"name": "goblin pox"
								},
								{
									"name": "shocking grasp"
								}
							]
						},
						"2": {
							"spells": [
								{
									"name": "darkvision"
								},
								{
									"name": "entangle"
								}
							]
						}
					}
				}
			],
			"abilities": {
				"top": [
					{
						"entries": [
							"+8, {@skill Survival} +11 Str \u20131, Dex +3, Con +1, Int +1, Wis +4"
						],
						"name": "Stealth"
					},
					{
						"entries": [
							"+1 Items hide armor, key to the ringmaster's wagon (area A2), rat hood, +1 sickle, staff."
						],
						"name": "Cha"
					}
				],
				"bot": [
					{
						"entries": [
							"Nemmia has a +2 circumstance bonus when using the {@action Seek} action to find {@condition hidden} or {@condition undetected} creatures within 30 feet. When she targets a {@condition concealed} or {@condition hidden} opponent, she reduces the DC of the flat check to 3 for a {@condition concealed} target or 9 for a {@condition hidden} one."
						],
						"name": "Keen Eyes"
					},
					{
						"activity": {
							"number": 1,
							"unit": "action"
						},
						"entries": [
							"If the next action Nemmia takes is to {@action Cast a Spell} that has a range, increase that spell's range by 30 feet."
						],
						"name": "Reach Spell"
					},
					{
						"entries": [
							"Nemmia ignores {@quickref difficult terrain||3|terrain} from trees, foliage, and undergrowth."
						],
						"name": "Wildwood Halfling"
					}
				]
			},
			"defenses": {
				"ac": {
					"std": 19
				},
				"savingThrows": {
					"fort": {
						"std": 8
					},
					"ref": {
						"std": 8
					},
					"will": {
						"std": 11
					}
				},
				"hp": [
					{
						"hp": 45
					}
				]
			}
		},
		{
			"name": "Oil Living Graffiti",
			"source": "EC1",
			"page": 84,
			"level": 3,
			"traits": [
				"cn",
				"medium",
				"construct"
			],
			"perception": {
				"std": 9
			},
			"senses": [
				{
					"name": "darkvision"
				}
			],
			"languages": {
				"languages": [
					"common (can't speak any language)"
				]
			},
			"skills": {
				"acrobatics": {
					"std": 11
				},
				"crafting": {
					"std": 5
				},
				"deception": {
					"std": 10
				},
				"stealth": {
					"std": 11
				}
			},
			"abilityMods": {
				"str": 2,
				"dex": 4,
				"con": 1,
				"int": -2,
				"wis": 2,
				"cha": 1
			},
			"speed": {
				"walk": 25
			},
			"attacks": [
				{
					"range": "Melee",
					"name": "fist",
					"attack": 13,
					"traits": [
						"agile",
						"finesse"
					],
					"damage": "{@damage 2d4+4} bludgeoning",
					"types": [
						"bludgeoning"
					]
				},
				{
					"range": "Ranged",
					"name": "splatter",
					"attack": 11,
					"traits": [
						"nonlethal",
						"range increment <20 feet>"
					],
					"effects": [
						"{@dice 1d4+4}"
					],
					"damage": "{@dice 1d4+4} plus {@condition blinded|CRB|blinded 1} round",
					"types": [
						"round"
					]
				}
			],
			"abilities": {
				"mid": [
					{
						"entries": [
							"When a creature attempts to {@action Strike} a living graffiti and critically misses, the attacker hits the surface (a wall, canvas, or so on) behind the living graffiti. This may damage or break the weapon or surface."
						],
						"name": "Backdrop"
					},
					{
						"entries": [
							"A living graffiti can move only along flat surfaces such as floors and walls. If the surface it's on is destroyed (such as a portrait hit by a {@spell fireball} spell or a puddle being splashed), the graffiti takes {@dice 2d6} damage and is shunted to the nearest flat surface.",
							"If there is no flat surface within 5 feet, the living graffiti is destroyed."
						],
						"name": "Surface-Bound"
					}
				]
			},
			"defenses": {
				"ac": {
					"std": 19
				},
				"savingThrows": {
					"fort": {
						"std": 8
					},
					"ref": {
						"std": 11
					},
					"will": {
						"std": 7
					}
				},
				"hp": [
					{
						"hp": 50
					}
				],
				"immunities": [
					"bleed",
					"death effects",
					"disease",
					"doomed",
					"drained",
					"fatigued"
				]
			},
			"hasImages": true
		},
		{
			"name": "Pinacosaurus",
			"source": "EC1",
			"page": 50,
			"level": 4,
			"traits": [
				"n",
				"large",
				"animal",
				"dinosaur"
			],
			"perception": {
				"std": 10
			},
			"senses": [
				{
					"name": "low-light vision"
				}
			],
			"skills": {
				"athletics": {
					"std": 13
				}
			},
			"abilityMods": {
				"str": 5,
				"dex": 0,
				"con": 4,
				"int": -4,
				"wis": 2,
				"cha": -1
			},
			"speed": {
				"walk": 25
			},
			"attacks": [
				{
					"range": "Melee",
					"name": "tail",
					"attack": 13,
					"traits": [
						"backswing",
						"reach <10 feet>"
					],
					"effects": [
						"Punishing Tail"
					],
					"damage": "{@damage 2d6+5} bludgeoning plus Punishing Tail",
					"types": [
						"bludgeoning"
					]
				},
				{
					"range": "Melee",
					"name": "foot",
					"attack": 13,
					"damage": "{@damage 1d8+5} bludgeoning",
					"types": [
						"bludgeoning"
					]
				}
			],
			"abilities": {
				"bot": [
					{
						"entries": [
							"A creature hit by the pinacosaurus's tail must attempt a DC 21 Fortitude save. On a failure, it's {@condition slowed|CRB|slowed 1} until the end of its next turn; on a critical failure, it's {@condition stunned} until the end of its next turn."
						],
						"name": "Punishing Tail"
					},
					{
						"activity": {
							"number": 3,
							"unit": "action"
						},
						"entries": [
							"Small or smaller, foot, DC 21"
						],
						"name": "Trample",
						"generic": {
							"tag": "ability"
						}
					}
				]
			},
			"defenses": {
				"ac": {
					"std": 21
				},
				"savingThrows": {
					"fort": {
						"std": 12
					},
					"ref": {
						"std": 8
					},
					"will": {
						"std": 8
					}
				},
				"hp": [
					{
						"hp": 70
					}
				]
			}
		},
		{
			"name": "Pruana Two-punch",
			"source": "EC1",
			"page": 22,
			"level": 3,
			"traits": [
				"unique",
				"ne",
				"medium",
				"dwarf",
				"humanoid"
			],
			"description": "Female dwarf brawler",
			"perception": {
				"std": 7
			},
			"senses": [
				{
					"name": "darkvision"
				}
			],
			"languages": {
				"languages": [
					"common",
					"dwarven"
				]
			},
			"skills": {
				"athletics": {
					"std": 9
				},
				"deception": {
					"std": 8
				},
				"intimidation": {
					"std": 8
				},
				"thievery": {
					"std": 7
				},
				"abberton lore": {
					"std": 7
				}
			},
			"abilityMods": {
				"str": 4,
				"dex": 0,
				"con": 2,
				"int": 0,
				"wis": 2,
				"cha": 1
			},
			"items": [
				"chain mail"
			],
			"speed": {
				"walk": 20
			},
			"attacks": [
				{
					"range": "Melee",
					"name": "fist",
					"attack": 9,
					"traits": [
						"agile",
						"nonlethal"
					],
					"damage": "{@damage 1d6+3} bludgeoning",
					"types": [
						"bludgeoning"
					]
				}
			],
			"abilities": {
				"bot": [
					{
						"activity": {
							"number": 1,
							"unit": "action"
						},
						"traits": [
							"press"
						],
						"entries": [
							"Pruana makes a fist {@action Strike} against a target she has previously attacked this turn. If she hits, she gains a +3 circumstance bonus to the damage, and the creature must attempt a DC 20 Fortitude save to resist the staggering force of the blow.",
							{
								"type": "successDegree",
								"entries": {
									"Critical Success": "The target is unaffected.",
									"Success": "The target is {@condition stunned|CRB|stunned 1}.",
									"Failure": "The target is {@condition stunned|CRB|stunned 3}.",
									"Critical Failure": "The target is knocked {@condition prone} and {@condition stunned|CRB|stunned 5}."
								}
							}
						],
						"name": "Haymaker"
					}
				]
			},
			"defenses": {
				"ac": {
					"std": 20
				},
				"savingThrows": {
					"fort": {
						"std": 9
					},
					"ref": {
						"std": 8
					},
					"will": {
						"std": 7
					},
					"abilities": [
						"+2 circumstance to Fortitude and Reflex vs. Shove or Trip"
					]
				},
				"hp": [
					{
						"hp": 46
					}
				]
			}
		},
		{
			"name": "Smiler",
			"source": "EC1",
			"page": 38,
			"level": 3,
			"traits": [
				"unique",
				"ce",
				"medium",
				"ghoul",
				"undead"
			],
			"perception": {
				"std": 12
			},
			"senses": [
				{
					"name": "darkvision"
				}
			],
			"languages": {
				"languages": [
					"common",
					"necril"
				]
			},
			"skills": {
				"acrobatics": {
					"std": 9
				},
				"athletics": {
					"std": 9
				},
				"intimidation": {
					"std": 9
				},
				"stealth": {
					"std": 9
				}
			},
			"abilityMods": {
				"str": 3,
				"dex": 4,
				"con": 2,
				"int": 1,
				"wis": 2,
				"cha": 4
			},
			"items": [
				"composite shortbow (20 arrows)"
			],
			"speed": {
				"walk": 30,
				"burrow": 5
			},
			"attacks": [
				{
					"range": "Melee",
					"name": "jaws",
					"attack": 12,
					"traits": [
						"finesse"
					],
					"effects": [
						"ghast fever",
						"paralysis"
					],
					"damage": "{@damage 2d6+4} piercing plus ghast fever and paralysis",
					"types": [
						"piercing"
					]
				},
				{
					"range": "Melee",
					"name": "claw",
					"attack": 12,
					"traits": [
						"agile",
						"finesse"
					],
					"effects": [
						"paralysis"
					],
					"damage": "{@damage 2d4+4} slashing plus paralysis",
					"types": [
						"slashing"
					]
				},
				{
					"range": "Ranged",
					"name": "shortbow",
					"attack": 12,
					"traits": [
						"deadly <1d10>",
						"propulsive",
						"range increment <60 feet>",
						"reload <0>"
					],
					"damage": "{@damage 1d6+4} piercing",
					"types": [
						"piercing"
					]
				}
			],
			"abilities": {
				"mid": [
					{
						"traits": [
							"aura",
							"olfactory"
						],
						"entries": [
							"10 feet. A creature entering the aura or starting its turn in the aura must succeed at a DC 18 Fortitude save or become {@condition sickened|CRB|sickened 1} (plus {@condition slowed|CRB|slowed 1} as long as itʼs {@condition sickened} on a critical failure). While within the aura, the creature takes a \u20132 circumstance penalty to saves against disease and to recover from the {@condition sickened} condition. A creature that succeeds at its save is temporarily immune for 1 minute."
						],
						"name": "Stench"
					}
				],
				"bot": [
					{
						"activity": {
							"number": 1,
							"unit": "action"
						},
						"traits": [
							"manipulate"
						],
						"requirements": "Smiler is adjacent to the corpse of a creature that died within the last hour",
						"entries": [
							"Smiler devours a chunk of the corpse and regains {@dice 3d6} Hit Points. He can regain Hit Points from any given corpse only once."
						],
						"name": "Consume Flesh"
					},
					{
						"type": "affliction",
						"name": "Ghast Fever",
						"traits": [
							"disease"
						],
						"DC": 18,
						"savingThrow": "Fortitude",
						"stages": [
							{
								"stage": 1,
								"entry": "carrier with no ill effect",
								"duration": "1 day"
							},
							{
								"stage": 2,
								"entry": "{@damage 3d8} negative damage and regains half as many Hit Points from all healing",
								"duration": "1 day"
							},
							{
								"stage": 3,
								"entry": "as stage 2",
								"duration": "1 day"
							},
							{
								"stage": 4,
								"entry": "{@damage 3d8} negative damage and gains no benefit from healing",
								"duration": "1 day"
							},
							{
								"stage": 5,
								"entry": "as stage 4",
								"duration": "1 day"
							},
							{
								"stage": 6,
								"entry": "dead, and rises as a ghast the next midnight.",
								"duration": null
							}
						]
					},
					{
						"traits": [
							"incapacitation",
							"occult",
							"necromancy"
						],
						"entries": [
							"Any living creature hit by Smiler's attack must succeed at a DC 18 Fortitude save or become {@condition paralyzed}. It can attempt a new save at the end of each of its turns, and the DC cumulatively decreases by 1 on each such save."
						],
						"name": "Paralysis"
					},
					{
						"activity": {
							"number": 1,
							"unit": "action"
						},
						"traits": [
							"move"
						],
						"entries": [
							"Smiler jumps up to half his Speed.",
							"This movement doesn't trigger reactions."
						],
						"name": "Swift Leap"
					}
				]
			},
			"defenses": {
				"ac": {
					"std": 19
				},
				"savingThrows": {
					"fort": {
						"std": 9
					},
					"ref": {
						"std": 12
					},
					"will": {
						"std": 8
					}
				},
				"hp": [
					{
						"hp": 45,
						"abilities": [
							"negative healing"
						]
					}
				]
			}
		},
		{
			"name": "Smoldering Leopard",
			"source": "EC1",
			"page": 44,
			"level": 3,
			"traits": [
				"uncommon",
				"ne",
				"medium",
				"animal",
				"fiend"
			],
			"perception": {
				"std": 11
			},
			"senses": [
				{
					"name": "darkvision"
				},
				{
					"type": "imprecise",
					"name": "scent",
					"range": 30
				}
			],
			"skills": {
				"acrobatics": {
					"std": 11
				},
				"athletics": {
					"std": 10
				},
				"stealth": {
					"std": 11,
					"in dim light or darker": 14
				}
			},
			"abilityMods": {
				"str": 3,
				"dex": 4,
				"con": 2,
				"int": -4,
				"wis": 1,
				"cha": -2
			},
			"speed": {
				"walk": 30,
				"climb": 20
			},
			"attacks": [
				{
					"range": "Melee",
					"name": "jaws",
					"attack": 12,
					"traits": [
						"finesse"
					],
					"effects": [
						"Grab"
					],
					"damage": "{@damage 1d10+3} piercing plus {@damage 1d4} fire and {@ability Grab}",
					"types": [
						"fire",
						"piercing"
					]
				},
				{
					"range": "Melee",
					"name": "claw",
					"attack": 12,
					"traits": [
						"agile",
						"finesse"
					],
					"damage": "{@damage 1d6+3} slashing plus {@damage 1d4} fire",
					"types": [
						"fire",
						"slashing"
					]
				}
			],
			"abilities": {
				"mid": [
					{
						"entries": [
							"10 feet. Every creature within the aura is {@condition concealed}; smoldering leopards can see through this concealment."
						],
						"name": "Aura of Smoke"
					}
				],
				"bot": [
					{
						"activity": {
							"number": 1,
							"unit": "action"
						},
						"entries": [
							"The smoldering leopard {@action Stride||Strides} and makes a {@action Strike} at the end of that movement. If the leopard began this action {@condition hidden}, it remains {@condition hidden} until after making this ability's {@action Strike}."
						],
						"name": "Pounce"
					},
					{
						"activity": {
							"number": 1,
							"unit": "action"
						},
						"entries": [
							"The smoldering leopard makes two claw {@action Strike||Strikes} against a creature it has {@condition grabbed}. A creature hit by both claw {@action Strike||Strikes} also takes {@damage 1d4} {@condition persistent damage||persistent fire damage}. Both attacks count toward its multiple attack penalty, but the penalty increases only after both attacks are made."
						],
						"name": "Scorching Maul"
					},
					{
						"traits": [
							"precision"
						],
						"entries": [
							"The smoldering leopard deals an extra {@damage 1d4} precision damage to {@condition flat-footed} creatures."
						],
						"name": "Sneak Attack",
						"generic": {
							"tag": "ability"
						}
					}
				]
			},
			"defenses": {
				"ac": {
					"std": 19
				},
				"savingThrows": {
					"fort": {
						"std": 9
					},
					"ref": {
						"std": 11
					},
					"will": {
						"std": 6
					}
				},
				"hp": [
					{
						"hp": 45
					}
				],
				"weaknesses": [
					{
						"amount": 3,
						"name": "good"
					}
				],
				"resistances": [
					{
						"amount": 5,
						"name": "electricity"
					},
					{
						"amount": 5,
						"name": "poison"
					}
				]
			}
		},
		{
			"name": "Vermlek",
			"source": "EC1",
			"page": 82,
			"level": 3,
			"traits": [
				"ce",
				"medium",
				"demon",
				"fiend"
			],
			"perception": {
				"std": 8
			},
			"senses": [
				{
					"name": "darkvision"
				}
			],
			"languages": {
				"languages": [
					"abyssal",
					"celestial",
					"draconic"
				],
				"abilities": [
					"telepathy 100 feet"
				]
			},
			"skills": {
				"acrobatics": {
					"std": 8
				},
				"athletics": {
					"std": 10
				},
				"deception": {
					"std": 7
				},
				"stealth": {
					"std": 8
				}
			},
			"abilityMods": {
				"str": 3,
				"dex": 1,
				"con": 4,
				"int": 0,
				"wis": 1,
				"cha": 2
			},
			"speed": {
				"walk": 25,
				"burrow": 15
			},
			"attacks": [
				{
					"range": "Melee",
					"name": "bite",
					"attack": 12,
					"damage": "{@damage 2d8+3} piercing",
					"types": [
						"piercing"
					]
				},
				{
					"range": "Melee",
					"name": "fist",
					"attack": 12,
					"traits": [
						"agile"
					],
					"damage": "{@damage 2d6+3} bludgeoning",
					"types": [
						"bludgeoning"
					]
				},
				{
					"range": "Melee",
					"name": "longsword",
					"attack": 12,
					"traits": [
						"versatile <p>"
					],
					"damage": "{@damage 1d8+4} slashing",
					"types": [
						"slashing"
					]
				}
			],
			"spellcasting": [
				{
					"type": "Innate",
					"tradition": "divine",
					"DC": 19,
					"attack": 11,
					"entry": {
						"3": {
							"spells": [
								{
									"name": "fear"
								},
								{
									"name": "harm"
								}
							]
						}
					}
				}
			],
			"abilities": {
				"mid": [
					{
						"entries": [
							"Worm demons can't stand the sight of a good meal presented and then swiftly taken away. Whenever a dying creature within sight of the worm demon has its dying condition removed, the worm demon takes {@damage 1d6} mental damage."
						],
						"name": "Recoil from Wasted Opportunities"
					}
				],
				"bot": [
					{
						"activity": {
							"number": 2,
							"unit": "action"
						},
						"traits": [
							"manipulate"
						],
						"requirements": "The worm demon is Inhabiting a Body",
						"entries": [
							"The worm demon crawls out of the body it is inhabiting, devouring much of the body's remaining flesh and regaining 10 Hit Points in the process. The corpse it leaves behind is little more than a husk."
						],
						"name": "Abandon Body"
					},
					{
						"activity": {
							"number": 3,
							"unit": "action"
						},
						"traits": [
							"manipulate"
						],
						"entries": [
							"The worm demon crawls into the body of an adjacent dead Medium humanoid, consuming the bulk of the victim's skeleton and internal organs as it does so and cramming itself into the cavity. As long as it Inhabits a Body, the worm demon loses its bite attack, can wield weapons like a humanoid, gains a +3 circumstance bonus to AC, and gains a +3 circumstance bonus to {@skill Deception} checks to {@action Impersonate} the creature it is inhabiting. It cannot use this ability if it is already Inhabiting a Body."
						],
						"name": "Inhabit Body"
					},
					{
						"traits": [
							"emotion",
							"fear",
							"mental",
							"visual"
						],
						"entries": [
							"Whenever the vermlek Abandons a Body or Inhabits a Body, all creatures within 30 feet who can see the vermlek must succeed at a DC 19 Will save or become {@condition frightened|CRB|frightened 1}.",
							"On a critical failure, the creature is {@condition frightened|CRB|frightened 1} and {@condition sickened|CRB|sickened 1}. Regardless of the result, creatures are immune to the same vermlek's unsettling movement for 24 hours."
						],
						"name": "Unsettling Movement"
					}
				]
			},
			"defenses": {
				"ac": {
					"std": 16,
					"while Inhabiting a Body": 19
				},
				"savingThrows": {
					"fort": {
						"std": 11
					},
					"ref": {
						"std": 8
					},
					"will": {
						"std": 6
					}
				},
				"hp": [
					{
						"hp": 55
					}
				],
				"weaknesses": [
					{
						"amount": 5,
						"name": "cold iron"
					},
					{
						"amount": 5,
						"name": "good"
					},
					{
						"amount": 5,
						"name": "sonic"
					}
				]
			},
			"hasImages": true
		},
		{
			"name": "Viktor Volkano",
			"source": "EC1",
			"page": 29,
			"level": 2,
			"traits": [
				"unique",
				"cn",
				"medium",
				"human",
				"humanoid"
			],
			"perception": {
				"std": 7
			},
			"skills": {
				"arcana": {
					"std": 6
				},
				"athletics": {
					"std": 6
				},
				"crafting": {
					"std": 4
				},
				"performance": {
					"std": 8
				}
			},
			"abilityMods": {
				"str": 2,
				"dex": 3,
				"con": 2,
				"int": 0,
				"wis": 0,
				"cha": 2
			},
			"items": [
				"batons doused in flammable oil (2)"
			],
			"speed": {
				"walk": 25
			},
			"attacks": [
				{
					"range": "Melee",
					"name": "flaming baton",
					"attack": 10,
					"damage": "{@damage 1d6+2} bludgeoning plus {@damage 1d6} fire",
					"types": [
						"bludgeoning",
						"fire"
					]
				},
				{
					"range": "Ranged",
					"name": "flame spit",
					"attack": 10,
					"traits": [
						"range <10 feet>"
					],
					"damage": "{@damage 2d8} fire",
					"types": [
						"fire"
					]
				}
			],
			"abilities": {
				"bot": [
					{
						"activity": {
							"number": 1,
							"unit": "action"
						},
						"traits": [
							"primal",
							"fire"
						],
						"requirements": "Viktor is holding an ignited baton",
						"entries": [
							"Viktor breathes fire in a 20-foot cone. Creatures within the cone take {@damage 3d6} fire damage (DC 18 basic Reflex save). Once Viktor breathes fire, he cannot do so again for {@dice 1d4} rounds."
						],
						"name": "Breathe Fire"
					},
					{
						"activity": {
							"number": 2,
							"unit": "action"
						},
						"entries": [
							"Viktor ignites or douses a baton. Ignited batons burn for 10 minutes or until Viktor douses them."
						],
						"name": "Ignite Baton"
					},
					{
						"entries": [
							"Viktor critically hits a target with an attack that deals fire damage, or if a target of one of his effects that deals fire damage critically fails its saving throw, the target takes {@damage 1d4} {@condition persistent damage||persistent fire damage}."
						],
						"name": "Set on Fire If"
					}
				]
			},
			"defenses": {
				"ac": {
					"std": 16
				},
				"savingThrows": {
					"fort": {
						"std": 11
					},
					"ref": {
						"std": 8
					},
					"will": {
						"std": 8
					}
				},
				"hp": [
					{
						"hp": 40
					}
				]
			}
		},
		{
			"name": "Violet",
			"source": "EC1",
			"page": 22,
			"level": 1,
			"traits": [
				"unique",
				"n",
				"small",
				"animal"
			],
			"perception": {
				"std": 6
			},
			"senses": [
				{
					"name": "low-light vision"
				},
				{
					"type": "imprecise",
					"name": "scent",
					"range": 30
				}
			],
			"skills": {
				"acrobatics": {
					"std": 5
				},
				"athletics": {
					"std": 6
				},
				"survival": {
					"std": 5
				}
			},
			"abilityMods": {
				"str": 3,
				"dex": 2,
				"con": 3,
				"int": -4,
				"wis": 1,
				"cha": -2
			},
			"speed": {
				"walk": 30
			},
			"attacks": [
				{
					"range": "Melee",
					"name": "horns",
					"attack": 8,
					"damage": "{@damage 1d6+3} bludgeoning",
					"types": [
						"bludgeoning"
					]
				},
				{
					"range": "Melee",
					"name": "jaws",
					"attack": 8,
					"damage": "{@damage 1d4+3} piercing",
					"types": [
						"piercing"
					]
				}
			],
			"abilities": {
				"mid": [
					{
						"activity": {
							"number": 1,
							"unit": "reaction"
						},
						"trigger": "A creature adjacent to both Violet and",
						"name": "Protect"
					},
					{
						"entries": [
							"Two-Punch hits Pruana with a melee attack; Violet shields Pruana from the worst of the blow, taking half the damage from the attack and Pruana takes the remainder."
						],
						"name": "Pruana"
					}
				],
				"bot": [
					{
						"activity": {
							"number": 2,
							"unit": "action"
						},
						"entries": [
							"Violet {@action Stride||Strides} twice and then makes a horns {@action Strike}. As long as he moved at least 20 feet, he gains a +2 circumstance bonus to his attack roll."
						],
						"name": "Ram"
					},
					{
						"entries": [
							"If Violet hits with a jaws {@action Strike}, he can also deal the same amount of damage to either the target's armor or shield, ignoring 5 points of the item's Hardness."
						],
						"name": "Eat Anything"
					}
				]
			},
			"defenses": {
				"ac": {
					"std": 16
				},
				"savingThrows": {
					"fort": {
						"std": 10
					},
					"ref": {
						"std": 4
					},
					"will": {
						"std": 7
					}
				},
				"hp": [
					{
						"hp": 24
					}
				]
			}
		},
		{
			"name": "Xulgath Bilebearer",
			"source": "EC1",
			"page": 87,
			"level": 2,
			"traits": [
				"ce",
				"medium",
				"humanoid",
				"xulgath"
			],
			"perception": {
				"std": 6
			},
			"senses": [
				{
					"name": "darkvision"
				}
			],
			"languages": {
				"languages": [
					"draconic",
					"undercommon"
				]
			},
			"skills": {
				"acrobatics": {
					"std": 8
				},
				"athletics": {
					"std": 6
				},
				"deception": {
					"std": 5
				},
				"stealth": {
					"std": 8
				},
				"thievery": {
					"std": 8
				}
			},
			"abilityMods": {
				"str": 2,
				"dex": 4,
				"con": 2,
				"int": 1,
				"wis": 0,
				"cha": -1
			},
			"items": [
				"2 daggers"
			],
			"speed": {
				"walk": 25
			},
			"attacks": [
				{
					"range": "Melee",
					"name": "dagger",
					"attack": 12,
					"traits": [
						"agile",
						"finesse",
						"versatile <s>"
					],
					"effects": [
						"xulgath bile"
					],
					"damage": "{@damage 1d4+4} piercing plus xulgath bile",
					"types": [
						"piercing"
					]
				},
				{
					"range": "Melee",
					"name": "jaws",
					"attack": 10,
					"effects": [
						"xulgath bile"
					],
					"damage": "{@damage 2d4+4} piercing plus xulgath bile",
					"types": [
						"piercing"
					]
				},
				{
					"range": "Melee",
					"name": "claw",
					"attack": 10,
					"traits": [
						"agile"
					],
					"effects": [
						"Grab"
					],
					"damage": "{@damage 1d6+4} slashing plus Grab",
					"types": [
						"slashing"
					]
				},
				{
					"range": "Ranged",
					"name": "dagger",
					"attack": 12,
					"traits": [
						"agile",
						"finesse",
						"thrown <10 feet>",
						"versatile <s>"
					],
					"effects": [
						"xulgath bile"
					],
					"damage": "{@damage 1d4+4} piercing plus xulgath bile",
					"types": [
						"piercing"
					]
				}
			],
			"abilities": {
				"mid": [
					{
						"traits": [
							"aura",
							"olfactory"
						],
						"entries": [
							"30 feet. A creature that enters the area must attempt a DC 16 Fortitude save. On a failure, the creature is {@condition sickened 1}, and on a critical failure, the creature also takes a \u20135-foot status penalty to its Speeds for 1 round. While within the aura, the creature takes a \u20132 circumstance penalty to saves to recover from the {@condition sickened} condition. A creature that succeeds at its save is temporarily immune to all xulgaths' stenches for 1 minute. A xulgath bilebearer can activate or deactivate its stench aura as a free action."
						],
						"name": "Stench"
					}
				],
				"bot": [
					{
						"activity": {
							"number": 2,
							"unit": "action"
						},
						"traits": [
							"olfactory",
							"poison"
						],
						"frequency": {
							"unit": "minute",
							"number": 1
						},
						"entries": [
							"All adjacent creatures must attempt a DC 18 Fortitude save. On a failure, the creature is {@condition slowed|CRB|slowed 1} ({@condition slowed|CRB|slowed 2} on a critical failure) until the end of its next turn and takes a \u20132 circumstance penalty to Fortitude saves against xulgath bile for 1 minute."
						],
						"name": "Putrid Blast"
					},
					{
						"type": "affliction",
						"name": "Xulgath Bile",
						"traits": [
							"poison"
						],
						"DC": 16,
						"savingThrow": "Fortitude",
						"maxDuration": "1 hour",
						"stages": [
							{
								"stage": 1,
								"entry": "{@condition fatigued}",
								"duration": "1 minute"
							},
							{
								"stage": 2,
								"entry": "{@condition fatigued} and {@condition unconscious}.",
								"duration": "1 minute"
							}
						]
					}
				]
			},
			"defenses": {
				"ac": {
					"std": 18
				},
				"savingThrows": {
					"fort": {
						"std": 8
					},
					"ref": {
						"std": 10
					},
					"will": {
						"std": 4
					}
				},
				"hp": [
					{
						"hp": 30
					}
				]
			},
			"hasImages": true
		}
	]
}
