{
	"_meta": {
		"dependencies": {
			"creature": [
				"B1",
				"B2"
			]
		}
	},
	"creature": [
		{
			"name": "Taxidermic Dog",
			"source": "LTiBA",
			"page": 4,
			"level": 1,
			"traits": [
				"ne",
				"small",
				"mindless",
				"undead"
			],
			"perception": {
				"std": 7
			},
			"senses": [
				{
					"name": "low-light vision"
				}
			],
			"skills": {
				"acrobatics": {
					"std": 5
				},
				"athletics": {
					"std": 7
				},
				"survival": {
					"std": 5
				}
			},
			"abilityMods": {
				"str": 2,
				"dex": 2,
				"con": 2,
				"int": -5,
				"wis": 2,
				"cha": -1
			},
			"defenses": {
				"ac": {
					"std": 16
				},
				"savingThrows": {
					"fort": {
						"std": 7
					},
					"ref": {
						"std": 5
					},
					"will": {
						"std": 3
					}
				},
				"hp": [
					{
						"hp": 17
					}
				],
				"immunities": [
					"death effects",
					"disease",
					"mental",
					"paralyzed",
					"poison",
					"unconscious"
				],
				"resistances": [
					{
						"name": "cold",
						"amount": 5
					},
					{
						"name": "electricity",
						"amount": 5
					},
					{
						"name": "fire",
						"amount": 5
					},
					{
						"name": "piercing",
						"amount": 5
					},
					{
						"name": "slashing",
						"amount": 5
					}
				]
			},
			"speed": {
				"walk": 30
			},
			"attacks": [
				{
					"range": "Melee",
					"name": "jaws",
					"attack": 7,
					"damage": "{@damage 1d6+2} piercing"
				}
			],
			"abilities": {
				"bot": [
					{
						"name": "Pack Attack",
						"entries": [
							"A taxidermic dog's {@action Strike||Strikes} deal {@damage 1d4} extra damage to creatures within the reach of the taxidermic dog's two allies."
						]
					}
				]
			}
		},
		{
			"name": "Princess Sunset",
			"source": "LTiBA",
			"page": 5,
			"level": 2,
			"traits": [
				"n",
				"medium",
				"construct",
				"mindless"
			],
			"perception": {
				"std": 6
			},
			"skills": {
				"athletics": {
					"std": 9
				}
			},
			"abilityMods": {
				"str": 3,
				"dex": 0,
				"con": 4,
				"int": -5,
				"wis": 0,
				"cha": -5
			},
			"defenses": {
				"ac": {
					"std": 17,
					"when broken": 13
				},
				"savingThrows": {
					"fort": {
						"std": 9
					},
					"ref": {
						"std": 5
					},
					"will": {
						"std": 3
					}
				},
				"hp": [
					{
						"hp": 20
					}
				],
				"hardness": 5,
				"immunities": [
					"bleed",
					"death effects",
					"disease",
					"doomed",
					"drained",
					"fatigued",
					"healing",
					"mental",
					"necromancy",
					"nonlethal attacks",
					"paralyzed",
					"poison",
					"sickened",
					"unconscious"
				]
			},
			"speed": {
				"walk": 25
			},
			"attacks": [
				{
					"range": "Melee",
					"name": "headbutt",
					"attack": 8,
					"damage": "{@damage 1d8+2} Bludgeoning"
				}
			],
			"abilities": {
				"mid": [
					{
						"name": "Construct Armor",
						"entries": [
							"Like normal objects, an animated rocking horse has Hardness. This Hardness reduces any damage it takes by an amount equal to the Hardness. Once the animated rocking horse is reduced to less than half its Hit Points, or immediately upon being damaged by a critical hit, its construct armor breaks and its Armor Class is reduced to 13."
						]
					}
				],
				"bot": [
					{
						"name": "Trample",
						"activity": {
							"number": 3,
							"unit": "action"
						},
						"entries": [
							"Small or smaller, headbutt, DC 14"
						],
						"generic": {
							"tag": "ability"
						}
					}
				]
			}
		},
		{
			"name": "Camilla",
			"source": "LTiBA",
			"page": 5,
			"description": "NE {@creature soulbound doll}",
			"_copy": {
				"name": "soulbound doll",
				"source": "B1",
				"_mod": {
					"traits": [
						{
							"mode": "prependArr",
							"items": [
								"ne"
							]
						},
						{
							"mode": "removeArr",
							"items": "any"
						}
					]
				}
			}
		},
		{
			"name": "Madame Trunchsnuffle",
			"source": "LTiBA",
			"page": 8,
			"description": "{@creature Giant badger|b2}",
			"_copy": {
				"name": "Giant badger",
				"source": "B2"
			}
		},
		{
			"name": "Irilini",
			"source": "LTiBA",
			"page": 8,
			"description": "{@creature Faerie dragon}",
			"_copy": {
				"name": "Faerie Dragon",
				"source": "B1"
			}
		},
		{
			"name": "Lawn Crawfish",
			"source": "LTiBA",
			"page": 9,
			"description": "Variant {@creature reefclaw}",
			"perception": {
				"std": 7
			},
			"speed": {
				"walk": 25,
				"burrow": 10,
				"swim": 30
			},
			"_copy": {
				"name": "Reefclaw",
				"source": "B1"
			}
		}
	]
}
