{
	"_meta": {
		"internalCopies": [
			"creature"
		]
	},
	"creature": [
		{
			"name": "Alak Stagram",
			"source": "AoA1",
			"page": 19,
			"level": 2,
			"traits": [
				"unique",
				"ln",
				"medium",
				"human",
				"humanoid"
			],
			"description": "Male human fighter 2",
			"perception": {
				"std": 7
			},
			"languages": {
				"languages": [
					"common",
					"infernal",
					"varisian"
				]
			},
			"skills": {
				"athletics": {
					"std": 8
				},
				"intimidation": {
					"std": 4
				},
				"religion": {
					"std": 5
				},
				"society": {
					"std": 4
				}
			},
			"abilityMods": {
				"str": 4,
				"dex": 1,
				"con": 3,
				"int": 0,
				"wis": 1,
				"cha": 0
			},
			"items": [
				"full plate armor",
				"greatsword",
				"javelin (2)"
			],
			"speed": {
				"walk": 20
			},
			"attacks": [
				{
					"range": "Melee",
					"name": "greatsword",
					"attack": 10,
					"traits": [
						"versatile <p>"
					],
					"damage": "{@damage 1d12+4} slashing",
					"types": [
						"slashing"
					]
				},
				{
					"range": "Ranged",
					"name": "javelin",
					"attack": 7,
					"traits": [
						"versatile <p>"
					],
					"damage": "{@damage 1d6+4} piercing",
					"types": [
						"piercing"
					]
				}
			],
			"abilities": {
				"mid": [
					{
						"activity": {
							"number": 1,
							"unit": "reaction"
						},
						"name": "Attack of Opportunity",
						"generic": {
							"tag": "ability"
						}
					}
				],
				"bot": [
					{
						"activity": {
							"number": 2,
							"unit": "action"
						},
						"generic": {
							"tag": "feat"
						},
						"name": "Intimidating Strike"
					},
					{
						"activity": {
							"number": 2,
							"unit": "action"
						},
						"generic": {
							"tag": "feat"
						},
						"name": "Power Attack"
					}
				]
			},
			"defenses": {
				"ac": {
					"std": 20
				},
				"savingThrows": {
					"fort": {
						"std": 9
					},
					"ref": {
						"std": 7
					},
					"will": {
						"std": 5
					}
				},
				"hp": [
					{
						"hp": 34
					}
				]
			}
		},
		{
			"name": "Bloody Blade Mercenary",
			"source": "AoA1",
			"page": 50,
			"level": 1,
			"traits": [
				"ne",
				"medium",
				"half-orc",
				"human",
				"humanoid",
				"orc"
			],
			"description": "Human (half-orc) ranger 1",
			"perception": {
				"std": 6
			},
			"languages": {
				"languages": [
					"common",
					"orcish"
				]
			},
			"skills": {
				"acrobatics": {
					"std": 6
				},
				"athletics": {
					"std": 7
				},
				"intimidation": {
					"std": 2
				},
				"nature": {
					"std": 4
				},
				"stealth": {
					"std": 6
				},
				"survival": {
					"std": 4
				},
				"thievery": {
					"std": 6
				}
			},
			"abilityMods": {
				"str": 4,
				"dex": 3,
				"con": 1,
				"int": 0,
				"wis": 1,
				"cha": -1
			},
			"items": [
				"longsword",
				"shortbow (20 arrows)",
				"studded leather",
				"15 sp"
			],
			"speed": {
				"walk": 25
			},
			"attacks": [
				{
					"range": "Melee",
					"name": "longsword",
					"attack": 9,
					"traits": [
						"versatile <p>"
					],
					"damage": "{@damage 1d8+4} slashing",
					"types": [
						"slashing"
					]
				},
				{
					"range": "Ranged",
					"name": "shortbow",
					"attack": 8,
					"traits": [
						"deadly <1d10>",
						"range increment <60 feet>",
						"reload <0>"
					],
					"damage": "{@damage 1d6} piercing",
					"types": [
						"piercing"
					]
				}
			],
			"abilities": {
				"bot": [
					{
						"activity": {
							"number": 1,
							"unit": "action"
						},
						"name": "Hunt Prey",
						"generic": {
							"tag": "action"
						}
					},
					{
						"activity": {
							"number": 1,
							"unit": "action"
						},
						"name": "Hunted Shot",
						"generic": {
							"tag": "feat"
						}
					},
					{
						"entries": [
							"The first time the mercenary hits their hunted prey in a round, they deal {@dice 1d8} additional precision damage."
						],
						"name": "Precision"
					}
				]
			},
			"defenses": {
				"ac": {
					"std": 18
				},
				"savingThrows": {
					"fort": {
						"std": 6
					},
					"ref": {
						"std": 9
					},
					"will": {
						"std": 4
					}
				},
				"hp": [
					{
						"hp": 19
					}
				]
			}
		},
		{
			"name": "Calmont",
			"source": "AoA1",
			"page": 27,
			"level": 3,
			"traits": [
				"unique",
				"le",
				"small",
				"halfling",
				"humanoid"
			],
			"description": "Male halfling rogue 3",
			"perception": {
				"std": 6
			},
			"senses": [
				{
					"name": "keen eyes"
				}
			],
			"languages": {
				"languages": [
					"common",
					"goblin",
					"halfling"
				]
			},
			"skills": {
				"acrobatics": {
					"std": 9
				},
				"athletics": {
					"std": 7
				},
				"deception": {
					"std": 7
				},
				"intimidation": {
					"std": 7
				},
				"society": {
					"std": 7
				},
				"stealth": {
					"std": 11
				},
				"thievery": {
					"std": 11
				},
				"breachill lore": {
					"std": 8
				},
				"mercantile lore": {
					"std": 4
				}
			},
			"abilityMods": {
				"str": 2,
				"dex": 4,
				"con": 1,
				"int": -1,
				"wis": -1,
				"cha": 2
			},
			"items": [
				"dagger",
				"leather armor",
				"lesser healing potion (2)",
				"+1 shortbow (20 arrows)",
				"thieves' tools"
			],
			"speed": {
				"walk": 25
			},
			"attacks": [
				{
					"range": "Melee",
					"name": "dagger",
					"attack": 9,
					"traits": [
						"agile",
						"finesse",
						"versatile <s>"
					],
					"damage": "{@damage 1d4+4} piercing",
					"types": [
						"piercing"
					]
				},
				{
					"range": "Ranged",
					"name": "shortbow",
					"attack": 9,
					"traits": [
						"deadly <1d10>",
						"range increment <60 feet>",
						"reload <0>"
					],
					"damage": "{@damage 1d6} piercing",
					"types": [
						"piercing"
					]
				},
				{
					"range": "Ranged",
					"name": "dagger",
					"attack": 9,
					"traits": [
						"agile",
						"thrown <10 feet>",
						"versatile <s>"
					],
					"damage": "{@damage 1d4+4} piercing",
					"types": [
						"piercing"
					]
				}
			],
			"abilities": {
				"mid": [
					{
						"entries": [
							"Calmont isn't {@condition flat-footed} to {@condition hidden}, {@condition undetected}, or flanking creatures of level 3 or lower."
						],
						"name": "Deny Advantage"
					},
					{
						"activity": {
							"number": 1,
							"unit": "reaction"
						},
						"name": "Nimble Dodge",
						"generic": {
							"tag": "feat",
							"name": "Nimble Dodge (Rogue)"
						}
					}
				],
				"bot": [
					{
						"activity": {
							"number": 1,
							"unit": "action"
						},
						"name": "Quick Draw",
						"generic": {
							"tag": "feat",
							"name": "Quick Draw (Rogue)"
						}
					},
					{
						"entries": [
							"Calmont deals {@damage 1d6} extra damage to flat-footed creatures."
						],
						"name": "Sneak Attack",
						"generic": {
							"tag": "ability"
						}
					},
					{
						"entries": [
							"If Calmont used {@skill Deception} or {@skill Stealth} for initiative, creatures that haven't acted are {@condition flat-footed} to Calmont on the first round of combat."
						],
						"name": "Surprise Attack"
					}
				]
			},
			"defenses": {
				"ac": {
					"std": 20
				},
				"savingThrows": {
					"fort": {
						"std": 6
					},
					"ref": {
						"std": 11
					},
					"will": {
						"std": 6
					}
				},
				"hp": [
					{
						"hp": 35
					}
				]
			}
		},
		{
			"name": "Dmiri Yoltosha",
			"source": "AoA1",
			"page": 51,
			"level": 4,
			"traits": [
				"unique",
				"le",
				"medium",
				"goblin",
				"humanoid"
			],
			"description": "Female hobgoblin ranger 4",
			"perception": {
				"std": 14
			},
			"senses": [
				{
					"name": "darkvision"
				}
			],
			"languages": {
				"languages": [
					"common",
					"goblin"
				]
			},
			"skills": {
				"acrobatics": {
					"std": 10
				},
				"athletics": {
					"std": 9
				},
				"deception": {
					"std": 5
				},
				"nature": {
					"std": 7
				},
				"stealth": {
					"std": 10
				},
				"survival": {
					"std": 7
				},
				"thievery": {
					"std": 10
				}
			},
			"abilityMods": {
				"str": 3,
				"dex": 4,
				"con": 1,
				"int": 0,
				"wis": 1,
				"cha": -1
			},
			"items": [
				"item composite shortbow (20 arrows)",
				"item dagger",
				"key to chest (see Treasure)",
				"+1 leather armor",
				"+1 striking rapier"
			],
			"speed": {
				"walk": 25
			},
			"attacks": [
				{
					"range": "Melee",
					"name": "rapier",
					"attack": 13,
					"traits": [
						"deadly <1d8>",
						"disarm",
						"finesse"
					],
					"damage": "{@damage 2d6+3} piercing",
					"types": [
						"piercing"
					]
				},
				{
					"range": "Melee",
					"name": "dagger",
					"attack": 12,
					"traits": [
						"agile",
						"finesse",
						"versatile <s>"
					],
					"damage": "{@damage 1d4+3} piercing",
					"types": [
						"piercing"
					]
				},
				{
					"range": "Ranged",
					"name": "composite shortbow",
					"attack": 12,
					"traits": [
						"deadly <1d10>",
						"range increment <60 feet>",
						"reload <0>"
					],
					"damage": "{@damage 1d6+1} piercing",
					"types": [
						"piercing"
					]
				},
				{
					"range": "Ranged",
					"name": "dagger",
					"attack": 12,
					"traits": [
						"agile",
						"thrown <10 feet>",
						"versatile <s>"
					],
					"damage": "{@damage 1d4+3} piercing",
					"types": [
						"piercing"
					]
				}
			],
			"abilities": {
				"bot": [
					{
						"entries": [
							"Dmira's multiple attack penalty against her hunted prey is \u20133 (\u20132 with an agile weapon) on her second attack and \u20136 (\u20134 with an agile weapon) on her third or subsequent attacks."
						],
						"name": "Flurry"
					},
					{
						"activity": {
							"number": 1,
							"unit": "action"
						},
						"name": "Hunt Prey",
						"generic": {
							"tag": "action"
						}
					},
					{
						"activity": {
							"number": 2,
							"unit": "action"
						},
						"name": "Hunter's Aim",
						"generic": {
							"tag": "feat"
						}
					},
					{
						"activity": {
							"number": 1,
							"unit": "action"
						},
						"name": "Twin Parry",
						"generic": {
							"tag": "feat",
							"name": "Twin Parry (Ranger)"
						}
					},
					{
						"activity": {
							"number": 1,
							"unit": "action"
						},
						"name": "Twin Takedown",
						"generic": {
							"tag": "feat"
						}
					}
				]
			},
			"defenses": {
				"ac": {
					"std": 22
				},
				"savingThrows": {
					"fort": {
						"std": 10
					},
					"ref": {
						"std": 12
					},
					"will": {
						"std": 9
					}
				},
				"hp": [
					{
						"hp": 52
					}
				]
			}
		},
		{
			"name": "Doorwarden",
			"source": "AoA1",
			"page": 86,
			"level": 5,
			"traits": [
				"uncommon",
				"ln",
				"large",
				"construct"
			],
			"perception": {
				"std": 13
			},
			"senses": [
				{
					"name": "low-light vision"
				},
				{
					"name": "see invisibility"
				}
			],
			"languages": {
				"languages": [
					"common"
				]
			},
			"skills": {
				"athletics": {
					"std": 13
				},
				"intimidation": {
					"std": 11
				}
			},
			"abilityMods": {
				"str": 6,
				"dex": 0,
				"con": 3,
				"int": -1,
				"wis": 1,
				"cha": 2
			},
			"items": [
				"longsword",
				"steel shield (Hardness 5, HP 20, BT 10) with shield boss"
			],
			"speed": {
				"walk": 20
			},
			"attacks": [
				{
					"range": "Melee",
					"name": "longsword",
					"attack": 15,
					"traits": [
						"reach <10 feet>",
						"versatile <p>"
					],
					"damage": "{@damage 1d8+9} slashing",
					"types": [
						"slashing"
					]
				},
				{
					"range": "Melee",
					"name": "shield boss",
					"attack": 15,
					"damage": "{@damage 1d6+9} bludgeoning",
					"types": [
						"bludgeoning"
					]
				},
				{
					"range": "Melee",
					"name": "door",
					"attack": 13,
					"damage": "{@damage 1d4+8} bludgeoning",
					"types": [
						"bludgeoning"
					]
				}
			],
			"spellcasting": [
				{
					"type": "Innate",
					"tradition": "arcane",
					"DC": 19,
					"entry": {
						"2": {
							"spells": [
								{
									"name": "see invisibility"
								}
							]
						}
					}
				}
			],
			"abilities": {
				"mid": [
					{
						"activity": {
							"number": 1,
							"unit": "reaction"
						},
						"name": "Attack of Opportunity",
						"generic": {
							"tag": "ability"
						}
					},
					{
						"activity": {
							"number": 1,
							"unit": "reaction"
						},
						"trigger": "An enemy hits the doorwarden with a melee {@action Strike}.",
						"entries": [
							"The doorwarden can {@action Raise a Shield||Raise its Shield} and gain its shield's benefit to AC against the triggering attack."
						],
						"name": "Reactive Shield"
					},
					{
						"activity": {
							"number": 1,
							"unit": "reaction"
						},
						"entries": [
							"When the doorwarden uses Shield Block against a melee attack from a creature within 5 feet, it can also push the creature 5 feet."
						],
						"name": "Shield Block",
						"generic": {
							"tag": "ability"
						}
					}
				],
				"bot": [
					{
						"activity": {
							"number": 1,
							"unit": "action"
						},
						"traits": [
							"concentrate"
						],
						"entries": [
							"Until the next time it acts, the doorwarden appears to be a door. It has an automatic result of 31 on {@skill Deception} checks and DCs to pass as a door."
						],
						"name": "Imitate Door"
					},
					{
						"activity": {
							"number": 2,
							"unit": "action"
						},
						"traits": [
							"concentrate"
						],
						"entries": [
							"The door opens and slams its doors, making two door {@action Strike||Strikes} against one creature. If both hit, the creature is {@condition grabbed}\u2014stuck between the doors. The doorwarden's multiple attack penalty doesn't increase until it has finished both attacks."
						],
						"name": "Slam Doors"
					}
				]
			},
			"defenses": {
				"ac": {
					"std": 22,
					"with shield raised": 24
				},
				"savingThrows": {
					"fort": {
						"std": 12
					},
					"ref": {
						"std": 7
					},
					"will": {
						"std": 10
					}
				},
				"hp": [
					{
						"hp": 60
					}
				],
				"immunities": [
					"bleed",
					"death effects",
					"disease",
					"doomed",
					"drained",
					"fatigued",
					"healing",
					"necromancy",
					"nonlethal attacks",
					"paralyzed",
					"poison",
					"sickened",
					"unconscious"
				],
				"resistances": [
					{
						"amount": 5,
						"name": "physical",
						"note": "except bludgeoning"
					}
				]
			},
			"hasImages": true
		},
		{
			"name": "Emperor Bird",
			"source": "AoA1",
			"page": 87,
			"level": 2,
			"traits": [
				"uncommon",
				"n",
				"medium",
				"animal"
			],
			"perception": {
				"std": 8
			},
			"skills": {
				"acrobatics": {
					"std": 9
				},
				"intimidation": {
					"std": 7
				},
				"survival": {
					"std": 7
				}
			},
			"abilityMods": {
				"str": 2,
				"dex": 3,
				"con": 0,
				"int": -4,
				"wis": 1,
				"cha": 3
			},
			"speed": {
				"walk": 15,
				"fly": 20
			},
			"attacks": [
				{
					"range": "Melee",
					"name": "beak",
					"attack": 11,
					"damage": "{@damage 1d10+2} piercing",
					"types": [
						"piercing"
					]
				},
				{
					"range": "Melee",
					"name": "tail",
					"attack": 11,
					"traits": [
						"agile",
						"reach <10 feet>"
					],
					"damage": "{@damage 1d8+3} slashing",
					"types": [
						"slashing"
					]
				}
			],
			"abilities": {
				"bot": [
					{
						"activity": {
							"number": 2,
							"unit": "action"
						},
						"traits": [
							"enchantment",
							"mental",
							"primal",
							"visual"
						],
						"entries": [
							"The emperor bird flaps its mesmerizing wings. Each creature within 15 feet that can see the emperor bird must attempt a DC 19 Will save.",
							{
								"type": "successDegree",
								"entries": {
									"Critical Success": "The creature is unaffected.",
									"Success": "The creature is {@condition dazzled} for 1 round.",
									"Failure": "The creature is {@condition dazzled} for {@dice 1d4} rounds.",
									"Critical Failure": "The creature is {@condition confused} for {@dice 1d4} rounds."
								}
							}
						],
						"name": "Dazzling Display"
					},
					{
						"activity": {
							"number": 2,
							"unit": "action"
						},
						"entries": [
							"The emperor bird makes tail {@action Strike||Strikes} against two different creatures within reach. The emperor bird's multiple attack penalty does not increase until it has finished both attacks."
						],
						"name": "Tail Lash"
					}
				]
			},
			"defenses": {
				"ac": {
					"std": 18
				},
				"savingThrows": {
					"fort": {
						"std": 6
					},
					"ref": {
						"std": 9
					},
					"will": {
						"std": 7
					}
				},
				"hp": [
					{
						"hp": 27
					}
				]
			},
			"hasImages": true
		},
		{
			"name": "Grauladon",
			"source": "AoA1",
			"page": 88,
			"level": 2,
			"traits": [
				"uncommon",
				"n",
				"large",
				"dragon"
			],
			"perception": {
				"std": 7
			},
			"senses": [
				{
					"name": "darkvision"
				},
				{
					"type": "imprecise",
					"name": "scent",
					"range": 30
				}
			],
			"languages": {
				"languages": [
					"draconic (can't speak any language)"
				]
			},
			"skills": {
				"athletics": {
					"std": 10
				},
				"stealth": {
					"std": 6
				},
				"survival": {
					"std": 5
				}
			},
			"abilityMods": {
				"str": 4,
				"dex": 0,
				"con": 4,
				"int": -3,
				"wis": 1,
				"cha": -2
			},
			"speed": {
				"walk": 20,
				"swim": 30
			},
			"attacks": [
				{
					"range": "Melee",
					"name": "jaws",
					"attack": 10,
					"damage": "{@damage 1d12+4} piercing",
					"types": [
						"piercing"
					]
				},
				{
					"range": "Melee",
					"name": "tail",
					"attack": 10,
					"traits": [
						"agile"
					],
					"damage": "{@damage 1d8+4} bludgeoning",
					"types": [
						"bludgeoning"
					]
				}
			],
			"abilities": {
				"mid": [
					{
						"activity": {
							"number": 1,
							"unit": "reaction"
						},
						"trigger": "The grauladon takes damage from an adjacent creature.",
						"entries": [
							"The grauladon uses Noxious Breath, including the triggering creature in the area."
						],
						"name": "Reactive Breath"
					}
				],
				"bot": [
					{
						"activity": {
							"number": 1,
							"unit": "action"
						},
						"requirements": "More than one enemy is adjacent to the grauladon.",
						"entries": [
							"The grauladon swings its tail at each adjacent enemy and attempts to {@action Trip} each creature adjacent to it. It rolls only a single {@skill Athletics} check and compares the result to the Fortitude DC of each target."
						],
						"name": "Body Slam"
					},
					{
						"entries": [
							"A grauladon can hold its breath for 225 rounds (22-1/2 minutes)."
						],
						"name": "Deep Breath"
					},
					{
						"activity": {
							"number": 1,
							"unit": "action"
						},
						"entries": [
							"The grauladon hisses and unleashes a nauseating cloud of halitosis in a 15-foot cone. Each creature in the area must succeed at a DC 18 Fortitude saving throw or be {@condition sickened|CRB|sickened 1} ({@condition sickened|CRB|sickened 2} on a critical failure). The grauladon can't use Noxious Breath or Reactive Breath again for {@dice 1d4} rounds."
						],
						"name": "Noxious Breath"
					}
				]
			},
			"defenses": {
				"ac": {
					"std": 17
				},
				"savingThrows": {
					"fort": {
						"std": 12
					},
					"ref": {
						"std": 6
					},
					"will": {
						"std": 7
					}
				},
				"hp": [
					{
						"hp": 35
					}
				],
				"immunities": [
					"paralyzed",
					"sleep"
				]
			},
			"hasImages": true
		},
		{
			"name": "Graveshell",
			"source": "AoA1",
			"page": 89,
			"level": 1,
			"traits": [
				"uncommon",
				"n",
				"large",
				"beast"
			],
			"perception": {
				"std": 4
			},
			"senses": [
				{
					"name": "darkvision"
				},
				{
					"type": "imprecise",
					"name": "wavesense",
					"range": 30
				}
			],
			"languages": {
				"languages": [
					"common",
					"undercommon"
				]
			},
			"skills": {
				"athletics": {
					"std": 6
				},
				"stealth": {
					"std": 4
				}
			},
			"abilityMods": {
				"str": 3,
				"dex": -1,
				"con": 3,
				"int": -3,
				"wis": 1,
				"cha": 0
			},
			"speed": {
				"walk": 20,
				"swim": 20
			},
			"attacks": [
				{
					"range": "Melee",
					"name": "jaws",
					"attack": 8,
					"damage": "{@damage 1d6+3} piercing",
					"types": [
						"piercing"
					]
				},
				{
					"range": "Melee",
					"name": "claw",
					"attack": 8,
					"traits": [
						"agile"
					],
					"damage": "{@damage 1d4+3} slashing",
					"types": [
						"slashing"
					]
				},
				{
					"range": "Melee",
					"name": "shell spikes",
					"attack": 8,
					"damage": "{@damage 1d4+3} piercing",
					"types": [
						"piercing"
					]
				}
			],
			"abilities": {
				"top": [
					{
						"traits": [
							"exploration"
						],
						"entries": [
							"The graveshell conceals its true nature over the course of a few minutes by impaling a corpse (typically humanoid) on its spiky shell before partially submerging itself in water. It has an automatic result of 22 on {@skill Deception} checks and DCs to pass as a corpse floating in the water."
						],
						"name": "Corpse Disguise"
					}
				],
				"mid": [
					{
						"activity": {
							"number": 1,
							"unit": "reaction"
						},
						"trigger": "The graveshell takes damage from a physical attack while withdrawn into its shell (see Shell Game below).",
						"entries": [
							"The graveshell reduces the damage from the attack by an amount equal to its shell's Hardness. A graveshell's shell has a Hardness of 6, 10 Hit Points, and a Broken Threshold of 5. If its shell is {@condition broken}, the graveshell can't attack with shell spikes, nor can it use Shell Game. If the shell is destroyed, the graveshell's AC is reduced to 16. As long as a graveshell is alive, its shell naturally repairs itself after a week."
						],
						"name": "Shell Block"
					}
				],
				"bot": [
					{
						"entries": [
							"The graveshell can hold its breath for 200 rounds (20 minutes)."
						],
						"name": "Deep Breath"
					},
					{
						"activity": {
							"number": 1,
							"unit": "action"
						},
						"entries": [
							"The graveshell withdraws into its shell, gaining a +2 circumstance bonus to AC and allowing it to use Shell Block. This lasts until the graveshell moves or attacks with any attack other than its shell spikes. The graveshell can't take this action or get any benefit from it if its shell is {@condition broken}."
						],
						"name": "Shell Game"
					}
				]
			},
			"defenses": {
				"ac": {
					"std": 17,
					"while withdrawn into its shell": 19
				},
				"savingThrows": {
					"fort": {
						"std": 8
					},
					"ref": {
						"std": 2
					},
					"will": {
						"std": 4
					}
				},
				"hp": [
					{
						"hp": 20
					}
				]
			},
			"hasImages": true
		},
		{
			"name": "Hellcrown",
			"source": "AoA1",
			"page": 90,
			"level": 1,
			"traits": [
				"uncommon",
				"le",
				"tiny",
				"undead"
			],
			"perception": {
				"std": 10
			},
			"senses": [
				{
					"name": "darkvision"
				}
			],
			"languages": {
				"languages": [
					"common"
				]
			},
			"skills": {
				"intimidation": {
					"std": 8
				},
				"stealth": {
					"std": 7
				}
			},
			"abilityMods": {
				"str": -2,
				"dex": 4,
				"con": 3,
				"int": -1,
				"wis": 1,
				"cha": 1
			},
			"speed": {
				"fly": 25
			},
			"attacks": [
				{
					"range": "Ranged",
					"name": "nail",
					"attack": 9,
					"traits": [
						"range increment <20 feet>"
					],
					"effects": [
						"bleeding nail"
					],
					"damage": "{@damage 1d4+2} piercing plus bleeding nail",
					"types": [
						"piercing"
					]
				}
			],
			"abilities": {
				"bot": [
					{
						"entries": [
							"If the hellcrown hits with a nail {@action Strike}, the target must attempt a DC 16 Fortitude save. On a failure, the nail is embedded in the creature, making it {@condition enfeebled|CRB|enfeebled 1} for 1 minute and giving it 1 {@condition persistent damage||persistent bleed damage} ({@condition enfeebled|CRB|enfeebled 2} and {@damage 1d4} {@condition persistent damage||persistent bleed damage} on a critical failure). Each additional embedded nail increases the {@condition enfeebled} value by 1 (to a maximum of {@condition enfeebled|CRB|enfeebled 4}) and the bleed damage by 1. A creature can remove a nail with an {@action Interact} action to reduce the enfeeblement and amount of bleed damage. Pulling out the last nail removes both conditions."
						],
						"name": "Bleeding Nail"
					},
					{
						"activity": {
							"number": 1,
							"unit": "action"
						},
						"traits": [
							"fear",
							"mental",
							"visual"
						],
						"entries": [
							"All creatures that can see the hellcrown and are suffering from its bleeding nail must attempt a DC 16 Will saving throw. A creature that fails is {@condition frightened|CRB|frightened 1}, and on a critical failure becomes {@condition fleeing} for as long as it's {@condition frightened}. Any creature that attempts a save is then temporarily immune for 10 minutes."
						],
						"name": "Terrifying Stare"
					}
				]
			},
			"defenses": {
				"ac": {
					"std": 16
				},
				"savingThrows": {
					"fort": {
						"std": 4
					},
					"ref": {
						"std": 6
					},
					"will": {
						"std": 10
					}
				},
				"hp": [
					{
						"hp": 20,
						"abilities": [
							"negative healing"
						]
					}
				],
				"immunities": [
					"death effects",
					"disease",
					"paralyzed",
					"poison",
					"unconscious"
				]
			},
			"hasImages": true
		},
		{
			"name": "Malarunk",
			"source": "AoA1",
			"page": 58,
			"level": 5,
			"traits": [
				"unique",
				"ce",
				"small",
				"charau-ka",
				"humanoid"
			],
			"description": "Male charau-ka cleric 5",
			"perception": {
				"std": 13
			},
			"senses": [
				{
					"name": "darkvision"
				},
				{
					"type": "imprecise",
					"name": "scent",
					"range": 30
				}
			],
			"languages": {
				"languages": [
					"boggard",
					"draconic",
					"mwangi"
				]
			},
			"skills": {
				"athletics": {
					"std": 10
				},
				"intimidation": {
					"std": 11
				},
				"religion": {
					"std": 13
				},
				"stealth": {
					"std": 8
				},
				"dragon lore": {
					"std": 11
				}
			},
			"abilityMods": {
				"str": 3,
				"dex": 2,
				"con": 2,
				"int": 0,
				"wis": 4,
				"cha": 2
			},
			"items": [
				"+1 chain shirt",
				"{@item Cinderclaw gauntlet|AoA1}",
				"gold religious symbol of {@deity Dahak|LOGM} (worth 20 gp)",
				"hatchet",
				"{@item hunter's arrowhead|TV}"
			],
			"speed": {
				"walk": 25,
				"climb": 25
			},
			"attacks": [
				{
					"range": "Melee",
					"name": "Cinderclaw gauntlet",
					"attack": 13,
					"traits": [
						"agile",
						"free-hand",
						"versatile <s>"
					],
					"damage": "{@damage 2d4+5} piercing plus {@damage 1d6} fire on a critical hit",
					"types": [
						"fire",
						"piercing"
					]
				},
				{
					"range": "Melee",
					"name": "hatchet",
					"attack": 12,
					"traits": [
						"agile",
						"sweep"
					],
					"damage": "{@damage 1d6+5} slashing",
					"types": [
						"slashing"
					]
				},
				{
					"range": "Ranged",
					"name": "hatchet",
					"attack": 12,
					"traits": [
						"agile",
						"sweep",
						"thrown <10 feet>"
					],
					"damage": "{@damage 1d6+5} slashing",
					"types": [
						"slashing"
					]
				},
				{
					"range": "Ranged",
					"name": "thrown debris",
					"attack": 11,
					"traits": [
						"deadly <1d6>",
						"range <20 feet>"
					],
					"damage": "{@damage 2d6+5} bludgeoning",
					"types": [
						"bludgeoning"
					]
				}
			],
			"spellcasting": [
				{
					"type": "Prepared",
					"tradition": "divine",
					"DC": 23,
					"attack": 13,
					"entry": {
						"0": {
							"spells": [
								{
									"name": "detect magic"
								},
								{
									"name": "guidance"
								},
								{
									"name": "prestidigitation"
								},
								{
									"name": "shield"
								}
							]
						},
						"1": {
							"spells": [
								{
									"name": "create water"
								},
								{
									"name": "heal"
								},
								{
									"name": "sanctuary"
								}
							]
						},
						"2": {
							"spells": [
								{
									"name": "create food"
								},
								{
									"name": "sound burst"
								},
								{
									"name": "spiritual weapon"
								}
							]
						},
						"3": {
							"spells": [
								{
									"name": "dream message"
								},
								{
									"name": "fireball"
								},
								{
									"name": "harm",
									"amount": 3,
									"notes": [
										"deals d10s for damage instead of d8s"
									]
								}
							]
						}
					}
				}
			],
			"abilities": {
				"bot": [
					{
						"activity": {
							"number": 2,
							"unit": "action"
						},
						"name": "Channel Smite",
						"generic": {
							"tag": "feat"
						}
					},
					{
						"activity": {
							"number": 1,
							"unit": "free"
						},
						"entries": [
							"The charau-ka is {@condition quickened} until the end of its turn, and can use the extra action to {@action Stride} or {@action Strike}. Due to its loud wailing while in a shrieking frenzy, the charau-ka can't speak and automatically critically fails all {@skill Stealth} checks."
						],
						"name": "Shrieking Frenzy"
					},
					{
						"entries": [
							"When a charau-ka throws a weapon, the weapon gains the {@trait deadly <d6>} weapon trait. When it throws an improvised weapon, it doesn't take the \u20132 penalty for using an improvised weapon, nor does it take the penalty for using that weapon to make a lethal attack instead of a nonlethal attack."
						],
						"name": "Thrown Weapon Mastery"
					}
				]
			},
			"defenses": {
				"ac": {
					"std": 22
				},
				"savingThrows": {
					"fort": {
						"std": 11
					},
					"ref": {
						"std": 9
					},
					"will": {
						"std": 13
					}
				},
				"hp": [
					{
						"hp": 63
					}
				]
			}
		},
		{
			"name": "Renali",
			"source": "AoA1",
			"page": 79,
			"level": 4,
			"traits": [
				"unique",
				"cg",
				"medium",
				"anadi",
				"humanoid"
			],
			"perception": {
				"std": 12
			},
			"languages": {
				"languages": [
					"anadi",
					"common"
				]
			},
			"skills": {
				"athletics": {
					"std": 6,
					"to Climb in true or spider form": 8
				},
				"crafting": {
					"std": 10,
					"weaving": 14
				},
				"deception": {
					"std": 7
				},
				"medicine": {
					"std": 12
				},
				"nature": {
					"std": 10
				},
				"stealth": {
					"std": 10
				},
				"survival": {
					"std": 10
				}
			},
			"abilityMods": {
				"str": 0,
				"dex": 2,
				"con": 0,
				"int": 2,
				"wis": 4,
				"cha": 1
			},
			"speed": {
				"walk": 25,
				"climb": 25
			},
			"attacks": [
				{
					"range": "Melee",
					"name": "fangs",
					"attack": 12,
					"traits": [
						"finesse"
					],
					"effects": [
						"anadi venom"
					],
					"damage": "{@damage 2d6+3} piercing plus anadi venom",
					"types": [
						"piercing"
					]
				}
			],
			"spellcasting": [
				{
					"type": "Innate",
					"tradition": "arcane",
					"DC": 22,
					"entry": {
						"0": {
							"level": 2,
							"spells": [
								{
									"name": "detect magic"
								},
								{
									"name": "ghost sound"
								},
								{
									"name": "mage hand"
								},
								{
									"name": "message"
								}
							]
						},
						"1": {
							"spells": [
								{
									"name": "color spray"
								},
								{
									"name": "illusory disguise"
								},
								{
									"name": "illusory object"
								}
							]
						},
						"2": {
							"spells": [
								{
									"name": "illusory creature"
								},
								{
									"name": "invisibility"
								}
							]
						}
					}
				}
			],
			"abilities": {
				"bot": [
					{
						"type": "affliction",
						"name": "Anadi Venom",
						"traits": [
							"poison"
						],
						"DC": 20,
						"savingThrow": "Fortitude",
						"maxDuration": "4 rounds",
						"stages": [
							{
								"stage": 1,
								"entry": "{@damage 1d6} poison damage and {@condition flat-footed}",
								"duration": "1 round"
							},
							{
								"stage": 2,
								"entry": "{@damage 1d6} poison damage, {@condition flat-footed}, and {@condition clumsy|CRB|clumsy 1}",
								"duration": "1 round"
							}
						]
					},
					{
						"activity": {
							"number": 1,
							"unit": "action"
						},
						"traits": [
							"arcane",
							"concentrate",
							"polymorph",
							"transmutation"
						],
						"entries": [
							"Renali changes into her true form, spider form, or human form. The above statistics assume Renali is in her true form. While in her human form, Renali can't use her fangs attack and loses her climb Speed. When in spider form, she can't use weapons."
						],
						"name": "Change Shape",
						"generic": {
							"tag": "ability"
						}
					},
					{
						"entries": [
							"By spending several minutes, an anadi can produce silk to craft items made of cloth. A single anadi can produce enough silk in a day to craft a single garment."
						],
						"name": "Spin Silk"
					}
				]
			},
			"defenses": {
				"ac": {
					"std": 18
				},
				"savingThrows": {
					"fort": {
						"std": 8
					},
					"ref": {
						"std": 10
					},
					"will": {
						"std": 12
					}
				},
				"hp": [
					{
						"hp": 60
					}
				]
			}
		},
		{
			"name": "Skeletal Hellknight",
			"source": "AoA1",
			"page": 40,
			"level": 2,
			"traits": [
				"unique",
				"le",
				"medium",
				"skeleton",
				"undead"
			],
			"perception": {
				"std": 7
			},
			"senses": [
				{
					"name": "darkvision"
				}
			],
			"languages": {
				"languages": [
					"common",
					"infernal"
				]
			},
			"skills": {
				"athletics": {
					"std": 9
				},
				"intimidation": {
					"std": 7
				}
			},
			"abilityMods": {
				"str": 4,
				"dex": 2,
				"con": 3,
				"int": -1,
				"wis": 0,
				"cha": 1
			},
			"items": [
				"+1 halberd",
				"half plate"
			],
			"speed": {
				"walk": 25,
				"climb": 25
			},
			"attacks": [
				{
					"range": "Melee",
					"name": "halberd",
					"attack": 11,
					"traits": [
						"reach <10 feet>",
						"versatile <s>"
					],
					"effects": [
						"Invoke Reckoning"
					],
					"damage": "{@damage 1d10+4} piercing plus Invoke Reckoning",
					"types": [
						"piercing"
					]
				},
				{
					"range": "Melee",
					"name": "claw",
					"attack": 10,
					"traits": [
						"agile"
					],
					"damage": "{@damage 1d6+4} slashing",
					"types": [
						"slashing"
					]
				}
			],
			"abilities": {
				"mid": [
					{
						"activity": {
							"number": 1,
							"unit": "reaction"
						},
						"name": "Attack of Opportunity",
						"generic": {
							"tag": "ability"
						}
					}
				],
				"bot": [
					{
						"traits": [
							"divine",
							"necromancy"
						],
						"entries": [
							"The skeletal Hellknight can direct the actions of the nearby skeleton guards, commanding them to perform tactics such as flanking foes and focusing their attacks on specific targets. As long as the skeletal Hellknight is active and commanding the skeletons, they gain the {@action Attack of Opportunity} reaction."
						],
						"name": "Command Skeletons"
					},
					{
						"activity": {
							"number": 1,
							"unit": "reaction"
						},
						"traits": [
							"divine",
							"enchantment",
							"mental"
						],
						"trigger": "The skeletal Hellknight hits a foe with a {@action Strike}.",
						"entries": [
							"The skeletal Hellknight causes the creature struck to endure the pain of an Order of the Nail's reckoning\u2014a rite of mortification Hellknights of that order use to focus their minds. The creature struck feels as if nails are being driven into their body, and must succeed at a DC 17 Will save or be {@condition stunned|CRB|stunned 1} from the pain. On a critical failure, the pain manifests as actual puncture wounds, dealing an additional {@dice 2d6} points of piercing damage to the victim."
						],
						"name": "Invoke Reckoning"
					}
				]
			},
			"defenses": {
				"ac": {
					"std": 20
				},
				"savingThrows": {
					"fort": {
						"std": 9
					},
					"ref": {
						"std": 8
					},
					"will": {
						"std": 4
					}
				},
				"hp": [
					{
						"hp": 25,
						"abilities": [
							"negative healing"
						]
					}
				],
				"immunities": [
					"death effects",
					"disease",
					"paralyzed",
					"poison",
					"unconscious"
				]
			}
		},
		{
			"name": "Venak",
			"source": "AoA1",
			"page": 37,
			"_copy": {
				"name": "Skorp",
				"source": "AoA1",
				"_preserve": {
					"description": true
				}
			}
		},
		{
			"name": "Skorp",
			"source": "AoA1",
			"page": 37,
			"level": 1,
			"traits": [
				"ce",
				"small",
				"charau-ka",
				"humanoid"
			],
			"description": "Charau-ka",
			"perception": {
				"std": 6
			},
			"senses": [
				{
					"name": "darkvision"
				},
				{
					"type": "imprecise",
					"name": "scent",
					"range": 30
				}
			],
			"languages": {
				"languages": [
					"draconic",
					"mwangi"
				]
			},
			"skills": {
				"athletics": {
					"std": 6
				},
				"religion": {
					"std": 4
				},
				"stealth": {
					"std": 6
				}
			},
			"abilityMods": {
				"str": 3,
				"dex": 3,
				"con": 2,
				"int": -1,
				"wis": 1,
				"cha": 0
			},
			"items": [
				"hide armor",
				"sickle",
				"whip"
			],
			"speed": {
				"walk": 25,
				"climb": 25
			},
			"attacks": [
				{
					"range": "Melee",
					"name": "sickle",
					"attack": 8,
					"traits": [
						"agile",
						"finesse",
						"trip"
					],
					"damage": "{@damage 1d4+3} slashing",
					"types": [
						"slashing"
					]
				},
				{
					"range": "Melee",
					"name": "whip",
					"attack": 8,
					"traits": [
						"disarm",
						"finesse",
						"nonlethal",
						"reach",
						"trip"
					],
					"damage": "{@damage 1d4+3} slashing",
					"types": [
						"slashing"
					]
				},
				{
					"range": "Ranged",
					"name": "thrown debris",
					"attack": 8,
					"traits": [
						"deadly <d6>",
						"thrown <20 feet>"
					],
					"damage": "{@damage 1d6+3} bludgeoning",
					"types": [
						"bludgeoning"
					]
				}
			],
			"abilities": {
				"bot": [
					{
						"activity": {
							"number": 1,
							"unit": "free"
						},
						"traits": [
							"primal",
							"transmutation"
						],
						"trigger": "The charau-ka's turn begins.",
						"frequency": {
							"unit": "hour",
							"number": 1
						},
						"entries": [
							"The charau-ka is {@condition quickened} until the end of its turn, and can use the extra action to {@action Stride} or {@action Strike}. Due to its loud wailing while in a shrieking frenzy, the charau-ka can't speak and automatically critically fails all {@skill Stealth} checks."
						],
						"name": "Shrieking Frenzy"
					},
					{
						"entries": [
							"When a charau-ka throws a weapon, the weapon gains the {@trait deadly <d6>} weapon trait. When it throws an improvised weapon, it doesn't take the \u20132 penalty for using an improvised weapon, nor does it take the penalty for using that weapon to make a lethal attack instead of a nonlethal attack."
						],
						"name": "Thrown Weapon Mastery"
					}
				]
			},
			"defenses": {
				"ac": {
					"std": 18
				},
				"savingThrows": {
					"fort": {
						"std": 7
					},
					"ref": {
						"std": 8
					},
					"will": {
						"std": 4
					}
				},
				"hp": [
					{
						"hp": 18
					}
				]
			}
		},
		{
			"name": "Tixitog",
			"source": "AoA1",
			"page": 91,
			"level": 3,
			"traits": [
				"uncommon",
				"ne",
				"medium",
				"aberration"
			],
			"perception": {
				"std": 9
			},
			"senses": [
				{
					"name": "darkvision"
				},
				{
					"type": "imprecise",
					"name": "web sense",
					"range": 60
				}
			],
			"languages": {
				"languages": [
					"aklo",
					"common"
				]
			},
			"skills": {
				"acrobatics": {
					"std": 8
				},
				"athletics": {
					"std": 10
				},
				"occultism": {
					"std": 7
				},
				"stealth": {
					"std": 10
				}
			},
			"abilityMods": {
				"str": 3,
				"dex": 3,
				"con": 2,
				"int": 0,
				"wis": 2,
				"cha": -1
			},
			"speed": {
				"walk": 25,
				"climb": 25
			},
			"attacks": [
				{
					"range": "Melee",
					"name": "jaws",
					"attack": 10,
					"damage": "{@damage 1d12+5} piercing",
					"types": [
						"piercing"
					]
				},
				{
					"range": "Melee",
					"name": "tongue",
					"attack": 12,
					"traits": [
						"reach <20 feet>"
					],
					"effects": [
						"tongue pull"
					]
				},
				{
					"range": "Melee",
					"name": "leg",
					"attack": 10,
					"traits": [
						"agile"
					],
					"damage": "{@damage 1d10+5} bludgeoning",
					"types": [
						"bludgeoning"
					]
				}
			],
			"abilities": {
				"top": [
					{
						"entries": [
							"The tixitog can detect the vibrations of creatures touching a web that the tixitog is also touching."
						],
						"name": "Web Sense"
					}
				],
				"bot": [
					{
						"activity": {
							"number": 1,
							"unit": "action"
						},
						"entries": [
							"Small, {@damage 1d12+3} bludgeoning, Rupture 10"
						],
						"name": "Swallow Whole",
						"generic": {
							"tag": "ability"
						}
					},
					{
						"entries": [
							"When a tixitog hits a Small or smaller creature with its tongue {@action Strike}, the target is pulled into the tixitog's mouth.",
							"The tixitog can then attempt to Swallow it Whole."
						],
						"name": "Tongue Pull"
					}
				]
			},
			"defenses": {
				"ac": {
					"std": 19
				},
				"savingThrows": {
					"fort": {
						"std": 9
					},
					"ref": {
						"std": 10
					},
					"will": {
						"std": 7
					}
				},
				"hp": [
					{
						"hp": 40
					}
				],
				"immunities": [
					"poison"
				]
			},
			"hasImages": true
		},
		{
			"name": "Voz Lirayne",
			"source": "AoA1",
			"page": 81,
			"level": 5,
			"traits": [
				"unique",
				"ne",
				"medium",
				"elf",
				"human",
				"humanoid"
			],
			"perception": {
				"std": 7
			},
			"languages": {
				"languages": [
					"common",
					"elven",
					"goblin",
					"halfling",
					"necril",
					"orcish"
				]
			},
			"skills": {
				"arcana": {
					"std": 13
				},
				"deception": {
					"std": 11
				},
				"occultism": {
					"std": 11
				},
				"religion": {
					"std": 7
				},
				"society": {
					"std": 11
				},
				"stealth": {
					"std": 10
				},
				"library lore": {
					"std": 11
				},
				"mercantile lore": {
					"std": 11
				}
			},
			"abilityMods": {
				"str": 1,
				"dex": 3,
				"con": 3,
				"int": 4,
				"wis": 0,
				"cha": 2
			},
			"items": [
				"{@runeItem dagger||+1 weapon potency||+1 dagger} (bonded item)",
				"{@item healing potion (generic)||healing potion}",
				"scroll of sleep",
				"scroll of true strike"
			],
			"speed": {
				"walk": 25
			},
			"attacks": [
				{
					"range": "Melee",
					"name": "dagger",
					"attack": 13,
					"traits": [
						"agile",
						"finesse",
						"magical",
						"versatile <s>"
					],
					"damage": "{@damage 1d4+3} piercing",
					"types": [
						"piercing"
					]
				},
				{
					"range": "Ranged",
					"name": "dagger",
					"attack": 13,
					"traits": [
						"agile",
						"magical",
						"thrown <10 feet>",
						"versatile <s>"
					],
					"damage": "{@damage 1d4+3} piercing",
					"types": [
						"piercing"
					]
				}
			],
			"spellcasting": [
				{
					"type": "Prepared",
					"tradition": "arcane",
					"DC": 23,
					"attack": 15,
					"entry": {
						"0": {
							"level": 3,
							"spells": [
								{
									"name": "chill touch"
								},
								{
									"name": "detect magic"
								},
								{
									"name": "light"
								},
								{
									"name": "read"
								},
								{
									"name": "shield"
								}
							]
						},
						"1": {
							"spells": [
								{
									"name": "fear"
								},
								{
									"name": "grim tendrils"
								},
								{
									"name": "mage armor"
								},
								{
									"name": "ray of enfeeblement"
								}
							]
						},
						"2": {
							"spells": [
								{
									"name": "acid arrow"
								},
								{
									"name": "false life"
								},
								{
									"name": "mirror image"
								},
								{
									"name": "spider climb"
								}
							]
						},
						"3": {
							"spells": [
								{
									"name": "bind undead"
								},
								{
									"name": "paralyze"
								},
								{
									"name": "vampiric touch"
								}
							]
						}
					}
				},
				{
					"name": "Wizard School Spells",
					"type": "Focus",
					"DC": 23,
					"fp": 1,
					"entry": {
						"3": {
							"spells": [
								{
									"name": "call of the grave"
								}
							]
						}
					}
				}
			],
			"rituals": [
				{
					"tradition": "arcane",
					"DC": 23,
					"rituals": [
						{
							"name": "create undead"
						}
					]
				}
			],
			"abilities": {
				"bot": [
					{
						"activity": {
							"number": 1,
							"unit": "free"
						},
						"entries": [
							"When Voz uses this ability, she also regains 1 Focus Point."
						],
						"name": "Drain Bonded Item",
						"generic": {
							"tag": "action"
						}
					},
					{
						"name": "Eschew Materials",
						"generic": {
							"tag": "feat"
						}
					},
					{
						"activity": {
							"number": 1,
							"unit": "action"
						},
						"name": "Reach Spell",
						"generic": {
							"tag": "feat",
							"add_hash": "Wizard"
						}
					}
				]
			},
			"defenses": {
				"ac": {
					"std": 20,
					"with mage armor": 21
				},
				"savingThrows": {
					"fort": {
						"std": 10
					},
					"ref": {
						"std": 12
					},
					"will": {
						"std": 9
					}
				},
				"hp": [
					{
						"hp": 56,
						"notes": [
							"plus 10 temporary from false life"
						]
					}
				]
			}
		},
		{
			"name": "Warbal Bumblebrasher",
			"source": "AoA1",
			"page": 83,
			"level": 1,
			"traits": [
				"unique",
				"ng",
				"small",
				"goblin",
				"humanoid"
			],
			"perception": {
				"std": 3
			},
			"senses": [
				{
					"name": "darkvision"
				}
			],
			"languages": {
				"languages": [
					"common",
					"goblin"
				]
			},
			"skills": {
				"diplomacy": {
					"std": 8
				},
				"nature": {
					"std": 5
				},
				"religion": {
					"std": 5
				},
				"society": {
					"std": 7
				},
				"survival": {
					"std": 3
				},
				"goblin lore": {
					"std": 9
				}
			},
			"abilityMods": {
				"str": -1,
				"dex": 2,
				"con": 2,
				"int": 2,
				"wis": 0,
				"cha": 3
			},
			"items": [
				"book titled {@i History of the Bumblebrashers in Isger}",
				"religious symbol of Desna",
				"scholar's robes"
			],
			"speed": {
				"walk": 25
			},
			"attacks": [
				{
					"range": "Melee",
					"name": "fist",
					"attack": 5,
					"traits": [
						"agile",
						"finesse",
						"nonlethal",
						"unarmed"
					],
					"damage": "{@dice 1d4-1} bludgeoning",
					"types": [
						"bludgeoning"
					]
				},
				{
					"range": "Melee",
					"name": "heavy book",
					"attack": 0,
					"damage": "{@dice 1d6-1} bludgeoning",
					"types": [
						"bludgeoning"
					]
				},
				{
					"range": "Ranged",
					"name": "heavy book",
					"attack": 3,
					"traits": [
						"thrown <10 feet>"
					],
					"damage": "{@dice 1d6-1} bludgeoning",
					"types": [
						"bludgeoning"
					]
				}
			],
			"abilities": {
				"top": [
					{
						"activity": {
							"number": 1,
							"unit": "reaction"
						},
						"trigger": "A goblin ally ends a move action adjacent to Warbal.",
						"entries": [
							"Warbal {@action Step||Steps}."
						],
						"name": "Goblin Scuttle"
					}
				]
			},
			"defenses": {
				"ac": {
					"std": 15
				},
				"savingThrows": {
					"fort": {
						"std": 5
					},
					"ref": {
						"std": 5
					},
					"will": {
						"std": 5
					}
				},
				"hp": [
					{
						"hp": 20
					}
				]
			}
		}
	]
}
