{
	"creature": [
		{
			"name": "Aives The Smoke Dragon",
			"isNpc": false,
			"source": "EC2",
			"page": 16,
			"level": 4,
			"traits": [
				"unique",
				"cn",
				"medium",
				"humanoid",
				"tiefling"
			],
			"creatureType": [
				"Humanoid"
			],
			"perception": {
				"std": 8
			},
			"senses": [
				{
					"name": "darkvision"
				}
			],
			"languages": {
				"languages": [
					"Abyssal",
					"Common"
				],
				"languageAbilities": []
			},
			"skills": {
				"Acrobatics": {
					"std": 10
				},
				"Athletics": {
					"std": 8
				},
				"Deception": {
					"std": 8
				},
				"Performance": {
					"std": 8
				},
				"Stealth": {
					"std": 10
				},
				"Thievery": {
					"std": 12
				}
			},
			"abilityMods": {
				"str": 2,
				"dex": 4,
				"con": 0,
				"int": 1,
				"wis": 0,
				"cha": 2
			},
			"items": [
				"dagger (4),leather armor",
				"thieves' tools"
			],
			"ac": {
				"std": 21
			},
			"savingThrows": {
				"fort": {
					"std": 9
				},
				"ref": {
					"std": 14
				},
				"will": {
					"std": 9
				}
			},
			"hp": [
				{
					"hp": 56,
					"abilities": null
				}
			],
			"immunities": [
				"poison"
			],
			"speed": {
				"walk": 25
			},
			"attacks": [],
			"spellcasting": [
				{
					"name": "Divine Innate",
					"type": "Innate",
					"tradition": "Divine",
					"DC": 18,
					"entry": {
						"2": {
							"spells": [
								{
									"name": "darkness"
								}
							]
						}
					}
				}
			],
			"abilities": {
				"top": [
					{
						"entries": [
							"+8, {@skill Stealth} +10, {@skill Thievery} +12 Str +2, Dex +4, Con +0, Int +1, Wis +0, Cha +2 Items dagger (4),leather armor, thieves' tools."
						],
						"name": "Performance"
					}
				],
				"mid": [
					{
						"entries": [
							"On the first round of combat, if Aives rolled {@skill Deception} or {@skill Stealth} for initiative, creatures that haven't acted are {@condition flat-footed} to him."
						],
						"name": "Surprise Attack"
					}
				],
				"bot": [
					{
						"activity": {
							"number": 1,
							"unit": "action"
						},
						"entries": [
							"Aives draws a weapon with an {@action Interact} action, then Strikes with the weapon he just drew."
						],
						"name": "Quick Draw"
					},
					{
						"activity": {
							"number": 1,
							"unit": "action"
						},
						"traits": [
							"poison"
						],
						"entries": [
							"Aives breathes out a cloud of poisonous smoke that he can make curl around him or cling to his weapons. Until the cloud dissipates at the start of his next turn, Aives is {@condition concealed}, his Strikes deal an extra {@damage 1d8} poison damage, and targets of his Strikes must succeed at a DC 22 Fortitude save or become {@condition sickened|CRB|sickened 1}."
						],
						"name": "Smoke Exhalation"
					},
					{
						"traits": [
							"precision"
						],
						"entries": [
							"Aives deals an extra {@damage 1d6} precision damage to {@condition flat-footed} creatures."
						],
						"name": "Sneak Attack",
						"generic": true
					}
				]
			}
		},
		{
			"name": "Andera Paldreen",
			"isNpc": false,
			"source": "EC2",
			"page": 87,
			"level": 10,
			"traits": [
				"unique",
				"ln",
				"medium",
				"human",
				"humanoid"
			],
			"creatureType": [
				"Humanoid"
			],
			"perception": {
				"std": 21
			},
			"languages": {
				"languages": [
					"Common",
					"Elven",
					"Halfling"
				],
				"languageAbilities": []
			},
			"skills": {
				"Athletics": {
					"std": 19,
					"to Disarm": 22
				},
				"Diplomacy": {
					"std": 22
				},
				"Intimidation": {
					"std": 21
				},
				"Society": {
					"std": 19
				},
				"Underworld Lore": {
					"std": 19
				}
			},
			"abilityMods": {
				"str": 3,
				"dex": 0,
				"con": 5,
				"int": 3,
				"wis": 5,
				"cha": 5
			},
			"ac": {
				"std": 30
			},
			"savingThrows": {
				"fort": {
					"std": 21
				},
				"ref": {
					"std": 16
				},
				"will": {
					"std": 21
				}
			},
			"hp": [
				{
					"hp": 175,
					"abilities": null
				}
			],
			"speed": {
				"walk": 20
			},
			"attacks": [
				{
					"range": "Melee",
					"name": "+1 striking falchion",
					"attack": 22,
					"traits": [
						"forceful",
						"sweep"
					],
					"effects": [],
					"damage": "{@damage 2d10+7} slashing",
					"types": [
						"slashing"
					]
				}
			],
			"abilities": {
				"top": [
					{
						"entries": [
							"+19, {@skill Diplomacy} +22,"
						],
						"name": "Criminal Lore"
					},
					{
						"entries": [
							"+21, {@skill Society} +19, {@skill Survival} +17, {@skill Lore||Underworld Lore} +19 Str +3, Dex +0, Con +5, Int +3, Wis +5,"
						],
						"name": "Intimidation"
					},
					{
						"entries": [
							"+5 Items breastplate, chief constable's badge (as diplomat's badge), +1 striking falchion,"
						],
						"name": "Cha"
					}
				],
				"mid": [
					{
						"activity": {
							"number": 1,
							"unit": "reaction"
						},
						"entries": [
							"Andera can use."
						],
						"name": "Attack of Opportunity",
						"generic": true
					},
					{
						"entries": [
							"Opportunity when a creature within her reach uses a concentrate action, in addition to its normal trigger.",
							"If her attack hits, and the trigger was a concentrate or manipulate action, she disrupts that action (rather than disruption on only a critical hit)."
						],
						"name": "Attack of"
					}
				],
				"bot": [
					{
						"activity": {
							"number": 2,
							"unit": "action"
						},
						"traits": [
							"auditory",
							"concentrate",
							"emotion",
							"mental"
						],
						"entries": [
							". Andera makes an {@skill Intimidation} check and compares it to the Will DC of each creature she chooses within 30 feet. Regardless of her result, the targets are temporarily immune for 10 minutes.",
							{
								"type": "successDegree",
								"entries": {
									"Critical Success": "The target is {@condition paralyzed} for 1 minute and becomes {@condition frightened|CRB|frightened 2}.",
									"Success": "The target takes a \u201310-foot penalty to all its Speeds for 1 minute and becomes {@condition frightened|CRB|frightened 1}."
								}
							}
						],
						"name": "Call to Halt"
					},
					{
						"entries": [
							"Andera treats all {@skill Perception} checks made to {@action Sense Motive} as one degree of success better than the result of her check."
						],
						"name": "Shrewd Eye"
					}
				]
			}
		},
		{
			"name": "Bogey",
			"isNpc": false,
			"source": "EC2",
			"page": 78,
			"level": 3,
			"traits": [
				"uncommon",
				"ne",
				"small",
				"fey"
			],
			"creatureType": [
				"Fey"
			],
			"perception": {
				"std": 9
			},
			"senses": [
				{
					"name": "low-light vision"
				}
			],
			"languages": {
				"languages": [
					"Aklo",
					"Sylvan"
				],
				"languageAbilities": []
			},
			"skills": {
				"Acrobatics": {
					"std": 10
				},
				"Deception": {
					"std": 10
				},
				"Intimidation": {
					"std": 8
				},
				"Stealth": {
					"std": 10
				}
			},
			"abilityMods": {
				"str": 2,
				"dex": 3,
				"con": 2,
				"int": -2,
				"wis": 1,
				"cha": 3
			},
			"ac": {
				"std": 20
			},
			"savingThrows": {
				"fort": {
					"std": 7
				},
				"ref": {
					"std": 12
				},
				"will": {
					"std": 8
				}
			},
			"hp": [
				{
					"hp": 35,
					"abilities": null
				}
			],
			"immunities": [
				"fear"
			],
			"speed": {
				"walk": 30
			},
			"attacks": [
				{
					"range": "Melee",
					"name": "claw",
					"attack": 10,
					"traits": [
						"agile",
						"finesse",
						"magical"
					],
					"effects": [],
					"damage": "{@damage 1d8+3} slashing",
					"types": [
						"slashing"
					]
				}
			],
			"spellcasting": [
				{
					"name": "Occult Innate",
					"type": "Innate",
					"tradition": "Occult",
					"DC": 18,
					"entry": {
						"0": {
							"level": 1,
							"spells": [
								{
									"name": "ghost sound"
								},
								{
									"name": "message"
								}
							]
						},
						"1": {
							"spells": [
								{
									"name": "fear",
									"amount": 2
								}
							]
						}
					}
				}
			],
			"abilities": {
				"bot": [
					{
						"activity": {
							"number": 3,
							"unit": "action"
						},
						"traits": [
							"necromancy",
							"occult"
						],
						"requirements": "The bogey has killed a creature within the last round and is adjacent to the creature",
						"entries": [
							"The bogey consumes the creature's soul. The soul is utterly destroyed\u2014nothing short of wish or a similar effect can restore it to life, and only after the bogey has been slain. The bogey regains Hit Points equal to double the level of the consumed creature. After devouring three souls within a year, the bogey transforms into a bugaboo."
						],
						"name": "Devour Soul"
					},
					{
						"entries": [
							"On the first round of combat, creatures that haven't acted yet are {@condition flat-footed} to the bogey."
						],
						"name": "Surprise Attack"
					}
				]
			}
		},
		{
			"name": "Bogeyman",
			"isNpc": false,
			"source": "EC2",
			"page": 79,
			"level": 10,
			"traits": [
				"uncommon",
				"ne",
				"medium",
				"fey"
			],
			"creatureType": [
				"Fey"
			],
			"perception": {
				"std": 19
			},
			"senses": [
				{
					"name": "low-light vision"
				}
			],
			"languages": {
				"languages": [
					"Aklo",
					"Common",
					"Sylvan"
				],
				"languageAbilities": [
					"tongues"
				]
			},
			"skills": {
				"Acrobatics": {
					"std": 23
				},
				"Athletics": {
					"std": 19
				},
				"Deception": {
					"std": 22
				},
				"Intimidation": {
					"std": 22
				},
				"Society": {
					"std": 16
				},
				"Stealth": {
					"std": 23
				},
				"Thievery": {
					"std": 21
				}
			},
			"abilityMods": {
				"str": 5,
				"dex": 7,
				"con": 4,
				"int": 0,
				"wis": 3,
				"cha": 6
			},
			"ac": {
				"std": 30
			},
			"savingThrows": {
				"fort": {
					"std": 16
				},
				"ref": {
					"std": 23
				},
				"will": {
					"std": 19
				}
			},
			"hp": [
				{
					"hp": 175,
					"abilities": [
						"fast healing 10"
					]
				}
			],
			"immunities": [
				"fear"
			],
			"speed": {
				"abilities": [
					"mobility"
				],
				"walk": 30
			},
			"attacks": [
				{
					"range": "Melee",
					"name": "claw",
					"attack": 21,
					"traits": [
						"agile",
						"finesse",
						"magical"
					],
					"effects": [
						"striking fear"
					],
					"damage": "{@damage 2d12+9} slashing plus striking fear",
					"types": [
						"slashing"
					]
				}
			],
			"spellcasting": [
				{
					"name": "Occult Innate",
					"type": "Innate",
					"tradition": "Occult",
					"DC": 27,
					"entry": {
						"0": {
							"level": 4,
							"spells": [
								{
									"name": "ghost sound"
								},
								{
									"name": "message"
								}
							]
						},
						"2": {
							"spells": [
								{
									"name": "knock",
									"amount": "at will"
								}
							]
						},
						"3": {
							"spells": [
								{
									"name": "fear"
								},
								{
									"name": "mind reading"
								}
							]
						},
						"4": {
							"spells": [
								{
									"name": "gaseous form"
								},
								{
									"name": "invisibility"
								},
								{
									"name": "nightmare"
								},
								{
									"name": "phantasmal killer"
								}
							]
						},
						"constant": {
							"4": {
								"spells": [
									{
										"name": "tongues"
									}
								]
							}
						}
					}
				}
			],
			"abilities": {
				"top": [
					{
						"entries": [
							"+23, {@skill Thievery} +21 Str +5, Dex +7, Con +4, Int +0, Wis +3, Cha +6."
						],
						"name": "Stealth"
					}
				],
				"mid": [
					{
						"traits": [
							"aura",
							"emotion",
							"fear",
							"illusion",
							"mental",
							"visual"
						],
						"entries": [
							"60 feet. A bogeyman's aura of terror manifests as a shifting haze of images that reflect the viewers' deepest fears. Whenever a creature ends its turn within the aura, it must succeed at a DC 28 Will save or become {@condition frightened|CRB|frightened 1}. A creature's {@condition frightened} condition (including from striking fear) does not reduce as long as the creature remains in the aura. If the creature succeeds at its saving throw, it becomes temporarily immune to the aura for 24 hours."
						],
						"name": "Deepest Fear"
					}
				],
				"bot": [
					{
						"activity": {
							"number": 3,
							"unit": "action"
						},
						"traits": [
							"necromancy",
							"occult"
						],
						"entries": [
							"The bogey consumes the creature's soul. The soul is utterly destroyed\u2014nothing short of wish or a similar effect can restore it to life, and only after the bogey has been slain. The bogey regains Hit Points equal to double the level of the consumed creature. After devouring three souls within a year, the bogey transforms into a bugaboo."
						],
						"name": "Devour Soul",
						"requirements": "The bogey has killed a creature within the last round and is adjacent to the creature"
					},
					{
						"entries": [
							"When the bugaboo uses a {@action Stride} action to move half their Speed or less, that movement does not trigger reactions."
						],
						"name": "Mobility"
					},
					{
						"entries": [
							"The bugaboo deals {@dice 1d6} extra precision damage to {@condition flat-footed} creatures.",
							"Striking Fear (emotion, fear, mental) If a bugaboo scores a critical hit with a claw {@action Strike}, the target must attempt a DC 24 Will save.",
							{
								"type": "successDegree",
								"entries": {
									"Critical Success": "The target is unaffected.",
									"Success": "The target is {@condition frightened|CRB|frightened 1}.",
									"Failure": "The target is {@condition frightened|CRB|frightened 2}.",
									"Critical Failure": "The target is {@condition frightened|CRB|frightened 3} and {@condition fleeing} for 1 round."
								}
							}
						],
						"name": "Sneak Attack",
						"generic": true
					},
					{
						"entries": [
							"On the first round of combat, creatures that haven't acted yet are {@condition flat-footed} to the bogey."
						],
						"name": "Surprise Attack"
					}
				]
			}
		},
		{
			"name": "Bugaboo",
			"isNpc": false,
			"source": "EC2",
			"page": 78,
			"level": 6,
			"traits": [
				"uncommon",
				"ne",
				"medium",
				"fey"
			],
			"creatureType": [
				"Fey"
			],
			"perception": {
				"std": 14
			},
			"senses": [
				{
					"name": "low-light vision"
				}
			],
			"languages": {
				"languages": [
					"Aklo",
					"Common",
					"Sylvan"
				],
				"languageAbilities": []
			},
			"skills": {
				"Acrobatics": {
					"std": 15
				},
				"Deception": {
					"std": 14
				},
				"Intimidation": {
					"std": 14
				},
				"Stealth": {
					"std": 15
				},
				"Thievery": {
					"std": 13
				}
			},
			"abilityMods": {
				"str": 4,
				"dex": 5,
				"con": 3,
				"int": -1,
				"wis": 2,
				"cha": 4
			},
			"ac": {
				"std": 24
			},
			"savingThrows": {
				"fort": {
					"std": 11
				},
				"ref": {
					"std": 17
				},
				"will": {
					"std": 14
				}
			},
			"hp": [
				{
					"hp": 95,
					"abilities": null
				}
			],
			"immunities": [
				"fear"
			],
			"speed": {
				"abilities": [
					"mobility"
				],
				"walk": 30
			},
			"attacks": [
				{
					"range": "Melee",
					"name": "claw",
					"attack": 15,
					"traits": [
						"agile",
						"finesse",
						"magical"
					],
					"effects": [
						"striking fear"
					],
					"damage": "{@damage 2d8+6} slashing plus striking fear",
					"types": [
						"slashing"
					]
				}
			],
			"spellcasting": [
				{
					"name": "Occult Innate",
					"type": "Innate",
					"tradition": "Occult",
					"DC": 22,
					"entry": {
						"0": {
							"level": 3,
							"spells": [
								{
									"name": "ghost sound"
								},
								{
									"name": "message"
								}
							]
						},
						"2": {
							"spells": [
								{
									"name": "invisibility"
								},
								{
									"name": "knock"
								}
							]
						},
						"3": {
							"spells": [
								{
									"name": "fear"
								},
								{
									"name": "paralyze"
								}
							]
						}
					}
				}
			],
			"abilities": {
				"top": [
					{
						"entries": [
							"+13 Str +4, Dex +5, Con +3, Int \u20131, Wis +2, Cha +4."
						],
						"name": "Thievery"
					}
				],
				"bot": [
					{
						"activity": {
							"number": 3,
							"unit": "action"
						},
						"traits": [
							"necromancy",
							"occult"
						],
						"entries": [
							"The bogey consumes the creature's soul. The soul is utterly destroyed\u2014nothing short of wish or a similar effect can restore it to life, and only after the bogey has been slain. The bogey regains Hit Points equal to double the level of the consumed creature. After devouring three souls within a year, the bogey transforms into a bugaboo."
						],
						"name": "Devour Soul",
						"requirements": "The bogey has killed a creature within the last round and is adjacent to the creature"
					},
					{
						"entries": [
							"When the bugaboo uses a {@action Stride} action to move half their Speed or less, that movement does not trigger reactions."
						],
						"name": "Mobility"
					},
					{
						"entries": [
							"The bugaboo deals {@dice 1d6} extra precision damage to {@condition flat-footed} creatures.",
							"Striking Fear (emotion, fear, mental) If a bugaboo scores a critical hit with a claw {@action Strike}, the target must attempt a DC 24 Will save.",
							{
								"type": "successDegree",
								"entries": {
									"Critical Success": "The target is unaffected.",
									"Success": "The target is {@condition frightened|CRB|frightened 1}.",
									"Failure": "The target is {@condition frightened|CRB|frightened 2}.",
									"Critical Failure": "The target is {@condition frightened|CRB|frightened 3} and {@condition fleeing} for 1 round."
								}
							}
						],
						"name": "Sneak Attack",
						"generic": true
					},
					{
						"entries": [
							"On the first round of combat, creatures that haven't acted yet are {@condition flat-footed} to the bogey."
						],
						"name": "Surprise Attack"
					}
				]
			}
		},
		{
			"name": "Celestial Menagerie Bruiser",
			"isNpc": false,
			"source": "EC2",
			"page": 47,
			"level": 8,
			"traits": [
				"ne",
				"medium",
				"human",
				"humanoid"
			],
			"creatureType": [
				"Humanoid"
			],
			"perception": {
				"std": 14
			},
			"languages": {
				"languages": [
					"Common"
				],
				"languageAbilities": []
			},
			"skills": {
				"Athletics": {
					"std": 17,
					"to Shove": 20
				},
				"Intimidation": {
					"std": 16
				},
				"Stealth": {
					"std": 13
				},
				"Survival": {
					"std": 12
				},
				"Thievery": {
					"std": 13
				},
				"Circus Lore": {
					"std": 12
				}
			},
			"abilityMods": {
				"str": 5,
				"dex": 1,
				"con": 2,
				"int": 0,
				"wis": 0,
				"cha": 2
			},
			"items": [
				"chain shirt",
				"dagger",
				"face mask",
				"+1 striking greatclub"
			],
			"ac": {
				"std": 27
			},
			"savingThrows": {
				"fort": {
					"std": 16
				},
				"ref": {
					"std": 15
				},
				"will": {
					"std": 13
				}
			},
			"hp": [
				{
					"hp": 135,
					"abilities": null
				}
			],
			"speed": {
				"walk": 25
			},
			"attacks": [],
			"abilities": {
				"top": [
					{
						"entries": [
							"+16, {@skill Stealth} +13, {@skill Survival} +12, {@skill Thievery} +13 Str +5, Dex +1, Con +2, Int +0, Wis +0, Cha +2 Items chain shirt, dagger, face mask, +1 striking greatclub."
						],
						"name": "Intimidation"
					}
				],
				"mid": [
					{
						"activity": {
							"number": 1,
							"unit": "reaction"
						},
						"trigger": "A creature hits the bruiser with a melee {@action Strike}",
						"entries": [
							"The bruiser attempts to {@action Shove} the creature. On a success or a critical success, the target is also knocked {@condition prone}. The bruiser can't {@action Stride} after a target it successfully Shoves in this way."
						],
						"name": "Opportunistic Brawler"
					}
				],
				"bot": [
					{
						"activity": {
							"number": 1,
							"unit": "action"
						},
						"frequency": {
							"unit": "turn",
							"freq": 1
						},
						"entries": [
							"Requirements The bruiser must target a creature they Shoved since the end of the bruiser's last turn; The bruiser attempts."
						],
						"name": "Terrifying Sneer"
					},
					{
						"entries": [
							"{@action Demoralize} the target. If the bruiser rolls a success, they gets a critical success instead."
						],
						"name": "to"
					}
				]
			}
		},
		{
			"name": "Chimpanzee Visitant",
			"isNpc": false,
			"source": "EC2",
			"page": 83,
			"level": 3,
			"traits": [
				"ne",
				"small",
				"animal",
				"undead"
			],
			"creatureType": [
				"Animal",
				"Undead"
			],
			"perception": {
				"std": 9
			},
			"senses": [
				{
					"name": "darkvision"
				},
				{
					"type": "imprecise",
					"name": "lifesense",
					"range": 60
				}
			],
			"skills": {
				"Acrobatics": {
					"std": 11
				},
				"Athletics": {
					"std": 10
				}
			},
			"abilityMods": {
				"str": 3,
				"dex": 4,
				"con": 3,
				"int": -4,
				"wis": 1,
				"cha": -1
			},
			"ac": {
				"std": 18
			},
			"savingThrows": {
				"fort": {
					"std": 8
				},
				"ref": {
					"std": 11
				},
				"will": {
					"std": 10
				}
			},
			"hp": [
				{
					"hp": 55,
					"abilities": [
						"negative healing"
					]
				}
			],
			"immunities": [
				"poison",
				"death effects",
				"disease",
				"paralyzed"
			],
			"weaknesses": [
				{
					"amount": 5,
					"name": "positive"
				},
				{
					"name": "whip vulnerability"
				}
			],
			"speed": {
				"walk": 25
			},
			"attacks": [],
			"abilities": {
				"mid": [
					{
						"traits": [
							"aura",
							"emotion",
							"enchantment",
							"mental"
						],
						"entries": [
							"20 feet, DC 16. See previous page.",
							"HP 55, negative healing; Immunities {@trait death} effects, disease, {@condition paralyzed}, poison, {@condition unconscious}; Weaknesses positive 5, whip vulnerability."
						],
						"name": "Vengeful Presence"
					},
					{
						"entries": [
							"A chimpanzee visitant takes 5 additional damage from whips."
						],
						"name": "Whip Vulnerability"
					}
				],
				"bot": [
					{
						"entries": [
							"The visitant gains a +2 circumstance bonus to damage rolls against a creature it has {@condition grabbed}."
						],
						"name": "Mauler"
					},
					{
						"traits": [
							"disease"
						],
						"entries": [
							"Visitants can be carriers of diseases, even if they are immune to their effects. Saving Throw DC 16 Fortitude. Stage 1 {@condition sickened|CRB|sickened 1} (1 day); Stage 2 {@condition sickened|CRB|sickened 2} (1 day); Stage 3 confusion (1 day); Stage 4 dead."
						],
						"name": "Rabies"
					}
				]
			}
		},
		{
			"name": "Darricus Stallit",
			"isNpc": false,
			"source": "EC2",
			"page": 57,
			"level": 8,
			"traits": [
				"unique",
				"le",
				"medium",
				"human",
				"humanoid"
			],
			"creatureType": [
				"Humanoid"
			],
			"perception": {
				"std": 17
			},
			"senses": [
				{
					"name": "sharp eyes"
				}
			],
			"languages": {
				"languages": [
					"Common"
				],
				"languageAbilities": []
			},
			"skills": {
				"Athletics": {
					"std": 17
				},
				"Deception": {
					"std": 14
				},
				"Diplomacy": {
					"std": 16
				},
				"Intimidation": {
					"std": 16
				},
				"Society": {
					"std": 14
				},
				"Criminal Lore": {
					"std": 13
				}
			},
			"abilityMods": {
				"str": 5,
				"dex": 1,
				"con": 0,
				"int": 1,
				"wis": 3,
				"cha": 4
			},
			"ac": {
				"std": 28
			},
			"savingThrows": {
				"fort": {
					"std": 14
				},
				"ref": {
					"std": 15
				},
				"will": {
					"std": 15
				}
			},
			"hp": [
				{
					"hp": 122,
					"abilities": null
				}
			],
			"speed": {
				"walk": 25
			},
			"attacks": [],
			"abilities": {
				"top": [
					{
						"entries": [
							"+16, {@skill Intimidation} +16, {@skill Society} +14 Str +5, Dex +1, Con +0, Int +1, Wis +3, Cha +4 Items +1 striking bastard sword, composite shortbow (10 arrows), constable's badge, half plate, steel shield (Hardness 3, HP 20, BT 10)"
						],
						"name": "Diplomacy"
					},
					{
						"entries": [
							"Darricus doesn't need to succeed at a flat check to target {@condition concealed} creatures, and he is not {@condition flat-footed} to creatures that are {@condition hidden} from him."
						],
						"name": "Sharp Eyes"
					}
				],
				"mid": [
					{
						"activity": {
							"number": 1,
							"unit": "reaction"
						},
						"entries": [],
						"name": "Attack of Opportunity",
						"generic": true
					}
				],
				"bot": [
					{
						"activity": {
							"number": 2,
							"unit": "action"
						},
						"entries": [
							"Darricus makes a melee {@action Strike} that counts as two attacks when calculating his multiple attack penalty. If this strike hits, it deals an extra die of weapon damage."
						],
						"name": "Power Attack"
					},
					{
						"activity": {
							"number": 2,
							"unit": "action"
						},
						"entries": [
							"Darricus makes a melee {@action Strike} and compares the attack roll result to the AC of up to two foes, each of whom must be within his melee reach and adjacent to each other. He rolls damage only once and applies it to each creature he hit. This {@action Strike} counts as two attacks for calculating his multiple attack penalty."
						],
						"name": "Swipe"
					}
				]
			}
		},
		{
			"name": "Delamar Gianvin",
			"isNpc": false,
			"source": "EC2",
			"page": 16,
			"level": 6,
			"traits": [
				"unique",
				"cn",
				"medium",
				"human",
				"humanoid"
			],
			"creatureType": [
				"Humanoid"
			],
			"perception": {
				"std": 14
			},
			"languages": {
				"languages": [
					"Common",
					"Elven"
				],
				"languageAbilities": []
			},
			"skills": {
				"Acrobatics": {
					"std": 15
				},
				"Deception": {
					"std": 14
				},
				"Diplomacy": {
					"std": 14
				},
				"Society": {
					"std": 12
				},
				"Stealth": {
					"std": 17
				},
				"Thievery": {
					"std": 15
				},
				"Circus Lore": {
					"std": 10
				},
				"Criminal Lore": {
					"std": 10
				}
			},
			"abilityMods": {
				"str": 1,
				"dex": 5,
				"con": 0,
				"int": 2,
				"wis": 2,
				"cha": 4
			},
			"items": [
				"hand crossbow (10 bolts)",
				"leather armor",
				"+1 rapier"
			],
			"ac": {
				"std": 24
			},
			"savingThrows": {
				"fort": {
					"std": 11
				},
				"ref": {
					"std": 17
				},
				"will": {
					"std": 14
				}
			},
			"hp": [
				{
					"hp": 90,
					"abilities": null
				}
			],
			"speed": {
				"walk": 30
			},
			"attacks": [],
			"abilities": {
				"top": [
					{
						"entries": [
							"+14, {@skill Diplomacy} +14, {@skill Society} +12, {@skill Stealth} +17,"
						],
						"name": "Deception"
					},
					{
						"entries": [
							"+15 Str +1, Dex +5, Con +0, Int +2, Wis +2, Cha +4 Items hand crossbow (10 bolts), leather armor, +1 rapier."
						],
						"name": "Thievery"
					}
				],
				"mid": [
					{
						"entries": [
							"Delamar isn't {@condition flat-footed} to creatures of 6th level or lower that are {@condition hidden}, {@condition undetected}, flanking, or using surprise attack."
						],
						"name": "Deny Advantage"
					},
					{
						"activity": {
							"number": 1,
							"unit": "reaction"
						},
						"trigger": "A creature within Delamar's melee reach is hit by a melee attack from one of his allies",
						"entries": [
							"Delamar makes a {@action Strike} against the triggering creature with a \u20132 penalty to the attack roll. He can't deal sneak attack damage on this {@action Strike}. After this {@action Strike}, Delamar can {@action Stride} without triggering reactions."
						],
						"name": "Nimble Opportunist"
					},
					{
						"entries": [
							"On the first round of combat, if Delamar rolled {@skill Deception} or {@skill Stealth} for initiative, creatures that haven't acted are {@condition flat-footed} to him."
						],
						"name": "Surprise Attack"
					}
				],
				"bot": [
					{
						"activity": {
							"number": 1,
							"unit": "action"
						},
						"entries": [
							"Delamar draws a weapon with an {@action Interact} action, then Strikes with the weapon he just drew."
						],
						"name": "Quick Draw"
					},
					{
						"entries": [
							"Delamar deals an extra {@damage 2d6} precision damage to {@condition flat-footed} creatures."
						],
						"name": "Sneak Attack",
						"generic": true
					}
				]
			}
		},
		{
			"name": "Evora Yarket",
			"isNpc": false,
			"source": "EC2",
			"page": 52,
			"level": 7,
			"traits": [
				"unique",
				"n",
				"medium",
				"human",
				"humanoid",
				"orc"
			],
			"creatureType": [
				"Humanoid"
			],
			"perception": {
				"std": 14
			},
			"senses": [
				{
					"name": "low-light vision"
				}
			],
			"languages": {
				"languages": [
					"Common",
					"Hallit",
					"Orc"
				],
				"languageAbilities": []
			},
			"skills": {
				"Acrobatics": {
					"std": 11
				},
				"Athletics": {
					"std": 19
				},
				"Intimidation": {
					"std": 10
				},
				"Nature": {
					"std": 13
				},
				"Performance": {
					"std": 10
				},
				"Survival": {
					"std": 13
				}
			},
			"abilityMods": {
				"str": 5,
				"dex": 0,
				"con": 3,
				"int": 1,
				"wis": 2,
				"cha": -1
			},
			"items": [
				"bullhook (page 73)"
			],
			"ac": {
				"std": 22
			},
			"savingThrows": {
				"fort": {
					"std": 16
				},
				"ref": {
					"std": 11
				},
				"will": {
					"std": 13
				}
			},
			"hp": [
				{
					"hp": 115,
					"abilities": null
				}
			],
			"speed": {
				"walk": 35
			},
			"attacks": [],
			"abilities": {
				"top": [
					{
						"entries": [
							"+13, {@skill Performance} +10, {@skill Survival} +13 Str +5, Dex +0, Con +3, Int +1, Wis +2, Cha \u20131 Items bullhook (page 73)"
						],
						"name": "Nature"
					}
				],
				"mid": [
					{
						"activity": {
							"number": 1,
							"unit": "reaction"
						},
						"trigger": "Evora would be reduced to 0 Hit Points but not immediately killed",
						"frequency": {
							"unit": "day",
							"freq": 1
						},
						"entries": [
							"Evora avoids being knocked out and remains at 1 Hit Point, and her {@condition wounded} condition increases by 1."
						],
						"name": "Orc Ferocity"
					},
					{
						"activity": {
							"number": 1,
							"unit": "reaction"
						},
						"trigger": "A creature within Evora's reach uses a move action or leaves a square during a move action it's using",
						"entries": [
							"Evora makes a melee {@action Strike} against the triggering creature. If this attack is a critical hit and the trigger was a move action, she disrupts that action."
						],
						"name": "Stand Still"
					}
				],
				"bot": [
					{
						"activity": {
							"number": 1,
							"unit": "action"
						},
						"traits": [
							"flourish"
						],
						"entries": [
							"Evora makes two unarmed Strikes. If both hit the same creature, combine their damage and apply resistances and weaknesses only once. She applies her multiple attack penalty to the Strikes normally. As it has the {@trait flourish} trait, Evora can use {@action Flurry of Blows} only once per turn."
						],
						"name": "Flurry of Blows"
					},
					{
						"activity": {
							"number": 1,
							"unit": "action"
						},
						"traits": [
							"stance"
						],
						"requirements": "Evora is unarmored and touching the ground",
						"entries": [
							"Evora enters the stance of an implacable mountain until she is knocked out or the encounter ends. She gains a +4 status bonus to."
						],
						"name": "Mountain Stance"
					}
				]
			}
		},
		{
			"name": "Gluttondark Babau",
			"isNpc": false,
			"source": "EC2",
			"page": 23,
			"level": 7,
			"traits": [
				"ce",
				"medium",
				"demon",
				"fiend"
			],
			"creatureType": [
				"Fiend"
			],
			"perception": {
				"std": 15
			},
			"senses": [
				{
					"name": "darkvision"
				},
				{
					"name": "see invisibility"
				}
			],
			"languages": {
				"languages": [
					"Abyssal",
					"Celestial",
					"Draconic"
				],
				"languageAbilities": [
					"telepathy 100 feet"
				]
			},
			"skills": {
				"Acrobatics": {
					"std": 14
				},
				"Athletics": {
					"std": 15
				},
				"Intimidation": {
					"std": 16
				},
				"Religion": {
					"std": 12
				},
				"Stealth": {
					"std": 18
				},
				"Thievery": {
					"std": 16
				}
			},
			"abilityMods": {
				"str": 4,
				"dex": 4,
				"con": 4,
				"int": 2,
				"wis": 3,
				"cha": 2
			},
			"items": [
				"+1 longspear"
			],
			"ac": {
				"std": 26
			},
			"savingThrows": {
				"fort": {
					"std": 16
				},
				"ref": {
					"std": 18
				},
				"will": {
					"std": 15
				}
			},
			"hp": [
				{
					"hp": 135,
					"abilities": null
				}
			],
			"immunities": [
				"acid"
			],
			"weaknesses": [
				{
					"amount": 5,
					"name": "cold iron"
				},
				{
					"amount": 5,
					"name": "good"
				}
			],
			"speed": {
				"walk": 25
			},
			"attacks": [],
			"spellcasting": [
				{
					"name": "Divine Innate",
					"type": "Innate",
					"tradition": "Divine",
					"DC": 26,
					"entry": {
						"4": {
							"spells": [
								{
									"name": "darkness"
								},
								{
									"name": "dimension door",
									"amount": "at will"
								}
							]
						},
						"5": {
							"spells": [
								{
									"name": "dimension door"
								}
							]
						},
						"constant": {
							"5": {
								"spells": [
									{
										"name": "see"
									}
								]
							}
						}
					}
				}
			],
			"rituals": [
				{
					"tradition": "Divine",
					"DC": 26,
					"rituals": [
						{
							"name": "Abyssal pact"
						}
					]
				}
			],
			"abilities": {
				"top": [
					{
						"entries": [
							"+12, {@skill Stealth} +18, {@skill Thievery} +16 Str +4, Dex +4, Con +4, Int +2, Wis +3, Cha +2 Items +1 longspear."
						],
						"name": "Religion"
					}
				],
				"mid": [
					{
						"entries": [
							"Babaus revel in the gore of a well-timed attack, and when brutal wounds are restored, they recoil in pain. When a creature heals from damage that the babau dealt on their last turn with Grievous {@action Strike}, sneak attack, or a critical hit, the demon takes {@damage 4d6} mental damage. The babau can take this mental damage only once per round."
						],
						"name": "Mercy Vulnerability"
					},
					{
						"activity": {
							"number": 1,
							"unit": "reaction"
						},
						"trigger": "A creature within the babau's reach successfully hits the babau with a {@action Strike}",
						"entries": [
							"The babau excretes a gout of acidic, bloodlike slime against the attacker and its weapon. The attacker must attempt a DC 26 Reflex save. Critical Success The attacker avoids the reactive slime. Success The attacker takes {@damage 1d6} acid damage. Failure The attacker takes {@damage 2d6} acid damage. Critical Failure As failure, except the weapon used."
						],
						"name": "Reactive Slime"
					},
					{
						"entries": [
							"{@action Strike} the babau automatically becomes {@condition broken} unless the weapon is made of a material that is immune to acid."
						],
						"name": "to"
					}
				],
				"bot": [
					{
						"activity": {
							"number": 2,
							"unit": "action"
						},
						"traits": [
							"attack"
						],
						"entries": [
							"The babau makes an attack with the intent of creating a particularly horrific and gory wound. It make a melee {@action Strike}. This counts as two attacks when calculating their multiple attack penalty.",
							"If this {@action Strike} hits, the babau deals an additional {@dice 1d6} damage and the creature struck is {@condition sickened|CRB|sickened 2} for 1 round; this {@condition sickened} condition cannot be removed by retching."
						],
						"name": "Grievous Strike"
					},
					{
						"entries": [
							"A babau deals an additional {@damage 1d6} precision damage to {@condition flat-footed} creatures."
						],
						"name": "Sneak Attack",
						"generic": true
					}
				]
			}
		},
		{
			"name": "Iridescent Elephant",
			"isNpc": false,
			"source": "EC2",
			"page": 80,
			"level": 7,
			"traits": [
				"uncommon",
				"n",
				"huge",
				"animal"
			],
			"creatureType": [
				"Animal"
			],
			"perception": {
				"std": 11
			},
			"senses": [
				{
					"type": "imprecise",
					"name": "scent",
					"range": 30
				}
			],
			"skills": {
				"Athletics": {
					"std": 15
				},
				"Survival": {
					"std": 13
				}
			},
			"abilityMods": {
				"str": 7,
				"dex": 0,
				"con": 2,
				"int": -4,
				"wis": 2,
				"cha": 0
			},
			"ac": {
				"std": 21
			},
			"savingThrows": {
				"fort": {
					"std": 16
				},
				"ref": {
					"std": 9
				},
				"will": {
					"std": 14
				}
			},
			"hp": [
				{
					"hp": 110,
					"abilities": null
				}
			],
			"speed": {
				"walk": 40
			},
			"attacks": [
				{
					"range": "Melee",
					"name": "tusk",
					"attack": 14,
					"traits": [
						"reach 10 feet"
					],
					"effects": [],
					"damage": "{@damage 3d8+7} piercing",
					"types": [
						"piercing"
					]
				},
				{
					"range": "Melee",
					"name": "trunk",
					"attack": 16,
					"traits": [
						"reach 15 feet"
					],
					"effects": [
						"grabbing trunk"
					],
					"damage": "grabbing trunk",
					"types": []
				},
				{
					"range": "Melee",
					"name": "foot",
					"attack": 14,
					"traits": [
						"reach 10 feet"
					],
					"effects": [
						"color splash"
					],
					"damage": "{@damage 2d10+7} bludgeoning plus color splash",
					"types": [
						"bludgeoning"
					]
				}
			],
			"abilities": {
				"mid": [
					{
						"entries": [
							"An iridescent animal emits phosphorescent bright light in a 15-foot aura.",
							"The animal can suppress this display until the end of its next turn as a single action, which has the {@trait concentrate} trait. The color of the light is determined by the iridescent animal's creator."
						],
						"name": "Glowing Bones"
					}
				],
				"bot": [
					{
						"traits": [
							"visual"
						],
						"entries": [
							"When the iridescent elephant stomps its foot, a bright, disorienting burst of light pulses through its leg. Each creatures adjacent to the iridescent elephant when it makes a foot {@action Strike} (regardless of whether or not it hit) must succeed at a DC 24 Will save or be {@condition flat-footed} until the beginning of the elephant's next turn."
						],
						"name": "Color Splash"
					},
					{
						"entries": [
							"A Medium or smaller creature hit by the elephant's trunk is {@condition grabbed}. If the elephant moves, it can bring the {@condition grabbed} creature along with it."
						],
						"name": "Grabbing Trunk"
					},
					{
						"activity": {
							"number": 3,
							"unit": "action"
						},
						"entries": [
							"Large or smaller, foot, DC 22."
						],
						"name": "Trample",
						"generic": true
					},
					{
						"traits": [
							"light",
							"visual"
						],
						"frequency": {
							"unit": "day",
							"freq": 1
						},
						"entries": [
							"The iridescent elephant blasts a beam of light from its trunk in a 30-foot line. Each creature in the area must attempt a DC 22 Fortitude save. Critical Success The creature is unaffected. Success The creature is {@condition dazzled} for 1 round. Failure The creature is {@condition blinded} for 1 minute. Critical Failure The creature is {@condition blinded} permanently."
						],
						"name": "Trunk Beam"
					}
				]
			}
		},
		{
			"name": "Lion Visitant",
			"isNpc": false,
			"source": "EC2",
			"page": 83,
			"level": 5,
			"traits": [
				"ne",
				"large",
				"animal",
				"undead"
			],
			"creatureType": [
				"Animal",
				"Undead"
			],
			"perception": {
				"std": 13
			},
			"senses": [
				{
					"name": "darkvision"
				},
				{
					"type": "imprecise",
					"name": "lifesense",
					"range": 60
				}
			],
			"skills": {
				"Acrobatics": {
					"std": 13
				},
				"Athletics": {
					"std": 13
				},
				"Stealth": {
					"std": 13
				}
			},
			"abilityMods": {
				"str": 6,
				"dex": 4,
				"con": 2,
				"int": -4,
				"wis": 2,
				"cha": 0
			},
			"ac": {
				"std": 22
			},
			"savingThrows": {
				"fort": {
					"std": 9
				},
				"ref": {
					"std": 11
				},
				"will": {
					"std": 15
				}
			},
			"hp": [
				{
					"hp": 95,
					"abilities": [
						"negative healing"
					]
				}
			],
			"immunities": [
				"death effects"
			],
			"speed": {
				"walk": 30
			},
			"attacks": [
				{
					"range": "Melee",
					"name": "jaws",
					"attack": 15,
					"effects": [
						"Grab"
					],
					"damage": "{@damage 2d6+8} piercing plus Grab",
					"types": [
						"piercing"
					]
				},
				{
					"range": "Melee",
					"name": "claw",
					"attack": 15,
					"traits": [
						"agile"
					],
					"effects": [],
					"damage": "{@damage 2d4+8} slashing",
					"types": [
						"slashing"
					]
				}
			],
			"abilities": {
				"mid": [
					{
						"entries": [
							"A lion visitant takes 7 additional damage from whips."
						],
						"name": "Whip Vulnerability"
					}
				],
				"bot": [
					{
						"entries": [
							"The visitant deals an extra {@dice 1d4} damage to any creature that's within reach of at least two of the visitant's allies."
						],
						"name": "Pack Attack"
					},
					{
						"activity": {
							"number": 1,
							"unit": "action"
						},
						"entries": [
							"The visitant {@action Stride||Strides} and makes a {@action Strike} at the end of that movement. If the visitant began this action {@condition hidden}, it remains {@condition hidden} until after the ability's {@action Strike}."
						],
						"name": "Pounce"
					},
					{
						"activity": {
							"number": 1,
							"unit": "action"
						},
						"entries": [
							"See page 82."
						],
						"name": "Roar"
					},
					{
						"entries": [
							"The visitant deals an extra {@damage 1d8} precision damage to {@condition flat-footed} creatures."
						],
						"name": "Sneak Attack",
						"generic": true
					}
				]
			}
		},
		{
			"name": "Mistress Dusklight",
			"isNpc": false,
			"source": "EC2",
			"page": 89,
			"level": 11,
			"traits": [
				"unique",
				"ce",
				"medium",
				"catfolk",
				"humanoid"
			],
			"creatureType": [
				"Humanoid"
			],
			"perception": {
				"std": 19
			},
			"senses": [
				{
					"name": "low-light vision"
				}
			],
			"languages": {
				"languages": [
					"Amurrun",
					"Celestial",
					"Common",
					"Draconic"
				],
				"languageAbilities": []
			},
			"skills": {
				"Acrobatics": {
					"std": 21
				},
				"Arcana": {
					"std": 19
				},
				"Diplomacy": {
					"std": 22
				},
				"Intimidation": {
					"std": 24
				},
				"Occultism": {
					"std": 19
				},
				"Performance": {
					"std": 26
				},
				"Society": {
					"std": 19
				},
				"Stealth": {
					"std": 21
				},
				"Thievery": {
					"std": 21
				},
				"Circus Lore": {
					"std": 19
				}
			},
			"abilityMods": {
				"str": 0,
				"dex": 5,
				"con": 1,
				"int": 3,
				"wis": 2,
				"cha": 7
			},
			"ac": {
				"std": 30
			},
			"savingThrows": {
				"fort": {
					"std": 17
				},
				"ref": {
					"std": 23
				},
				"will": {
					"std": 20
				}
			},
			"hp": [
				{
					"hp": 195,
					"abilities": null
				}
			],
			"speed": {
				"walk": 30
			},
			"attacks": [
				{
					"range": "Melee",
					"name": "whip of compliance",
					"attack": 23,
					"traits": [
						"finesse",
						"reach 10 feet",
						"trip"
					],
					"effects": [],
					"damage": "{@damage 2d4+12} slashing",
					"types": [
						"slashing"
					]
				},
				{
					"range": "Melee",
					"name": "dagger",
					"attack": 22,
					"traits": [
						"agile",
						"thrown 10 feet",
						"versatile s"
					],
					"effects": [],
					"damage": "{@damage 1d4+5} piercing",
					"types": [
						"piercing"
					]
				}
			],
			"spellcasting": [
				{
					"name": "Occult Spontaneous",
					"type": "Spontaneous",
					"tradition": "Occult",
					"DC": 30,
					"attack": 24,
					"entry": {
						"0": {
							"level": 6,
							"spells": [
								{
									"name": "daze"
								},
								{
									"name": "dancing lights"
								},
								{
									"name": "detect magic"
								},
								{
									"name": "forbidding ward"
								},
								{
									"name": "prestidigitation"
								}
							]
						},
						"1": {
							"slots": 3,
							"spells": [
								{
									"name": "mindlink"
								},
								{
									"name": "magic aura"
								},
								{
									"name": "unseen servant"
								}
							]
						},
						"2": {
							"slots": 3,
							"spells": [
								{
									"name": "hideous laughter"
								},
								{
									"name": "spectral hand"
								},
								{
									"name": "touch of idiocy"
								}
							]
						},
						"3": {
							"slots": 3,
							"spells": [
								{
									"name": "comprehend language"
								},
								{
									"name": "fear"
								},
								{
									"name": "magic missile"
								}
							]
						},
						"4": {
							"slots": 3,
							"spells": [
								{
									"name": "phantasmal killer"
								},
								{
									"name": "soothe"
								},
								{
									"name": "vampiric touch"
								}
							]
						},
						"5": {
							"slots": 3,
							"spells": [
								{
									"name": "cloak of colors"
								},
								{
									"name": "command"
								},
								{
									"name": "crushing despair"
								}
							]
						},
						"6": {
							"slots": 2,
							"spells": [
								{
									"name": "feeblemind"
								},
								{
									"name": "paranoia"
								}
							]
						}
					}
				}
			],
			"abilities": {
				"top": [
					{
						"entries": [
							"+26, {@skill Society} +19, {@skill Stealth} +21, {@skill Thievery} +21 Str +0, Dex +5, Con +1, Int +3, Wis +2, Cha +7 Items daggers (3), religious symbol of Aroden, religious symbol of {@deity Zevgavizeb|EC3}, studded leather, wand of magic mouth, wand of ray of enfeeblement, whip of compliance (page 75)"
						],
						"name": "Performance"
					}
				],
				"mid": [
					{
						"activity": {
							"number": 1,
							"unit": "reaction"
						},
						"frequency": {
							"unit": "day",
							"freq": 1
						},
						"entries": [
							"Trigger."
						],
						"name": "Cat's Luck"
					},
					{
						"entries": [
							"Dusklight fails or critically fails a Reflex saving throw; Mistress Dusklight rerolls the saving throw and takes the better result."
						],
						"name": "Mistress"
					}
				],
				"bot": [
					{
						"activity": {
							"number": 1,
							"unit": "action"
						},
						"traits": [
							"enchantment",
							"emotion",
							"occult",
							"visual"
						],
						"entries": [
							"Mistress Dusklight shoots a captivating look at one creature within 60 feet, who must be {@condition stupefied}. Until the end of its next turn, the creature is {@condition fascinated} by Mistress Dusklight and can't use {@condition hostile} actions toward her. The victim is then temporarily immune for 10 minutes."
						],
						"name": "Beguile the Addled"
					},
					{
						"activity": {
							"number": 1,
							"unit": "action"
						},
						"traits": [
							"auditory",
							"curse",
							"enchantment",
							"occult",
							"mental",
							"misfortune"
						],
						"requirements": "Mistress Dusklight must have fewer than 98 Hit Points",
						"frequency": {
							"unit": "round",
							"freq": 1
						},
						"entries": [
							"Mistress Dusklight spews a hatefully uttered curse at one creature within 30 feet that she can see. If the target fails a DC 32 Will save, whenever it attempts an attack roll or saving throw, it must roll twice and use the lower result. The target is then temporarily immune for 24 hours. The curse persists until it is removed or the target succeeds a later saving throw against it. The victim can attempt a new DC 32 Will save once per hour to end the curse."
						],
						"name": "Black Cat Curse"
					},
					{
						"entries": [
							"If a reaction would disrupt Mistress Dusklight's spellcasting, she attempts a DC {@flatDC 15} flat check.",
							"On a success, the action isn't disrupted."
						],
						"name": "Steady Spellcasting"
					}
				]
			}
		},
		{
			"name": "Muse Phantom",
			"isNpc": false,
			"source": "EC2",
			"page": 81,
			"level": 5,
			"traits": [
				"uncommon",
				"ce",
				"medium",
				"incorporeal",
				"spirit",
				"undead"
			],
			"creatureType": [
				"Spirit",
				"Undead"
			],
			"perception": {
				"std": 10
			},
			"senses": [
				{
					"name": "darkvision"
				}
			],
			"languages": {
				"languages": [
					"Common",
					"Necril"
				],
				"languageAbilities": []
			},
			"skills": {
				"Deception": {
					"std": 14
				},
				"Diplomacy": {
					"std": 14
				},
				"Occultism": {
					"std": 13
				},
				"Performance": {
					"std": 16
				},
				"Theater Lore": {
					"std": 11
				}
			},
			"abilityMods": {
				"str": -5,
				"dex": 4,
				"con": 2,
				"int": 0,
				"wis": 3,
				"cha": 5
			},
			"ac": {
				"std": 21
			},
			"savingThrows": {
				"fort": {
					"std": 9
				},
				"ref": {
					"std": 13
				},
				"will": {
					"std": 14
				}
			},
			"hp": [
				{
					"hp": 50,
					"abilities": [
						"negative healing"
					]
				}
			],
			"immunities": [
				"poison",
				"death effects",
				"disease",
				"paralyzed"
			],
			"resistances": [
				{
					"amount": 5,
					"name": "all damage"
				},
				{
					"name": "ghost touch"
				}
			],
			"speed": {
				"fly": 25
			},
			"attacks": [
				{
					"range": "Melee",
					"name": "phantom hand",
					"attack": 13,
					"traits": [
						"agile",
						"finesse",
						"magical"
					],
					"effects": [],
					"damage": "{@damage 2d6+5} negative",
					"types": [
						"negative"
					]
				},
				{
					"range": "Ranged",
					"name": "resonating note",
					"attack": 15,
					"traits": [
						"magical",
						"range 60 feet",
						"sonic"
					],
					"effects": [],
					"damage": "{@damage 2d4+5} sonic",
					"types": [
						"sonic"
					]
				}
			],
			"spellcasting": [
				{
					"name": "Occult Spontaneous",
					"type": "Spontaneous",
					"tradition": "Occult",
					"DC": 22,
					"attack": 14,
					"entry": {
						"0": {
							"level": 2,
							"spells": [
								{
									"name": "ghost sound"
								},
								{
									"name": "telekinetic projectile"
								}
							]
						},
						"1": {
							"spells": [
								{
									"name": "charm"
								},
								{
									"name": "fear"
								},
								{
									"name": "mindlink"
								}
							]
						},
						"2": {
							"spells": [
								{
									"name": "hideous laughter"
								},
								{
									"name": "invisibility",
									"notes": [
										"at will; self only"
									]
								}
							]
						}
					}
				}
			],
			"abilities": {
				"top": [
					{
						"entries": [
							"+13, {@skill Lore||Theater Lore} +11 Str \u20135, Dex +4, Con +2, Int +0, Wis +3, Cha +5."
						],
						"name": "Occultism"
					},
					{
						"traits": [
							"aura",
							"emotion",
							"mental",
							"occult"
						],
						"entries": [
							"30 feet. The muse phantom inspires a supernatural emotional response\u2014either comedy or drama. Each creature that begins its turn in the aura must attempt a DC 20 Will save; on a failure, the creature is affected as long as it remains within the aura. If the muse phantom is emitting a comedic aura, affected creatures become {@condition clumsy|CRB|clumsy 1}; if it is emitting a dramatic aura, affected creatures instead become {@condition stupefied|CRB|stupefied 1}.",
							"The muse phantom can change its aura from comedic to dramatic or viceversa, or cease or activate this aura, by spending a single action, which has the {@trait concentrate} trait. A creature possessed by a muse phantom is immune to this aura."
						],
						"name": "Thespian Aura"
					}
				],
				"bot": [
					{
						"activity": {
							"number": 3,
							"unit": "action"
						},
						"traits": [
							"mental",
							"occult"
						],
						"requirements": "The muse phantom's thespian aura is active",
						"entries": [
							"The muse ceases its thespian aura and deals {@damage 4d8} mental damage to creatures in a 30-foot burst, including the creature it is possessing, if any (DC 22 basic Will save). Creatures that fail their Will saves are {@condition fascinated} by the muse phantom for 1 minute. The muse phantom can't use Grand Finale again for {@dice 1d4} rounds."
						],
						"name": "Grand Finale"
					},
					{
						"activity": {
							"number": 2,
							"unit": "action"
						},
						"entries": [
							"The phantom muse attempts to possess an adjacent corporeal creature. This has the same effect as the {@spell possession} spell (DC 20), except the duration is {@dice 1d4} hours, and since the phantom muse doesn't have a physical body, it is unaffected by that restriction of the spell. If the target is at least trained in {@skill Performance}, the DC of this ability is 24."
						],
						"name": "Muse Possession"
					}
				]
			}
		},
		{
			"name": "Ruanna Nyamma",
			"isNpc": false,
			"source": "EC2",
			"page": 17,
			"level": 4,
			"traits": [
				"unique",
				"ce",
				"medium",
				"elf",
				"human",
				"humanoid"
			],
			"creatureType": [
				"Humanoid"
			],
			"perception": {
				"std": 9
			},
			"senses": [
				{
					"name": "low-light vision"
				}
			],
			"languages": {
				"languages": [
					"Common",
					"Elven"
				],
				"languageAbilities": []
			},
			"skills": {
				"Acrobatics": {
					"std": 11
				},
				"Deception": {
					"std": 11
				},
				"Diplomacy": {
					"std": 11
				},
				"Occultism": {
					"std": 6
				},
				"Performance": {
					"std": 14
				},
				"Society": {
					"std": 6
				},
				"Stealth": {
					"std": 11
				}
			},
			"abilityMods": {
				"str": 1,
				"dex": 3,
				"con": 0,
				"int": 0,
				"wis": 1,
				"cha": 4
			},
			"ac": {
				"std": 20
			},
			"savingThrows": {
				"fort": {
					"std": 9
				},
				"ref": {
					"std": 13
				},
				"will": {
					"std": 11
				}
			},
			"hp": [
				{
					"hp": 66,
					"abilities": null
				}
			],
			"speed": {
				"walk": 25
			},
			"attacks": [],
			"spellcasting": [
				{
					"name": "Occult Spontaneous",
					"type": "Spontaneous",
					"tradition": "Occult",
					"DC": 19,
					"attack": 12,
					"entry": {
						"0": {
							"level": 2,
							"spells": [
								{
									"name": "daze"
								},
								{
									"name": "mage hand"
								},
								{
									"name": "message"
								},
								{
									"name": "prestidigitation"
								},
								{
									"name": "telekinetic projectile"
								}
							]
						},
						"1": {
							"slots": 3,
							"spells": [
								{
									"name": "fear"
								},
								{
									"name": "soothe"
								},
								{
									"name": "true strike"
								}
							]
						},
						"2": {
							"slots": 3,
							"spells": [
								{
									"name": "invisibility"
								},
								{
									"name": "mirror image"
								},
								{
									"name": "silence"
								}
							]
						}
					}
				}
			],
			"abilities": {
				"top": [
					{
						"entries": [
							"+6, {@skill Performance} +14, {@skill Society} +6, {@skill Stealth} +11 Str +1, Dex +3, Con +0, Int +0, Wis +1, Cha +4 Items kukri, leather armor, persona mask, shortbow (20 arrows)"
						],
						"name": "Occultism"
					}
				],
				"bot": [
					{
						"activity": {
							"number": 2,
							"unit": "action"
						},
						"entries": [
							"Ruanna attempts to {@action Feint} using {@skill Performance} rather than {@skill Deception}. On a success, the target is {@condition flat-footed} to any melee attack, not just."
						],
						"name": "Elaborate Feint"
					},
					{
						"entries": [
							"Ruanna then {@action Stride||Strides}."
						],
						"name": "Ruanna's."
					}
				]
			}
		},
		{
			"name": "Ulthadar",
			"isNpc": false,
			"source": "EC2",
			"page": 91,
			"level": 8,
			"traits": [
				"unique",
				"ln",
				"medium",
				"incorporeal",
				"spirit",
				"undead"
			],
			"creatureType": [
				"Spirit",
				"Undead"
			],
			"perception": {
				"std": 20
			},
			"senses": [
				{
					"name": "darkvision"
				}
			],
			"languages": {
				"languages": [
					"Azlanti",
					"Common"
				],
				"languageAbilities": []
			},
			"skills": {
				"Arcana": {
					"std": 16
				},
				"Diplomacy": {
					"std": 15
				},
				"Religion": {
					"std": 18
				},
				"Society": {
					"std": 16
				},
				"Stealth": {
					"std": 15
				},
				"Aroden Lore": {
					"std": 18
				}
			},
			"abilityMods": {
				"str": -5,
				"dex": 3,
				"con": 0,
				"int": 4,
				"wis": 6,
				"cha": 3
			},
			"items": [
				"moonstone diadem (page 74)"
			],
			"ac": {
				"std": 24
			},
			"savingThrows": {
				"fort": {
					"std": 13
				},
				"ref": {
					"std": 16
				},
				"will": {
					"std": 19
				}
			},
			"hp": [
				{
					"hp": 95,
					"abilities": [
						"negative healing",
						"rejuvenation"
					]
				}
			],
			"immunities": [
				"death"
			],
			"resistances": [
				{
					"amount": 5,
					"name": "all damage"
				},
				{
					"name": "ghost touch"
				},
				{
					"name": "or"
				}
			],
			"speed": {
				"fly": 25
			},
			"attacks": [],
			"abilities": {
				"top": [
					{
						"entries": [
							"+18, {@skill Society} +16, {@skill Stealth} +15 Str \u20135, Dex +3, Con +0, Int +4, Wis +6, Cha +3 Items moonstone diadem (page 74)"
						],
						"name": "Religion"
					},
					{
						"entries": [
							"Bound Ulthadar can't leave Moonstone Hall."
						],
						"name": "Site"
					}
				],
				"mid": [
					{
						"traits": [
							"aura",
							"divine",
							"enchantment",
							"mental"
						],
						"entries": [
							"30 feet. Creatures entering the aura or starting their turn in the aura must succeed at a DC 26 Will save or be {@condition stupefied|CRB|stupefied 1} for 1 minute. On a critical failure, the creature is also {@condition stunned|CRB|stunned 3}. As a reflection of Ulthadar's emotional state, this aura is active when Ulthadar is agitated or angry and is suppressed when he is calm."
						],
						"name": "Existential Agony"
					},
					{
						"traits": [
							"divine",
							"necromancy"
						],
						"entries": [
							"Ulthadar can't move on to the afterlife until."
						],
						"name": "Rejuvenation"
					},
					{
						"entries": [
							"Hall is restored to a position of prominence within Escadar and staffed with new priests."
						],
						"name": "Moonstone"
					}
				],
				"bot": [
					{
						"activity": {
							"number": 2,
							"unit": "action"
						},
						"entries": [
							"Ulthadar attempts to drain a living creature's life force. He makes a ghostly hand {@action Strike} but deals no damage on a hit. Instead, the target is {@condition drained|CRB|drained 1} for 1 day and Ulthadar regains 4 Hit Points."
						],
						"name": "Draining Touch"
					}
				]
			}
		},
		{
			"name": "Xulgath Spinesnapper",
			"isNpc": false,
			"source": "EC2",
			"page": 84,
			"level": 5,
			"traits": [
				"ce",
				"large",
				"humanoid",
				"xulgath"
			],
			"creatureType": [
				"Humanoid"
			],
			"perception": {
				"std": 11
			},
			"senses": [
				{
					"name": "darkvision"
				}
			],
			"languages": {
				"languages": [
					"Draconic",
					"Undercommon"
				],
				"languageAbilities": []
			},
			"skills": {
				"Athletics": {
					"std": 15
				},
				"Intimidation": {
					"std": 11
				}
			},
			"abilityMods": {
				"str": 6,
				"dex": 1,
				"con": 4,
				"int": 0,
				"wis": 2,
				"cha": 0
			},
			"items": [
				"maul"
			],
			"ac": {
				"std": 21
			},
			"savingThrows": {
				"fort": {
					"std": 15
				},
				"ref": {
					"std": 10
				},
				"will": {
					"std": 9
				}
			},
			"hp": [
				{
					"hp": 95,
					"abilities": null
				}
			],
			"speed": {
				"walk": 25
			},
			"attacks": [
				{
					"range": "Melee",
					"name": "maul",
					"attack": 15,
					"traits": [
						"shove"
					],
					"effects": [],
					"damage": "{@damage 1d12+10} bludgeoning",
					"types": [
						"bludgeoning"
					]
				},
				{
					"range": "Melee",
					"name": "jaws",
					"attack": 15,
					"effects": [],
					"damage": "{@damage 2d8+8} piercing",
					"types": [
						"piercing"
					]
				},
				{
					"range": "Melee",
					"name": "claw",
					"attack": 15,
					"traits": [
						"agile"
					],
					"effects": [],
					"damage": "{@damage 2d4+8} slashing plus",
					"types": [
						"slashing"
					]
				}
			],
			"abilities": {
				"mid": [
					{
						"traits": [
							"aura",
							"olfactory"
						],
						"entries": [
							"30 feet. A creature that enters the aura must attempt a DC 21 Fortitude save. On a failure, the creature is {@condition sickened|CRB|sickened 1}, and on a critical failure, the creature also takes a \u20135-foot status penalty to its Speeds for 1 round.",
							"While within the aura, the creature takes a \u20132 circumstance penalty to saves to recover from the {@condition sickened} condition. A creature that succeeds at its save is temporarily immune to all xulgaths' stench for 1 minute."
						],
						"name": "Stench"
					}
				],
				"bot": [
					{
						"entries": [],
						"name": "Grab",
						"generic": true
					},
					{
						"activity": {
							"number": 2,
							"unit": "action"
						},
						"entries": [
							"The spinesnapper makes a claw or weapon {@action Strike}. If it hits, in addition to dealing damage, the creature must attempt a DC 22 Fortitude saving throw, with the following effects.",
							{
								"type": "successDegree",
								"entries": {
									"Critical Success": "The creature is unaffected and the spinesnapper is {@condition flat-footed} until the start of its next turn.",
									"Success": "The creature is unaffected.",
									"Failure": "The creature is pushed 10 feet.",
									"Critical Failure": "The target is pushed 10 feet and knocked {@condition prone}."
								}
							}
						],
						"name": "Brutal Blow"
					},
					{
						"activity": {
							"number": 1,
							"unit": "action"
						},
						"requirements": "The spinesnapper has a creature {@condition grabbed} or {@condition restrained}",
						"frequency": {
							"unit": "round",
							"freq": 1
						},
						"entries": [
							"The spinesnapper slams the creature against a nearby surface. The target and the surface struck each take {@damage 4d6} bludgeoning damage, and the target must succeed at a DC 22 Fortitude save or become {@condition slowed|CRB|slowed 1} for 1 round, or {@condition stunned} for 1 round on a critical failure."
						],
						"name": "Choke Slam"
					}
				]
			}
		},
		{
			"name": "Yaashka",
			"isNpc": false,
			"source": "EC2",
			"page": 26,
			"level": 5,
			"traits": [
				"unique",
				"ce",
				"medium",
				"humanoid",
				"xulgath"
			],
			"creatureType": [
				"Humanoid"
			],
			"perception": {
				"std": 11
			},
			"senses": [
				{
					"name": "darkvision"
				}
			],
			"languages": {
				"languages": [
					"Draconic",
					"Undercommon"
				],
				"languageAbilities": []
			},
			"skills": {
				"Arcana": {
					"std": 9
				},
				"Athletics": {
					"std": 13
				},
				"Intimidation": {
					"std": 11
				},
				"Religion": {
					"std": 9
				},
				"Stealth": {
					"std": 10
				},
				"Survival": {
					"std": 11
				}
			},
			"abilityMods": {
				"str": 4,
				"dex": 1,
				"con": 2,
				"int": 0,
				"wis": 4,
				"cha": 2
			},
			"ac": {
				"std": 22
			},
			"savingThrows": {
				"fort": {
					"std": 11
				},
				"ref": {
					"std": 8
				},
				"will": {
					"std": 13
				}
			},
			"hp": [
				{
					"hp": 80,
					"abilities": null
				}
			],
			"speed": {
				"walk": 25
			},
			"attacks": [],
			"spellcasting": [
				{
					"name": "Divine Prepared",
					"type": "Prepared",
					"tradition": "Divine",
					"DC": 24,
					"attack": 16,
					"entry": {
						"0": {
							"level": 3,
							"spells": [
								{
									"name": "detect magic"
								},
								{
									"name": "forbidding ward"
								},
								{
									"name": "guidance"
								},
								{
									"name": "shield"
								}
							]
						},
						"1": {
							"spells": [
								{
									"name": "bane"
								},
								{
									"name": "command",
									"amount": 2
								},
								{
									"name": "heal"
								}
							]
						},
						"2": {
							"spells": [
								{
									"name": "death knell"
								},
								{
									"name": "dispel magic"
								},
								{
									"name": "spiritual weapon",
									"amount": 2
								}
							]
						},
						"3": {
							"spells": [
								{
									"name": "blindness"
								},
								{
									"name": "harm"
								},
								{
									"name": "vampiric touch"
								}
							]
						}
					}
				}
			],
			"abilities": {
				"top": [
					{
						"entries": [
							"+10, {@skill Survival} +11 Str +4, Dex +1, Con +2, Int +0, Wis +4, Cha +2 Items religious symbol of {@deity Zevgavizeb|EC3}, +1 striking spiked gauntlet."
						],
						"name": "Stealth"
					}
				],
				"mid": [
					{
						"traits": [
							"aura",
							"olfactory"
						],
						"entries": [
							"30 feet. A creature entering the aura must attempt a DC 22 Fortitude save. On a failure, the creature is {@condition sickened|CRB|sickened 1}, and on a critical failure, the creature also takes a \u20135-foot status penalty to its Speeds for 1 round. While within the aura, the creature takes a \u20132 circumstance penalty to saves to recover from the {@condition sickened} condition. A creature that succeeds at its save is temporarily immune to all xulgaths' stench for 1 minute."
						],
						"name": "Stench"
					}
				],
				"bot": [
					{
						"entries": [
							"The target must succeed at a DC 22 Fortitude save or become {@condition frightened|CRB|frightened 2} ({@condition frightened|CRB|frightened 4} on a critical failure). The target is {@condition enfeebled|CRB|enfeebled 1} for as long as it is {@condition frightened}."
						],
						"name": "Demonic Condemnation"
					}
				]
			}
		},
		{
			"name": "Zuipnyrn",
			"isNpc": false,
			"source": "EC2",
			"page": 85,
			"level": 3,
			"traits": [
				"rare",
				"n",
				"small",
				"aberration"
			],
			"creatureType": [
				"Aberration"
			],
			"perception": {
				"std": 9
			},
			"senses": [
				{
					"name": "greater darkvision"
				}
			],
			"languages": {
				"languages": [
					"Common (can't speak any language)"
				],
				"languageAbilities": []
			},
			"skills": {
				"Stealth": {
					"std": 11
				}
			},
			"abilityMods": {
				"str": 1,
				"dex": 3,
				"con": 3,
				"int": -2,
				"wis": 2,
				"cha": 5
			},
			"ac": {
				"std": 20
			},
			"savingThrows": {
				"fort": {
					"std": 10
				},
				"ref": {
					"std": 10
				},
				"will": {
					"std": 7
				}
			},
			"hp": [
				{
					"hp": 35,
					"abilities": null
				}
			],
			"resistances": [
				{
					"amount": 3,
					"name": "bludgeoning"
				}
			],
			"speed": {
				"walk": 20,
				"climb": 10
			},
			"attacks": [
				{
					"range": "Melee",
					"name": "eye stalk",
					"attack": 8,
					"traits": [
						"agile"
					],
					"effects": [],
					"damage": "{@damage 2d4+2} bludgeoning",
					"types": [
						"bludgeoning"
					]
				}
			],
			"abilities": {
				"mid": [
					{
						"traits": [
							"aura",
							"occult",
							"visual"
						],
						"entries": [
							"30 feet. When a creature ends its turn in the aura, it must attempt a DC 22 Will save. On a failure, it becomes {@condition fascinated} with the zuipnyrn for 1 minute. Once the fascination ends, the creature is temporarily immune to this ability for 1 hour. The zuipnyrn can deactivate or activate this aura by using a single action, which has the {@trait concentrate} trait."
						],
						"name": "Alluring Aspect"
					}
				],
				"bot": [
					{
						"activity": {
							"number": 3,
							"unit": "action"
						},
						"traits": [
							"occult",
							"visual"
						],
						"entries": [
							"The zuipnyrn attempts to charm a creature within 30 feet that is currently {@condition fascinated} by the zuipnyrn. The target must attempt a DC 22 Will save. Whether it succeeds or fails the save, the target is temporarily immune for 1 hour.",
							{
								"type": "successDegree",
								"entries": {
									"Critical Success": "The creature is unaffected and is no longer {@condition fascinated}.",
									"Success": "The creature is unaffected.",
									"Failure": "The creature is {@condition helpful} toward the zuipnyrn for 1 hour.",
									"Critical Failure": "The creature is {@condition helpful} toward the zuipnyrn for 1 day and will actively attempt to defend the zuipnyrn and even risk its life for it."
								}
							}
						],
						"name": "Beguiling Gaze"
					},
					{
						"activity": {
							"number": 2,
							"unit": "action"
						},
						"traits": [
							"occult",
							"visual"
						],
						"entries": [
							"The zuipnyrn's eye produces a bright flash of light. Each creature in a 30-foot cone must attempt a DC 22 Fortitude save. The zuipnyrn can't use Blinding Flare again for 1 minute.",
							{
								"type": "successDegree",
								"entries": {
									"Critical Success": "The creature is unaffected.",
									"Success": "The creature is {@condition dazzled} for 1 round.",
									"Failure": "The creature is {@condition blinded} for 1 round and {@condition dazzled} for 1 minute.",
									"Critical Failure": "The creature is {@condition blinded} for 1 minute."
								}
							}
						],
						"name": "Blinding Flare"
					}
				]
			}
		},
		{
			"name": "Zunkri",
			"isNpc": false,
			"source": "EC2",
			"page": 27,
			"level": 7,
			"traits": [
				"ce",
				"medium",
				"humanoid",
				"xulgath"
			],
			"creatureType": [
				"Humanoid"
			],
			"perception": {
				"std": 12
			},
			"senses": [
				{
					"name": "darkvision"
				}
			],
			"languages": {
				"languages": [
					"Common",
					"Draconic",
					"Undercommon"
				],
				"languageAbilities": []
			},
			"skills": {
				"Acrobatics": {
					"std": 15
				},
				"Arcana": {
					"std": 12
				},
				"Athletics": {
					"std": 13
				},
				"Intimidation": {
					"std": 17
				},
				"Society": {
					"std": 9
				},
				"Survival": {
					"std": 12
				}
			},
			"abilityMods": {
				"str": 1,
				"dex": 2,
				"con": 1,
				"int": 0,
				"wis": 1,
				"cha": 5
			},
			"items": [
				"+1 light mace"
			],
			"ac": {
				"std": 23
			},
			"savingThrows": {
				"fort": {
					"std": 12
				},
				"ref": {
					"std": 13
				},
				"will": {
					"std": 14
				}
			},
			"hp": [
				{
					"hp": 115,
					"abilities": null
				}
			],
			"speed": {
				"walk": 25
			},
			"attacks": [],
			"abilities": {
				"mid": [
					{
						"traits": [
							"aura",
							"olfactory"
						],
						"entries": [
							"30 feet. A creature entering the aura must attempt a DC 25 Fortitude save. On a failure, the creature is {@condition sickened|CRB|sickened 1}, and on a critical failure, the creature also takes a \u20135-foot status penalty to its Speeds for 1 round. While within the aura, the creature takes a \u20132 circumstance penalty to saves to recover from the {@condition sickened} condition. A creature that succeeds at its save is temporarily immune to all xulgaths' stench for 1 minute."
						],
						"name": "Stench"
					},
					{
						"activity": {
							"number": 1,
							"unit": "reaction"
						},
						"trigger": "A creature Casts a Spell the xulgath mage has in her repertoire",
						"entries": [
							"The xulgath mage expends one of her spell slots to counter the triggering creature's casting of the spell in her repertoire. The xulgath mage loses the spell slot as if she had cast the triggering spell and attempts to counteract the triggering spell."
						],
						"name": "Counterspell"
					}
				],
				"bot": [
					{
						"entries": [
							"3 Focus Points, DC 26; 4th ancestral memories (Core Rulebook 402), extend spell (Core Rulebook 404)"
						],
						"name": "Bloodline Spells"
					}
				]
			}
		}
	]
}
