{
	"spell": [
		{
			"name": "Breath Of Drought",
			"source": "EC1",
			"page": 78,
			"level": 2,
			"traits": [
				"uncommon",
				"evocation",
				"fire"
			],
			"traditions": [
				"primal"
			],
			"cast": {
				"number": 2,
				"unit": "action"
			},
			"components": [
				[
					"S",
					"V"
				]
			],
			"range": {
				"number": 30,
				"unit": "feet"
			},
			"area": {
				"types": [
					"Burst"
				],
				"entry": "10-foot burst"
			},
			"duration": {
				"unit": "unlimited",
				"sustained": true
			},
			"entries": [
				"You fill the area with an oppressive, arid swelter that overwhelms creatures with heat exhaustion. Objects are unaffected. Each creature in the area when the spell is cast or that ends its turn in the area afterward must attempt a Fortitude save. Water creatures and plant creatures use the outcome one degree of success worse than the result of their saving throw. Creatures whose bodies contain no significant moisture (such as fire elementals) are immune to breath of drought.",
				{
					"type": "successDegree",
					"entries": {
						"Success": "The creature is unaffected.",
						"Failure": "The creature is {@condition sickened|CRB|sickened 1}.",
						"Critical Failure": "The creature is {@condition sickened|CRB|sickened 2}."
					}
				}
			],
			"heightened": {
				"X": {
					"4": [
						"Once per round when you {@action Sustain a Spell||Sustain the Spell}, you can move the center of the burst to a new location within range."
					],
					"7": [
						"As the 4th-level version, except the range is 120 feet and the area is a 20-foot burst."
					]
				}
			}
		},
		{
			"name": "Personal Rain Cloud",
			"source": "EC1",
			"page": 78,
			"level": 1,
			"traits": [
				"uncommon",
				"evocation",
				"water"
			],
			"traditions": [
				"arcane",
				"primal"
			],
			"cast": {
				"number": 2,
				"unit": "action"
			},
			"components": [
				[
					"S",
					"V"
				]
			],
			"range": {
				"number": 60,
				"unit": "feet"
			},
			"targets": "1 creature",
			"savingThrow": {
				"type": [
					"R"
				]
			},
			"duration": {
				"number": 1,
				"unit": "minute"
			},
			"entries": [
				"You conjure a 5-foot-wide rain cloud that follows the target wherever it goes. It stays roughly an arm's length overhead, unless it must drift lower to fit under a ceiling.",
				"The cloud rains constantly on the target, keeping it wet and dampening the ground in the wake of any movement.",
				"The rain extinguishes non-magical flames. The target gains fire resistance 2. Creatures with weakness to water take damage equal to their weakness at the end of each of their turns. Creatures can attempt a Reflex save to avoid the cloud."
			],
			"heightened": {
				"plusX": {
					"1": [
						"The amount of fire resistance increases by 2."
					]
				}
			}
		},
		{
			"name": "Rime Slick",
			"source": "EC1",
			"page": 78,
			"level": 2,
			"traits": [
				"uncommon",
				"cold",
				"evocation"
			],
			"traditions": [
				"arcane",
				"primal"
			],
			"cast": {
				"number": 2,
				"unit": "action"
			},
			"components": [
				[
					"S",
					"V"
				]
			],
			"range": {
				"number": 60,
				"unit": "feet"
			},
			"area": {
				"types": [
					"Burst"
				],
				"entry": "15-foot burst"
			},
			"savingThrow": {
				"type": [
					"R"
				],
				"basic": true
			},
			"duration": {
				"number": 1,
				"unit": "minute"
			},
			"entries": [
				"You call down a chill wind. When you Cast this Spell, you deal {@damage 2d4} cold damage to each creature in the area (basic Reflex save). If a creature in the area critically fails its Reflex save and was standing, it also falls {@condition prone}.",
				"You also create a layer of ice on all surfaces in the area, which become {@quickref difficult terrain||3|terrain}. Unattended objects in the area become slick with ice, and picking them up requires a successful Reflex save or {@skill Acrobatics} check against your spell DC. The ice melts on any object that takes fire damage as well as in any square included in the area of a higher-level spell or effect with the {@trait fire} trait."
			],
			"heightened": {
				"X": {
					"5": [
						"The damage increases to {@damage 8d4} cold damage and the area is a 30-foot burst."
					],
					"8": [
						"The damage increases to {@damage 14d4} cold damage and the area is a 60-foot burst."
					]
				}
			}
		},
		{
			"name": "Scouring Sand",
			"source": "EC1",
			"page": 78,
			"level": 1,
			"traits": [
				"uncommon",
				"earth",
				"evocation"
			],
			"traditions": [
				"arcane",
				"primal"
			],
			"cast": {
				"number": 2,
				"unit": "action"
			},
			"components": [
				[
					"S",
					"V"
				]
			],
			"range": {
				"number": 60,
				"unit": "feet"
			},
			"area": {
				"types": [
					"Burst"
				],
				"entry": "10-foot burst"
			},
			"duration": {
				"number": 1,
				"unit": "minute",
				"sustained": true
			},
			"entries": [
				"You blast the area with grit that scours away soil and gets into creatures' eyes. For the duration of the spell, any plant-based {@quickref difficult terrain||3|terrain} smaller than a tree becomes loose, allowing each 5-foot square of it to be cleared with a single {@action Interact} action. In addition, scouring sand attempts to counteract entangle and other effects that create or manipulate plant-based terrain in its area.",
				"Successfully counteracting an effect removes only the portion of its area that overlaps with scouring sand's area.",
				"After one such attempt, the effect is temporarily immune to scouring sand's counteract for 24 hours. Each creature in the area when you {@action Cast a Spell||Cast this Spell} or that ends its turn in the area must attempt a Reflex save.",
				{
					"type": "successDegree",
					"entries": {
						"Success": "The creature is unaffected.",
						"Failure": "The creature is {@condition dazzled} for 1 minute or until it uses an {@action Interact} action to get the sand out of its eyes.",
						"Critical Failure": "As failure, but the creature is also {@condition blinded} for its next action."
					}
				}
			],
			"heightened": {
				"X": {
					"3": [
						"Once per round when you {@action Sustain a Spell||Sustain the Spell}, you can move the center of the burst to a spot within range."
					],
					"6": [
						"As the 3rd-level version, except the range is 120 feet and the area is a 20-foot burst."
					]
				}
			}
		},
		{
			"name": "Sea Surge",
			"source": "EC1",
			"page": 78,
			"level": 2,
			"traits": [
				"uncommon",
				"evocation",
				"water"
			],
			"traditions": [
				"arcane",
				"primal"
			],
			"cast": {
				"number": 2,
				"unit": "action"
			},
			"components": [
				[
					"S",
					"V"
				]
			],
			"duration": {
				"entry": "until the start of your next turn",
				"number": 1,
				"unit": "round"
			},
			"entries": [
				"You slap or stomp on a nearby solid or liquid surface, sending a surge of water rushing away from you. The water forms a flat, 5-foot-thick, 10-foot-high wall of water between 5 and 15 feet wide (you decide). It moves 60 feet in a direction of your choice along the struck surface, extinguishing all non-magical fires, carrying along unattended objects of 1 Bulk or less, and pushing larger objects. The wave moves another 60 feet in the same direction at the start of your next turn, then vanishes. Large or smaller creatures in the area or that enter the area the wave moves through must attempt a Fortitude save.",
				{
					"type": "successDegree",
					"entries": {
						"Success": "The creature is unaffected.",
						"Failure": "The creature is knocked {@condition prone}. If the creature was Swimming, it gets a critical failure instead.",
						"Critical Failure": "The creature is pushed 20 feet in the wave's direction, is knocked {@condition prone}, and takes {@damage 3d6} bludgeoning damage."
					}
				}
			]
		},
		{
			"name": "Sudden Bolt",
			"source": "EC1",
			"page": 79,
			"level": 2,
			"traits": [
				"uncommon",
				"electricity",
				"evocation"
			],
			"traditions": [
				"arcane",
				"primal"
			],
			"cast": {
				"number": 2,
				"unit": "action"
			},
			"components": [
				[
					"S",
					"V"
				]
			],
			"range": {
				"number": 60,
				"unit": "feet"
			},
			"targets": "1 creature or object",
			"savingThrow": {
				"type": [
					"R"
				],
				"basic": true
			},
			"entries": [
				"You call down a small bolt of lightning on the target, dealing {@damage 4d12} electricity damage."
			],
			"heightened": {
				"plusX": {
					"1": [
						"The damage increases by {@damage 1d12}."
					]
				}
			}
		},
		{
			"name": "Unseasonable Squall",
			"source": "EC1",
			"page": 79,
			"level": 3,
			"traits": [
				"uncommon",
				"air",
				"evocation"
			],
			"traditions": [
				"arcane",
				"primal"
			],
			"cast": {
				"number": 2,
				"unit": "action"
			},
			"components": [
				[
					"S",
					"V"
				]
			],
			"range": {
				"number": 60,
				"unit": "feet"
			},
			"area": {
				"types": [
					"Burst"
				],
				"entry": "20-foot burst"
			},
			"duration": {
				"entry": "until the start of your next turn",
				"number": 1,
				"unit": "round"
			},
			"entries": [
				"You issue a blast of sudden wind that ripples outward from the center of the burst. The wind extinguishes small non-magical fires, disperses fog and mist, scatters objects of light Bulk or less, and pushes unsecured objects of 1 Bulk or less 5 feet away from the spell's origin point. Each Medium or smaller creature in the area when you {@action Cast a Spell||Cast the Spell} or that moves into spell's area must attempt a Fortitude saving throw.",
				{
					"type": "successDegree",
					"entries": {
						"Success": "The creature is unaffected.",
						"Failure": "The creature is knocked {@condition prone}. If the creature was Flying, it gets a critical failure instead.",
						"Critical Failure": "The creature is pushed 30 feet away from the center of the burst, is knocked {@condition prone}, and takes {@damage 2d6} bludgeoning damage."
					}
				}
			]
		},
		{
			"name": "Verdant Sprout",
			"source": "EC1",
			"page": 79,
			"level": 1,
			"traits": [
				"uncommon",
				"conjuration",
				"plant"
			],
			"traditions": [
				"primal"
			],
			"cast": {
				"number": 3,
				"unit": "action"
			},
			"components": [
				[
					"M",
					"S",
					"V"
				]
			],
			"range": {
				"number": 30,
				"unit": "feet"
			},
			"entries": [
				"You imbue a single ordinary, inexpensive plant seed with primal energy and throw it onto a surface, where it gradually sprouts into a Medium plant. After 10 minutes, the plant is sturdy enough to provide standard cover, and its space is {@quickref difficult terrain||3|terrain}. The plant is laden with nutritious nuts or fruit sufficient to feed one Medium creature for a day. The plant has AC 10, Hardness 5, and 20 Hit Points."
			],
			"heightened": {
				"plusX": {
					"1": [
						"You throw an additional seed, which grows into an additional plant within range."
					]
				}
			}
		}
	]
}
