{
	"creatureFluff": [
		{
			"images": [
				"https://2e.aonprd.com/Images/Monsters/Witchwyrd.png"
			],
			"source": "AoA5",
			"name": "Witchwyrd",
			"entries": []
		},
		{
			"images": [
				"https://2e.aonprd.com/Images/Monsters/Aluum.png"
			],
			"source": "AoA5",
			"name": "Aluum Enforcer",
			"entries": []
		},
		{
			"images": [
				"https://2e.aonprd.com/Images/Monsters/ImmortalIchor.png"
			],
			"source": "AoA5",
			"name": "Immortal Ichor",
			"entries": []
		},
		{
			"images": [
				"https://2e.aonprd.com/Images/Monsters/Daemon_Crucidaemon.png"
			],
			"source": "AoA5",
			"name": "Crucidaemon",
			"entries": []
		},
		{
			"images": [
				"https://2e.aonprd.com/Images/Monsters/Calikang.png"
			],
			"source": "AoA5",
			"name": "Calikang",
			"entries": []
		},
		{
			"images": [
				"https://2e.aonprd.com/Images/Monsters/Solifugid.png"
			],
			"source": "AoA5",
			"name": "Duneshaker Solifugid",
			"entries": []
		},
		{
			"images": [
				"https://2e.aonprd.com/Images/Monsters/Demon_Nalfeshnee.png"
			],
			"source": "AoA5",
			"name": "Nalfeshnee",
			"entries": []
		},
		{
			"images": [
				"https://2e.aonprd.com/Images/Monsters/Xotanispawn.png"
			],
			"source": "AoA5",
			"name": "Xotanispawn",
			"entries": []
		},
		{
			"images": [
				"https://2e.aonprd.com/Images/Monsters/Aluum.png"
			],
			"source": "AoA5",
			"name": "Spiritbound Aluum",
			"entries": []
		},
		{
			"images": [
				"https://2e.aonprd.com/Images/Monsters/Devil_Cornugon.png"
			],
			"source": "AoA5",
			"name": "Cornugon",
			"entries": []
		},
		{
			"images": [
				"https://2e.aonprd.com/Images/Monsters/Solifugid.png"
			],
			"source": "AoA5",
			"name": "Giant Solifugid",
			"entries": []
		}
	]
}
