{
	"creatureFluff": [
		{
			"images": [
				"https://2e.aonprd.com/Images/Monsters/GlazNixbrix.png"
			],
			"source": "OoA1",
			"name": "Glaz Nixbrix",
			"entries": []
		},
		{
			"images": [
				"https://2e.aonprd.com/Images/Monsters/Ooze_YeastOoze.png"
			],
			"source": "OoA1",
			"name": "Yeast Ooze",
			"entries": []
		},
		{
			"images": [
				"https://2e.aonprd.com/Images/Monsters/Clockwork_ClockworkHunter.png"
			],
			"source": "OoA1",
			"name": "Clockwork Hunter",
			"entries": []
		},
		{
			"images": [
				"https://2e.aonprd.com/Images/Monsters/Drake_PrairieDrake.png"
			],
			"source": "OoA1",
			"name": "Prairie Drake",
			"entries": []
		},
		{
			"images": [
				"https://2e.aonprd.com/Images/Monsters/Clockwork_ClockworkFabricator.png"
			],
			"source": "OoA1",
			"name": "Clockwork Fabricator",
			"entries": []
		},
		{
			"images": [
				"https://2e.aonprd.com/Images/Monsters/Clockwork_ClockworkBrewer.png"
			],
			"source": "OoA1",
			"name": "Clockwork Brewer",
			"entries": []
		},
		{
			"images": [
				"https://2e.aonprd.com/Images/Monsters/Clockwork_ClockworkHandler.png"
			],
			"source": "OoA1",
			"name": "Clockwork Handler",
			"entries": []
		},
		{
			"images": [
				"https://2e.aonprd.com/Images/Monsters/ShomaLyzerius.png"
			],
			"source": "OoA1",
			"name": "Shoma Lyzerius",
			"entries": []
		}
	]
}
