{
	"creature": [
		{
			"name": "Ammut",
			"source": "EC5",
			"page": 77,
			"level": 18,
			"traits": [
				"rare",
				"ne",
				"huge",
				"fiend"
			],
			"perception": {
				"std": 33
			},
			"senses": [
				{
					"name": "darkvision"
				},
				{
					"type": "imprecise",
					"name": "scent",
					"range": 30
				},
				{
					"name": "true seeing"
				}
			],
			"languages": {
				"languages": [
					"celestial",
					"infernal"
				],
				"abilities": [
					"telepathy 100 feet"
				]
			},
			"skills": {
				"athletics": {
					"std": 34
				},
				"intimidation": {
					"std": 33
				},
				"occultism": {
					"std": 29
				},
				"religion": {
					"std": 32
				},
				"stealth": {
					"std": 35
				}
			},
			"abilityMods": {
				"str": 8,
				"dex": 7,
				"con": 9,
				"int": 3,
				"wis": 6,
				"cha": 7
			},
			"speed": {
				"walk": 50,
				"burrow": 30
			},
			"attacks": [
				{
					"range": "Melee",
					"name": "claw",
					"attack": 32,
					"traits": [
						"agile",
						"reach <10 feet>"
					],
					"effects": [
						"wasting wound"
					],
					"damage": "{@damage 3d8+16} slashing plus wasting wound",
					"types": [
						"slashing"
					]
				},
				{
					"range": "Melee",
					"name": "foot",
					"attack": 30,
					"traits": [
						"deadly <d10>"
					],
					"effects": [
						"{@dice 4d8+12}",
						"{@condition stunned|CRB|stunned 1} ({@dc 38} Fortitude negates)"
					],
					"damage": "{@dice 4d8+12} plus {@condition stunned|CRB|stunned 1} ({@dc 38} Fortitude negates)",
					"types": []
				},
				{
					"range": "Melee",
					"name": "jaws",
					"attack": 32,
					"traits": [
						"reach <15 feet>"
					],
					"effects": [
						"Improved Grab"
					],
					"damage": "{@damage 3d12+16} piercing plus {@ability Improved Grab}",
					"types": [
						"piercing"
					]
				}
			],
			"spellcasting": [
				{
					"type": "Innate",
					"tradition": "divine",
					"DC": 37,
					"entry": {
						"6": {
							"spells": [
								{
									"name": "dominate"
								}
							]
						},
						"constant": {
							"6": {
								"spells": [
									{
										"name": "detect alignment",
										"notes": [
											"evil only"
										]
									},
									{
										"name": "true seeing"
									}
								]
							}
						}
					}
				}
			],
			"abilities": {
				"bot": [
					{
						"activity": {
							"number": 2,
							"unit": "action"
						},
						"traits": [
							"curse",
							"divine",
							"evocation",
							"fire"
						],
						"entries": [
							"The ammut exhales a blast of flame that deals {@damage 18d6} fire damage to all creatures in a 30- foot cone ({@dc 37} basic Reflex save). The ammut can't use their Breath Weapon again for {@dice 1d4} rounds."
						],
						"name": "Breath Weapon"
					},
					{
						"traits": [
							"curse",
							"death",
							"divine",
							"necromancy"
						],
						"entries": [
							"A creature whose HP drops to 0 while swallowed by an ammut has its soul consumed, as well as its body. The creature dies instantly and cannot be brought back to life except by miracle, wish, or similar magic."
						],
						"name": "Devour Soul"
					},
					{
						"activity": {
							"number": 1,
							"unit": "reaction"
						},
						"trigger": "The ammut Grabs a creature",
						"entries": [
							"The ammut uses."
						],
						"name": "Fast Swallow"
					},
					{
						"name": "Swallow Whole."
					},
					{
						"activity": {
							"number": 1,
							"unit": "action"
						},
						"entries": [
							"Large, {@damage 3d12+8} bludgeoning, Rupture 32."
						],
						"name": "Swallow Whole",
						"generic": {
							"tag": "ability"
						}
					},
					{
						"traits": [
							"curse",
							"divine",
							"necromancy"
						],
						"entries": [
							"A creature dealt damage by an ammut's claw {@action Strike} must succeed at a {@dc 37} Will save or become {@condition enfeebled|CRB|enfeebled 1} and {@condition drained|CRB|drained 1} (or {@condition enfeebled|CRB|enfeebled 2} and {@condition drained|CRB|drained 2} on a critical failed save). The conditions cannot be mitigated until the curse is removed, and the curse cannot be removed until all damage dealt by the claw {@action Strike} is healed. Each day, a creature afflicted with wasting wound must attempt another saving throw; on a failed save, the values of its {@condition enfeebled} and {@condition drained} conditions each increase by 1. If the victim dies while cursed, its soul is destroyed, as per the ammut's devour soul ability."
						],
						"name": "Wasting Wound"
					}
				]
			},
			"defenses": {
				"ac": {
					"std": 41
				},
				"savingThrows": {
					"fort": {
						"std": 35
					},
					"ref": {
						"std": 27
					},
					"will": {
						"std": 28
					}
				},
				"hp": [
					{
						"hp": 350
					}
				],
				"immunities": [
					"evil"
				],
				"weaknesses": [
					{
						"amount": 20,
						"name": "good"
					}
				]
			},
			"hasImages": true
		},
		{
			"name": "Ararda",
			"source": "EC5",
			"page": 79,
			"level": 18,
			"traits": [
				"rare",
				"le",
				"large",
				"earth",
				"elemental",
				"genie"
			],
			"perception": {
				"std": 31
			},
			"senses": [
				{
					"name": "darkvision"
				},
				{
					"name": "detect magic"
				},
				{
					"type": "imprecise",
					"name": "{@ability tremorsense}",
					"range": 60
				}
			],
			"languages": {
				"languages": [
					"terran",
					"undercommon"
				]
			},
			"skills": {
				"athletics": {
					"std": 35
				},
				"deception": {
					"std": 30
				},
				"intimidation": {
					"std": 30
				},
				"nature": {
					"std": 33
				},
				"survival": {
					"std": 33
				},
				"black desert lore": {
					"std": 27
				}
			},
			"abilityMods": {
				"str": 9,
				"dex": 6,
				"con": 7,
				"int": 3,
				"wis": 7,
				"cha": 6
			},
			"items": [
				"+2 greater striking maul"
			],
			"speed": {
				"abilities": [
					"earth glide"
				],
				"walk": 30,
				"burrow": 45,
				"fly": 20
			},
			"attacks": [
				{
					"range": "Melee",
					"name": "maul",
					"attack": 35,
					"traits": [
						"magical",
						"reach <10 feet>",
						"shove"
					],
					"damage": "{@damage 3d12+17} bludgeoning",
					"types": [
						"bludgeoning"
					]
				},
				{
					"range": "Melee",
					"name": "sand fist",
					"attack": 35,
					"traits": [
						"agile",
						"earth",
						"electricity",
						"magical",
						"nonlethal",
						"reach <10 feet>"
					],
					"effects": [
						"blightburn sickness (page 73)"
					],
					"damage": "{@damage 2d8+17} bludgeoning plus {@damage 2d8} electricity and blightburn sickness (page 73)",
					"types": [
						"bludgeoning",
						"electricity"
					]
				},
				{
					"range": "Ranged",
					"name": "sand spear",
					"attack": 32,
					"traits": [
						"earth",
						"electricity",
						"magical",
						"range increment <30 feet>"
					],
					"effects": [
						"blightburn sickness (page 73)"
					],
					"damage": "{@damage 4d8} piercing plus {@damage 2d8} electricity and blightburn sickness (page 73)",
					"types": [
						"electricity",
						"piercing"
					]
				}
			],
			"spellcasting": [
				{
					"type": "Innate",
					"tradition": "arcane",
					"DC": 37,
					"entry": {
						"4": {
							"spells": [
								{
									"name": "gaseous form",
									"notes": [
										"self only"
									]
								},
								{
									"name": "glitterdust",
									"amount": 3
								}
							]
						},
						"5": {
							"spells": [
								{
									"name": "stone shape",
									"amount": "at will"
								}
							]
						},
						"6": {
							"spells": [
								{
									"name": "veil",
									"notes": [
										"self only"
									]
								},
								{
									"name": "wall of stone"
								}
							]
						},
						"7": {
							"spells": [
								{
									"name": "chain lightning"
								},
								{
									"name": "flesh to stone"
								}
							]
						},
						"constant": {
							"4": {
								"spells": [
									{
										"name": "detect magic"
									}
								]
							}
						}
					}
				}
			],
			"abilities": {
				"mid": [
					{
						"traits": [
							"abjuration",
							"arcane",
							"aura",
							"disease"
						],
						"entries": [
							"60 feet. Blightburn crystals infused into an ararda's body attempt to counteract any teleportation spell moving into or out of the aura's emanation (counteract check +31; 7th level). In addition, any creature that starts its turn within the emanation is exposed to blightburn sickness (page 73). The aura is blocked by lead sheeting, 1 foot of stone, or large {@trait force} effects (such as a wall of force, but not a {@spell shield} spell). An ararda can suppress their aura with an action that has the {@trait concentrate} trait."
						],
						"name": "Blightburn Radiation"
					},
					{
						"traits": [
							"electricity"
						],
						"entries": [
							"Any creature that hits an ararda with an unarmed attack or touches the ararda takes {@damage 2d8} electricity damage. Weapons that hit an ararda also take {@damage 2d8} electricity damage."
						],
						"name": "Charged Earth"
					}
				],
				"bot": [
					{
						"activity": {
							"number": 1,
							"unit": "action"
						},
						"traits": [
							"arcane",
							"concentrate",
							"polymorph",
							"transmutation"
						],
						"entries": [
							"As muurfeli, but with the appearance of a Tiny or Small scorpion (rather than owl) and piercing damage for their {@action Strike||Strikes} (rather than slashing)."
						],
						"name": "Change Shape",
						"generic": {
							"tag": "ability"
						},
						"entries_as_xyz": [
							"The muurfeli can take on the form of an owl. The owl form always looks the same, but the muurfeli can choose to become either Tiny or Small in this form. This transformation doesn't change their Speed or the attack and damage bonuses of their {@action Strike||Strikes}, but might change the damage type their {@action Strike||Strikes} deal (typically to slashing)."
						]
					},
					{
						"entries": [
							"As shaitan (Pathfinder Bestiary 164)."
						],
						"name": "Earth Glide"
					}
				]
			},
			"defenses": {
				"ac": {
					"std": 43
				},
				"savingThrows": {
					"fort": {
						"std": 33
					},
					"ref": {
						"std": 30
					},
					"will": {
						"std": 31
					}
				},
				"hp": [
					{
						"hp": 280
					}
				],
				"immunities": [
					"disease"
				],
				"weaknesses": [
					{
						"amount": 20,
						"name": "sonic"
					}
				],
				"resistances": [
					{
						"amount": 20,
						"name": "electricity"
					}
				]
			},
			"hasImages": true
		},
		{
			"name": "Death Drider",
			"source": "EC5",
			"page": 35,
			"level": 13,
			"traits": [
				"uncommon",
				"ce",
				"large",
				"undead"
			],
			"description": "Variant driders (Pathfinder Bestiary 159)",
			"perception": {
				"std": 24
			},
			"senses": [
				{
					"name": "darkvision"
				}
			],
			"languages": {
				"languages": [
					"elven",
					"necril",
					"undercommon"
				]
			},
			"skills": {
				"acrobatics": {
					"std": 30
				},
				"athletics": {
					"std": 28
				},
				"intimidation": {
					"std": 24
				},
				"stealth": {
					"std": 30
				}
			},
			"abilityMods": {
				"str": 6,
				"dex": 8,
				"con": 4,
				"int": -1,
				"wis": 5,
				"cha": 4
			},
			"speed": {
				"walk": 30,
				"climb": 30
			},
			"attacks": [
				{
					"range": "Melee",
					"name": "fangs",
					"attack": 27,
					"effects": [
						"death drider venom"
					],
					"damage": "{@damage 4d6+13} piercing plus death drider venom",
					"types": [
						"piercing"
					]
				},
				{
					"range": "Ranged",
					"name": "web",
					"attack": 27,
					"traits": [
						"range increment <30 feet>"
					],
					"effects": [
						"hungering web"
					]
				}
			],
			"abilities": {
				"mid": [
					{
						"activity": {
							"number": 1,
							"unit": "reaction"
						},
						"trigger": "The death drider is reduced to 0 Hit Points",
						"entries": [
							"The death drider explodes in a shower of spiders. Each adjacent creature must succeed at a {@dc 31} Reflex save or take {@damage 3d6} piercing damage and be exposed to death drider venom."
						],
						"name": "Sack of Spiders"
					}
				],
				"bot": [
					{
						"type": "affliction",
						"name": "Death Drider Venom",
						"traits": [
							"poison"
						],
						"note": "The {@condition drained} condition persists after the poison's duration ends",
						"DC": 32,
						"savingThrow": "Fortitude",
						"maxDuration": "6 rounds",
						"stages": [
							{
								"stage": 1,
								"entry": "{@damage 2d8} poison damage and {@condition drained|CRB|drained 1}",
								"duration": "1 round"
							},
							{
								"stage": 2,
								"entry": "{@damage 3d8} poison damage and {@condition drained|CRB|drained 2}",
								"duration": "1 round"
							},
							{
								"stage": 3,
								"entry": "{@damage 4d8} poison damage and {@condition drained|CRB|drained 2}",
								"duration": "1 round"
							}
						]
					},
					{
						"entries": [
							"A creature hit by a death drider's web attack is {@condition immobilized} and stuck to the nearest surface ({@action Escape} {@dc 31}). Each round thereafter until it breaks free, the creature takes {@damage 3d6} piercing damage ({@dc 31} basic Reflex save) and, on a failed save, is exposed to death drider venom."
						],
						"name": "Hungering Web"
					}
				]
			},
			"defenses": {
				"ac": {
					"std": 34
				},
				"savingThrows": {
					"fort": {
						"std": 24
					},
					"ref": {
						"std": 26
					},
					"will": {
						"std": 23
					}
				},
				"hp": [
					{
						"hp": 235,
						"abilities": [
							"negative healing"
						]
					}
				],
				"immunities": [
					"death effects",
					"disease",
					"paralyze",
					"poison",
					"unconscious"
				]
			}
		},
		{
			"name": "Dyzallin Shraen",
			"source": "EC5",
			"page": 86,
			"level": 19,
			"traits": [
				"unique",
				"ne",
				"medium",
				"mummy",
				"undead"
			],
			"description": "Male drow mummy mage (Bestiary 136, 240)",
			"perception": {
				"std": 32
			},
			"senses": [
				{
					"name": "darkvision"
				}
			],
			"languages": {
				"languages": [
					"abyssal",
					"common",
					"elven",
					"necril",
					"undercommon"
				]
			},
			"skills": {
				"acrobatics": {
					"std": 31
				},
				"arcana": {
					"std": 33
				},
				"deception": {
					"std": 38
				},
				"diplomacy": {
					"std": 34
				},
				"intimidation": {
					"std": 36
				},
				"occultism": {
					"std": 35
				},
				"religion": {
					"std": 28
				},
				"society": {
					"std": 33
				},
				"stealth": {
					"std": 31
				},
				"shraen lore": {
					"std": 31
				}
			},
			"abilityMods": {
				"str": 2,
				"dex": 6,
				"con": 4,
				"int": 6,
				"wis": 3,
				"cha": 9
			},
			"items": [
				"circlet of persuasion",
				"+2 greater striking hand crossbow (10 bolts)",
				"scroll of heroism (9th)",
				"scroll of maze",
				"scroll of unrelenting observation",
				"wand of manifold missiles (7th)"
			],
			"speed": {
				"walk": 25
			},
			"attacks": [
				{
					"range": "Melee",
					"name": "fist",
					"attack": 34,
					"traits": [
						"agile",
						"finesse"
					],
					"effects": [
						"insidious mummy rot"
					],
					"damage": "{@damage 4d10+12} bludgeoning plus insidious mummy rot",
					"types": [
						"bludgeoning"
					]
				},
				{
					"range": "Ranged",
					"name": "hand crossbow",
					"attack": 36,
					"traits": [
						"range increment <60 feet>",
						"reload <1>"
					],
					"effects": [
						"insidious mummy rot"
					],
					"damage": "{@damage 3d6+12} piercing plus insidious mummy rot",
					"types": [
						"piercing"
					]
				}
			],
			"spellcasting": [
				{
					"type": "Spontaneous",
					"tradition": "occult",
					"DC": 41,
					"entry": {
						"0": {
							"level": 10,
							"spells": [
								{
									"name": "detect magic"
								},
								{
									"name": "ghost sound"
								},
								{
									"name": "mage hand"
								},
								{
									"name": "read aura"
								},
								{
									"name": "sigil"
								}
							]
						},
						"1": {
							"slots": 4,
							"spells": [
								{
									"name": "charm"
								},
								{
									"name": "floating disk"
								},
								{
									"name": "illusory object"
								},
								{
									"name": "item facade"
								}
							]
						},
						"2": {
							"slots": 4,
							"spells": [
								{
									"name": "augury"
								},
								{
									"name": "blur"
								},
								{
									"name": "hideous laughter"
								},
								{
									"name": "invisibility"
								}
							]
						},
						"3": {
							"slots": 4,
							"spells": [
								{
									"name": "blindness"
								},
								{
									"name": "clairaudience"
								},
								{
									"name": "dispel magic"
								},
								{
									"name": "nondetection"
								}
							]
						},
						"4": {
							"slots": 4,
							"spells": [
								{
									"name": "clairvoyance"
								},
								{
									"name": "fly"
								},
								{
									"name": "read omens"
								},
								{
									"name": "suggestion"
								}
							]
						},
						"5": {
							"slots": 4,
							"spells": [
								{
									"name": "dispel magic"
								},
								{
									"name": "hallucination"
								},
								{
									"name": "shadow blast"
								},
								{
									"name": "synaptic pulse"
								}
							]
						},
						"6": {
							"slots": 4,
							"spells": [
								{
									"name": "feeblemind"
								},
								{
									"name": "mislead"
								},
								{
									"name": "repulsion"
								},
								{
									"name": "true seeing"
								}
							]
						},
						"7": {
							"slots": 5,
							"spells": [
								{
									"name": "duplicate foe"
								},
								{
									"name": "paralyze"
								},
								{
									"name": "visions of danger"
								},
								{
									"name": "warp mind"
								}
							]
						},
						"8": {
							"slots": 4,
							"spells": [
								{
									"name": "magic missile"
								},
								{
									"name": "phantasmal calamity"
								},
								{
									"name": "scintillating pattern"
								},
								{
									"name": "uncontrollable dance"
								}
							]
						},
						"9": {
							"slots": 4,
							"spells": [
								{
									"name": "dispel magic"
								},
								{
									"name": "foresight"
								},
								{
									"name": "overwhelming presence"
								},
								{
									"name": "telepathic demand"
								}
							]
						},
						"10": {
							"slots": 1,
							"spells": [
								{
									"name": "time stop"
								}
							]
						}
					}
				},
				{
					"type": "Innate",
					"tradition": "divine",
					"DC": 41,
					"entry": {
						"0": {
							"level": 10,
							"spells": [
								{
									"name": "dancing lights"
								}
							]
						},
						"2": {
							"spells": [
								{
									"name": "darkness",
									"amount": "at will"
								},
								{
									"name": "faerie fire",
									"amount": "at will"
								}
							]
						},
						"8": {
							"spells": [
								{
									"name": "moment of renewal"
								}
							]
						}
					}
				}
			],
			"rituals": [
				{
					"tradition": "occult",
					"DC": 41,
					"rituals": [
						{
							"name": "commune"
						},
						{
							"name": "legend lore"
						},
						{
							"name": "terminate bloodline",
							"source": "EC5"
						}
					]
				}
			],
			"abilities": {
				"mid": [
					{
						"traits": [
							"divine",
							"necromancy"
						],
						"entries": [
							"When Dyzallin is destroyed, necromantic energies rebuild his body inside the mirror in his laboratory over the next {@dice 1d10} days.",
							"His re-forming body is visible in the mirror, but the mirror can't be destroyed while he is re-forming unless a {@ritual consecrate} ritual is first cast upon it. Once Dyzallin's rejuvenation is complete, he steps out of the mirror."
						],
						"name": "Mirror Rejuvenation"
					},
					{
						"traits": [
							"aura",
							"divine",
							"emotion",
							"enchantment",
							"fear",
							"incapacitation",
							"mental"
						],
						"entries": [
							"30 feet. Living creatures are {@condition frightened|CRB|frightened 2} while in Dyzallin's utter despair aura. They can't naturally recover from this fear while in the area but lose the {@condition frightened} condition immediately upon leaving the area. When a creature first enters the aura, it must succeed at a {@dc 39} Will save (after taking the penalty from being {@condition frightened}) or be {@condition paralyzed} for {@dice 1d4} rounds. The creature is then temporarily immune to the paralysis caused by the utter despair aura for 24 hours."
						],
						"name": "Utter Despair"
					},
					{
						"activity": {
							"number": 1,
							"unit": "reaction"
						},
						"entries": [
							"Dyzallin can use {@action Attack of Opportunity} when a creature within his reach uses a concentrate action, in addition to the usual trigger.",
							"He can disrupt triggering concentrate actions, and he disrupts actions with a successful attack roll, not just a critical success."
						],
						"name": "Attack of Opportunity",
						"generic": {
							"tag": "ability"
						}
					}
				],
				"bot": [
					{
						"traits": [
							"divine",
							"necromancy"
						],
						"entries": [
							"Dyzallin can deliver insidious mummy rot through any weapons he wields."
						],
						"name": "Channel Rot"
					},
					{
						"entries": [
							"Dyzallin has an undead raven named Grimbeak as a familiar. Grimbeak can fly, has negative healing, shares all of Dyzallin's immunities, and grants him an additional 7th-level spell slot (already incorporated into the stat block)."
						],
						"name": "Familiar"
					},
					{
						"type": "affliction",
						"name": "Insidious Mummy Rot",
						"traits": [
							"curse",
							"disease",
							"divine",
							"necromancy"
						],
						"note": "This disease and damage from it can't be healed until the curse is removed. A creature killed by this curse turns to sand and can't be resurrected except by a 9th-level {@ritual resurrect} ritual or similar magic",
						"DC": 39,
						"savingThrow": "Fortitude",
						"stages": [
							{
								"stage": 1,
								"entry": "carrier with no ill effect",
								"duration": "1 minute"
							},
							{
								"stage": 2,
								"entry": "{@damage 15d6} negative damage and {@condition stupefied|CRB|stupefied 2}",
								"duration": "1 day"
							}
						]
					}
				]
			},
			"defenses": {
				"ac": {
					"std": 42
				},
				"savingThrows": {
					"fort": {
						"std": 30
					},
					"ref": {
						"std": 32
					},
					"will": {
						"std": 33
					},
					"abilities": [
						"+1 status to all saves vs. magical effects and positive effects",
						"+2 status to all saves vs. mental effects"
					]
				},
				"hp": [
					{
						"hp": 380,
						"abilities": [
							"negative healing"
						]
					}
				],
				"immunities": [
					"death effects",
					"disease",
					"paralyzed",
					"poison",
					"sleep",
					"unconscious"
				],
				"weaknesses": [
					{
						"amount": 15,
						"name": "fire"
					}
				],
				"resistances": [
					{
						"amount": 20,
						"name": "electricity"
					}
				]
			}
		},
		{
			"name": "Hollow Hush",
			"source": "EC5",
			"page": 39,
			"level": 18,
			"traits": [
				"unique",
				"ce",
				"large",
				"aberration"
			],
			"description": "Variant quelaunt (Pathfinder Bestiary 273)",
			"perception": {
				"std": 33
			},
			"senses": [
				{
					"type": "imprecise",
					"name": "{@ability tremorsense}",
					"range": 60
				}
			],
			"languages": {
				"languages": [
					"aklo (can't speak any language);"
				],
				"abilities": [
					"telepathy 100 feet"
				]
			},
			"skills": {
				"athletics": {
					"std": 32
				},
				"deception": {
					"std": 35
				},
				"intimidation": {
					"std": 35
				},
				"medicine": {
					"std": 33
				},
				"occultism": {
					"std": 31
				},
				"stealth": {
					"std": 31
				}
			},
			"abilityMods": {
				"str": 6,
				"dex": 5,
				"con": 4,
				"int": 5,
				"wis": 7,
				"cha": 9
			},
			"speed": {
				"abilities": [
					"air walk"
				],
				"walk": 40
			},
			"attacks": [
				{
					"range": "Melee",
					"name": "claw",
					"attack": 35,
					"traits": [
						"agile",
						"magical",
						"reach <10 feet>"
					],
					"damage": "{@damage 3d10+14} slashing",
					"types": [
						"slashing"
					]
				}
			],
			"spellcasting": [
				{
					"type": "Innate",
					"tradition": "occult",
					"DC": 42,
					"entry": {
						"2": {
							"spells": [
								{
									"name": "hideous laughter"
								}
							]
						},
						"3": {
							"spells": [
								{
									"name": "fear",
									"amount": "at will"
								}
							]
						},
						"4": {
							"spells": [
								{
									"name": "restoration"
								}
							]
						},
						"7": {
							"spells": [
								{
									"name": "crushing despair",
									"amount": 3
								},
								{
									"name": "warp mind",
									"amount": 3
								}
							]
						},
						"9": {
							"spells": [
								{
									"name": "unfathomable song"
								}
							]
						},
						"constant": {
							"4": {
								"spells": [
									{
										"name": "air walk"
									}
								]
							}
						}
					}
				}
			],
			"abilities": {
				"bot": [
					{
						"entries": [
							"Hollow Hush can cast the following cleric domain spells as 9th-level occult innate spells at will without spending Focus Points: {@spell blind ambition}, {@spell captivating adoration}, and {@spell delusional pride}."
						],
						"name": "Emotional Focus"
					},
					{
						"activity": {
							"number": 3,
							"unit": "action"
						},
						"entries": [
							"Hollow Hush casts up to three spells chosen from its at-will innate spells and its emotional focus spells."
						],
						"name": "Emotional Frenzy"
					},
					{
						"activity": {
							"number": 1,
							"unit": "action"
						},
						"traits": [
							"attack",
							"emotion",
							"incapacitation",
							"mental"
						],
						"frequency": {
							"unit": "round",
							"number": 1
						},
						"entries": [
							"Hollow Hush feeds on the emotional unrest of a single creature within 30 feet that's currently affected by an {@trait emotion} effect. The target must succeed at a {@dc 41} Will save or take {@damage 5d10} mental damage and be {@condition stunned} for 1 round. If the target fails its saving throw, Hollow Hush regains the same number of Hit Points and Feed on Emotion does not cost Hollow Hush an action, allowing it to use another action this turn."
						],
						"name": "Feed on Emotion"
					},
					{
						"activity": {
							"number": 2,
							"unit": "action"
						},
						"entries": [
							"Hollow Hush attempts three claw {@action Strike||Strikes}, each against a different target within reach.",
							"The multiple attack penalty applies to each attack, but increases only after all the attacks have been made."
						],
						"name": "Rapid Strikes"
					},
					{
						"activity": {
							"number": 1,
							"unit": "free"
						},
						"traits": [
							"emotion",
							"mental"
						],
						"trigger": "A creature fails a saving throw to resist one of Hollow Hush's innate spells or emotional focus spells",
						"entries": [
							"As Hollow Hush invades the triggering creature's mind and plants the seeds of negative emotions, it also strips away the target's feelings of hope or positivity. Hollow Hush can immediately end a single {@trait emotion} effect from which the triggering creature is benefiting."
						],
						"name": "Spiral of Despair"
					}
				]
			},
			"defenses": {
				"ac": {
					"std": 41
				},
				"savingThrows": {
					"fort": {
						"std": 31
					},
					"ref": {
						"std": 30
					},
					"will": {
						"std": 35,
						"vs. emotion effects": 37
					}
				},
				"hp": [
					{
						"hp": 355
					}
				],
				"resistances": [
					{
						"amount": 20,
						"name": "mental"
					}
				]
			}
		},
		{
			"name": "Iffdahsil",
			"source": "EC5",
			"page": 81,
			"level": 21,
			"traits": [
				"unique",
				"ce",
				"gargantuan",
				"aberration",
				"undead"
			],
			"perception": {
				"std": 38
			},
			"senses": [
				{
					"name": "darkvision"
				},
				{
					"type": "imprecise",
					"name": "lifesense",
					"range": 60
				},
				{
					"type": "imprecise",
					"name": "scent",
					"range": 60
				},
				{
					"type": "imprecise",
					"name": "{@ability tremorsense}",
					"range": 60
				}
			],
			"languages": {
				"languages": [
					"aklo",
					"necril"
				]
			},
			"skills": {
				"athletics": {
					"std": 40
				},
				"intimidation": {
					"std": 36
				}
			},
			"abilityMods": {
				"str": 11,
				"dex": 9,
				"con": 10,
				"int": 0,
				"wis": 8,
				"cha": 7
			},
			"speed": {
				"walk": 40,
				"burrow": 40,
				"climb": 25
			},
			"attacks": [
				{
					"range": "Melee",
					"name": "pseudopod",
					"attack": 38,
					"traits": [
						"magical",
						"reach <30 feet>"
					],
					"effects": [
						"Grab"
					],
					"damage": "{@damage 5d10+21} piercing plus Grab",
					"types": [
						"piercing"
					]
				}
			],
			"spellcasting": [
				{
					"type": "Innate",
					"tradition": "occult",
					"DC": 42,
					"entry": {
						"7": {
							"spells": [
								{
									"name": "hallucinatory terrain"
								}
							]
						},
						"8": {
							"spells": [
								{
									"name": "disappearance",
									"amount": "at will",
									"notes": [
										"self only"
									]
								},
								{
									"name": "hallucination"
								}
							]
						},
						"9": {
							"spells": [
								{
									"name": "overwhelming presence"
								}
							]
						}
					}
				}
			],
			"abilities": {
				"mid": [
					{
						"traits": [
							"aura",
							"necromancy",
							"occult"
						],
						"entries": [
							"60 feet, {@dc 45}. A creature entering or starting its turn in the aura that fails at a Fortitude save becomes {@condition doomed|CRB|doomed 1} and {@condition drained|CRB|drained 1}. If the target was already {@condition doomed} or {@condition drained}, the values of these conditions increase by 1, to a maximum of {@condition doomed|CRB|doomed 3} and {@condition drained|CRB|drained 3}. A creature that dies while {@condition doomed|CRB|doomed 3} and {@condition drained|CRB|drained 3} in this way disintegrates into black sand."
						],
						"name": "Aura of Annihilation"
					},
					{
						"traits": [
							"necromancy",
							"occult"
						],
						"entries": [
							"Unlike most undead, Iffdahsil isn't destroyed at 0 HP. Iffdahsil's fast healing continues to function normally, though on any round it begins its turn at 0 HP, it is {@condition enfeebled|CRB|enfeebled 4} and {@condition slowed|CRB|slowed 1} until the start of its next turn. While Iffdahsil is at 0 HP, it can be killed permanently only by simultaneously exposing it to direct sunlight (or a 10th-level {@spell sunburst} spell) and casting a {@spell miracle} or {@spell wish} spell (or similar magic) directed at destroying it."
						],
						"name": "Unkillable"
					}
				],
				"bot": [
					{
						"activity": {
							"number": 1,
							"unit": "action"
						},
						"entries": [
							"{@damage 3d10+17} piercing."
						],
						"name": "Constrict",
						"generic": {
							"tag": "ability"
						}
					},
					{
						"entries": [
							"A creature that begins its turn inside Iffdahsil takes {@damage 10d6} negative damage. Iffdahsil gains temporary HP for 1 minute equal to half the damage dealt."
						],
						"name": "Eat Away"
					},
					{
						"activity": {
							"number": 2,
							"unit": "action"
						},
						"entries": [
							"{@dc 43}, {@damage 10d6} negative, {@action Escape} {@dc 43}, Rupture 45."
						],
						"name": "Engulf",
						"generic": {
							"tag": "ability"
						}
					},
					{
						"activity": {
							"number": 2,
							"unit": "action"
						},
						"entries": [
							"Iffdahsil deals {@damage 8d8} piercing damage to each creature in a 10-foot emanation ({@dc 43} basic Reflex save) and can also attempt to Grab any creatures who critically fail their save as a free action.",
							"Iffdahsil is then {@condition flat-footed} until the start of its next turn."
						],
						"name": "Tentacular Burst"
					}
				]
			},
			"defenses": {
				"ac": {
					"std": 43,
					"abilities": "all-around vision"
				},
				"savingThrows": {
					"fort": {
						"std": 39
					},
					"ref": {
						"std": 36
					},
					"will": {
						"std": 35
					}
				},
				"hp": [
					{
						"hp": 380,
						"abilities": [
							"fast healing 30",
							"negative healing"
						]
					}
				],
				"immunities": [
					"blinded",
					"controlled"
				],
				"weaknesses": [
					{
						"amount": 20,
						"name": "good"
					}
				],
				"resistances": [
					{
						"amount": 20,
						"name": "acid"
					},
					{
						"amount": 20,
						"name": "cold"
					},
					{
						"amount": 15,
						"name": "physical"
					}
				]
			},
			"hasImages": true
		},
		{
			"name": "Kharostan",
			"source": "EC5",
			"page": 88,
			"level": 16,
			"traits": [
				"unique",
				"ne",
				"large",
				"fiend",
				"humanoid",
				"urdefhan"
			],
			"description": "Male urdefhan war champion (Bestiary 2 272)",
			"perception": {
				"std": 29
			},
			"senses": [
				{
					"name": "greater darkvision"
				},
				{
					"name": "true seeing"
				}
			],
			"languages": {
				"languages": [
					"aklo",
					"common",
					"daemonic",
					"undercommon"
				]
			},
			"skills": {
				"acrobatics": {
					"std": 28
				},
				"athletics": {
					"std": 31
				},
				"crafting": {
					"std": 25
				},
				"intimidate": {
					"std": 28
				},
				"religion": {
					"std": 27
				},
				"stealth": {
					"std": 28
				},
				"survival": {
					"std": 29
				},
				"black desert lore": {
					"std": 25
				}
			},
			"abilityMods": {
				"str": 6,
				"dex": 6,
				"con": 4,
				"int": 1,
				"wis": 3,
				"cha": 4
			},
			"items": [
				"+1 striking composite longbow (40 arrows)",
				"+2 greater striking rhoka sword (page 83)",
				"studded leather armor"
			],
			"speed": {
				"walk": 30,
				"climb": 30
			},
			"attacks": [
				{
					"range": "Melee",
					"name": "rhoka sword",
					"attack": 32,
					"traits": [
						"fatal <d10>",
						"magical",
						"reach <10 feet>",
						"two-hand <d12>"
					],
					"damage": "{@damage 3d8+12} slashing",
					"types": [
						"slashing"
					]
				},
				{
					"range": "Melee",
					"name": "jaws",
					"attack": 31,
					"effects": [
						"wicked bite"
					],
					"damage": "{@damage 3d8+12} piercing plus wicked bite",
					"types": [
						"piercing"
					]
				},
				{
					"range": "Ranged",
					"name": "composite longbow",
					"attack": 32,
					"traits": [
						"deadly <d10>",
						"magical",
						"propulsive",
						"range increment <100 feet>",
						"reload <0>",
						"volley <30 feet>"
					],
					"damage": "{@damage 2d8+9} piercing",
					"types": [
						"piercing"
					]
				}
			],
			"spellcasting": [
				{
					"type": "Innate",
					"tradition": "divine",
					"DC": 37,
					"entry": {
						"1": {
							"spells": [
								{
									"name": "feather fall",
									"amount": "at will",
									"notes": [
										"self only"
									]
								},
								{
									"name": "ray of enfeeblement"
								}
							]
						},
						"2": {
							"spells": [
								{
									"name": "death knell"
								}
							]
						},
						"constant": {
							"8": {
								"spells": [
									{
										"name": "true seeing"
									}
								]
							}
						}
					}
				}
			],
			"abilities": {
				"mid": [
					{
						"traits": [
							"divine",
							"necromancy",
							"negative"
						],
						"entries": [
							"When Kharostan dies, his daemon-tainted flesh quickly rots away and sublimates into a foul-smelling gas that fills a 10-foot emanation around his body. All creatures within the area take {@damage 20d6} negative damage as their flesh curdles and rots as well ({@dc 37} basic Fortitude save)."
						],
						"name": "Necrotic Decay"
					},
					{
						"activity": {
							"number": 1,
							"unit": "reaction"
						},
						"name": "Attack of Opportunity",
						"generic": {
							"tag": "ability"
						}
					}
				],
				"bot": [
					{
						"entries": [
							"Kharostan's melee {@action Strike||Strikes} ignore 10 points of a creature's resistance to physical damage."
						],
						"name": "Devastating Strikes"
					},
					{
						"activity": {
							"number": 2,
							"unit": "action"
						},
						"traits": [
							"rage"
						],
						"entries": [
							"Kharostan {@action Stride||Strides} up to five times his Speed in a straight line. He can increase the number of actions for this activity to 3 in order to {@action Stride} up to eight times his Speed in a straight line instead."
						],
						"name": "Furious Sprint"
					},
					{
						"activity": {
							"number": 1,
							"unit": "action"
						},
						"traits": [
							"concentrate",
							"emotion",
							"mental"
						],
						"requirements": "Kharostan isn't {@condition fatigued} or raging",
						"entries": [
							"Kharostan gains 30 temporary Hit Points that last until the rage ends. While raging, he deals an additional 12 damage with melee attacks and takes a \u20131 penalty to AC. Kharostan can't use concentrate actions except {@action Seek} and actions with the {@trait rage} trait. The rage lasts for 1 minute, until there are no enemies Kharostan can perceive, or until Kharostan falls {@condition unconscious}. Once the rage ends, Kharostan can't {@action Rage} again for 1 minute."
						],
						"name": "Rage"
					},
					{
						"activity": {
							"number": 1,
							"unit": "free"
						},
						"traits": [
							"rage"
						],
						"trigger": "Kharostan's turn begins and he has 140 or fewer Hit Points",
						"entries": [
							"Kharostan throws caution to the wind to finish the fight. He gains a +2 status bonus to attack rolls, a \u20132 status penalty to AC, and a \u20131 status penalty to saves. He can also make a Wicked Bite each time he damages a creature with his jaws {@action Strike}, in addition to the usual once per round usage for a free action. These effects last until his rage ends or he has more than 140 Hit Points, whichever comes first."
						],
						"name": "Reckless Abandon"
					},
					{
						"activity": {
							"number": 1,
							"unit": "free"
						},
						"trigger": "Kharostan damages a creature with a jaws {@action Strike}",
						"frequency": {
							"unit": "round",
							"number": 1
						},
						"entries": [
							"Kharostan's bite leaves the victim's flesh translucent around the site of the injury. He chooses one of the effects below, each of which requires the damaged creature to attempt a {@dc 37} Fortitude save. If the jaws {@action Strike} was a critical hit, the creature takes both effects, rolling the saving throw once and using the result for both effects.",
							{
								"type": "list",
								"items": [
									"{@bold Drain Blood} Kharostan drinks some of the victim's blood. On a failed save, the victim is {@condition doomed|CRB|doomed 1} and {@condition drained|CRB|drained 1}, and Kharostan regains 20 HP (on a critical failure, the creature is {@condition doomed|CRB|doomed 2} and {@condition drained|CRB|drained 2}, and Kharostan regains 40 HP).",
									"{@bold Drain Vitality} (necromancy) Kharostan draws out some of the creature's vital essence. The creature becomes {@condition enfeebled|CRB|enfeebled 2} for 1 hour on a failed save (or {@condition enfeebled|CRB|enfeebled 3} for 1 hour on a critical failure)."
								]
							}
						],
						"name": "Wicked Bite"
					}
				]
			},
			"defenses": {
				"ac": {
					"std": 38
				},
				"savingThrows": {
					"fort": {
						"std": 28
					},
					"ref": {
						"std": 30
					},
					"will": {
						"std": 25
					}
				},
				"hp": [
					{
						"hp": 280,
						"abilities": [
							"negative healing"
						]
					}
				],
				"immunities": [
					"death effects",
					"disease",
					"fear"
				],
				"weaknesses": [
					{
						"amount": 15,
						"name": "positive"
					}
				]
			}
		},
		{
			"name": "Muurfeli",
			"source": "EC5",
			"page": 78,
			"level": 16,
			"traits": [
				"rare",
				"cn",
				"large",
				"air",
				"elemental",
				"genie"
			],
			"perception": {
				"std": 30
			},
			"senses": [
				{
					"name": "darkvision"
				},
				{
					"name": "detect magic"
				}
			],
			"languages": {
				"languages": [
					"auran",
					"undercommon"
				]
			},
			"skills": {
				"acrobatics": {
					"std": 33
				},
				"arcana": {
					"std": 27
				},
				"athletics": {
					"std": 31
				},
				"deception": {
					"std": 28
				},
				"stealth": {
					"std": 31
				}
			},
			"abilityMods": {
				"str": 7,
				"dex": 9,
				"con": 5,
				"int": 5,
				"wis": 3,
				"cha": 6
			},
			"items": [
				"+2 greater striking scimitar"
			],
			"speed": {
				"walk": 35,
				"fly": 50
			},
			"attacks": [
				{
					"range": "Melee",
					"name": "fist",
					"attack": 29,
					"traits": [
						"agile",
						"finesse",
						"magical",
						"nonlethal",
						"reach <10 feet>"
					],
					"damage": "{@damage 3d10+15} bludgeoning plus {@damage 2d6} poison",
					"types": [
						"bludgeoning",
						"poison"
					]
				},
				{
					"range": "Melee",
					"name": "scimitar",
					"attack": 31,
					"traits": [
						"forceful",
						"magical",
						"reach <10 feet>",
						"sweep"
					],
					"damage": "{@damage 3d6+17} slashing plus {@damage 2d6} poison",
					"types": [
						"poison",
						"slashing"
					]
				},
				{
					"range": "Ranged",
					"name": "fetid winds",
					"attack": 31,
					"traits": [
						"air",
						"evocation",
						"magical",
						"poison",
						"range increment <20 feet>"
					],
					"damage": "{@damage 2d8+7} bludgeoning plus {@damage 2d8+5} poison",
					"types": [
						"bludgeoning",
						"poison"
					]
				}
			],
			"spellcasting": [
				{
					"type": "Innate",
					"tradition": "arcane",
					"DC": 36,
					"entry": {
						"2": {
							"spells": [
								{
									"name": "enhance victuals",
									"amount": "at will"
								}
							]
						},
						"4": {
							"spells": [
								{
									"name": "burning hands",
									"amount": "at will"
								},
								{
									"name": "gaseous form"
								},
								{
									"name": "invisibility",
									"amount": "at will",
									"notes": [
										"self only"
									]
								}
							]
						},
						"5": {
							"spells": [
								{
									"name": "illusory creature"
								}
							]
						},
						"7": {
							"spells": [
								{
									"name": "cloudkill"
								}
							]
						},
						"constant": {
							"4": {
								"spells": [
									{
										"name": "detect magic"
									}
								]
							}
						}
					}
				}
			],
			"abilities": {
				"mid": [
					{
						"traits": [
							"air",
							"aura"
						],
						"entries": [
							"30 feet, {@dc 33}. Swirling winds of noxious, flammable gas surround a muurfeli.",
							"An open flame, spark, or similar {@trait fire} effect in the area causes an explosion that deals {@damage 20d6} fire damage to all creatures in the aura (including the muurfeli) and temporarily disables the aura for 1 minute. When the muurfeli takes damage from an ability with the {@trait water} trait or fails a saving throw against a {@trait water} effect, their firedamp winds aura is disabled for 1 minute. A creature that enters or begins its turn in the aura must attempt a Fortitude save.",
							{
								"type": "successDegree",
								"entries": {
									"Critical Success": "The creature is unaffected.",
									"Success": "The creature is {@condition sickened|CRB|sickened 1}.",
									"Failure": "The creature is {@condition sickened|CRB|sickened 2}.",
									"Critical Failure": "The creature is {@condition sickened|CRB|sickened 2} and {@condition fatigued}."
								}
							}
						],
						"name": "Firedamp Winds"
					}
				],
				"bot": [
					{
						"activity": {
							"number": 1,
							"unit": "action"
						},
						"traits": [
							"arcane",
							"concentrate",
							"polymorph",
							"transmutation"
						],
						"entries": [
							"The muurfeli can take on the form of an owl. The owl form always looks the same, but the muurfeli can choose to become either Tiny or Small in this form. This transformation doesn't change their Speed or the attack and damage bonuses of their {@action Strike||Strikes}, but might change the damage type their {@action Strike||Strikes} deal (typically to slashing)."
						],
						"name": "Change Shape",
						"generic": {
							"tag": "ability"
						}
					}
				]
			},
			"defenses": {
				"ac": {
					"std": 39
				},
				"savingThrows": {
					"fort": {
						"std": 25
					},
					"ref": {
						"std": 31
					},
					"will": {
						"std": 27
					}
				},
				"hp": [
					{
						"hp": 300
					}
				],
				"weaknesses": [
					{
						"amount": 10,
						"name": "cold"
					}
				],
				"resistances": [
					{
						"amount": 15,
						"name": "fire"
					},
					{
						"amount": 15,
						"name": "poison"
					}
				]
			},
			"hasImages": true
		},
		{
			"name": "Obsidian Golem",
			"source": "EC5",
			"page": 80,
			"level": 16,
			"traits": [
				"uncommon",
				"n",
				"large",
				"construct",
				"golem",
				"mindless"
			],
			"perception": {
				"std": 28
			},
			"senses": [
				{
					"name": "darkvision"
				}
			],
			"skills": {
				"athletics": {
					"std": 33
				}
			},
			"abilityMods": {
				"str": 9,
				"dex": 6,
				"con": 5,
				"int": -5,
				"wis": 0,
				"cha": -5
			},
			"speed": {
				"walk": 25,
				"fly": 25
			},
			"attacks": [
				{
					"range": "Melee",
					"name": "fist",
					"attack": 33,
					"traits": [
						"deadly <d10>",
						"magical",
						"reach <10 feet>",
						"versatile <S>"
					],
					"damage": "{@damage 4d10+15} piercing",
					"types": [
						"piercing"
					]
				},
				{
					"range": "Melee",
					"name": "wing",
					"attack": 31,
					"traits": [
						"agile",
						"deadly <d10>",
						"magical",
						"reach <10 feet>",
						"versatile <S>"
					],
					"damage": "{@damage 3d10+15} piercing",
					"types": [
						"piercing"
					]
				},
				{
					"range": "Ranged",
					"name": "obsidian sliver",
					"attack": 32,
					"traits": [
						"deadly <d8>",
						"magical",
						"range increment <30 feet>",
						"versatile <S>"
					],
					"damage": "{@damage 4d8+15} piercing",
					"types": [
						"piercing"
					]
				}
			],
			"abilities": {
				"mid": [
					{
						"entries": [
							"An obsidian golem that submerges itself in lava or magma takes no damage from it, and for as long as it remains submerged, it becomes {@condition slowed|CRB|slowed 2} and gains fast healing 15."
						],
						"name": "Assimilate Lava"
					},
					{
						"entries": [
							"harmed by sonic ({@dice 8d10}, {@dice 2d10} from area or {@condition persistent damage}); healed by cold (area {@dice 2d10} HP); {@condition slowed} by fire."
						],
						"name": "Golem Antimagic",
						"generic": {
							"tag": "ability"
						}
					},
					{
						"entries": [
							"Casting a {@spell shatter} spell on an obsidian golem affects the golem normally, but also causes jagged chunks of obsidian to flake off its body. The squares on which the golem was standing (or the squares below it, if it was flying) become {@quickref difficult terrain||3|terrain}."
						],
						"name": "Vulnerable to Shatter"
					}
				],
				"bot": [
					{
						"activity": {
							"number": 1,
							"unit": "action"
						},
						"entries": [
							"The obsidian golem slings razor-sharp shards of itself in a 15-foot cone.",
							"Creatures in the area take {@damage 4d8+9} slashing damage ({@dc 37} basic Reflex save)."
						],
						"name": "Fling Shards"
					},
					{
						"entries": [
							"An obsidian golem's body is so sharp that it tears through armor like a knife through butter. Whenever the golem scores a critical hit with a fist {@action Strike} against a creature wearing non-adamantine armor, the creature's armor becomes {@condition broken}."
						],
						"name": "Shred Armor"
					}
				]
			},
			"defenses": {
				"ac": {
					"std": 40
				},
				"savingThrows": {
					"fort": {
						"std": 29
					},
					"ref": {
						"std": 24
					},
					"will": {
						"std": 26
					}
				},
				"hp": [
					{
						"hp": 230
					}
				],
				"immunities": [
					"bleed",
					"death effects",
					"disease",
					"doomed",
					"drained",
					"fatigued"
				],
				"resistances": [
					{
						"amount": 15,
						"name": "physical"
					}
				]
			},
			"hasImages": true
		},
		{
			"name": "Qormintur",
			"source": "EC5",
			"page": 91,
			"level": 16,
			"traits": [
				"unique",
				"le",
				"medium",
				"duergar",
				"dwarf",
				"humanoid"
			],
			"description": "Female duergar seneschal (Bestiary 138)",
			"perception": {
				"std": 29
			},
			"senses": [
				{
					"name": "darkvision"
				}
			],
			"languages": {
				"languages": [
					"common",
					"dwarven",
					"elven",
					"undercommon"
				]
			},
			"skills": {
				"acrobatics": {
					"std": 29
				},
				"crafting": {
					"std": 32
				},
				"deception": {
					"std": 25
				},
				"occultism": {
					"std": 28
				},
				"society": {
					"std": 30
				},
				"stealth": {
					"std": 27
				},
				"survival": {
					"std": 27
				},
				"shraen lore": {
					"std": 28
				}
			},
			"abilityMods": {
				"str": 2,
				"dex": 5,
				"con": 3,
				"int": 6,
				"wis": 3,
				"cha": 1
			},
			"items": [
				"expanded alchemist's tools",
				"+2 greater resilient standard-grade mithral breastplate",
				"greater comprehension elixir",
				"infused reagents (12)",
				"greater messenger's ring",
				"+2 greater striking shortsword"
			],
			"speed": {
				"walk": 20
			},
			"attacks": [
				{
					"range": "Melee",
					"name": "shortsword",
					"attack": 32,
					"traits": [
						"agile",
						"finesse",
						"magical",
						"versatile <S>"
					],
					"damage": "{@damage 3d6+11} piercing",
					"types": [
						"piercing"
					]
				},
				{
					"range": "Ranged",
					"name": "acid flask",
					"attack": 32,
					"traits": [
						"range increment <60 feet>",
						"splash 10 feet"
					],
					"damage": "7 acid damage plus {@damage 3d6} {@condition persistent damage||persistent acid damage} and 9 acid {@trait splash} damage",
					"types": [
						"acid",
						"persistent"
					]
				},
				{
					"range": "Ranged",
					"name": "alchemist's fire",
					"attack": 32,
					"traits": [
						"range increment <60 feet>",
						"splash 10 feet"
					],
					"damage": "{@damage 3d8+6} fire plus 3 {@condition persistent damage||persistent fire} and 9 fire {@trait splash}",
					"types": [
						"fire",
						"persistent"
					]
				}
			],
			"spellcasting": [
				{
					"type": "Innate",
					"tradition": "occult",
					"DC": 35,
					"entry": {
						"2": {
							"spells": [
								{
									"name": "enlarge",
									"notes": [
										"self only"
									]
								}
							]
						},
						"4": {
							"spells": [
								{
									"name": "invisibility",
									"notes": [
										"self only"
									]
								}
							]
						}
					}
				}
			],
			"abilities": {
				"top": [
					{
						"entries": [
							"Qormintur carries the following infused items: 6 {@item greater acid flask||greater acid flasks}, 6 {@item greater alchemist's fire||greater alchemist's fires}, 2 {@item major antidote||major antidotes}, and 2 {@item greater elixir of life||greater elixirs of life}. These items last for 24 hours, or until the next time Qormintur makes her daily preparations."
						],
						"name": "Infused Items"
					}
				],
				"mid": [
					{
						"entries": [
							"Qormintur automatically {@quickref disbelieves all illusions|CRB|2|disbelieving illusions|0} of 8th level or lower."
						],
						"name": "Iron Mind"
					},
					{
						"entries": [
							"When Qormintur rolls a success on a Fortitude save, she gets a critical success instead."
						],
						"name": "Juggernaut"
					},
					{
						"name": "Light Blindness",
						"generic": {
							"tag": "ability"
						}
					}
				],
				"bot": [
					{
						"entries": [
							"When throwing an alchemical bomb with the {@trait splash} trait, Qormintur can choose to deal {@trait splash} damage to her primary target only, rather than dealing the usual {@trait splash} damage."
						],
						"name": "Bomber"
					},
					{
						"activity": {
							"number": 1,
							"unit": "action"
						},
						"traits": [
							"auditory",
							"concentrate",
							"emotion",
							"linguistic",
							"mental"
						],
						"entries": [
							"Qormintur reminds others of the punishments Shraens mete out for failure.",
							"Qormintur and all allies within 60 feet of her gain a +1 status bonus to attack rolls and damage rolls until the end of Qormintur's next turn."
						],
						"name": "Dire Warning"
					},
					{
						"activity": {
							"number": 1,
							"unit": "action"
						},
						"entries": [
							"Qormintur Interacts to draw an alchemical bomb, then {@action Strike||Strikes} with it."
						],
						"name": "Quick Bomber"
					},
					{
						"activity": {
							"number": 1,
							"unit": "action"
						},
						"traits": [
							"manipulate"
						],
						"requirements": "Qormintur is wielding a piercing or slashing weapon and has a free hand",
						"entries": [
							"Cost 1 batch of infused reagents; Qormintur applies reagents to the weapon. The weapon deals an additional {@damage 2d10} poison damage for 1 minute."
						],
						"name": "Sticky Poison"
					},
					{
						"entries": [
							"Qormintur's range increment for bombs is 60 feet. She reduces any circumstance bonus to the target's AC from cover by 1, and she automatically succeeds at the flat check when she targets a {@condition concealed} creature."
						],
						"name": "Uncanny Bombs"
					}
				]
			},
			"defenses": {
				"ac": {
					"std": 39
				},
				"savingThrows": {
					"fort": {
						"std": 28
					},
					"ref": {
						"std": 30
					},
					"will": {
						"std": 26
					},
					"abilities": [
						"+2 status on all saves vs. magical effects"
					]
				},
				"hp": [
					{
						"hp": 295
					}
				],
				"resistances": [
					{
						"amount": 15,
						"name": "poison"
					}
				]
			}
		},
		{
			"name": "Raptor Guard Wight",
			"source": "EC5",
			"page": 32,
			"level": 13,
			"traits": [
				"rare",
				"ne",
				"medium",
				"undead"
			],
			"description": "Variant wight (Pathfinder Bestiary 332)",
			"perception": {
				"std": 22
			},
			"senses": [
				{
					"name": "darkvision"
				}
			],
			"languages": {
				"languages": [
					"draconic",
					"necril",
					"undercommon"
				]
			},
			"skills": {
				"acrobatics": {
					"std": 24
				},
				"athletics": {
					"std": 27
				},
				"intimidation": {
					"std": 27
				},
				"stealth": {
					"std": 24
				},
				"survival": {
					"std": 22
				}
			},
			"abilityMods": {
				"str": 8,
				"dex": 5,
				"con": 3,
				"int": 0,
				"wis": 3,
				"cha": 4
			},
			"items": [
				"+1 resilient bone armor (as hide armor)",
				"greater demon mask in the form of a dinosaur-skull helm",
				"+1 striking spear"
			],
			"speed": {
				"walk": 25
			},
			"attacks": [
				{
					"range": "Melee",
					"name": "spear",
					"attack": 27,
					"traits": [
						"magical"
					],
					"effects": [
						"drain life",
						"terror master"
					],
					"damage": "{@damage 2d6+14} piercing plus drain life and terror master",
					"types": [
						"piercing"
					]
				},
				{
					"range": "Melee",
					"name": "claw",
					"attack": 26,
					"traits": [
						"agile"
					],
					"effects": [
						"drain life",
						"terror master"
					],
					"damage": "{@damage 3d6+14} slashing plus drain life and terror master",
					"types": [
						"slashing"
					]
				},
				{
					"range": "Melee",
					"name": "jaws",
					"attack": 26,
					"effects": [
						"drain life",
						"terror master"
					],
					"damage": "{@damage 3d8+14} piercing plus drain life and terror master",
					"types": [
						"piercing"
					]
				},
				{
					"range": "Ranged",
					"name": "spear",
					"attack": 24,
					"traits": [
						"magical",
						"range increment <20 feet>"
					],
					"effects": [
						"terror master",
						"hungry spear"
					],
					"damage": "{@damage 2d6+14} piercing plus terror master and hungry spear",
					"types": [
						"piercing"
					]
				}
			],
			"abilities": {
				"mid": [
					{
						"traits": [
							"aura",
							"olfactory"
						],
						"entries": [
							"30 feet. A creature that enters the area must attempt a {@dc 32} Fortitude save.",
							"On a failure, the creature is {@condition sickened|CRB|sickened 2} and {@condition doomed|CRB|doomed 1} for as long as it is {@condition sickened}; on a critical failure, the creature is instead {@condition doomed|CRB|doomed 2} for as long as it is {@condition sickened}. While within the aura, the creature takes a \u20132 circumstance penalty to saves to recover from the {@condition sickened} condition.",
							"A creature that succeeds at its save is temporarily immune to any creature's death stench for 1 minute."
						],
						"name": "Death Stench"
					},
					{
						"activity": {
							"number": 1,
							"unit": "reaction"
						},
						"name": "Attack of Opportunity",
						"generic": {
							"tag": "ability"
						}
					}
				],
				"bot": [
					{
						"traits": [
							"divine",
							"necromancy"
						],
						"entries": [
							"When the Raptor Guard wight damages a living creature with a melee {@action Strike}, the wight gains 13 temporary Hit Points and the target creature must succeed at a {@dc 32} Fortitude save or become {@condition drained|CRB|drained 1}. Further damage dealt by the wight increases the {@condition drained} condition by 1 on a failed save, to a maximum of {@condition drained|CRB|drained 4}."
						],
						"name": "Drain Life"
					},
					{
						"traits": [
							"divine",
							"necromancy"
						],
						"entries": [
							"The Raptor Guard wight's ranged spear {@action Strike||Strikes} apply drain life, but the wight doesn't gain any temporary Hit Points if the attack hits."
						],
						"name": "Hungry Spear"
					},
					{
						"entries": [
							"As long as the Raptor Guard wears its dinosaur-skull helm, its {@action Strike||Strikes} deal an additional {@damage 1d10} negative damage, or an additional {@dice 2d10} damage to {@condition frightened} creatures."
						],
						"name": "Terror Master"
					},
					{
						"traits": [
							"divine",
							"necromancy"
						],
						"entries": [
							"A living humanoid slain by a Raptor Guard wight's melee {@action Strike} rises as a wight after {@dice 1d4} rounds. This wight spawn is under the command of the Raptor Guard that killed it. It doesn't have the drain life or wight spawn abilities and is {@condition clumsy|CRB|clumsy 2}. If the creator of the wight spawn dies, the wight spawn becomes a full-fledged, autonomous wight; it regains its free will, gains the drain life and wight spawn abilities, and is no longer {@condition clumsy}."
						],
						"name": "Wight Spawn"
					}
				]
			},
			"defenses": {
				"ac": {
					"std": 34
				},
				"savingThrows": {
					"fort": {
						"std": 26
					},
					"ref": {
						"std": 23
					},
					"will": {
						"std": 21
					}
				},
				"hp": [
					{
						"hp": 240,
						"abilities": [
							"negative healing"
						]
					}
				],
				"immunities": [
					"death effects",
					"disease",
					"paralyzed",
					"poison",
					"unconscious"
				]
			}
		},
		{
			"name": "Shraen Graveknight",
			"source": "EC5",
			"page": 52,
			"level": 15,
			"traits": [
				"ce",
				"medium",
				"undead"
			],
			"description": "Drow graveknight (Pathfinder Bestiary 190)",
			"perception": {
				"std": 26
			},
			"senses": [
				{
					"name": "darkvision"
				}
			],
			"languages": {
				"languages": [
					"elven",
					"necril",
					"undercommon"
				]
			},
			"skills": {
				"acrobatics": {
					"std": 31
				},
				"intimidation": {
					"std": 27
				},
				"religion": {
					"std": 24
				},
				"stealth": {
					"std": 27
				}
			},
			"abilityMods": {
				"str": 4,
				"dex": 8,
				"con": 4,
				"int": 2,
				"wis": 3,
				"cha": 6
			},
			"items": [
				"+2 greater resilient standard-grade elven chain",
				"hand crossbow (10 bolts)",
				"main-gauche",
				"purple worm venom (2)",
				"rapier"
			],
			"speed": {
				"walk": 30
			},
			"attacks": [
				{
					"range": "Melee",
					"name": "greater frost rapier",
					"attack": 31,
					"traits": [
						"cold",
						"deadly <2d8>",
						"disarm",
						"finesse",
						"magical"
					],
					"damage": "{@damage 3d6+14} piercing plus {@damage 1d6} cold",
					"types": [
						"cold",
						"piercing"
					]
				},
				{
					"range": "Melee",
					"name": "greater frost main-gauche",
					"attack": 31,
					"traits": [
						"agile",
						"cold",
						"disarm",
						"finesse",
						"magical",
						"parry",
						"versatile <S>"
					],
					"damage": "{@damage 3d4+14} piercing plus {@damage 1d6} cold",
					"types": [
						"cold",
						"piercing"
					]
				},
				{
					"range": "Melee",
					"name": "fist",
					"attack": 29,
					"traits": [
						"agile",
						"cold"
					],
					"damage": "{@damage 3d6+10} piercing plus {@damage 1d6} cold",
					"types": [
						"cold",
						"piercing"
					]
				},
				{
					"range": "Ranged",
					"name": "greater frost hand crossbow",
					"attack": 31,
					"traits": [
						"cold",
						"magical",
						"range increment <60 feet>",
						"reload <1>"
					],
					"effects": [
						"purple worm venom"
					],
					"damage": "{@damage 3d6+14} piercing plus {@damage 1d6} cold and purple worm venom",
					"types": [
						"cold",
						"piercing"
					]
				}
			],
			"spellcasting": [
				{
					"type": "Innate",
					"tradition": "divine",
					"DC": 36,
					"entry": {
						"0": {
							"level": 6,
							"spells": [
								{
									"name": "dancing lights"
								}
							]
						},
						"2": {
							"spells": [
								{
									"name": "faerie fire",
									"amount": "at will"
								}
							]
						},
						"4": {
							"spells": [
								{
									"name": "darkness",
									"amount": "at will"
								}
							]
						}
					}
				}
			],
			"abilities": {
				"mid": [
					{
						"entries": [
							"30 feet. As graveknight, but with a +24 counteract modifier."
						],
						"name": "Sacrilegious Aura",
						"entries_as_xyz": "Ability not found: 'Sacrilegious Aura As graveknight, but with a +24 counteract modifier.' in Shraen Graveknight, p.52"
					},
					{
						"activity": {
							"number": 1,
							"unit": "reaction"
						},
						"name": "Attack of Opportunity",
						"generic": {
							"tag": "ability"
						}
					}
				],
				"bot": [
					{
						"activity": {
							"number": 2,
							"unit": "action"
						},
						"traits": [
							"arcane",
							"cold",
							"evocation"
						],
						"entries": [
							"As graveknight, but {@damage 8d12} cold and {@dc 36}."
						],
						"name": "Devastating Blast",
						"entries_as_xyz": "Ability not found: 'Devastating Blast As graveknight, but {@damage 8d12} cold and {@dc 36}.' in Shraen Graveknight, p.52"
					},
					{
						"entries": [
							"As graveknight, but {@dc 36}."
						],
						"name": "Graveknight's Curse",
						"entries_as_xyz": "Ability not found: 'Graveknight's Curse As graveknight, but {@dc 36}.' in Shraen Graveknight, p.52"
					},
					{
						"activity": {
							"number": 3,
							"unit": "action"
						},
						"entries": [
							"The Shraen graveknight {@action Step||Steps} once then {@action Strike||Strikes} with its rapier. A creature damaged by the attack must attempt a {@dc 36} Fortitude save. On a failure, the creature takes {@damage 4d6} {@condition persistent damage||persistent bleed damage}. On a critical failure, the attack pierces the creature's heart, and the creature dies."
						],
						"name": "Heart-Seeking Strike"
					},
					{
						"activity": {
							"number": 1,
							"unit": "action"
						},
						"entries": [
							"The Shraen graveknight draws a weapon, then {@action Strike||Strikes} with it."
						],
						"name": "Quick Draw"
					},
					{
						"entries": [
							"As graveknight."
						],
						"name": "Ruinous Weapons",
						"entries_as_xyz": "Ability not found: 'Ruinous Weapons As graveknight.' in Shraen Graveknight, p.52"
					},
					{
						"entries": [
							"As graveknight."
						],
						"name": "Weapon Master",
						"entries_as_xyz": "Ability not found: 'Weapon Master As graveknight.' in Shraen Graveknight, p.52"
					}
				]
			},
			"defenses": {
				"ac": {
					"std": 37
				},
				"savingThrows": {
					"fort": {
						"std": 25
					},
					"ref": {
						"std": 27
					},
					"will": {
						"std": 26
					},
					"abilities": [
						"+1 status bonus to all saves vs. magic effects",
						"+2 status bonus to all saves vs. mental effects"
					]
				},
				"hp": [
					{
						"hp": 295,
						"abilities": [
							"negative healing",
							"rejuvenation"
						]
					}
				],
				"immunities": [
					"cold",
					"death",
					"disease",
					"paralyzed",
					"poison",
					"sleep",
					"unconscious"
				],
				"resistances": [
					{
						"amount": 30,
						"name": "positive"
					}
				]
			}
		},
		{
			"name": "Urdefhan Dominator",
			"source": "EC5",
			"page": 83,
			"level": 14,
			"traits": [
				"ne",
				"medium",
				"humanoid",
				"urdefhan"
			],
			"perception": {
				"std": 26
			},
			"senses": [
				{
					"name": "greater darkvision"
				}
			],
			"languages": {
				"languages": [
					"aklo",
					"daemonic",
					"undercommon"
				]
			},
			"skills": {
				"crafting": {
					"std": 24
				},
				"intimidation": {
					"std": 26
				},
				"religion": {
					"std": 29
				},
				"stealth": {
					"std": 25
				},
				"survival": {
					"std": 27
				},
				"daemon lore": {
					"std": 24
				}
			},
			"abilityMods": {
				"str": 4,
				"dex": 5,
				"con": 3,
				"int": 4,
				"wis": 7,
				"cha": 6
			},
			"items": [
				"+2 striking rhoka sword"
			],
			"speed": {
				"walk": 25
			},
			"attacks": [
				{
					"range": "Melee",
					"name": "rhoka sword",
					"attack": 26,
					"traits": [
						"fatal <d10>",
						"magical",
						"two-hand <d12>"
					],
					"damage": "{@damage 2d8+10} slashing",
					"types": [
						"slashing"
					]
				},
				{
					"range": "Melee",
					"name": "jaws",
					"attack": 26,
					"traits": [
						"agile"
					],
					"effects": [
						"wicked bite"
					],
					"damage": "{@damage 4d6+10} piercing plus wicked bite",
					"types": [
						"piercing"
					]
				}
			],
			"spellcasting": [
				{
					"type": "Innate",
					"tradition": "divine",
					"DC": 35,
					"attack": 29,
					"entry": {
						"0": {
							"level": 7,
							"spells": [
								{
									"name": "chill touch"
								},
								{
									"name": "divine lance"
								},
								{
									"name": "forbidding ward"
								},
								{
									"name": "telekinetic projectile"
								}
							]
						},
						"1": {
							"spells": [
								{
									"name": "feather fall",
									"notes": [
										"self only"
									]
								},
								{
									"name": "grim tendrils"
								},
								{
									"name": "ray of enfeeblement"
								}
							]
						},
						"2": {
							"spells": [
								{
									"name": "darkness"
								},
								{
									"name": "death knell"
								},
								{
									"name": "false life"
								},
								{
									"name": "silence"
								}
							]
						},
						"3": {
							"spells": [
								{
									"name": "harm",
									"amount": 2
								},
								{
									"name": "paralyze",
									"amount": 2
								}
							]
						},
						"4": {
							"spells": [
								{
									"name": "phantasmal killer",
									"amount": 2
								},
								{
									"name": "read omens"
								},
								{
									"name": "spiritual weapon"
								}
							]
						},
						"5": {
							"spells": [
								{
									"name": "banishment"
								},
								{
									"name": "command"
								},
								{
									"name": "prying eye"
								}
							]
						},
						"6": {
							"spells": [
								{
									"name": "disintegrate"
								},
								{
									"name": "dominate",
									"amount": 2
								}
							]
						},
						"7": {
							"spells": [
								{
									"name": "dimensional lock"
								}
							]
						}
					}
				}
			],
			"abilities": {
				"mid": [
					{
						"entries": [
							"As urdefhan warrior, but {@damage 15d6} negative damage and {@dc 34}."
						],
						"name": "Necrotic Decay",
						"entries_as_xyz": "Ability not found: 'Necrotic Decay As urdefhan warrior, but {@damage 15d6} negative damage and {@dc 34}.' in Urdefhan Dominator, p.83"
					}
				],
				"bot": [
					{
						"activity": {
							"number": 1,
							"unit": "action"
						},
						"requirements": "The urdefhan dominator has a creature dominated with its {@spell dominate} innate spell",
						"entries": [
							"The urdefhan taps into the dominated creature's sight, hearing, and any other senses it has. The urdefhan can change back and forth from its own senses to the target's senses as a single action, which has the {@trait concentrate} trait."
						],
						"name": "Eyes of the Enthralled"
					},
					{
						"entries": [
							"As urdefhan warrior, but {@dc 33}."
						],
						"name": "Wicked Bite",
						"entries_as_xyz": "Ability not found: 'Wicked Bite As urdefhan warrior, but {@dc 33}.' in Urdefhan Dominator, p.83"
					}
				]
			},
			"defenses": {
				"ac": {
					"std": 35
				},
				"savingThrows": {
					"fort": {
						"std": 25
					},
					"ref": {
						"std": 25
					},
					"will": {
						"std": 29
					}
				},
				"hp": [
					{
						"hp": 250,
						"abilities": [
							"negative healing"
						]
					}
				],
				"immunities": [
					"death effects (except necrotic decay)",
					"disease",
					"fear"
				],
				"weaknesses": [
					{
						"amount": 15,
						"name": "positive"
					}
				]
			},
			"hasImages": true
		},
		{
			"name": "Urdefhan High Tormentor",
			"source": "EC5",
			"page": 82,
			"level": 10,
			"traits": [
				"ne",
				"medium",
				"humanoid",
				"urdefhan"
			],
			"perception": {
				"std": 22
			},
			"senses": [
				{
					"name": "greater darkvision"
				}
			],
			"languages": {
				"languages": [
					"aklo",
					"daemonic",
					"undercommon"
				]
			},
			"skills": {
				"acrobatics": {
					"std": 18
				},
				"crafting": {
					"std": 19
				},
				"intimidation": {
					"std": 21
				},
				"occultism": {
					"std": 22
				},
				"religion": {
					"std": 22
				}
			},
			"abilityMods": {
				"str": 5,
				"dex": 2,
				"con": 3,
				"int": 1,
				"wis": 6,
				"cha": 3
			},
			"items": [
				"+1 striking warhammer"
			],
			"speed": {
				"walk": 25
			},
			"attacks": [
				{
					"range": "Melee",
					"name": "warhammer",
					"attack": 21,
					"traits": [
						"magical",
						"shove"
					],
					"damage": "{@damage 2d8+11} bludgeoning",
					"types": [
						"bludgeoning"
					]
				},
				{
					"range": "Melee",
					"name": "jaws",
					"attack": 21,
					"traits": [
						"agile"
					],
					"effects": [
						"wicked bite"
					],
					"damage": "{@damage 3d6+11} piercing plus wicked bite",
					"types": [
						"piercing"
					]
				}
			],
			"spellcasting": [
				{
					"type": "Innate",
					"tradition": "divine",
					"DC": 30,
					"attack": 22,
					"entry": {
						"1": {
							"spells": [
								{
									"name": "feather fall",
									"notes": [
										"self only"
									]
								},
								{
									"name": "grim tendrils"
								},
								{
									"name": "ray of enfeeblement",
									"amount": 2
								}
							]
						},
						"2": {
							"spells": [
								{
									"name": "darkness"
								},
								{
									"name": "death knell"
								},
								{
									"name": "false life"
								},
								{
									"name": "silence"
								}
							]
						},
						"3": {
							"spells": [
								{
									"name": "harm",
									"amount": 2
								},
								{
									"name": "paralyze",
									"amount": 2
								}
							]
						},
						"4": {
							"spells": [
								{
									"name": "acid arrow"
								},
								{
									"name": "phantasmal killer"
								},
								{
									"name": "spiritual weapon"
								}
							]
						},
						"5": {
							"spells": [
								{
									"name": "banishment"
								},
								{
									"name": "summon fiend",
									"notes": [
										"daemons only"
									]
								}
							]
						}
					}
				}
			],
			"rituals": [
				{
					"tradition": "divine",
					"DC": 30,
					"rituals": [
						{
							"name": "daemonic pact"
						}
					]
				}
			],
			"abilities": {
				"mid": [
					{
						"traits": [
							"death",
							"negative"
						],
						"entries": [
							"As urdefhan warrior, but {@damage 10d6} negative damage and {@dc 29}."
						],
						"name": "Necrotic Decay",
						"entries_as_xyz": "Ability not found: 'Necrotic Decay As urdefhan warrior, but {@damage 10d6} negative damage and {@dc 29}.' in Urdefhan High Tormentor, p.82"
					}
				],
				"bot": [
					{
						"activity": {
							"number": 2,
							"unit": "action"
						},
						"traits": [
							"auditory",
							"divine",
							"emotion",
							"mental"
						],
						"entries": [
							"As urdefhan tormentor, but the status bonus to attack and damage rolls is +4, the status bonus to saving throws is +2, and the status penalty to AC is \u20132."
						],
						"name": "Stoke the Fervent",
						"entries_as_xyz": "Ability not found: 'Stoke the Fervent As urdefhan tormentor, but the status bonus to attack and damage rolls is +4, the status bonus to saving throws is +2, and the status penalty to AC is \u20132.' in Urdefhan High Tormentor, p.82"
					},
					{
						"entries": [
							"As urdefhan warrior, but {@dc 29}."
						],
						"name": "Wicked Bite",
						"entries_as_xyz": "Ability not found: 'Wicked Bite As urdefhan warrior, but {@dc 29}.' in Urdefhan High Tormentor, p.82"
					}
				]
			},
			"defenses": {
				"ac": {
					"std": 30
				},
				"savingThrows": {
					"fort": {
						"std": 19
					},
					"ref": {
						"std": 16
					},
					"will": {
						"std": 22
					}
				},
				"hp": [
					{
						"hp": 195,
						"abilities": [
							"negative healing"
						]
					}
				],
				"immunities": [
					"death effects (except necrotic decay)",
					"disease",
					"fear"
				],
				"weaknesses": [
					{
						"amount": 10,
						"name": "positive"
					}
				]
			},
			"hasImages": true
		},
		{
			"name": "Urdefhan Hunter",
			"source": "EC5",
			"page": 82,
			"level": 12,
			"traits": [
				"ne",
				"medium",
				"humanoid",
				"urdefhan"
			],
			"perception": {
				"std": 26
			},
			"senses": [
				{
					"name": "greater darkvision"
				}
			],
			"languages": {
				"languages": [
					"aklo",
					"daemonic",
					"undercommon"
				]
			},
			"skills": {
				"acrobatics": {
					"std": 24
				},
				"nature": {
					"std": 23
				},
				"religion": {
					"std": 21
				},
				"stealth": {
					"std": 26
				},
				"survival": {
					"std": 25,
					"to Track": 27
				}
			},
			"abilityMods": {
				"str": 4,
				"dex": 6,
				"con": 4,
				"int": 2,
				"wis": 5,
				"cha": 1
			},
			"items": [
				"+1 striking composite longbow with 50 arrows",
				"+1 striking rhoka sword"
			],
			"speed": {
				"walk": 30
			},
			"attacks": [
				{
					"range": "Melee",
					"name": "rhoka sword",
					"attack": 24,
					"traits": [
						"fatal <d10>",
						"magical",
						"two-hand <d12>"
					],
					"damage": "{@damage 2d8+10} slashing",
					"types": [
						"slashing"
					]
				},
				{
					"range": "Melee",
					"name": "jaws",
					"attack": 22,
					"traits": [
						"agile"
					],
					"effects": [
						"wicked bite"
					],
					"damage": "{@damage 3d6+10} piercing plus wicked bite",
					"types": [
						"piercing"
					]
				},
				{
					"range": "Ranged",
					"name": "composite longbow",
					"attack": 26,
					"traits": [
						"deadly <d10>",
						"magical",
						"propulsive",
						"range increment <100 feet>",
						"reload <0>",
						"volley <30 feet>"
					],
					"damage": "{@damage 2d8+4} piercing",
					"types": [
						"piercing"
					]
				}
			],
			"spellcasting": [
				{
					"type": "Innate",
					"tradition": "divine",
					"DC": 29,
					"attack": 23,
					"entry": {
						"3": {
							"spells": [
								{
									"name": "feather fall",
									"amount": "at will",
									"notes": [
										"self only"
									]
								},
								{
									"name": "ray of enfeeblement"
								}
							]
						},
						"4": {
							"spells": [
								{
									"name": "death knell"
								}
							]
						}
					}
				}
			],
			"abilities": {
				"mid": [
					{
						"entries": [
							"As urdefhan warrior, but {@damage 12d6} negative damage and {@dc 32}."
						],
						"name": "Necrotic Decay",
						"entries_as_xyz": "Ability not found: 'Necrotic Decay As urdefhan warrior, but {@damage 12d6} negative damage and {@dc 32}.' in Urdefhan Hunter, p.82"
					}
				],
				"bot": [
					{
						"activity": {
							"number": 1,
							"unit": "action"
						},
						"traits": [
							"open"
						],
						"entries": [
							"The urdefhan hunter makes a ranged {@action Strike} at a \u20132 penalty.",
							"The urdefhan deals 4 additional damage with this {@action Strike}."
						],
						"name": "Deadly Aim"
					},
					{
						"activity": {
							"number": 1,
							"unit": "action"
						},
						"requirements": "The urdefhan hunter is wielding a ranged weapon with reload <0>",
						"entries": [
							"The urdefhan hunter makes two {@action Strike||Strikes} with the required weapon at a single target. These {@action Strike||Strikes} both count toward the urdefhan's multiple attack penalty, but the penalty doesn't increase until both attacks are resolved."
						],
						"name": "Double Shot"
					},
					{
						"entries": [
							"Urdefhan hunters can make composite longbow {@action Strike||Strikes} while mounted."
						],
						"name": "Mounted Bow Expert"
					},
					{
						"entries": [
							"As urdefhan warrior, but {@dc 32}."
						],
						"name": "Wicked Bite",
						"entries_as_xyz": "Ability not found: 'Wicked Bite As urdefhan warrior, but {@dc 32}.' in Urdefhan Hunter, p.82"
					}
				]
			},
			"defenses": {
				"ac": {
					"std": 34
				},
				"savingThrows": {
					"fort": {
						"std": 20
					},
					"ref": {
						"std": 26
					},
					"will": {
						"std": 23
					}
				},
				"hp": [
					{
						"hp": 190,
						"abilities": [
							"negative healing"
						]
					}
				],
				"immunities": [
					"death effects (except necrotic decay)"
				],
				"weaknesses": [
					{
						"amount": 12,
						"name": "positive"
					}
				]
			}
		},
		{
			"name": "Vitalia",
			"source": "EC5",
			"page": 84,
			"level": 18,
			"traits": [
				"rare",
				"n",
				"large",
				"aberration",
				"aquatic",
				"mindless"
			],
			"perception": {
				"std": 30
			},
			"senses": [
				{
					"type": "precise",
					"name": "bloodsense",
					"range": 30
				},
				{
					"name": "no vision"
				},
				{
					"type": "imprecise",
					"name": "{@ability tremorsense}",
					"range": 60
				}
			],
			"skills": {
				"athletics": {
					"std": 33
				}
			},
			"abilityMods": {
				"str": 7,
				"dex": 5,
				"con": 9,
				"int": -5,
				"wis": 0,
				"cha": 0
			},
			"speed": {
				"walk": 15,
				"swim": 30
			},
			"attacks": [
				{
					"range": "Melee",
					"name": "vein",
					"attack": 33,
					"traits": [
						"magical",
						"reach <15 feet>"
					],
					"effects": [
						"Grab"
					],
					"damage": "{@damage 4d8+15} bludgeoning plus Grab",
					"types": [
						"bludgeoning"
					]
				},
				{
					"range": "Ranged",
					"name": "blood squirt",
					"attack": 33,
					"traits": [
						"acid",
						"magical",
						"range increment <40 feet>"
					],
					"damage": "{@damage 3d10} bludgeoning plus {@damage 3d10} acid",
					"types": [
						"acid",
						"bludgeoning"
					]
				}
			],
			"spellcasting": [
				{
					"type": "Innate",
					"tradition": "occult",
					"DC": 36,
					"entry": {
						"6": {
							"spells": [
								{
									"name": "status",
									"amount": "at will"
								},
								{
									"name": "vampiric touch"
								}
							]
						},
						"8": {
							"spells": [
								{
									"name": "vampiric exsanguination"
								}
							]
						}
					}
				}
			],
			"abilities": {
				"top": [
					{
						"entries": [
							"The vitalia can detect any creatures that have a heartbeat."
						],
						"name": "Bloodsense"
					}
				],
				"mid": [
					{
						"activity": {
							"number": 1,
							"unit": "reaction"
						},
						"trigger": "A creature lands a critical hit with a melee {@action Strike} against the vitalia",
						"entries": [
							"The vitalia sprays blood at the triggering creature. The creature must succeed at a {@dc 39} Reflex save or become {@condition dazzled} for 1 round (or {@condition blinded} for 1 round on a critical failure)."
						],
						"name": "Blood Eruption"
					}
				],
				"bot": [
					{
						"activity": {
							"number": 1,
							"unit": "action"
						},
						"entries": [
							"{@damage 4d8+10} bludgeoning, {@dc 37}"
						],
						"name": "Constrict",
						"generic": {
							"tag": "ability"
						}
					},
					{
						"activity": {
							"number": 1,
							"unit": "action"
						},
						"requirements": "The vitalia is grabbing a creature",
						"entries": [
							"The vitalia inserts some of its veins into the {@condition grabbed} creature and pumps violently, rapidly exchanging the victim's blood with its own. Any diseases or poisons affecting the vitalia can be transmitted to the target creature, which must make a saving throw as though it had just been targeted with the original affliction. The inverse is true as well; the vitalia must successfully save against any diseases or poisons affecting the target or contract the affliction."
						],
						"name": "Forced Transfusion"
					},
					{
						"activity": {
							"number": 2,
							"unit": "action"
						},
						"traits": [
							"necromancy",
							"occult"
						],
						"frequency": {
							"unit": "day",
							"number": 1
						},
						"entries": [
							"The vitalia pumps copious amounts of blood into the air, creating a cascading rain of vital fluids in a 15-foot emanation. All creatures in the area are {@condition concealed} from one another. A creature that benefits from consuming blood (such as bloodseekers or vampires) gains fast healing 10 while in the area. While in the area, a creature taking {@condition persistent damage||persistent bleed damage} cannot end that condition, even if it spends actions to attempt a flat check to do so. The rain lasts for 1 minute."
						],
						"name": "Sanguine Rain"
					}
				]
			},
			"defenses": {
				"ac": {
					"std": 39
				},
				"savingThrows": {
					"fort": {
						"std": 35
					},
					"ref": {
						"std": 25
					},
					"will": {
						"std": 24
					}
				},
				"hp": [
					{
						"hp": 425,
						"abilities": [
							"fast healing 20"
						]
					}
				],
				"immunities": [
					"bleed",
					"mental",
					"sleep"
				],
				"weaknesses": [
					{
						"amount": 15,
						"name": "piercing"
					}
				]
			},
			"hasImages": true
		},
		{
			"name": "Xulgath Deepmouth",
			"source": "EC5",
			"page": 85,
			"level": 12,
			"traits": [
				"uncommon",
				"ce",
				"medium",
				"humanoid",
				"xulgath"
			],
			"perception": {
				"std": 26
			},
			"senses": [
				{
					"name": "darkvision"
				}
			],
			"languages": {
				"languages": [
					"draconic",
					"undercommon"
				]
			},
			"skills": {
				"acrobatics": {
					"std": 22
				},
				"crafting": {
					"std": 22
				},
				"diplomacy": {
					"std": 25
				},
				"intimidation": {
					"std": 25
				},
				"religion": {
					"std": 25
				},
				"society": {
					"std": 22
				}
			},
			"abilityMods": {
				"str": 2,
				"dex": 4,
				"con": 2,
				"int": 4,
				"wis": 7,
				"cha": 5
			},
			"items": [
				"+1 striking spiked gauntlet",
				"+1 hide armor",
				"bone religious symbol of"
			],
			"speed": {
				"walk": 25
			},
			"attacks": [
				{
					"range": "Melee",
					"name": "spiked gauntlet",
					"attack": 21,
					"traits": [
						"agile",
						"free-hand",
						"magical"
					],
					"damage": "{@damage 2d4+6} piercing",
					"types": [
						"piercing"
					]
				},
				{
					"range": "Melee",
					"name": "jaws",
					"attack": 20,
					"damage": "{@damage 2d6+6} piercing",
					"types": [
						"piercing"
					]
				},
				{
					"range": "Melee",
					"name": "claw",
					"attack": 20,
					"traits": [
						"agile"
					],
					"damage": "{@damage 2d4+6} slashing",
					"types": [
						"slashing"
					]
				}
			],
			"spellcasting": [
				{
					"type": "Prepared",
					"tradition": "divine",
					"DC": 33,
					"attack": 27,
					"entry": {
						"0": {
							"level": 6,
							"spells": [
								{
									"name": "chill touch"
								},
								{
									"name": "daze"
								},
								{
									"name": "detect magic"
								},
								{
									"name": "shield"
								}
							]
						},
						"1": {
							"spells": [
								{
									"name": "protection"
								},
								{
									"name": "ray of enfeeblement",
									"amount": 2
								}
							]
						},
						"2": {
							"spells": [
								{
									"name": "status",
									"amount": 3
								}
							]
						},
						"3": {
							"spells": [
								{
									"name": "heroism"
								},
								{
									"name": "meld into stone"
								},
								{
									"name": "vampiric touch"
								}
							]
						},
						"4": {
							"spells": [
								{
									"name": "air walk",
									"amount": 2
								},
								{
									"name": "enervation"
								}
							]
						},
						"5": {
							"spells": [
								{
									"name": "heal",
									"amount": 2
								},
								{
									"name": "ravening maw",
									"source": "EC3"
								}
							]
						},
						"6": {
							"spells": [
								{
									"name": "divine wrath"
								},
								{
									"name": "harm",
									"amount": 6
								},
								{
									"name": "repulsion",
									"amount": 2
								}
							]
						}
					}
				}
			],
			"abilities": {
				"mid": [
					{
						"traits": [
							"aura",
							"olfactory"
						],
						"entries": [
							"30 feet. As xulgath warrior (Bestiary 336), but {@dc 28}."
						],
						"name": "Stench"
					}
				],
				"bot": [
					{
						"activity": {
							"number": 1,
							"unit": "action"
						},
						"traits": [
							"concentrate"
						],
						"entries": [
							"The deepmouth warps part of a scalescribed creature's flesh into a mouthed tentacle, then wills it to lash out. The deepmouth makes a jaws {@action Strike} that originates from any living scalescribed creature within 120 feet; this {@action Strike} also has reach <15 feet> and deals an additional {@damage 2d8} negative damage. If the {@action Strike} originates from a creature other than the deepmouth, that creature triggers reactions as though it had made."
						],
						"name": "Devourer's Dictum"
					},
					{
						"name": "the Strike."
					},
					{
						"traits": [
							"manipulate"
						],
						"entries": [
							"With 10 minutes of work, a deepmouth can carve a magical rune called a scalescript on the flesh of a living, willing xulgath (including the deepmouth itself). A creature cannot be inscribed with more than one scalescribe rune at a time, and a deepmouth can create and maintain no more than three scalescripts at a time. If the deepmouth Scalescribed itself, it can provide material and somatic components while {@action Cast a Spell||Casting a Spell} without a free hand."
						],
						"name": "Scalescribe"
					}
				]
			},
			"defenses": {
				"ac": {
					"std": 33
				},
				"savingThrows": {
					"fort": {
						"std": 18
					},
					"ref": {
						"std": 22
					},
					"will": {
						"std": 25
					}
				},
				"hp": [
					{
						"hp": 215
					}
				]
			},
			"hasImages": true
		},
		{
			"name": "Zinogyvaz",
			"source": "EC5",
			"page": 35,
			"level": 16,
			"traits": [
				"unique",
				"ce",
				"large",
				"undead",
				"vampire"
			],
			"description": "Female vampire drider priest (Pathfinder Bestiary 159, 318)",
			"perception": {
				"std": 28
			},
			"senses": [
				{
					"name": "darkvision"
				}
			],
			"languages": {
				"languages": [
					"elven",
					"necril",
					"undercommon"
				]
			},
			"skills": {
				"acrobatics": {
					"std": 28
				},
				"athletics": {
					"std": 26
				},
				"deception": {
					"std": 28
				},
				"intimidation": {
					"std": 28
				},
				"religion": {
					"std": 33
				},
				"society": {
					"std": 26
				},
				"stealth": {
					"std": 28
				}
			},
			"abilityMods": {
				"str": 5,
				"dex": 7,
				"con": 4,
				"int": 2,
				"wis": 7,
				"cha": 6
			},
			"items": [
				"bracers of armor II",
				"+2 greater striking composite shortbow (20 arrows)",
				"religious symbol of Urgathoa"
			],
			"speed": {
				"walk": 30,
				"climb": 30
			},
			"attacks": [
				{
					"range": "Melee",
					"name": "fangs",
					"attack": 32,
					"effects": [
						"Grab",
						"vampire drider venom"
					],
					"damage": "{@damage 4d6+15} piercing plus Grab and vampire drider venom",
					"types": [
						"piercing"
					]
				},
				{
					"range": "Ranged",
					"name": "composite shortbow",
					"traits": [
						"deadly <d10>",
						"magical",
						"propulsive",
						"range increment <60 feet>",
						"reload <0>"
					],
					"damage": "{@damage 3d6+13} piercing",
					"types": [
						"piercing"
					]
				},
				{
					"range": "Ranged",
					"name": "web",
					"attack": 32,
					"traits": [
						"range increment <30 feet>"
					],
					"effects": [
						"web trap"
					]
				}
			],
			"spellcasting": [
				{
					"type": "Prepared",
					"tradition": "divine",
					"DC": 37,
					"attack": 29,
					"entry": {
						"0": {
							"level": 8,
							"spells": [
								{
									"name": "guidance"
								},
								{
									"name": "know direction"
								},
								{
									"name": "sigil"
								}
							]
						},
						"1": {
							"spells": [
								{
									"name": "alarm"
								},
								{
									"name": "ray of enfeeblement",
									"amount": 2
								}
							]
						},
						"2": {
							"spells": [
								{
									"name": "false life"
								},
								{
									"name": "silence"
								},
								{
									"name": "spiritual weapon"
								}
							]
						},
						"3": {
							"spells": [
								{
									"name": "blindness"
								},
								{
									"name": "crisis of faith"
								},
								{
									"name": "vampiric touch"
								}
							]
						},
						"4": {
							"spells": [
								{
									"name": "harm"
								},
								{
									"name": "freedom of movement"
								},
								{
									"name": "spell immunity"
								}
							]
						},
						"5": {
							"spells": [
								{
									"name": "shadow blast"
								},
								{
									"name": "spiritual guardian"
								}
							]
						},
						"6": {
							"spells": [
								{
									"name": "true seeing"
								},
								{
									"name": "vampiric exsanguination"
								}
							]
						},
						"7": {
							"spells": [
								{
									"name": "finger of death"
								},
								{
									"name": "mask of terror"
								}
							]
						}
					}
				},
				{
					"type": "Innate",
					"tradition": "divine",
					"DC": 37,
					"entry": {
						"0": {
							"level": 8,
							"spells": [
								{
									"name": "dancing lights"
								},
								{
									"name": "detect magic"
								}
							]
						},
						"2": {
							"spells": [
								{
									"name": "darkness",
									"amount": "at will"
								},
								{
									"name": "faerie fire",
									"amount": "at will"
								}
							]
						},
						"3": {
							"spells": [
								{
									"name": "dispel magic"
								},
								{
									"name": "levitate"
								}
							]
						},
						"4": {
							"spells": [
								{
									"name": "darkness"
								}
							]
						}
					}
				}
			],
			"abilities": {
				"top": [
					{
						"traits": [
							"divine",
							"enchantment",
							"mental"
						],
						"entries": [
							"As vampire, but hunting spiders or spider swarms only."
						],
						"name": "Children of the Night",
						"entries_as_xyz": "Ability not found: 'Children of the Night As vampire, but hunting spiders or spider swarms only.' in Zinogyvaz, p.35"
					}
				],
				"mid": [
					{
						"activity": {
							"number": 1,
							"unit": "free"
						},
						"entries": [
							"As vampire."
						],
						"name": "Mist Escape",
						"entries_as_xyz": "Ability not found: 'Mist {@action Escape} As vampire.' in Zinogyvaz, p.35"
					}
				],
				"bot": [
					{
						"activity": {
							"number": 1,
							"unit": "action"
						},
						"traits": [
							"concentrate",
							"divine",
							"polymorph",
							"transmutation"
						],
						"entries": [
							"As vampire, but hunting spider or spider swarm only, and Zinogyvaz keeps her fangs and web {@action Strike||Strikes} in either form."
						],
						"name": "Change Shape",
						"generic": {
							"tag": "ability"
						},
						"entries_as_xyz": "Ability not found: '{@action Change Shape|LOAG} As vampire, but hunting spider or spider swarm only, and Zinogyvaz keeps her fangs and web {@action Strike||Strikes} in either form.' in Zinogyvaz, p.35"
					},
					{
						"traits": [
							"divine",
							"downtime",
							"necromancy"
						],
						"entries": [
							"As vampire."
						],
						"name": "Create Spawn",
						"entries_as_xyz": "Ability not found: 'Create Spawn As vampire.' in Zinogyvaz, p.35"
					},
					{
						"activity": {
							"number": 1,
							"unit": "action"
						},
						"traits": [
							"divine",
							"necromancy"
						],
						"entries": [
							"As vampire. When Drinking Blood, Zinogyvaz regains 24 Hit Points and may inject the victim with vampire drider venom."
						],
						"name": "Drink Blood",
						"entries_as_xyz": "Ability not found: 'Drink Blood As vampire.' in Zinogyvaz, p.35"
					},
					{
						"activity": {
							"number": 1,
							"unit": "action"
						},
						"traits": [
							"concentrate",
							"divine",
							"transmutation"
						],
						"entries": [
							"As vampire."
						],
						"name": "Turn to Mist",
						"entries_as_xyz": "Ability not found: 'Turn to Mist As vampire.' in Zinogyvaz, p.35"
					},
					{
						"type": "affliction",
						"name": "Vampire Drider Venom",
						"traits": [
							"poison"
						],
						"DC": 35,
						"savingThrow": "Fortitude",
						"maxDuration": "6 rounds",
						"stages": [
							{
								"stage": 1,
								"entry": "{@damage 3d8} poison damage and {@condition enfeebled|CRB|enfeebled 2}",
								"duration": "1 round"
							},
							{
								"stage": 2,
								"entry": "{@damage 4d8} poison damage and {@condition paralyzed}",
								"duration": "1 round"
							}
						]
					},
					{
						"entries": [
							"A creature hit by Zinogyvaz's web attack is {@condition immobilized} and stuck to the nearest surface ({@action Escape} {@dc 35})."
						],
						"name": "Web Trap"
					}
				]
			},
			"defenses": {
				"ac": {
					"std": 39
				},
				"savingThrows": {
					"fort": {
						"std": 26
					},
					"ref": {
						"std": 27
					},
					"will": {
						"std": 30
					}
				},
				"hp": [
					{
						"hp": 240,
						"abilities": [
							"coffin restoration (as vampire)",
							"fast healing 20",
							"negative healing"
						]
					}
				],
				"immunities": [
					"death effects",
					"disease",
					"paralyze",
					"poison",
					"sleep"
				],
				"weaknesses": [
					{
						"name": "vampire weaknesses"
					}
				],
				"resistances": [
					{
						"amount": 20,
						"name": "physical",
						"note": "except magical silver"
					}
				]
			}
		}
	]
}
