{
	"creature": [
		{
			"name": "Aller Rosk",
			"source": "AV1",
			"page": 43,
			"level": 5,
			"traits": [
				"unique",
				"ce",
				"medium",
				"ghoul",
				"undead"
			],
			"description": "Male ghoul tattoo artist (Pathfinder Bestiary 168)",
			"perception": {
				"std": 15
			},
			"senses": [
				{
					"name": "darkvision"
				}
			],
			"languages": {
				"languages": [
					"aklo",
					"common",
					"necril",
					"undercommon"
				]
			},
			"skills": {
				"acrobatics": {
					"std": 13
				},
				"athletics": {
					"std": 14
				},
				"crafting": {
					"std": 13
				},
				"occultism": {
					"std": 11
				},
				"stealth": {
					"std": 11
				}
			},
			"abilityMods": {
				"str": 5,
				"dex": 2,
				"con": 4,
				"int": 4,
				"wis": 2,
				"cha": 2
			},
			"speed": {
				"walk": 30,
				"burrow": 5
			},
			"attacks": [
				{
					"range": "Melee",
					"name": "jaws",
					"attack": 15,
					"effects": [
						"ghoul fever",
						"paralysis"
					],
					"damage": "{@damage 2d8+7} piercing plus ghoul fever and paralysis",
					"types": [
						"piercing"
					]
				},
				{
					"range": "Melee",
					"name": "claw",
					"attack": 15,
					"traits": [
						"agile"
					],
					"effects": [
						"paralysis"
					],
					"damage": "{@damage 2d6+7} slashing plus paralysis",
					"types": [
						"slashing"
					]
				}
			],
			"abilities": {
				"bot": [
					{
						"activity": {
							"number": 1,
							"unit": "action"
						},
						"traits": [
							"manipulate"
						],
						"requirements": "Aller is adjacent to a tattooed scrap of flesh or to the corpse of a creature that died within the last hour",
						"entries": [
							"Aller devours a bite of flesh and regains {@dice 4d6} Hit Points.",
							"If the piece of flesh was tattooed, he is also {@condition quickened|CRB|quickened 1} and can use this extra action to make a jaws {@action Strike}. Aller then can't Consume Flesh for {@dice 1d4} rounds. He has one piece of tattooed flesh on his person."
						],
						"name": "Consume Tattooed Flesh"
					},
					{
						"traits": [
							"disease"
						],
						"entries": [
							"As Canker cultist (page 41), but {@dc 22}."
						],
						"name": "Ghoul Fever"
					},
					{
						"traits": [
							"incapacitation",
							"occult",
							"necromancy"
						],
						"entries": [
							"As Canker cultist (page 42), but {@dc 22}."
						],
						"name": "Paralysis"
					},
					{
						"activity": {
							"number": 1,
							"unit": "action"
						},
						"entries": [
							"As Canker cultist (page 42)."
						],
						"name": "Swift Leap"
					}
				]
			},
			"defenses": {
				"ac": {
					"std": 22
				},
				"savingThrows": {
					"fort": {
						"std": 14
					},
					"ref": {
						"std": 12
					},
					"will": {
						"std": 10
					}
				},
				"hp": [
					{
						"hp": 75,
						"abilities": [
							"negative healing"
						]
					}
				],
				"immunities": [
					"death effects",
					"disease",
					"paralyzed",
					"poison",
					"unconscious"
				]
			}
		},
		{
			"name": "Augrael",
			"source": "AV1",
			"page": 35,
			"level": 3,
			"traits": [
				"unique",
				"cn",
				"medium",
				"ghoul",
				"undead"
			],
			"perception": {
				"std": 8
			},
			"senses": [
				{
					"name": "darkvision"
				}
			],
			"languages": {
				"languages": [
					"aklo",
					"common",
					"necril",
					"undercommon"
				]
			},
			"skills": {
				"acrobatics": {
					"std": 8
				},
				"athletics": {
					"std": 9,
					"to Climb": 12
				},
				"crafting": {
					"std": 9
				},
				"occultism": {
					"std": 10
				},
				"stealth": {
					"std": 10
				}
			},
			"abilityMods": {
				"str": 4,
				"dex": 3,
				"con": 1,
				"int": 1,
				"wis": 3,
				"cha": 1
			},
			"speed": {
				"walk": 30,
				"burrow": 5,
				"climb": 20
			},
			"attacks": [
				{
					"range": "Melee",
					"name": "jaws",
					"attack": 12,
					"effects": [
						"ghoul fever",
						"paralysis"
					],
					"damage": "{@damage 1d8+7} piercing plus ghoul fever and paralysis",
					"types": [
						"piercing"
					]
				},
				{
					"range": "Melee",
					"name": "claw",
					"attack": 12,
					"traits": [
						"agile"
					],
					"effects": [
						"paralysis"
					],
					"damage": "{@damage 1d6+7} slashing plus paralysis",
					"types": [
						"slashing"
					]
				}
			],
			"abilities": {
				"top": [
					{
						"name": "Light Blindness",
						"generic": {
							"tag": "ability"
						}
					}
				],
				"bot": [
					{
						"activity": {
							"number": 1,
							"unit": "action"
						},
						"traits": [
							"manipulate"
						],
						"requirements": "Augrael is adjacent to the corpse of an undead creature that was destroyed within the last hour",
						"entries": [
							"Augrael devours a chunk of the destroyed undead creature and regains {@dice 2d6} Hit Points. He can regain Hit Points from any given corpse only once."
						],
						"name": "Consume Flesh"
					},
					{
						"type": "affliction",
						"name": "Ghoul Fever",
						"traits": [
							"disease"
						],
						"DC": 20,
						"savingThrow": "Fortitude",
						"stages": [
							{
								"stage": 1,
								"entry": "carrier with no ill effects",
								"duration": "1 day"
							},
							{
								"stage": 2,
								"entry": "{@damage 2d6} negative damage and regains half as many Hit Points from all healing",
								"duration": "1 day"
							},
							{
								"stage": 3,
								"entry": "as stage 2",
								"duration": "1 day"
							},
							{
								"stage": 4,
								"entry": "{@damage 2d6} negative damage and gains no benefit from healing",
								"duration": "1 day"
							},
							{
								"stage": 5,
								"entry": "as stage 4 ",
								"duration": "1 day"
							}
						]
					},
					{
						"traits": [
							"incapacitation",
							"occult",
							"necromancy"
						],
						"entries": [
							"Any living, non-elf creature hit by a ghoul's attack must succeed at a {@dc 20} Fortitude save or become {@condition paralyzed}. It can attempt a new save at the end of each of its turns, and the DC cumulatively decreases by 1 on each save."
						],
						"name": "Paralysis"
					},
					{
						"entries": [
							"Attack Augrael deals an extra {@damage 1d6} precision damage to {@condition flat-footed} creatures."
						],
						"name": "Sneak"
					},
					{
						"activity": {
							"number": 1,
							"unit": "action"
						},
						"entries": [
							"Augrael jumps up to half his Speed. This movement doesn't trigger reactions."
						],
						"name": "Swift Leap"
					}
				]
			},
			"defenses": {
				"ac": {
					"std": 18
				},
				"savingThrows": {
					"fort": {
						"std": 8
					},
					"ref": {
						"std": 12
					},
					"will": {
						"std": 10
					}
				},
				"hp": [
					{
						"hp": 48,
						"abilities": [
							"negative healing"
						]
					}
				],
				"immunities": [
					"poison",
					"death effects",
					"disease",
					"paralyzed"
				]
			}
		},
		{
			"name": "Bloodsiphon",
			"source": "AV1",
			"page": 23,
			"level": 4,
			"traits": [
				"unique",
				"ne",
				"medium",
				"amphibious",
				"undead"
			],
			"perception": {
				"std": 10
			},
			"senses": [
				{
					"name": "{@ability tremorsense}",
					"range": 30
				}
			],
			"languages": {
				"languages": [
					"aklo (cannot speak any language)"
				]
			},
			"skills": {
				"athletics": {
					"std": 12
				}
			},
			"abilityMods": {
				"str": 4,
				"dex": 1,
				"con": 3,
				"int": -2,
				"wis": 3,
				"cha": -2
			},
			"speed": {
				"walk": 10,
				"swim": 20
			},
			"attacks": [
				{
					"range": "Melee",
					"name": "mouth",
					"attack": 14,
					"effects": [
						"Grab"
					],
					"damage": "{@damage 2d8+6} piercing plus Grab",
					"types": [
						"piercing"
					]
				},
				{
					"range": "Ranged",
					"name": "spittle",
					"attack": 11,
					"traits": [
						"range <30 feet>"
					],
					"damage": "{@damage 3d6} negative",
					"types": [
						"negative"
					]
				}
			],
			"abilities": {
				"mid": [
					{
						"traits": [
							"aura",
							"necromancy",
							"occult"
						],
						"entries": [
							"When the bloodsiphon dies, its body explodes in a cloudy red burst of necrotic dried blood in a 20-foot area. Creatures in range must attempt a {@dc 21} Reflex save.",
							{
								"type": "successDegree",
								"entries": {
									"Critical Success": "The creature is unaffected.",
									"Success": "The creature takes {@damage 2d6} negative damage.",
									"Failure": "The creature takes {@damage 4d6} negative damage.",
									"Critical Failure": "The creature takes {@damage 6d6} negative damage and is {@condition enfeebled|CRB|enfeebled 2} for 1 hour."
								}
							}
						],
						"name": "Death Burst"
					}
				],
				"bot": [
					{
						"activity": {
							"number": 1,
							"unit": "action"
						},
						"requirements": "The bloodsiphon has a creature {@condition grabbed} or {@condition restrained}",
						"entries": [
							"The bloodsiphon drains blood from the creature it has {@condition grabbed}. This deals {@dice 4d4} damage and the bloodsiphon grows temporarily moist and slimy as it regains 8 Hit Points, gaining any excess as temporary Hit Points that last for 1 minute. A creature that has its blood {@condition drained} by the bloodsiphon is {@condition drained|CRB|drained 1} until it receives any type of healing."
						],
						"name": "Blood Drain"
					}
				]
			},
			"defenses": {
				"ac": {
					"std": 19
				},
				"savingThrows": {
					"fort": {
						"std": 11
					},
					"ref": {
						"std": 7
					},
					"will": {
						"std": 11
					}
				},
				"hp": [
					{
						"hp": 80,
						"abilities": [
							"negative healing"
						]
					}
				],
				"immunities": [
					"death effects",
					"disease"
				]
			}
		},
		{
			"name": "Boss Skrawng",
			"source": "AV1",
			"page": 11,
			"level": 1,
			"traits": [
				"unique",
				"le",
				"small",
				"fey",
				"gremlin"
			],
			"description": "Male mitflit gang boss (Pathfinder Bestiary 192)",
			"perception": {
				"std": 7
			},
			"senses": [
				{
					"name": "darkvision"
				},
				{
					"type": "imprecise",
					"name": "scent",
					"range": 30
				}
			],
			"languages": {
				"languages": [
					"common",
					"undercommon"
				]
			},
			"skills": {
				"acrobatics": {
					"std": 7
				},
				"diplomacy": {
					"std": 4,
					"vs. arthropods": 10
				},
				"nature": {
					"std": 5
				},
				"stealth": {
					"std": 7
				},
				"thievery": {
					"std": 7
				}
			},
			"abilityMods": {
				"str": 1,
				"dex": 4,
				"con": 1,
				"int": 0,
				"wis": 2,
				"cha": 1
			},
			"items": [
				"blowgun (10 darts, 2 with spear frog poison)",
				"mud and bug crown",
				"trident"
			],
			"speed": {
				"walk": 20,
				"climb": 20
			},
			"attacks": [
				{
					"range": "Melee",
					"name": "trident",
					"attack": 6,
					"damage": "{@damage 1d8+1} piercing",
					"types": [
						"piercing"
					]
				},
				{
					"range": "Ranged",
					"name": "blowgun",
					"attack": 9,
					"traits": [
						"agile",
						"nonlethal",
						"range increment <20 feet>"
					],
					"effects": [
						"spear frog poison"
					],
					"damage": "1 piercing plus spear frog poison",
					"types": [
						"piercing"
					]
				},
				{
					"range": "Ranged",
					"name": "trident",
					"attack": 9,
					"traits": [
						"thrown <20 feet>"
					],
					"damage": "{@damage 1d8+1} piercing",
					"types": [
						"piercing"
					]
				}
			],
			"spellcasting": [
				{
					"type": "Innate",
					"tradition": "primal",
					"DC": 17,
					"entry": {
						"0": {
							"level": 1,
							"spells": [
								{
									"name": "prestidigitation"
								}
							]
						},
						"1": {
							"spells": [
								{
									"name": "bane"
								}
							]
						},
						"2": {
							"spells": [
								{
									"name": "speak with animals",
									"amount": "at will",
									"notes": [
										"arthropods only"
									]
								}
							]
						}
					}
				}
			],
			"abilities": {
				"top": [
					{
						"traits": [
							"emotion",
							"mental"
						],
						"entries": [
							"As mitflit."
						],
						"name": "Self-Loathing",
						"entries_as_xyz": "Ability not found: 'Self-Loathing As mitflit.' in Boss Skrawng, p.11"
					},
					{
						"entries": [
							"As mitflit."
						],
						"name": "Vermin Empathy",
						"entries_as_xyz": "Ability not found: 'Vermin Empathy As mitflit.' in Boss Skrawng, p.11"
					}
				],
				"bot": [
					{
						"type": "affliction",
						"name": "Spear Frog Poison",
						"traits": [
							"poison"
						],
						"DC": 15,
						"savingThrow": "Fortitude",
						"maxDuration": "6 rounds",
						"stages": [
							{
								"stage": 1,
								"entry": "{@damage 1d4} poison damage",
								"duration": "1 round"
							},
							{
								"stage": 2,
								"entry": "{@damage 1d6} poison damage and {@condition enfeebled|CRB|enfeebled 1}",
								"duration": "1 round"
							}
						]
					},
					{
						"traits": [
							"emotion",
							"mental"
						],
						"entries": [
							"As mitflit."
						],
						"name": "Vengeful Anger",
						"entries_as_xyz": "Ability not found: 'Vengeful Anger As mitflit.' in Boss Skrawng, p.11"
					}
				]
			},
			"defenses": {
				"ac": {
					"std": 16
				},
				"savingThrows": {
					"fort": {
						"std": 4
					},
					"ref": {
						"std": 9
					},
					"will": {
						"std": 8
					}
				},
				"hp": [
					{
						"hp": 24
					}
				]
			}
		},
		{
			"name": "Canker Cultist",
			"source": "AV1",
			"page": 41,
			"level": 3,
			"traits": [
				"uncommon",
				"ce",
				"medium",
				"ghoul",
				"undead"
			],
			"description": "Ghoul zealot (Pathfinder Bestiary 168)",
			"perception": {
				"std": 11
			},
			"senses": [
				{
					"name": "darkvision"
				}
			],
			"languages": {
				"languages": [
					"aklo",
					"common",
					"necril",
					"undercommon"
				]
			},
			"skills": {
				"acrobatics": {
					"std": 9
				},
				"athletics": {
					"std": 10
				},
				"intimidation": {
					"std": 10
				},
				"occultism": {
					"std": 8
				},
				"religion": {
					"std": 8
				},
				"stealth": {
					"std": 9
				}
			},
			"abilityMods": {
				"str": 4,
				"dex": 3,
				"con": 1,
				"int": 1,
				"wis": 3,
				"cha": 3
			},
			"items": [
				"2 lumps of decayed flesh strung on a necklace"
			],
			"speed": {
				"walk": 30,
				"burrow": 5
			},
			"attacks": [
				{
					"range": "Melee",
					"name": "jaws",
					"attack": 12,
					"effects": [
						"ghoul fever",
						"paralysis"
					],
					"damage": "{@damage 1d8+6} piercing plus ghoul fever and paralysis",
					"types": [
						"piercing"
					]
				},
				{
					"range": "Melee",
					"name": "claw",
					"attack": 12,
					"traits": [
						"agile"
					],
					"effects": [
						"paralysis"
					],
					"damage": "{@damage 1d4+6} slashing plus paralysis",
					"types": [
						"slashing"
					]
				}
			],
			"spellcasting": [
				{
					"type": "Prepared",
					"tradition": "occult",
					"DC": 20,
					"attack": 12,
					"entry": {
						"0": {
							"level": 2,
							"spells": [
								{
									"name": "chill touch"
								},
								{
									"name": "daze"
								},
								{
									"name": "mage hand"
								},
								{
									"name": "telekinetic projectile"
								}
							]
						},
						"1": {
							"spells": [
								{
									"name": "command"
								},
								{
									"name": "grim tendrils"
								},
								{
									"name": "ray of enfeeblement"
								}
							]
						},
						"2": {
							"spells": [
								{
									"name": "harm"
								},
								{
									"name": "phantom pain"
								}
							]
						}
					}
				}
			],
			"abilities": {
				"bot": [
					{
						"activity": {
							"number": 1,
							"unit": "action"
						},
						"traits": [
							"manipulate"
						],
						"requirements": "The Canker cultist is adjacent to the corpse of a creature that died within the last hour, or is carrying a specially prepared lump of decaying flesh",
						"entries": [
							"The Canker cultist devours a chunk of the corpse or the lump of decaying flesh and regains Hit Points. They regain {@dice 1d6} Hit Points from consuming the flesh of a creature that died within the last hour, and {@dice 2d6} Hit Points from the lump. The cultist can regain Hit Points from any given corpse only once."
						],
						"name": "Consume Flesh"
					},
					{
						"type": "affliction",
						"name": "Ghoul Fever",
						"traits": [
							"disease"
						],
						"DC": 20,
						"savingThrow": "Fortitude",
						"stages": [
							{
								"stage": 1,
								"entry": "carrier with no ill effects",
								"duration": "1 day"
							},
							{
								"stage": 2,
								"entry": "{@damage 2d6} negative damage and regains half as many Hit Points from all healing",
								"duration": "1 day"
							},
							{
								"stage": 3,
								"entry": "as stage 2",
								"duration": "1 day"
							},
							{
								"stage": 4,
								"entry": "{@damage 2d6} negative damage and gains no benefit from healing",
								"duration": "1 day"
							},
							{
								"stage": 5,
								"entry": "as stage 4",
								"duration": "1 day"
							},
							{
								"stage": 6,
								"entry": "dead, and rises as a ghoul the next midnight"
							}
						]
					},
					{
						"traits": [
							"incapacitation",
							"occult",
							"necromancy"
						],
						"entries": [
							"Any living, non-elf creature hit by a Canker cultist's attack must succeed at a {@dc 20} Fortitude save or become {@condition paralyzed}.",
							"It can attempt a new save at the end of each of its turns, and the DC cumulatively decreases by 1 on each save."
						],
						"name": "Paralysis"
					},
					{
						"activity": {
							"number": 1,
							"unit": "action"
						},
						"entries": [
							"The cultist jumps up to half its Speed. This movement doesn't trigger reactions."
						],
						"name": "Swift Leap"
					}
				]
			},
			"defenses": {
				"ac": {
					"std": 19
				},
				"savingThrows": {
					"fort": {
						"std": 7
					},
					"ref": {
						"std": 9
					},
					"will": {
						"std": 12
					}
				},
				"hp": [
					{
						"hp": 45,
						"abilities": [
							"negative healing"
						]
					}
				],
				"immunities": [
					"death effects",
					"disease",
					"paralyzed",
					"poison",
					"unconscious"
				]
			}
		},
		{
			"name": "Chandriu Invisar",
			"source": "AV1",
			"page": 50,
			"level": 6,
			"traits": [
				"unique",
				"ce",
				"medium",
				"ghost",
				"incorporeal",
				"spirit",
				"undead"
			],
			"perception": {
				"std": 17
			},
			"senses": [
				{
					"name": "darkvision"
				}
			],
			"languages": {
				"languages": [
					"common",
					"elven",
					"undercommon"
				]
			},
			"skills": {
				"society": {
					"std": 16
				},
				"stealth": {
					"std": 15
				},
				"scriptorium lore": {
					"std": 18
				}
			},
			"abilityMods": {
				"str": -5,
				"dex": 5,
				"con": 0,
				"int": 4,
				"wis": 3,
				"cha": 2
			},
			"speed": {
				"fly": 25
			},
			"attacks": [
				{
					"range": "Melee",
					"name": "ghostly hand",
					"attack": 16,
					"traits": [
						"agile",
						"finesse",
						"magical"
					],
					"damage": "{@damage 3d8+4} negative",
					"types": [
						"negative"
					]
				}
			],
			"abilities": {
				"top": [
					{
						"entries": [
							"(area C36 and C37)"
						],
						"name": "Site Bound",
						"generic": {
							"tag": "ability"
						}
					}
				],
				"mid": [
					{
						"traits": [
							"divine",
							"necromancy"
						],
						"entries": [
							"To put Chandriu to rest permanently, a hero must convince her to stop pining over Volluk with a successful {@dc 21} {@skill Diplomacy} check.",
							"Regardless of the result of this check, Chandriu flies into a rage and attacks, but if the {@skill Diplomacy} check is successful, she is {@condition slowed|CRB|slowed 1} for 10 rounds while she fights. If defeated while she is {@condition slowed}, she is put to rest."
						],
						"name": "Rejuvenation",
						"generic": {
							"tag": "ability",
							"add_hash": "Ghost"
						}
					}
				],
				"bot": [
					{
						"activity": {
							"number": 2,
							"unit": "action"
						},
						"traits": [
							"auditory",
							"divine",
							"emotion",
							"enchantment",
							"mental"
						],
						"entries": [
							"Chandriu wails in despair at her loss and betrayal, forcing each living creature within 30 feet to attempt a {@dc 24} Will save. On a failure, a creature becomes {@condition slowed|CRB|slowed 1} ({@condition slowed|CRB|slowed 2} on a critical failure) for 1 round as they are overcome with sadness over their own missed opportunities. On a success, a creature is temporarily immune to Chandriu's Despairing Cry for 1 minute."
						],
						"name": "Despairing Cry"
					}
				]
			},
			"defenses": {
				"ac": {
					"std": 23
				},
				"savingThrows": {
					"fort": {
						"std": 12
					},
					"ref": {
						"std": 17
					},
					"will": {
						"std": 11
					}
				},
				"hp": [
					{
						"hp": 64,
						"abilities": [
							"negative healing",
							"rejuvenation"
						]
					}
				]
			}
		},
		{
			"name": "Corpselight",
			"source": "AV1",
			"page": 82,
			"level": 2,
			"traits": [
				"rare",
				"ce",
				"medium",
				"undead"
			],
			"perception": {
				"std": 7
			},
			"senses": [
				{
					"type": "precise",
					"name": "corpse sense",
					"range": 30
				},
				{
					"name": "darkvision"
				}
			],
			"languages": {
				"languages": [
					"common",
					"necril"
				]
			},
			"skills": {
				"athletics": {
					"std": 7
				},
				"intimidation": {
					"std": 8
				},
				"stealth": {
					"std": 8
				}
			},
			"abilityMods": {
				"str": 3,
				"dex": 4,
				"con": 1,
				"int": 1,
				"wis": 1,
				"cha": 2
			},
			"speed": {
				"walk": 25,
				"fly": 25
			},
			"attacks": [
				{
					"range": "Melee",
					"name": "jaws",
					"attack": 10,
					"damage": "{@damage 1d8+6} piercing",
					"types": [
						"piercing"
					]
				},
				{
					"range": "Melee",
					"name": "claw",
					"attack": 10,
					"traits": [
						"agile"
					],
					"damage": "{@damage 1d6+6} slashing",
					"types": [
						"slashing"
					]
				}
			],
			"abilities": {
				"top": [
					{
						"entries": [
							"A corpselight can sense dead bodies within range. This is a precise sense that functions through solid barriers less than 5 feet thick."
						],
						"name": "Corpse Sense"
					}
				],
				"mid": [
					{
						"entries": [
							"A corpselight exposed to sunlight is {@condition stunned|CRB|stunned 2} and {@condition clumsy|CRB|clumsy 2}, and cannot Claim a Corpse."
						],
						"name": "Sunlight Powerlessness"
					},
					{
						"entries": [
							"When a corpselight is reduced to 0 Hit Points while merged with a corpse, it is instead reduced to 1 Hit Point as the corpse collapses to the ground and the corpselight emerges in its wisp form. While in wisp form, a corpselight is Tiny and can take no actions other than Claim Corpse or Fly. A corpselight that starts its turn in wisp form must attempt a DC {@flatDC 16} flat check at the end of its turn; if it fails, it loses 1 Hit Point. A corpselight reduced to 0 Hit Points while in wisp form is destroyed."
						],
						"name": "Wisp Form"
					}
				],
				"bot": [
					{
						"activity": {
							"number": 1,
							"unit": "action"
						},
						"traits": [
							"necromancy"
						],
						"prerequisites": "The corpselight is in wisp form and is adjacent to a Medium or Small corpse that hasn't been claimed by a corpselight in the past 24 hours",
						"entries": [
							"The corpselight merges with the corpse, causes the corpse to {@action Stand}, and regains {@dice 3d6} Hit Points."
						],
						"name": "Claim Corpse"
					},
					{
						"activity": {
							"number": 3,
							"unit": "action"
						},
						"traits": [
							"emotion",
							"fear",
							"mental",
							"necromancy",
							"occult"
						],
						"prerequisites": "The corpselight is in a corpse",
						"entries": [
							"The corpselight emits a sickly blue beam of light from its mouth and eyes in a 20-foot cone. All living creatures in this area must attempt a {@dc 18} Fortitude saving throw. If at least 1 creature fails its save, the corpselight regains {@dice 2d6} Hit Points, gaining any that exceed its maximum as temporary Hit Points that last for 1 minute. The corpselight can't use Death Light again for {@dice 1d4} rounds.",
							{
								"type": "successDegree",
								"entries": {
									"Critical Success": "The creature is unaffected.",
									"Success": "The creature takes {@damage 1d6} negative damage.",
									"Failure": "The creature takes {@damage 2d6} negative damage and is {@condition frightened|CRB|frightened 1}.",
									"Critical Failure": "The creature takes {@damage 4d6} negative damage and is {@condition frightened|CRB|frightened 3}."
								}
							}
						],
						"name": "Death Light"
					}
				]
			},
			"defenses": {
				"ac": {
					"std": 17
				},
				"savingThrows": {
					"fort": {
						"std": 5
					},
					"ref": {
						"std": 10
					},
					"will": {
						"std": 7
					}
				},
				"hp": [
					{
						"hp": 40,
						"abilities": [
							"negative healing"
						]
					}
				],
				"immunities": [
					"death effects",
					"disease",
					"fear",
					"paralyzed"
				],
				"weaknesses": [
					{
						"amount": 5,
						"name": "bludgeoning"
					}
				]
			},
			"hasImages": true
		},
		{
			"name": "Flickerwisp",
			"source": "AV1",
			"page": 83,
			"level": 2,
			"traits": [
				"uncommon",
				"ce",
				"small",
				"aberration",
				"air"
			],
			"perception": {
				"std": 9
			},
			"senses": [
				{
					"name": "darkvision"
				}
			],
			"languages": {
				"languages": [
					"aklo",
					"common"
				]
			},
			"skills": {
				"acrobatics": {
					"std": 8
				},
				"deception": {
					"std": 7
				},
				"intimidation": {
					"std": 5
				},
				"stealth": {
					"std": 8
				}
			},
			"abilityMods": {
				"str": -5,
				"dex": 4,
				"con": 0,
				"int": 0,
				"wis": 3,
				"cha": 1
			},
			"speed": {
				"fly": 25
			},
			"attacks": [
				{
					"range": "Melee",
					"name": "shock",
					"attack": 11,
					"traits": [
						"magical"
					],
					"damage": "{@damage 1d8+2} electricity",
					"types": [
						"electricity"
					]
				}
			],
			"abilities": {
				"mid": [
					{
						"traits": [
							"aura",
							"light"
						],
						"entries": [
							"5 feet. A flickerwisp is itself naturally {@condition invisible}, but glows with pale yellow light, casting bright light in the aura and making it visible."
						],
						"name": "Glow"
					},
					{
						"entries": [
							"A flickerwisp's appearance registers strangely in the minds of creatures who are {@condition confused}. A creature with the {@condition confused} condition never targets a flickerwisp with attacks unless the creature has been damaged by the flickerwisp's shock ability within the last 24 hours."
						],
						"name": "Innocuous"
					},
					{
						"entries": [
							"A flickerwisp is immune to all spells except faerie fire, gust of wind, magic missile, and maze."
						],
						"name": "Magic Immunity"
					}
				],
				"bot": [
					{
						"activity": {
							"number": 1,
							"unit": "action"
						},
						"traits": [
							"concentrate"
						],
						"requirements": "A creature within 15 feet of the flickerwisp is {@condition confused}",
						"frequency": {
							"unit": "round",
							"number": 1
						},
						"entries": [
							"The flickerwisp feeds on the creature's confusion, even as its flashing body and disjointed gyrations cause existing confusion effects to persist. It regains {@dice 1d4} Hit Points, and if the creature's {@condition confused} condition has a limited duration, it lasts 1 additional round."
						],
						"name": "Consume Confusion"
					},
					{
						"activity": {
							"number": 2,
							"unit": "action"
						},
						"traits": [
							"emotion",
							"enchantment",
							"mental",
							"visual"
						],
						"entries": [
							"The flickerwisp churns and flits in the air around an adjacent creature's head, and its length flashes and sparkles in a bewildering array of distracting pulsations. The creature must succeed at a {@dc 18} Will save or become {@condition confused} for 1 round (2 rounds on a critical failure). On a critical success, the creature is temporarily immune to Flicker for 24 hours."
						],
						"name": "Flicker"
					}
				]
			},
			"defenses": {
				"ac": {
					"std": 20
				},
				"savingThrows": {
					"fort": {
						"std": 6
					},
					"ref": {
						"std": 10
					},
					"will": {
						"std": 7
					}
				},
				"hp": [
					{
						"hp": 18
					}
				],
				"immunities": [
					"magic"
				]
			},
			"hasImages": true
		},
		{
			"name": "Jarelle Kaldrian",
			"source": "AV1",
			"page": 40,
			"level": 5,
			"traits": [
				"unique",
				"le",
				"medium",
				"ghost",
				"incorporeal",
				"spirit",
				"undead"
			],
			"perception": {
				"std": 12
			},
			"senses": [
				{
					"name": "darkvision"
				}
			],
			"languages": {
				"languages": [
					"aklo",
					"common",
					"necril",
					"undercommon"
				]
			},
			"skills": {
				"stealth": {
					"std": 14
				},
				"library lore": {
					"std": 15
				}
			},
			"abilityMods": {
				"str": -5,
				"dex": 5,
				"con": 0,
				"int": 2,
				"wis": 3,
				"cha": 0
			},
			"speed": {
				"fly": 25
			},
			"attacks": [
				{
					"range": "Melee",
					"name": "ghostly hand",
					"attack": 14,
					"traits": [
						"agile",
						"finesse",
						"magical"
					],
					"damage": "{@damage 3d8} negative",
					"types": [
						"negative"
					]
				}
			],
			"abilities": {
				"top": [
					{
						"entries": [
							"(area C13)"
						],
						"name": "Site Bound",
						"generic": {
							"tag": "ability"
						}
					}
				],
				"mid": [
					{
						"traits": [
							"divine",
							"necromancy"
						],
						"entries": [
							"Removing this room's tables and tools allows Jarelle to move on to the afterlife."
						],
						"name": "Rejuvenation",
						"generic": {
							"tag": "ability",
							"add_hash": "Ghost"
						}
					}
				],
				"bot": [
					{
						"activity": {
							"number": 2,
							"unit": "action"
						},
						"traits": [
							"divine",
							"incapacitation",
							"mental",
							"necromancy",
							"possession"
						],
						"entries": [
							"Jarelle attempts to possess an adjacent corporeal creature. This has the same effect as the {@spell possession} spell (with a spell DC of 22), except since Jarelle doesn't have a physical body, she is unaffected by that restriction of the spell."
						],
						"name": "Malevolent Possession",
						"generic": {
							"tag": "ability"
						}
					},
					{
						"activity": {
							"number": 2,
							"unit": "action"
						},
						"traits": [
							"divine",
							"necromancy",
							"poison"
						],
						"entries": [
							"Jarelle exhales a 15-foot cone of toxic mist that deals {@damage 5d6} poison damage ({@dc 22} basic Fortitude save; on a critical failure, the target is also {@condition enfeebled|CRB|enfeebled 1} for 24 hours). She then can't use Poisoned Breath again for {@dice 1d4} rounds."
						],
						"name": "Poisoned Breath"
					}
				]
			},
			"defenses": {
				"ac": {
					"std": 21
				},
				"savingThrows": {
					"fort": {
						"std": 9
					},
					"ref": {
						"std": 14
					},
					"will": {
						"std": 12
					}
				},
				"hp": [
					{
						"hp": 48,
						"abilities": [
							"negative healing",
							"rejuvenation"
						]
					}
				],
				"immunities": [
					"death"
				]
			}
		},
		{
			"name": "Jaul Mezmin",
			"source": "AV1",
			"page": 59,
			"level": 6,
			"traits": [
				"unique",
				"ne",
				"medium",
				"beast",
				"human",
				"humanoid",
				"werecreature"
			],
			"perception": {
				"std": 14
			},
			"senses": [
				{
					"name": "low-light vision"
				},
				{
					"type": "imprecise",
					"name": "scent",
					"range": 30
				}
			],
			"languages": {
				"languages": [
					"common"
				],
				"abilities": [
					"wolf empathy"
				]
			},
			"skills": {
				"acrobatics": {
					"std": 12
				},
				"athletics": {
					"std": 15
				},
				"deception": {
					"std": 12
				},
				"survival": {
					"std": 14
				}
			},
			"abilityMods": {
				"str": 5,
				"dex": 2,
				"con": 0,
				"int": -1,
				"wis": 4,
				"cha": 2
			},
			"speed": {
				"walk": 25
			},
			"attacks": [
				{
					"range": "Melee",
					"name": "katar",
					"attack": 17,
					"traits": [
						"agile",
						"deadly <d6>",
						"magical",
						"monk"
					],
					"damage": "{@damage 2d4+7} piercing",
					"types": [
						"piercing"
					]
				},
				{
					"range": "Melee",
					"name": "claw",
					"attack": 16,
					"traits": [
						"agile"
					],
					"damage": "{@damage 2d6+7} slashing",
					"types": [
						"slashing"
					]
				},
				{
					"range": "Melee",
					"name": "jaws",
					"attack": 16,
					"effects": [
						"curse of the werewolf"
					],
					"damage": "{@damage 2d8+7} piercing plus curse of the werewolf",
					"types": [
						"piercing"
					]
				}
			],
			"spellcasting": [
				{
					"type": "Prepared",
					"tradition": "primal",
					"DC": 24,
					"attack": 15,
					"entry": {
						"0": {
							"level": 3,
							"spells": [
								{
									"name": "acid splash"
								},
								{
									"name": "detect magic"
								},
								{
									"name": "produce flame"
								},
								{
									"name": "tanglefoot"
								}
							]
						},
						"1": {
							"spells": [
								{
									"name": "feather fall"
								},
								{
									"name": "grease"
								},
								{
									"name": "magic fang"
								}
							]
						},
						"2": {
							"spells": [
								{
									"name": "heal"
								},
								{
									"name": "summon animal"
								},
								{
									"name": "water breathing"
								}
							]
						},
						"3": {
							"spells": [
								{
									"name": "heal"
								},
								{
									"name": "lightning bolt"
								},
								{
									"name": "wall of thorns"
								}
							]
						}
					}
				}
			],
			"abilities": {
				"top": [
					{
						"traits": [
							"divination",
							"primal"
						],
						"entries": [
							"Jaul can communicate with lupines."
						],
						"name": "Wolf Empathy"
					}
				],
				"bot": [
					{
						"activity": {
							"number": 1,
							"unit": "action"
						},
						"traits": [
							"concentrate",
							"polymorph",
							"primal",
							"transmutation"
						],
						"entries": [
							"As werecreature (Pathfinder Bestiary 329); human with fist +16 for {@damage 1d6+7} bludgeoning, or wolf with."
						],
						"name": "Change Shape",
						"generic": {
							"tag": "ability"
						}
					}
				]
			},
			"defenses": {
				"ac": {
					"std": 24
				},
				"savingThrows": {
					"fort": {
						"std": 12
					},
					"ref": {
						"std": 14
					},
					"will": {
						"std": 16
					}
				},
				"hp": [
					{
						"hp": 120
					}
				],
				"weaknesses": [
					{
						"amount": 7,
						"name": "silver"
					}
				]
			}
		},
		{
			"name": "Jaul's Wolf",
			"source": "AV1",
			"page": 60,
			"level": 4,
			"traits": [
				"unique",
				"n",
				"medium",
				"animal"
			],
			"perception": {
				"std": 11
			},
			"senses": [
				{
					"name": "low-light vision"
				},
				{
					"type": "imprecise",
					"name": "scent",
					"range": 30
				}
			],
			"skills": {
				"acrobatics": {
					"std": 9
				},
				"athletics": {
					"std": 11
				},
				"stealth": {
					"std": 11
				},
				"survival": {
					"std": 9
				}
			},
			"abilityMods": {
				"str": 5,
				"dex": 3,
				"con": 2,
				"int": -4,
				"wis": 3,
				"cha": 0
			},
			"speed": {
				"walk": 35
			},
			"attacks": [
				{
					"range": "Melee",
					"name": "jaws",
					"attack": 13,
					"damage": "{@damage 2d6+7} piercing plus",
					"types": [
						"piercing"
					]
				}
			],
			"abilities": {
				"bot": [
					{
						"name": "Knockdown",
						"generic": {
							"tag": "ability"
						}
					},
					{
						"entries": [
							"The wolf deals {@damage 1d6} extra damage to creatures within Jaul's reach."
						],
						"name": "Jaul Coordination"
					}
				]
			},
			"defenses": {
				"ac": {
					"std": 21
				},
				"savingThrows": {
					"fort": {
						"std": 10
					},
					"ref": {
						"std": 13
					},
					"will": {
						"std": 9
					}
				},
				"hp": [
					{
						"hp": 60
					}
				]
			}
		},
		{
			"name": "Morlock Cultist",
			"source": "AV1",
			"page": 85,
			"level": 4,
			"traits": [
				"uncommon",
				"ce",
				"medium",
				"humanoid",
				"morlock"
			],
			"perception": {
				"std": 11
			},
			"senses": [
				{
					"name": "darkvision"
				}
			],
			"languages": {
				"languages": [
					"aklo",
					"undercommon"
				]
			},
			"skills": {
				"acrobatics": {
					"std": 10
				},
				"athletics": {
					"std": 11,
					"Climbing": 13
				},
				"crafting": {
					"std": 11,
					"note": "Repair only"
				},
				"occultism": {
					"std": 13
				},
				"stealth": {
					"std": 11
				}
			},
			"abilityMods": {
				"str": 3,
				"dex": 3,
				"con": 1,
				"int": 5,
				"wis": 3,
				"cha": 0
			},
			"items": [
				"club"
			],
			"speed": {
				"walk": 30,
				"climb": 20
			},
			"attacks": [
				{
					"range": "Melee",
					"name": "club",
					"attack": 11,
					"damage": "{@damage 1d6+5} bludgeoning",
					"types": [
						"bludgeoning"
					]
				},
				{
					"range": "Melee",
					"name": "jaws",
					"attack": 11,
					"traits": [
						"agile"
					],
					"damage": "{@damage 1d4+5} piercing",
					"types": [
						"piercing"
					]
				},
				{
					"range": "Ranged",
					"name": "club",
					"attack": 13,
					"traits": [
						"range increment <10 feet>"
					],
					"damage": "{@damage 1d6+5} bludgeoning",
					"types": [
						"bludgeoning"
					]
				}
			],
			"spellcasting": [
				{
					"type": "Innate",
					"tradition": "occult",
					"DC": 21,
					"attack": 13,
					"entry": {
						"0": {
							"spells": [
								{
									"name": "daze"
								},
								{
									"name": "ghost sound"
								},
								{
									"name": "shield"
								},
								{
									"name": "telekinetic projectile"
								}
							]
						},
						"1": {
							"spells": [
								{
									"name": "bane"
								},
								{
									"name": "grim tendrils"
								},
								{
									"name": "ray of enfeeblement"
								}
							]
						},
						"2": {
							"spells": [
								{
									"name": "mirror image"
								},
								{
									"name": "phantom pain"
								},
								{
									"name": "telekinetic maneuver"
								}
							]
						}
					}
				}
			],
			"abilities": {
				"top": [
					{
						"name": "Light Blindness",
						"generic": {
							"tag": "ability"
						}
					}
				],
				"bot": [
					{
						"activity": {
							"number": 2,
							"unit": "action"
						},
						"entries": [
							"The morlock cultist {@action Stride||Strides} up to half its speed, ignoring {@quickref difficult terrain||3|terrain} caused by natural cavern features like rubble or stalagmites.",
							"At any point during its movement, the morlock cultist can {@action Cast a Spell} that normally takes two actions or fewer to cast."
						],
						"name": "Occult Attack"
					},
					{
						"entries": [
							"The morlock deals an extra {@damage 1d6} precision damage to {@condition flat-footed} creatures."
						],
						"name": "Sneak Attack",
						"generic": {
							"tag": "ability"
						}
					}
				]
			},
			"defenses": {
				"ac": {
					"std": 21
				},
				"savingThrows": {
					"fort": {
						"std": 9
					},
					"ref": {
						"std": 11
					},
					"will": {
						"std": 11
					},
					"abilities": [
						"+2 status to all saves vs. disease and poison"
					]
				},
				"hp": [
					{
						"hp": 58
					}
				]
			}
		},
		{
			"name": "Morlock Engineer",
			"source": "AV1",
			"page": 84,
			"level": 3,
			"traits": [
				"uncommon",
				"ce",
				"medium",
				"humanoid",
				"morlock"
			],
			"perception": {
				"std": 8
			},
			"senses": [
				{
					"name": "darkvision"
				}
			],
			"languages": {
				"languages": [
					"undercommon"
				]
			},
			"skills": {
				"acrobatics": {
					"std": 8
				},
				"athletics": {
					"std": 9,
					"Climbing": 11
				},
				"crafting": {
					"std": 10
				},
				"stealth": {
					"std": 10
				}
			},
			"abilityMods": {
				"str": 4,
				"dex": 3,
				"con": 2,
				"int": 1,
				"wis": 3,
				"cha": 0
			},
			"items": [
				"projectile launcher (5 handfuls of junk)",
				"warhammer"
			],
			"speed": {
				"walk": 30,
				"climb": 20
			},
			"attacks": [
				{
					"range": "Melee",
					"name": "warhammer",
					"attack": 11,
					"traits": [
						"shove"
					],
					"damage": "{@damage 1d8+6} bludgeoning",
					"types": [
						"bludgeoning"
					]
				},
				{
					"range": "Melee",
					"name": "jaws",
					"attack": 11,
					"traits": [
						"agile"
					],
					"damage": "{@damage 1d4+6} piercing",
					"types": [
						"piercing"
					]
				},
				{
					"range": "Ranged",
					"name": "projectile launcher",
					"attack": 10,
					"traits": [
						"deadly <d8>",
						"range increment <50 feet>",
						"versatile <P>"
					],
					"damage": "{@damage 1d6+6} bludgeoning",
					"types": [
						"bludgeoning"
					]
				}
			],
			"abilities": {
				"top": [
					{
						"name": "Light Blindness",
						"generic": {
							"tag": "ability"
						}
					}
				],
				"bot": [
					{
						"activity": {
							"number": 1,
							"unit": "action"
						},
						"entries": [
							"The morlock engineer quickly crafts an improvised projectile from objects it carries or that are readily accessible in adjacent squares. Where unusual materials are available, an improvised projectile might deal damage other than bludgeoning or piercing\u2014for example, a morlock engineer by a campfire could build a projectile that deals fire damage."
						],
						"name": "Improvised Projectile"
					},
					{
						"entries": [
							"The morlock deals an extra {@damage 1d6} precision damage to {@condition flat-footed} creatures."
						],
						"name": "Sneak Attack",
						"generic": {
							"tag": "ability"
						}
					},
					{
						"entries": [
							"A morlock can share the same space as another morlock, but no more than two morlocks can occupy the same space. When morlocks share the same space, they gain a +1 circumstance bonus to attack rolls."
						],
						"name": "Swarming Stance"
					},
					{
						"activity": {
							"number": 2,
							"unit": "action"
						},
						"entries": [
							"The morlock engineer tinkers with an adjacent construct or mechanical hazard. They attempt a {@skill Crafting} check against the construct's or hazard's Fortitude DC. The morlock can't get an outcome better than failure if the target's level is more than double the morlock's. This ability reflects hasty battlefield repairs; once a construct or hazard regains Hit Points from this ability, it can't do so again until it's been Repaired.",
							{
								"type": "successDegree",
								"entries": {
									"Critical Success": "The target regains {@dice 8d6} Hit Points and a +1 circumstance bonus to attack rolls for 1 minute. Alternately, the morlock can deal {@damage 8d6} damage (bludgeoning, piercing, or slashing, as chosen by the morlock engineer) to the construct or hazard.",
									"Success": "As critical success, but the target regains {@dice 4d6} Hit Points or the morlock deals {@dice 4d6} damage.",
									"Critical Failure": "The morlock injures themself, taking {@dice 3d6} damage (typically bludgeoning, piercing, or slashing, but potentially a different type at the GM's discretion)."
								}
							}
						],
						"name": "Uncanny Tinker"
					}
				]
			},
			"defenses": {
				"ac": {
					"std": 18
				},
				"savingThrows": {
					"fort": {
						"std": 7
					},
					"ref": {
						"std": 12
					},
					"will": {
						"std": 10
					}
				},
				"hp": [
					{
						"hp": 46
					}
				]
			},
			"hasImages": true
		},
		{
			"name": "Morlock Scavenger",
			"source": "AV1",
			"page": 84,
			"level": 1,
			"traits": [
				"ce",
				"small",
				"humanoid",
				"morlock"
			],
			"perception": {
				"std": 6
			},
			"senses": [
				{
					"name": "darkvision"
				}
			],
			"languages": {
				"languages": [
					"undercommon"
				]
			},
			"skills": {
				"acrobatics": {
					"std": 7
				},
				"athletics": {
					"std": 5,
					"Climbing": 7
				},
				"stealth": {
					"std": 7
				}
			},
			"abilityMods": {
				"str": 2,
				"dex": 4,
				"con": 1,
				"int": -2,
				"wis": 3,
				"cha": 1
			},
			"items": [
				"dagger"
			],
			"speed": {
				"walk": 30,
				"climb": 20
			},
			"attacks": [
				{
					"range": "Melee",
					"name": "dagger",
					"attack": 9,
					"traits": [
						"agile",
						"finesse",
						"versatile <S>"
					],
					"damage": "{@damage 1d4+2} piercing",
					"types": [
						"piercing"
					]
				},
				{
					"range": "Melee",
					"name": "jaws",
					"attack": 7,
					"traits": [
						"agile"
					],
					"damage": "{@damage 1d4+2} piercing",
					"types": [
						"piercing"
					]
				},
				{
					"range": "Ranged",
					"name": "dagger",
					"attack": 9,
					"traits": [
						"agile",
						"thrown <10 ft.>",
						"versatile <S>"
					],
					"damage": "{@damage 1d4+2} piercing",
					"types": [
						"piercing"
					]
				}
			],
			"abilities": {
				"top": [
					{
						"name": "Light Blindness",
						"generic": {
							"tag": "ability"
						}
					}
				],
				"bot": [
					{
						"activity": {
							"number": 2,
							"unit": "action"
						},
						"entries": [
							"The morlock scavenger {@action Stride||Strides} twice, ignoring {@quickref difficult terrain||3|terrain} caused by natural cavern features like rubble or stalagmites. At any point during its movement, the morlock can make a melee {@action Strike} against an enemy in its reach."
						],
						"name": "Scuttling Attack"
					},
					{
						"entries": [
							"The morlock deals an extra {@damage 1d6} precision damage to {@condition flat-footed} creatures."
						],
						"name": "Sneak Attack",
						"generic": {
							"tag": "ability"
						}
					},
					{
						"entries": [
							"A morlock can share the same space as another morlock, but no more than two morlocks can occupy the same space. When morlocks share the same space, they gain a +1 circumstance bonus to attack rolls."
						],
						"name": "Swarming Stance"
					}
				]
			},
			"defenses": {
				"ac": {
					"std": 16
				},
				"savingThrows": {
					"fort": {
						"std": 4
					},
					"ref": {
						"std": 9
					},
					"will": {
						"std": 6
					}
				},
				"hp": [
					{
						"hp": 20
					}
				]
			},
			"hasImages": true
		},
		{
			"name": "Nhakazarin",
			"source": "AV1",
			"page": 48,
			"level": 5,
			"traits": [
				"unique",
				"ce",
				"medium",
				"ghoul",
				"undead"
			],
			"description": "Female ghoul cult leader (Pathfinder Bestiary 168)",
			"perception": {
				"std": 10
			},
			"senses": [
				{
					"name": "darkvision"
				}
			],
			"languages": {
				"languages": [
					"aklo",
					"common",
					"necril",
					"undercommon"
				]
			},
			"skills": {
				"acrobatics": {
					"std": 11
				},
				"athletics": {
					"std": 13
				},
				"intimidation": {
					"std": 14
				},
				"occultism": {
					"std": 11
				},
				"religion": {
					"std": 10
				},
				"stealth": {
					"std": 11
				}
			},
			"abilityMods": {
				"str": 4,
				"dex": 2,
				"con": 4,
				"int": 2,
				"wis": -1,
				"cha": 5
			},
			"items": [
				"staff of necromancy"
			],
			"speed": {
				"walk": 30,
				"burrow": 5
			},
			"attacks": [
				{
					"range": "Melee",
					"name": "jaws",
					"attack": 14,
					"effects": [
						"ghoul fever",
						"paralysis"
					],
					"damage": "{@damage 2d8+6} piercing plus ghoul fever and paralysis",
					"types": [
						"piercing"
					]
				},
				{
					"range": "Melee",
					"name": "claw",
					"attack": 14,
					"traits": [
						"agile"
					],
					"effects": [
						"paralysis"
					],
					"damage": "{@damage 2d6+6} slashing plus paralysis",
					"types": [
						"slashing"
					]
				},
				{
					"range": "Melee",
					"name": "staff",
					"attack": 14,
					"traits": [
						"magical",
						"two-hand <d8>"
					],
					"damage": "{@damage 1d4+6} bludgeoning",
					"types": [
						"bludgeoning"
					]
				}
			],
			"spellcasting": [
				{
					"type": "Prepared",
					"tradition": "divine",
					"DC": 22,
					"attack": 14,
					"entry": {
						"0": {
							"level": 3,
							"spells": [
								{
									"name": "chill touch"
								},
								{
									"name": "daze"
								},
								{
									"name": "read aura"
								},
								{
									"name": "shield"
								},
								{
									"name": "sigil"
								}
							]
						},
						"1": {
							"spells": [
								{
									"name": "bane"
								},
								{
									"name": "command"
								},
								{
									"name": "harm"
								},
								{
									"name": "ray of enfeeblement"
								}
							]
						},
						"2": {
							"spells": [
								{
									"name": "dispel magic"
								},
								{
									"name": "harm"
								},
								{
									"name": "silence"
								},
								{
									"name": "sound burst"
								}
							]
						},
						"3": {
							"spells": [
								{
									"name": "chilling darkness"
								},
								{
									"name": "harm"
								},
								{
									"name": "vampiric touch"
								}
							]
						}
					}
				},
				{
					"name": "Domain Spells",
					"type": "Focus",
					"DC": 22,
					"fp": 1,
					"entry": {
						"3": {
							"spells": [
								{
									"name": "touch of undeath"
								}
							]
						}
					}
				}
			],
			"abilities": {
				"bot": [
					{
						"activity": {
							"number": 1,
							"unit": "action"
						},
						"traits": [
							"manipulate"
						],
						"requirements": "Nhakazarin is adjacent to the corpse of a creature that died within the last hour",
						"entries": [
							"Nhakazarin devours a chunk of the corpse and regains {@dice 3d6} Hit Points. Nhakazarin can regain Hit Points from any given corpse only once."
						],
						"name": "Consume Flesh"
					},
					{
						"activity": {
							"number": 1,
							"unit": "action"
						},
						"traits": [
							"manipulate"
						],
						"requirements": "Nhakazarin is adjacent to the rotting statue of Belcorra in area {@b C34}",
						"entries": [
							"Nhakazarin devours a chunk of flesh from the statue and regains {@dice 3d6} Hit Points and is {@condition quickened|CRB|quickened 1} for 1 round. She can use this extra action only to make a jaws {@action Strike} or {@action Cast a Spell}. She can feed from the statue only once each day."
						],
						"name": "Consume Masterpiece"
					},
					{
						"traits": [
							"disease"
						],
						"entries": [
							"As Canker cultist (page 41), but {@dc 22}."
						],
						"name": "Ghoul Fever"
					},
					{
						"traits": [
							"incapacitation",
							"occult",
							"necromancy"
						],
						"entries": [
							"As Canker cultist (page 42), but {@dc 22}."
						],
						"name": "Paralysis"
					},
					{
						"activity": {
							"number": 1,
							"unit": "action"
						},
						"entries": [
							"As Canker cultist (page 42)."
						],
						"name": "Swift Leap"
					}
				]
			},
			"defenses": {
				"ac": {
					"std": 21
				},
				"savingThrows": {
					"fort": {
						"std": 15
					},
					"ref": {
						"std": 12
					},
					"will": {
						"std": 9
					}
				},
				"hp": [
					{
						"hp": 75,
						"abilities": [
							"negative healing"
						]
					}
				],
				"immunities": [
					"death effects",
					"disease",
					"paralyzed",
					"poison",
					"unconscious"
				]
			}
		},
		{
			"name": "Otari Ilvashti",
			"source": "AV1",
			"page": 89,
			"level": 9,
			"traits": [
				"unique",
				"cg",
				"medium",
				"ghost",
				"incorporeal",
				"spirit",
				"undead"
			],
			"perception": {
				"std": 18
			},
			"senses": [
				{
					"name": "darkvision"
				}
			],
			"languages": {
				"languages": [
					"common",
					"elven",
					"gnomish"
				]
			},
			"skills": {
				"acrobatics": {
					"std": 18
				},
				"society": {
					"std": 18
				},
				"stealth": {
					"std": 20
				},
				"thievery": {
					"std": 20
				}
			},
			"abilityMods": {
				"str": -5,
				"dex": 6,
				"con": 0,
				"int": 4,
				"wis": 3,
				"cha": 4
			},
			"speed": {
				"fly": 25
			},
			"attacks": [
				{
					"range": "Melee",
					"name": "ghostly hand",
					"attack": 19,
					"traits": [
						"agile",
						"finesse",
						"magical"
					],
					"damage": "{@damage 3d6+6} negative",
					"types": [
						"negative"
					]
				}
			],
			"abilities": {
				"top": [
					{
						"entries": [
							"(area D18)"
						],
						"name": "Site Bound",
						"generic": {
							"tag": "ability"
						}
					}
				],
				"mid": [
					{
						"entries": [
							"Securing the four icons of the Roseguard and placing them on the altar in area D13 allows Otari to move on to the afterlife."
						],
						"name": "Rejuvenation",
						"generic": {
							"tag": "ability",
							"add_hash": "Ghost"
						}
					}
				],
				"bot": [
					{
						"type": "affliction",
						"name": "Filth Fever",
						"traits": [
							"disease"
						],
						"note": "The {@condition sickened} and {@condition unconscious} conditions from filth fever don't improve on their own until the disease is cured.",
						"DC": 25,
						"savingThrow": "Fortitude",
						"stages": [
							{
								"stage": 1,
								"entry": "carrier with no ill effect",
								"duration": "{@dice 1d4} hours"
							},
							{
								"stage": 2,
								"entry": "{@condition sickened|CRB|sickened 1}",
								"duration": "1 day"
							},
							{
								"stage": 3,
								"entry": "{@condition sickened|CRB|sickened 1} and {@condition slowed|CRB|slowed 1} as long as the affected creature remains {@condition sickened}",
								"duration": "1 day"
							},
							{
								"stage": 4,
								"entry": "{@condition unconscious} ",
								"duration": "1 day"
							}
						]
					},
					{
						"activity": {
							"number": 2,
							"unit": "action"
						},
						"traits": [
							"conjuration",
							"divine",
							"teleportation"
						],
						"entries": [
							"Otari fades away, momentarily emerges from the shadow of another creature within 30 feet, and makes a ghostly hand {@action Strike} against a single target within reach of this creature (but not against the creature whose shadow he infests). On a successful {@action Strike}, the target is also {@condition flat-footed} until the start of Otari's next turn. Otari then reappears at his starting point. The creature whose shadow Otari infests is exposed to filth fever."
						],
						"name": "Infested Shadow"
					},
					{
						"entries": [
							"Otari deals {@dice 2d6} extra precision damage to {@condition flat-footed} creatures."
						],
						"name": "Sneak Attack",
						"generic": {
							"tag": "ability"
						}
					}
				]
			},
			"defenses": {
				"ac": {
					"std": 25
				},
				"savingThrows": {
					"fort": {
						"std": 16
					},
					"ref": {
						"std": 20
					},
					"will": {
						"std": 17
					}
				},
				"hp": [
					{
						"hp": 120,
						"abilities": [
							"negative healing",
							"rejuvenation"
						]
					}
				],
				"immunities": [
					"death effects",
					"disease",
					"paralyzed",
					"poison",
					"precision",
					"unconscious"
				],
				"resistances": [
					{
						"amount": 10,
						"name": "all damage",
						"note": "except force, {@item ghost touch}, or positive; double resistance vs. non-magical"
					}
				]
			}
		},
		{
			"name": "Scalathrax",
			"source": "AV1",
			"page": 86,
			"level": 4,
			"traits": [
				"uncommon",
				"ne",
				"medium",
				"aberration"
			],
			"perception": {
				"std": 11
			},
			"senses": [
				{
					"name": "darkvision"
				}
			],
			"languages": {
				"languages": [
					"undercommon"
				]
			},
			"skills": {
				"acrobatics": {
					"std": 11
				},
				"athletics": {
					"std": 11
				},
				"stealth": {
					"std": 13
				}
			},
			"abilityMods": {
				"str": 3,
				"dex": 5,
				"con": 3,
				"int": -2,
				"wis": 3,
				"cha": 0
			},
			"speed": {
				"walk": 25,
				"climb": 25
			},
			"attacks": [
				{
					"range": "Melee",
					"name": "jaws",
					"attack": 13,
					"traits": [
						"finesse"
					],
					"effects": [
						"scalathrax venom"
					],
					"damage": "{@damage 2d8+5} piercing plus scalathrax venom",
					"types": [
						"piercing"
					]
				},
				{
					"range": "Ranged",
					"name": "leg quill",
					"attack": 13,
					"traits": [
						"range increment <20 feet>"
					],
					"damage": "{@damage 2d4+5} piercing",
					"types": [
						"piercing"
					]
				}
			],
			"abilities": {
				"mid": [
					{
						"entries": [
							"A scalathrax constantly sweats a glistening oil that makes it exceptionally slick. It treats the results of {@skill Acrobatics} checks to {@action Squeeze} or of any skill check to {@action Escape} as one degree of success greater than the rolled result. A scalathrax loses this benefit for 1 minute after it takes any amount of fire damage."
						],
						"name": "Oily Scales"
					}
				],
				"bot": [
					{
						"traits": [
							"poison"
						],
						"entries": [
							"Saving Throw Fortitude {@dc 21}"
						],
						"name": "Scalathrax Venom"
					},
					{
						"entries": [
							"6 rounds; Stage 1 {@condition clumsy|CRB|clumsy 1} (1 round); Stage 2 {@condition clumsy|CRB|clumsy 1} and {@condition slowed|CRB|slowed 1} (1 round); Stage 3 {@condition clumsy|CRB|clumsy 1} and {@condition slowed|CRB|slowed 2} (1 round)"
						],
						"name": "Maximum Duration"
					},
					{
						"activity": {
							"number": 2,
							"unit": "action"
						},
						"traits": [
							"conjuration",
							"primal"
						],
						"entries": [
							"The scalathrax disgorges a gout of toxic oil from its mouth in a 15-foot cone. Creatures in the area must attempt a {@dc 21} Reflex save. The scalathrax can't use Toxic Oil Spray again for {@dice 1d4} rounds.",
							{
								"type": "successDegree",
								"entries": {
									"Critical Success": "The creature is unaffected.",
									"Success": "The creature takes {@damage 1d8} poison damage.",
									"Failure": "The creature takes {@damage 2d8} poison damage. For 1 minute, the creature gains weakness to fire 5, and whenever the creature critically fails with an attack roll with a wielded weapon, it drops the weapon.",
									"Critical Failure": "As failure, but {@damage 4d8} poison damage."
								}
							}
						],
						"name": "Spray Toxic Oil"
					}
				]
			},
			"defenses": {
				"ac": {
					"std": 21
				},
				"savingThrows": {
					"fort": {
						"std": 11
					},
					"ref": {
						"std": 13
					},
					"will": {
						"std": 9
					}
				},
				"hp": [
					{
						"hp": 60
					}
				],
				"weaknesses": [
					{
						"amount": 5,
						"name": "fire"
					}
				],
				"resistances": [
					{
						"amount": 5,
						"name": "poison"
					}
				]
			},
			"hasImages": true
		},
		{
			"name": "Voidglutton",
			"source": "AV1",
			"page": 87,
			"level": 8,
			"traits": [
				"rare",
				"ce",
				"medium",
				"aberration",
				"air"
			],
			"perception": {
				"std": 18
			},
			"senses": [
				{
					"name": "darkvision"
				}
			],
			"languages": {
				"languages": [
					"aklo",
					"common"
				]
			},
			"skills": {
				"acrobatics": {
					"std": 18
				},
				"deception": {
					"std": 15
				},
				"intimidation": {
					"std": 15
				},
				"occultism": {
					"std": 18
				},
				"stealth": {
					"std": 18
				}
			},
			"abilityMods": {
				"str": 0,
				"dex": 6,
				"con": 3,
				"int": 6,
				"wis": 4,
				"cha": 3
			},
			"speed": {
				"fly": 40
			},
			"attacks": [
				{
					"range": "Melee",
					"name": "claw",
					"attack": 20,
					"traits": [
						"agile",
						"finesse"
					],
					"effects": [
						"fearful strike"
					],
					"damage": "{@damage 1d6+2} piercing plus {@damage 4d6} force and fearful strike",
					"types": [
						"force",
						"piercing"
					]
				},
				{
					"range": "Ranged",
					"name": "ectoplasmic web",
					"attack": 20,
					"traits": [
						"range increment <10 feet>"
					],
					"effects": [
						"ectoplasmic web trap"
					]
				}
			],
			"spellcasting": [
				{
					"type": "Innate",
					"tradition": "occult",
					"DC": 26,
					"entry": {
						"4": {
							"spells": [
								{
									"name": "darkness",
									"amount": "at will"
								}
							]
						}
					}
				}
			],
			"abilities": {
				"mid": [
					{
						"traits": [
							"aura",
							"light"
						],
						"entries": [
							"30 feet. The tips of a voidglutton's fingers and its seven eyes glow, casting bright light in the area and making it visible if it was {@condition invisible}."
						],
						"name": "Glow"
					},
					{
						"entries": [
							"A voidglutton is immune to all spells except faerie fire, glitterdust, magic missile, maze, and spells with the {@trait light} trait."
						],
						"name": "Magic Immunity"
					}
				],
				"bot": [
					{
						"activity": {
							"number": 1,
							"unit": "free"
						},
						"traits": [
							"darkness",
							"evocation",
							"occult"
						],
						"trigger": "The voidglutton casts darkness",
						"entries": [
							"The voidglutton extinguishes its Glow as part of Casting the Spell. It becomes {@condition invisible} as long as it remains in the area of darkness. If the voidglutton uses a {@condition hostile} action, its invisibility ends as soon as the {@condition hostile} action is completed."
						],
						"name": "Consume Light"
					},
					{
						"traits": [
							"conjuration",
							"occult"
						],
						"entries": [
							"A creature hit by the voidglutton's ectoplasmic web trap is {@condition immobilized} and stuck to the nearest surface until it succeeds at a {@dc 26} check to {@action Escape}."
						],
						"name": "Ectoplasmic Web Trap"
					},
					{
						"entries": [
							"Trap can immobilize incorporeal creatures."
						],
						"name": "Ectoplasmic Web"
					},
					{
						"traits": [
							"emotion",
							"fear",
							"mental",
							"occult"
						],
						"entries": [
							"When the voidglutton damages a creature with its claw {@action Strike}, the creature must succeed at a {@dc 26} Will save or become {@condition frightened|CRB|frightened 1} ({@condition frightened|CRB|frightened 2} on a critical failure)."
						],
						"name": "Fearful Strike"
					},
					{
						"activity": {
							"number": 1,
							"unit": "action"
						},
						"traits": [
							"concentrate"
						],
						"requirements": "An enemy is affected by a {@trait fear} effect or has the {@condition frightened} or {@condition dying} condition, and is within 25 feet of the voidglutton",
						"frequency": {
							"unit": "round",
							"number": 1
						},
						"entries": [
							"The voidglutton feeds on the creature's terror. It regains {@dice 3d4} Hit Points and its Glow reignites if it had been extinguished. It cannot use Consume Light again for {@dice 1d4} rounds, as it is too glutted on fear to suppress its Glow."
						],
						"name": "Feed on Fear"
					}
				]
			},
			"defenses": {
				"ac": {
					"std": 30
				},
				"savingThrows": {
					"fort": {
						"std": 13
					},
					"ref": {
						"std": 18
					},
					"will": {
						"std": 16
					}
				},
				"hp": [
					{
						"hp": 90
					}
				],
				"immunities": [
					"magic"
				]
			},
			"hasImages": true
		},
		{
			"name": "Volluk Azrinae",
			"source": "AV1",
			"page": 54,
			"level": 7,
			"traits": [
				"unique",
				"ce",
				"medium",
				"aberration",
				"swarm"
			],
			"perception": {
				"std": 15
			},
			"senses": [
				{
					"name": "darkvision"
				},
				{
					"type": "imprecise",
					"name": "{@ability tremorsense}",
					"range": 30
				}
			],
			"languages": {
				"languages": [
					"aklo",
					"common",
					"elven",
					"undercommon"
				]
			},
			"skills": {
				"acrobatics": {
					"std": 17
				},
				"crafting": {
					"std": 15,
					"when painting": 17
				},
				"deception": {
					"std": 15
				},
				"intimidation": {
					"std": 17
				},
				"occultism": {
					"std": 17
				},
				"stealth": {
					"std": 15
				}
			},
			"abilityMods": {
				"str": 4,
				"dex": 6,
				"con": 2,
				"int": 6,
				"wis": 4,
				"cha": 2
			},
			"speed": {
				"walk": 10,
				"swim": 25
			},
			"attacks": [
				{
					"range": "Melee",
					"name": "tendril",
					"attack": 18,
					"traits": [
						"reach <10 feet>"
					],
					"damage": "{@damage 2d8+8} {@condition persistent damage||persistent piercing damage}",
					"types": [
						"persistent"
					]
				}
			],
			"spellcasting": [
				{
					"type": "Spontaneous",
					"tradition": "occult",
					"DC": 25,
					"attack": 17,
					"entry": {
						"2": {
							"slots": 4,
							"spells": [
								{
									"name": "comprehend language"
								},
								{
									"name": "illusory disguise"
								},
								{
									"name": "mirror image"
								},
								{
									"name": "vomit swarm",
									"source": "apg"
								}
							]
						},
						"3": {
							"slots": 4,
							"spells": [
								{
									"name": "bind undead"
								},
								{
									"name": "mind reading"
								},
								{
									"name": "paralyze"
								},
								{
									"name": "phantom pain"
								}
							]
						},
						"4": {
							"slots": 3,
							"spells": [
								{
									"name": "dimension door"
								},
								{
									"name": "suggestion"
								},
								{
									"name": "worm's repast",
									"source": "av1"
								}
							]
						}
					}
				},
				{
					"type": "Innate",
					"tradition": "divine",
					"DC": 25,
					"entry": {
						"0": {
							"level": 4,
							"spells": [
								{
									"name": "dancing lights"
								}
							]
						},
						"2": {
							"spells": [
								{
									"name": "darkness",
									"amount": "at will"
								},
								{
									"name": "faerie fire",
									"amount": "at will"
								}
							]
						}
					}
				}
			],
			"abilities": {
				"mid": [
					{
						"entries": [
							"As {@creature Worm That Walks Cultist|B2|worm that walks}, but slow-moving leeches give the heroes 2 rounds, rather than 1 round, to dispatch the {@condition fleeing} vermin before they escape."
						],
						"name": "Discorporate"
					},
					{
						"traits": [
							"enchantment",
							"emotion",
							"mental",
							"occult",
							"visual"
						],
						"entries": [
							"If Volluk can see an accurate depiction of his former appearance as a living drow at the start of his turn, he must attempt a {@dc 28} Will save or become filled with self-loathing and become {@condition slowed|CRB|slowed 1} for 1 round."
						],
						"name": "Hateful Memories"
					}
				],
				"bot": [
					{
						"activity": {
							"number": 1,
							"unit": "action"
						},
						"entries": [
							"Volluk {@action Stride||Strides}, ending his movement sharing a space with a creature, and deals {@damage 3d8} piercing damage to the creature. The creature can attempt a {@dc 23} basic Reflex save."
						],
						"name": "Squirming Embrace"
					},
					{
						"activity": {
							"number": 1,
							"unit": "action"
						},
						"traits": [
							"concentrate"
						],
						"entries": [
							"Volluk collapses into a shapeless swarm of leeches. He drops all held, worn, and carried items. While discorporated, he can't use attack actions and can't cast spells, but he can move through areas small enough for his individual leeches to fit without having to {@action Squeeze}. He can use the same action to coalesce back into his normal form."
						],
						"name": "Swarm Shape"
					}
				]
			},
			"defenses": {
				"ac": {
					"std": 25,
					"abilities": "all-around vision"
				},
				"savingThrows": {
					"fort": {
						"std": 13
					},
					"ref": {
						"std": 17
					},
					"will": {
						"std": 15
					}
				},
				"hp": [
					{
						"hp": 85,
						"abilities": [
							"{@ability fast healing} 7"
						]
					}
				],
				"immunities": [
					"poison",
					"disease",
					"paralyzed"
				],
				"weaknesses": [
					{
						"amount": 7,
						"name": "area damage"
					},
					{
						"amount": 7,
						"name": "splash damage"
					}
				],
				"resistances": [
					{
						"amount": 7,
						"name": "physical damage"
					}
				]
			}
		},
		{
			"name": "Wrin Sivinxi",
			"source": "AV1",
			"page": 90,
			"level": 5,
			"traits": [
				"unique",
				"cg",
				"medium",
				"elf",
				"humanoid",
				"tiefling"
			],
			"description": "Female tiefling elf oddities merchant (Pathfinder Bestiary 262)",
			"perception": {
				"std": 12
			},
			"senses": [
				{
					"name": "low-light vision"
				},
				{
					"type": "precise",
					"name": "spirit sight",
					"range": 30
				}
			],
			"languages": {
				"languages": [
					"aklo",
					"common",
					"elven",
					"sylvan",
					"varisian"
				]
			},
			"skills": {
				"acrobatics": {
					"std": 12
				},
				"nature": {
					"std": 12
				},
				"occultism": {
					"std": 12
				},
				"performance": {
					"std": 10
				},
				"religion": {
					"std": 13
				},
				"astrology lore": {
					"std": 12
				},
				"spirit lore": {
					"std": 16
				}
			},
			"abilityMods": {
				"str": 0,
				"dex": 3,
				"con": 0,
				"int": 2,
				"wis": 3,
				"cha": 4
			},
			"items": [
				"harrow fortune-telling deck",
				"silver religious symbol",
				"+1 starknife",
				"violin"
			],
			"speed": {
				"walk": 25
			},
			"attacks": [
				{
					"range": "Melee",
					"name": "starknife",
					"attack": 12,
					"traits": [
						"agile",
						"deadly <d6>",
						"finesse",
						"magical",
						"versatile <S>"
					],
					"damage": "{@damage 1d4} piercing",
					"types": [
						"piercing"
					]
				},
				{
					"range": "Melee",
					"name": "tail",
					"attack": 10,
					"traits": [
						"agile",
						"finesse",
						"unarmed"
					],
					"damage": "{@damage 1d4} bludgeoning",
					"types": [
						"bludgeoning"
					]
				},
				{
					"range": "Ranged",
					"name": "starknife",
					"attack": 12,
					"traits": [
						"agile",
						"deadly <d6>",
						"magical",
						"thrown <20 feet>",
						"versatile <S>"
					],
					"damage": "{@damage 1d4} piercing",
					"types": [
						"piercing"
					]
				}
			],
			"spellcasting": [
				{
					"type": "Spontaneous",
					"tradition": "primal",
					"DC": 22,
					"attack": 14,
					"entry": {
						"0": {
							"level": 3,
							"spells": [
								{
									"name": "dancing lights"
								},
								{
									"name": "disrupt undead"
								},
								{
									"name": "ghost sound"
								},
								{
									"name": "ray of frost"
								},
								{
									"name": "stabilize"
								}
							]
						},
						"1": {
							"slots": 4,
							"spells": [
								{
									"name": "charm"
								},
								{
									"name": "feather fall"
								},
								{
									"name": "gust of wind"
								},
								{
									"name": "pest form"
								}
							]
						},
						"2": {
							"slots": 4,
							"spells": [
								{
									"name": "glitterdust"
								},
								{
									"name": "hideous laughter"
								},
								{
									"name": "restoration"
								},
								{
									"name": "web"
								}
							]
						},
						"3": {
							"slots": 3,
							"spells": [
								{
									"name": "enthrall"
								},
								{
									"name": "heal"
								},
								{
									"name": "remove disease"
								}
							]
						}
					}
				},
				{
					"name": "Bloodline Spells",
					"type": "Focus",
					"DC": 22,
					"fp": 1,
					"entry": {
						"3": {
							"spells": [
								{
									"name": "faerie dust"
								}
							]
						}
					}
				}
			],
			"abilities": {
				"top": [
					{
						"entries": [
							"Wrin becomes overwhelmed when she's underground, or when she's in an indoor space that's smaller than 10 feet in diameter. At these times, she is {@condition sickened|CRB|sickened 2} and cannot reduce her {@condition sickened} condition until she's outside of the enclosed area."
						],
						"name": "Claustrophobia"
					},
					{
						"entries": [
							"Wrin can see creatures with the {@trait spirit} trait within 30 feet, regardless of whether they are visible to the naked eye. This ability sometimes allows Wrin to notice other supernatural auras, such as the buildup of spiritual energy atop {@i Gauntlight}."
						],
						"name": "Spirit Sight"
					}
				],
				"bot": [
					{
						"entries": [
							"When Wrin casts charm, enthrall, faerie dust, ghost sound, or hideous laughter, fey glamours dance around Wrin or one target of the spell, causing them to be {@condition concealed} for 1 round. Such obvious concealment can't be used to {@action Hide}."
						],
						"name": "Blood Magic"
					},
					{
						"traits": [
							"divination",
							"exploration",
							"prediction",
							"primal"
						],
						"frequency": {
							"unit": "day",
							"number": 1
						},
						"entries": [
							"Wrin attempts to read the future in the stars by spending an hour studying the night sky\u2014she can't use this ability during the day, on an overcast night, or when she can't otherwise study the stars. Although Wrin usually performs this reading for an individual person or to answer a pressing question she has, for the purposes of this campaign she reads the stars for the party as a whole. She attempts an {@skill Astrology Lore} check, using the DC appropriate for the heroes' current level (see {@table dcs by level|crb|Table 10\u20135: DCs by Level}).",
							{
								"type": "successDegree",
								"entries": {
									"Critical Success": "The results of Wrin's astrological readings have the effects of {@spell read omens}, and the heroes gain a +1 circumstance bonus to saving throws for 24 hours.",
									"Success": "The results of Wrin's astrological readings have the effects of {@spell augury}, but can predict results up to 24 hours into the future.",
									"Failure": "No reading.",
									"Critical Failure": "Wrin brushes against {@condition hostile} spiritual forces, and cannot Read the Stars for 1 week."
								}
							}
						],
						"name": "Read the Stars"
					}
				]
			},
			"defenses": {
				"ac": {
					"std": 20
				},
				"savingThrows": {
					"fort": {
						"std": 9
					},
					"ref": {
						"std": 15
					},
					"will": {
						"std": 12
					}
				},
				"hp": [
					{
						"hp": 75
					}
				]
			}
		}
	]
}
