{
	"creatureFluff": [
		{
			"images": [
				"https://2e.aonprd.com/Images/Monsters/Scalathrax.png"
			],
			"source": "AV1",
			"name": "Scalathrax",
			"entries": []
		},
		{
			"images": [
				"https://2e.aonprd.com/Images/Monsters/Wisp_Voidglutton.png"
			],
			"source": "AV1",
			"name": "Voidglutton",
			"entries": []
		},
		{
			"images": [
				"https://2e.aonprd.com/Images/Monsters/Morlock_MorlockSvavenger.png"
			],
			"source": "AV1",
			"name": "Morlock Scavenger",
			"entries": []
		},
		{
			"images": [
				"https://2e.aonprd.com/Images/Monsters/Wisp_Flickerwisp.png"
			],
			"source": "AV1",
			"name": "Flickerwisp",
			"entries": []
		},
		{
			"images": [
				"https://2e.aonprd.com/Images/Monsters/Morlock_MorlockEngineer.png"
			],
			"source": "AV1",
			"name": "Morlock Engineer",
			"entries": []
		},
		{
			"images": [
				"https://2e.aonprd.com/Images/Monsters/Wisp_Corpselight.png"
			],
			"source": "AV1",
			"name": "Corpselight",
			"entries": []
		}
	]
}
