{
	"creatureFluff": [
		{
			"images": [
				"https://2e.aonprd.com/Images/Monsters/ForgeSpurned.png"
			],
			"source": "AoA4",
			"name": "Forge-Spurned",
			"entries": []
		},
		{
			"images": [
				"https://2e.aonprd.com/Images/Monsters/Deculi.png"
			],
			"source": "AoA4",
			"name": "Deculi",
			"entries": []
		},
		{
			"images": [
				"https://2e.aonprd.com/Images/Monsters/SoulboundRuin.png"
			],
			"source": "AoA4",
			"name": "Soulbound Ruin",
			"entries": []
		},
		{
			"images": [
				"https://2e.aonprd.com/Images/Monsters/CarnivorousCrystal.png"
			],
			"source": "AoA4",
			"name": "Carnivorous Crystal",
			"entries": []
		},
		{
			"images": [
				"https://2e.aonprd.com/Images/Monsters/DragonscarredDead.png"
			],
			"source": "AoA4",
			"name": "Dragonscarred Dead",
			"entries": []
		},
		{
			"images": [
				"https://2e.aonprd.com/Images/Monsters/Dalos.png"
			],
			"source": "AoA4",
			"name": "Dalos",
			"entries": []
		}
	]
}
