{
	"creatureFluff": [
		{
			"images": [
				"https://2e.aonprd.com/Images/Monsters/CursedKing.png"
			],
			"source": "LOIL",
			"name": "Cursed King",
			"entries": []
		},
		{
			"images": [
				"https://2e.aonprd.com/Images/Monsters/ClockworkCannoneer.png"
			],
			"source": "LOIL",
			"name": "Clockwork Cannoneer",
			"entries": []
		},
		{
			"images": [
				"https://2e.aonprd.com/Images/Monsters/FleshforgedConformer.png"
			],
			"source": "LOIL",
			"name": "Fleshforged Conformer",
			"entries": []
		},
		{
			"images": [
				"https://2e.aonprd.com/Images/Monsters/FleshforgedDreadnought.png"
			],
			"source": "LOIL",
			"name": "Fleshforged Dreadnought",
			"entries": []
		},
		{
			"images": [
				"https://2e.aonprd.com/Images/Monsters/StoneSister.png"
			],
			"source": "LOIL",
			"name": "Stone Sister",
			"entries": []
		},
		{
			"images": [
				"https://2e.aonprd.com/Images/Monsters/Ooze_GunpowderOoze.png"
			],
			"source": "LOIL",
			"name": "Gunpowder Ooze",
			"entries": []
		},
		{
			"images": [
				"https://2e.aonprd.com/Images/Monsters/Kashrishi_KashrishiEvaluator.png"
			],
			"source": "LOIL",
			"name": "Kashrishi Evaluator",
			"entries": []
		},
		{
			"images": [
				"https://2e.aonprd.com/Images/Monsters/BenthicReaver.png"
			],
			"source": "LOIL",
			"name": "Benthic Reaver",
			"entries": []
		},
		{
			"images": [
				"https://2e.aonprd.com/Images/Monsters/Ratajin_RatajinMastermind.png"
			],
			"source": "LOIL",
			"name": "Ratajin Mastermind",
			"entries": []
		},
		{
			"images": [
				"https://2e.aonprd.com/Images/Monsters/Ugvashi.png"
			],
			"source": "LOIL",
			"name": "Ugvashi",
			"entries": []
		},
		{
			"images": [
				"https://2e.aonprd.com/Images/Monsters/SpellscarFext.png"
			],
			"source": "LOIL",
			"name": "Spellscar Fext",
			"entries": []
		},
		{
			"images": [
				"https://2e.aonprd.com/Images/Monsters/ManaWastes_MutantGnollHulk.png"
			],
			"source": "LOIL",
			"name": "Mutant Gnoll Hulk",
			"entries": []
		},
		{
			"images": [
				"https://2e.aonprd.com/Images/Monsters/Golem_QuantiumGolem.png"
			],
			"source": "LOIL",
			"name": "Quantium Golem",
			"entries": []
		},
		{
			"images": [
				"https://2e.aonprd.com/Images/Monsters/Kasesh.png"
			],
			"source": "LOIL",
			"name": "Kasesh",
			"entries": []
		},
		{
			"images": [
				"https://2e.aonprd.com/Images/Monsters/Fleshforged_Skinskitter.png"
			],
			"source": "LOIL",
			"name": "Skinskitter",
			"entries": []
		}
	]
}
