{
	"creatureFluff": [
		{
			"images": [
				"https://2e.aonprd.com/Images/Monsters/EdwardRitalson.png"
			],
			"name": "Etward Ritalson",
			"source": "GW3",
			"entries": []
		},
		{
			"images": [
				"https://2e.aonprd.com/Images/Monsters/ElderThing.png"
			],
			"name": "Elder Thing",
			"source": "GW3",
			"entries": []
		},
		{
			"images": [
				"https://2e.aonprd.com/Images/Monsters/Yaiafineti.png"
			],
			"name": "Yaiafineti",
			"source": "GW3",
			"entries": []
		},
		{
			"images": [
				"https://2e.aonprd.com/Images/Monsters/Mindmoppet.png"
			],
			"name": "Mindmoppet",
			"source": "GW3",
			"entries": []
		}
	]
}
