{
	"creatureFluff": [
		{
			"images": [
				"https://2e.aonprd.com/Images/Monsters/IikoDragon.png"
			],
			"source": "SoT2",
			"name": "I'iko Dragon",
			"entries": []
		},
		{
			"images": [
				"https://2e.aonprd.com/Images/Monsters/Serpentfolk_Granitescale.png"
			],
			"source": "SoT2",
			"name": "Serpentfolk Granitescale",
			"entries": []
		},
		{
			"images": [
				"https://2e.aonprd.com/Images/Monsters/Gbahali.png"
			],
			"source": "SoT2",
			"name": "Gbahali",
			"entries": []
		},
		{
			"images": [
				"https://2e.aonprd.com/Images/Monsters/Grippli_Jinxer.png"
			],
			"source": "SoT2",
			"name": "Grippli Jinxer",
			"entries": []
		},
		{
			"images": [
				"https://2e.aonprd.com/Images/Monsters/Damibwa.png"
			],
			"source": "SoT2",
			"name": "Damibwa",
			"entries": []
		},
		{
			"images": [
				"https://2e.aonprd.com/Images/Monsters/Mpeshi.png"
			],
			"source": "SoT2",
			"name": "Mpeshi",
			"entries": []
		},
		{
			"images": [
				"https://2e.aonprd.com/Images/Monsters/Serpentfolk_Venomcaller.png"
			],
			"source": "SoT2",
			"name": "Serpentfolk Venom Caller",
			"entries": []
		},
		{
			"images": [
				"https://2e.aonprd.com/Images/Monsters/Grippli_Skirmisher.png"
			],
			"source": "SoT2",
			"name": "Grippli Skirmisher",
			"entries": []
		}
	]
}
