{
	"spell": [
		{
			"name": "Familiar Form",
			"source": "LOPSG",
			"page": 5500,
			"focus": true,
			"level": 4,
			"traits": [
				"uncommon",
				"polymorph",
				"transmutation"
			],
			"school": "T",
			"cast": {
				"number": 2,
				"unit": "action"
			},
			"components": [
				{
					"S": true,
					"V": true
				}
			],
			"duration": {
				"type": "timed",
				"entry": "1 minute",
				"duration": {
					"number": 1,
					"unit": "minute"
				}
			},
			"entries": [
				"You transform into a Tiny animal that commonly serves as a spellcaster's familiar. You gain the effects of the spell {@spell pest form}, heightened to the level of familiar form you cast. However, you can transform into only a bat, cat, raven, snake, or other Tiny animal of a type that you have seen serve as a spellcaster's familiar.",
				"While in this form, despite the restrictions from polymorph battle forms, you retain the ability to cast spells of 1st level or lower but only those without material components. You still can't make any {@action Strike||Strikes} or other attacks in pest form, as normal."
			],
			"heightened": {
				"x": [
					{
						"level": 6,
						"entries": [
							"You retain the ability to cast spells of 2nd level or lower, rather than 1st, but still only those without material components. Additionally, the duration of familiar form increases to 10 minutes."
						]
					},
					{
						"level": 8,
						"entries": [
							"You retain the ability to cast spells of 3rd level or lower, rather than 1st, but still only those without material components. Additionally, the duration of familiar form increases to 10 minutes."
						]
					}
				]
			}
		},
		{
			"name": "Perseis's Precautions",
			"source": "LOPSG",
			"page": 124,
			"level": 3,
			"traits": [
				"uncommon",
				"divination",
				"fortune",
				"prediction"
			],
			"school": "D",
			"traditions": [
				"arcane",
				"occult"
			],
			"cast": {
				"number": 3,
				"unit": "action"
			},
			"components": [
				{
					"M": true,
					"S": true,
					"V": true
				}
			],
			"range": {
				"entry": "touch",
				"distance": {
					"type": "touch",
					"amount": 1
				}
			},
			"duration": {
				"type": "timed",
				"entry": "10 minutes",
				"duration": {
					"number": 10,
					"unit": "minute"
				}
			},
			"entries": [
				"Leaving nothing to chance, you weave divinatory precautions against an ambush, alerting the target to danger. Once during the duration of this spell, the target can roll one {@skill Perception}, {@skill Arcana}, {@skill Crafting}, {@skill Lore}, {@skill Occultism}, or {@skill Society} initiative roll twice and take the better result, after which the spell ends.",
				"The strain of staying so prepared is too much for a mind to handle for long; the target is temporarily immune to this spell for 24 hours once the spell ends, whether they used the initiative benefit or not."
			]
		},
		{
			"name": "Spellmaster's Ward",
			"source": "LOPSG",
			"page": 5500,
			"focus": true,
			"level": 5,
			"traits": [
				"uncommon",
				"abjuration"
			],
			"school": "A",
			"cast": {
				"number": 1,
				"unit": "varies",
				"entry": "{@as 1} to {@as 3}"
			},
			"components": [
				{
					"M": true,
					"S": true,
					"V": true
				}
			],
			"duration": {
				"type": "timed",
				"entry": "sustained up to 1 minute",
				"sustain": true,
				"duration": {
					"number": 1,
					"unit": "minute"
				}
			},
			"entries": [
				"You create one or more glowing protective runes that revolve around you. For each additional action you use when {@action Cast a Spell||Casting the Spell}, increase the number of runes you create by one, to a maximum of three runes for 3 actions.",
				"When you next take damage from a spell, a rune is expended to prevent {@dice 2d6} of that spell's damage. If damage from the triggering spell remains, additional runes are expended until the damage is completely negated, or until all runes have been spent, whichever comes first."
			],
			"heightened": {
				"plus_x": {
					"level": 1,
					"entries": [
						"Each rune prevents an additional 1 damage."
					]
				}
			}
		},
		{
			"name": "Transcribe Moment",
			"source": "LOPSG",
			"page": 46,
			"focus": true,
			"level": 4,
			"traits": [
				"uncommon",
				"evocation"
			],
			"school": "V",
			"cast": {
				"number": 2,
				"unit": "action"
			},
			"components": [
				{
					"M": true,
					"S": true
				}
			],
			"entries": [
				"You instantly create a small, permanent scroll that contains a magically precise written description of your current surroundings in every direction. Any creature who spends 1 minute to read the scroll\u2014written in a language of your choice that you know\u2014 immediately sees and experiences your surroundings during the moment that you recorded (including whatever events transpired that round) exactly as you experienced it. This depiction records only what you can sense yourself. For example, if you can't see {@condition invisible} creatures, the depiction doesn't reveal them even to a reader who could normally see them; a reader can't use their {@skill Perception} to notice details you missed, but they can attempt a check to {@action Recall Knowledge} based on what they just experienced if they have knowledge that you lack. You can have multiple scrolls from transcribe moment in existence at the same time, up to a number equal to your Intelligence modifier. If you {@action Cast a Spell||Cast the Spell} again while already at the maximum number of scrolls, choose one of the current scrolls to lose its magic, then create the new one."
			]
		}
	]
}
