{
	"class": [
		{
			"name": "Cleric",
			"source": "CRB",
			"page": 117,
			"keyAbility": "Wisdom",
			"hp": 8,
			"initialProficiencies": {
				"perception": "T",
				"fort": "T",
				"ref": "T",
				"will": "E",
				"skills": {
					"t": [
						{
							"skill": [
								"Religion"
							]
						},
						{
							"skill": [
								"Deity Dependant"
							],
							"entry": "one skill determined by your choice of deity"
						}
					],
					"add": 2
				},
				"attacks": {
					"t": [
						"simple weapons",
						"favored weapon of your deity. If you're deity's favored weapon is uncommon, you also gain access to that weapon.",
						"unarmed attacks"
					]
				},
				"defenses": {
					"u": [
						"all armor, though your doctrine might alter this"
					],
					"t": [
						"unarmored defense"
					]
				},
				"spells": {
					"t": [
						"divine spell attacks",
						"divine spell DCs"
					]
				}
			},
			"advancement": {
				"classFeats": [
					1,
					2,
					4,
					6,
					8,
					10,
					12,
					14,
					16,
					18,
					20
				],
				"skillFeats": [
					2,
					4,
					6,
					8,
					10,
					12,
					14,
					16,
					18,
					20
				],
				"generalFeats": [
					3,
					7,
					11,
					15,
					19
				],
				"ancestryFeats": [
					5,
					9,
					13,
					17
				],
				"skillIncrease": [
					3,
					5,
					7,
					9,
					11,
					13,
					15,
					17,
					19
				],
				"abilityBoosts": [
					5,
					10,
					15,
					20
				]
			},
			"classFeatures": [
				"Ancestry and Background|Cleric|CRB|1",
				"Initial Proficiencies|Cleric|CRB|1",
				"Deity|Cleric|CRB|1",
				"Divine Spellcasting|Cleric|CRB|1",
				"Divine Font|Cleric|CRB|1",
				{
					"classFeature": "Doctrine|Cleric|CRB|1",
					"gainSubclassFeature": true
				},
				{
					"classFeature": "First Doctrine|Cleric|CRB|1",
					"gainSubclassFeature": true
				},
				"Cleric Feats|Cleric|CRB|2",
				"Skill Feats|Cleric|CRB|2",
				{
					"classFeature": "Second Doctrine|Cleric|CRB|3",
					"gainSubclassFeature": true
				},
				"General Feats|Cleric|CRB|3",
				"Skill Increases|Cleric|CRB|3",
				"Ability Boosts|Cleric|CRB|5",
				"Alertness|Cleric|CRB|5",
				"Ancestry Feats|Cleric|CRB|5",
				{
					"classFeature": "Third Doctrine|Cleric|CRB|7",
					"gainSubclassFeature": true
				},
				"Resolve|Cleric|CRB|9",
				{
					"classFeature": "Fourth Doctrine|Cleric|CRB|11",
					"gainSubclassFeature": true
				},
				"Lightning Reflexes|Cleric|CRB|11",
				"Divine Defense|Cleric|CRB|13",
				"Weapon Specialization|Cleric|CRB|13",
				{
					"classFeature": "Fifth Doctrine|Cleric|CRB|15",
					"gainSubclassFeature": true
				},
				{
					"classFeature": "Final Doctrine|Cleric|CRB|19",
					"gainSubclassFeature": true
				},
				"Miraculous Spell|Cleric|CRB|19"
			],
			"subclasses": [
				{
					"name": "Cloistered Cleric",
					"type": "Doctrine",
					"shortName": "Cloistered",
					"source": "CRB",
					"page": 119,
					"subclassFeatures": [
						"Doctrine|Cleric|CRB|Cloistered|CRB|1",
						"First Doctrine|Cleric|CRB|Cloistered|CRB|1",
						"Second Doctrine|Cleric|CRB|Cloistered|CRB|3",
						"Third Doctrine|Cleric|CRB|Cloistered|CRB|7",
						"Fourth Doctrine|Cleric|CRB|Cloistered|CRB|11",
						"Fifth Doctrine|Cleric|CRB|Cloistered|CRB|15",
						"Final Doctrine|Cleric|CRB|Cloistered|CRB|19"
					]
				},
				{
					"name": "Warpriest",
					"type": "Doctrine",
					"shortName": "Warpriest",
					"source": "CRB",
					"page": 120,
					"subclassFeatures": [
						"Doctrine|Cleric|CRB|Warpriest|CRB|1",
						"First Doctrine|Cleric|CRB|Warpriest|CRB|1",
						"Second Doctrine|Cleric|CRB|Warpriest|CRB|3",
						"Third Doctrine|Cleric|CRB|Warpriest|CRB|7",
						"Fourth Doctrine|Cleric|CRB|Warpriest|CRB|11",
						"Fifth Doctrine|Cleric|CRB|Warpriest|CRB|15",
						"Final Doctrine|Cleric|CRB|Warpriest|CRB|19"
					]
				}
			],
			"flavor": [
				"Deities work their will upon the world in infinite ways, and you serve as one of their most stalwart mortal servants. Blessed with divine magic, you live the ideals of your faith, adorn yourself with the symbols of your church, and train diligently to wield your deity's favored weapon. Your spells might protect and heal your allies, or they might punish foes and enemies of your faith, as your deity wills. Yours is a life of devotion, spreading the teachings of your faith through both word and deed."
			],
			"fluff": [
				{
					"type": "pf2-h3",
					"name": "During Combat Encounters...",
					"entries": [
						"If you're a warpriest, you balance between casting spells and attacking with weapons\u2014typically the favored weapon of your deity. If you're a cloistered cleric, you primarily cast spells. Most of your spells can boost, protect, or heal your allies. Depending on your deity, you get extra spells to heal your allies or harm your enemies."
					]
				},
				{
					"type": "pf2-h3",
					"page": 117,
					"name": "During social encounters...",
					"entries": [
						"You might make diplomatic overtures or deliver impressive speeches. Because you're wise, you also pick up on falsehoods others tell."
					]
				},
				{
					"type": "pf2-h3",
					"page": 117,
					"name": "While exploring...",
					"entries": [
						"You detect nearby magic and interpret any religious writing you come across. You might also concentrate on a protective spell for your allies in case of attack. After a battle or hazard, you might heal anyone who was hurt."
					]
				},
				{
					"type": "pf2-h3",
					"page": 117,
					"name": "In downtime...",
					"entries": [
						"You might perform services at a temple, travel to spread the word of your deity, research scripture, celebrate holy days, or even found a new temple."
					]
				},
				{
					"type": "pf2-h3",
					"page": 117,
					"name": "You Might...",
					"entries": [
						{
							"type": "list",
							"items": [
								"Visit the temples and holy places sacred to your faith, and have an immediate affinity with other worshippers of your deity.",
								"Know the teachings of your religion's holy texts and how they apply to a dilemma.",
								"Cooperate with your allies, provided they don't ask you to go against divine will."
							]
						}
					]
				},
				{
					"type": "pf2-h3",
					"page": 117,
					"name": "Others Probably...",
					"entries": [
						{
							"type": "list",
							"items": [
								"Find your devotion impressive, even if they don't understand it.",
								"Expect you to heal their wounds.",
								"Rely on you to interact with other religious figures."
							]
						}
					]
				}
			],
			"summary": {
				"text": "The cleric calls on the power of a deity to cast spells that can heal allies or harm foes.",
				"images": [
					"https://2e.aonprd.com/Images/Classes/Iconic_Kyra.png"
				],
				"keyAbility": "Wisdom",
				"sndAbility": "Charisma, Constitution"
			}
		}
	],
	"classFeature": [
		{
			"name": "Ancestry and Background",
			"source": "CRB",
			"page": 118,
			"className": "Cleric",
			"classSource": "CRB",
			"level": 1,
			"entries": [
				"In addition to the abilities provided by your class at 1st level, you have the benefits of your selected ancestry and background, as described in Chapter 2."
			]
		},
		{
			"name": "Initial Proficiencies",
			"source": "CRB",
			"page": 118,
			"className": "Cleric",
			"classSource": "CRB",
			"level": 1,
			"entries": [
				"At 1st level, you gain a number of proficiencies that represent your basic training, noted at the start of this class."
			]
		},
		{
			"name": "First Doctrine",
			"source": "CRB",
			"page": 119,
			"className": "Cleric",
			"classSource": "CRB",
			"level": 1,
			"entries": []
		},
		{
			"name": "Second Doctrine",
			"source": "CRB",
			"page": 119,
			"className": "Cleric",
			"classSource": "CRB",
			"level": 3,
			"entries": []
		},
		{
			"name": "Final Doctrine",
			"source": "CRB",
			"page": 119,
			"className": "Cleric",
			"classSource": "CRB",
			"level": 19,
			"entries": []
		},
		{
			"name": "Fifth Doctrine",
			"source": "CRB",
			"page": 119,
			"className": "Cleric",
			"classSource": "CRB",
			"level": 15,
			"entries": []
		},
		{
			"name": "Fourth Doctrine",
			"source": "CRB",
			"page": 119,
			"className": "Cleric",
			"classSource": "CRB",
			"level": 11,
			"entries": []
		},
		{
			"name": "Third Doctrine",
			"source": "CRB",
			"page": 119,
			"className": "Cleric",
			"classSource": "CRB",
			"level": 7,
			"entries": []
		},
		{
			"name": "Deity",
			"source": "CRB",
			"page": 118,
			"className": "Cleric",
			"classSource": "CRB",
			"level": 1,
			"entries": [
				"As a cleric, you are a mortal servitor of a {@pf2etools deity|deities.html} you revere above all others. The most common deities in Pathfinder are found here, along with their alignments, areas of concern, and the benefits you get for being a cleric of that deity. Your alignment must be one allowed by your deity, as listed in their entry. Your deity grants you the trained proficiency rank in one skill and with the deity's favored weapon. If the favored weapon is uncommon, you also get access to that weapon.",
				"Your deity also adds spells to your spell list. You can prepare these just like you can any spell on the {@filter divine spell list|spells||tradition & spell list=divine}, once you can prepare spells of their level as a cleric. Some of these spells aren't normally on the divine list, but they're divine spells if you prepare them this way.",
				{
					"type": "pf2-h4",
					"page": 72,
					"name": "Anathema",
					"entries": [
						"Acts fundamentally opposed to your deity's alignment or ideals are anathema to your faith. Learning or casting spells, committing acts, and using items that are anathema to your deity remove you from your deity's good graces.",
						"Casting spells with the evil trait is almost always anathema to good deities, and casting good spells is likewise anathema to evil deities; similarly, casting chaotic spells is anathema to lawful deities, and casting lawful spells is anathema to chaotic deities. A neutral cleric who worships a neutral deity isn't limited this way, but their alignment might change over time if they frequently cast spells or use abilities with a certain alignment. Similarly, casting spells that are anathema to the tenets or goals of your faith could interfere with your connection to your deity. For example, casting a spell to create undead would be anathema to {@deity Pharasma}, the goddess of death. For borderline cases, you and your GM determine which acts are anathema.",
						"If you perform enough acts that are anathema to your deity, or if your alignment changes to one not allowed by your deity, you lose the magical abilities that come from your connection to your deity. The class features that you lose are determined by the GM, but they likely include your divine font and all divine spellcasting. These abilities can be regained only if you demonstrate your repentance by conducting an atone ritual."
					]
				}
			]
		},
		{
			"name": "Divine Spellcasting",
			"source": "CRB",
			"page": 118,
			"className": "Cleric",
			"classSource": "CRB",
			"level": 1,
			"entries": [
				"Your deity bestows on you the power to cast divine spells. You can cast divine spells using the {@action Cast a Spell} activity, and you can supply material, somatic, and verbal components when casting spells. Because you're a cleric, you can usually hold a divine focus (such as a {@item religious symbol}) for spells requiring material components instead of needing to use a {@item material component pouch}.",
				"At 1st level, you can prepare two {@filter 1st-level spells|spells||spell type=spell|tradition & spell list=divine|rarity=common|level=1} and five {@filter cantrips|spells||spell type=cantrip|tradition & spell list=divine|rarity=common} each morning from the common spells on the {@filter divine spell list|spells||tradition & spell list=divine|rarity=common} or from other divine spells to which you gain access via {@action Learn a Spell}. Prepared spells remain available to you until you cast them or until you prepare your spells again. The number of spells you can prepare is called your spell slots.",
				"As you increase in level as a cleric, the number of spells you can prepare each day increases, as does the highest level of spell you can cast, as shown in Table 3\u20139: Cleric Spells per Day on page 120.",
				"Some of your spells require you to attempt a spell attack roll to see how effective they are, or your enemies to roll against your spell DC (typically by attempting a saving throw). Since your key ability is Wisdom, your spell attack rolls and spell DCs use your Wisdom modifier. Details on calculating these statistics appear in Spell Attack Rolls.",
				{
					"type": "pf2-h4",
					"page": 119,
					"name": "Heightening Spells",
					"entries": [
						"When you get spell slots of 2nd level and higher, you can fill those slots with stronger versions of lower-level spells. This increases the spell's level, heightening it to match the spell slot. Many spells have specific improvements when they are heightened to certain levels."
					]
				},
				{
					"type": "pf2-h4",
					"page": 119,
					"name": "Cantrips",
					"entries": [
						"A cantrip is a special type of spell that doesn't use spell slots. You can cast a cantrip at will, any number of times per day. A cantrip is always automatically heightened to half your level rounded up\u2014this is usually equal to the highest level of cleric spell slot you have. For example, as a 1st-level cleric, your cantrips are 1st-level spells, and as a 5th-level cleric, your cantrips are 3rd-level spells."
					]
				},
				{
					"type": "table",
					"minimizeTo": [
						0,
						1
					],
					"name": "Cleric Spells per Day",
					"id": "3-9",
					"spans": [
						[
							[
								1,
								2
							],
							[
								2,
								13
							]
						]
					],
					"labelRowIdx": [
						0,
						1
					],
					"cellStyles": [
						{
							"row": 0,
							"col": 1,
							"style": "text-center"
						}
					],
					"colStyles": [
						"",
						"text-center",
						"text-center",
						"text-center",
						"text-center",
						"text-center",
						"text-center",
						"text-center",
						"text-center",
						"text-center",
						"text-center",
						"text-center"
					],
					"footnotes": [
						"* Your divine font gives you additional {@spell heal} or {@spell harm} spells of this level. The number is equal to 1 + your Charisma modifier.",
						"† The miraculous spell class feature gives you a 10th-level spell slot that works a bit differently from other spell slots."
					],
					"rows": [
						[
							"Your",
							"Spell Level"
						],
						[
							"Level",
							"Cantrips",
							"1st",
							"2nd",
							"3rd",
							"4th",
							"5th",
							"6th",
							"7th",
							"8th",
							"9th",
							"10th"
						],
						[
							1,
							5,
							"2*",
							"\u2014",
							"\u2014",
							"\u2014",
							"\u2014",
							"\u2014",
							"\u2014",
							"\u2014",
							"\u2014",
							"\u2014"
						],
						[
							2,
							5,
							"3*",
							"\u2014",
							"\u2014",
							"\u2014",
							"\u2014",
							"\u2014",
							"\u2014",
							"\u2014",
							"\u2014",
							"\u2014"
						],
						[
							3,
							5,
							3,
							"2*",
							"\u2014",
							"\u2014",
							"\u2014",
							"\u2014",
							"\u2014",
							"\u2014",
							"\u2014",
							"\u2014"
						],
						[
							4,
							5,
							3,
							"3*",
							"\u2014",
							"\u2014",
							"\u2014",
							"\u2014",
							"\u2014",
							"\u2014",
							"\u2014",
							"\u2014"
						],
						[
							5,
							5,
							3,
							3,
							"2*",
							"\u2014",
							"\u2014",
							"\u2014",
							"\u2014",
							"\u2014",
							"\u2014",
							"\u2014"
						],
						[
							6,
							5,
							3,
							3,
							"3*",
							"\u2014",
							"\u2014",
							"\u2014",
							"\u2014",
							"\u2014",
							"\u2014",
							"\u2014"
						],
						[
							7,
							5,
							3,
							3,
							3,
							"2*",
							"\u2014",
							"\u2014",
							"\u2014",
							"\u2014",
							"\u2014",
							"\u2014"
						],
						[
							8,
							5,
							3,
							3,
							3,
							"3*",
							"\u2014",
							"\u2014",
							"\u2014",
							"\u2014",
							"\u2014",
							"\u2014"
						],
						[
							9,
							5,
							3,
							3,
							3,
							3,
							"2*",
							"\u2014",
							"\u2014",
							"\u2014",
							"\u2014",
							"\u2014"
						],
						[
							10,
							5,
							3,
							3,
							3,
							3,
							"3*",
							"\u2014",
							"\u2014",
							"\u2014",
							"\u2014",
							"\u2014"
						],
						[
							11,
							5,
							3,
							3,
							3,
							3,
							3,
							"2*",
							"\u2014",
							"\u2014",
							"\u2014",
							"\u2014"
						],
						[
							12,
							5,
							3,
							3,
							3,
							3,
							3,
							"3*",
							"\u2014",
							"\u2014",
							"\u2014",
							"\u2014"
						],
						[
							13,
							5,
							3,
							3,
							3,
							3,
							3,
							3,
							"2*",
							"\u2014",
							"\u2014",
							"\u2014"
						],
						[
							14,
							5,
							3,
							3,
							3,
							3,
							3,
							3,
							"3*",
							"\u2014",
							"\u2014",
							"\u2014"
						],
						[
							15,
							5,
							3,
							3,
							3,
							3,
							3,
							3,
							3,
							"2*",
							"\u2014",
							"\u2014"
						],
						[
							16,
							5,
							3,
							3,
							3,
							3,
							3,
							3,
							3,
							"3*",
							"\u2014",
							"\u2014"
						],
						[
							17,
							5,
							3,
							3,
							3,
							3,
							3,
							3,
							3,
							3,
							"2*",
							"\u2014"
						],
						[
							18,
							5,
							3,
							3,
							3,
							3,
							3,
							3,
							3,
							3,
							"3*",
							"\u2014"
						],
						[
							19,
							5,
							3,
							3,
							3,
							3,
							3,
							3,
							3,
							3,
							3,
							"1*†"
						],
						[
							20,
							5,
							3,
							3,
							3,
							3,
							3,
							3,
							3,
							3,
							3,
							"1*†"
						]
					]
				}
			]
		},
		{
			"name": "Divine Font",
			"source": "CRB",
			"page": 119,
			"className": "Cleric",
			"classSource": "CRB",
			"level": 1,
			"entries": [
				"Through your deity's blessing, you gain additional spells that channel either the life force called positive energy or its counterforce, negative energy. When you prepare your spells each day, you can prepare additional heal or harm spells, depending on your deity. The divine font spell your deity provides is listed in the Divine Font entry for your deity; if both are listed, you can choose between heal or harm. Once you choose, you can't change your choice short of an ethical shift or divine intervention.",
				{
					"type": "pf2-options",
					"style": "pf2-p",
					"skipSort": true,
					"items": [
						{
							"type": "item",
							"name": "Healing Font",
							"entries": [
								"You gain additional spell slots each day at your highest level of cleric spell slots. You can prepare only {@spell heal} spells in these slots, and the number of slots is equal to 1 plus your Charisma modifier."
							]
						},
						{
							"type": "item",
							"name": "Harmful Font",
							"entries": [
								"You gain additional spell slots each day at your highest level of cleric spell slots. You can prepare only {@spell harm} spells in these slots, and the number of slots is equal to 1 plus your Charisma modifier."
							]
						}
					]
				}
			]
		},
		{
			"name": "Doctrine",
			"source": "CRB",
			"subclasses": "Doctrine",
			"page": 119,
			"className": "Cleric",
			"classSource": "CRB",
			"level": 1,
			"entries": [
				"Even among followers of the same deity, there are numerous doctrines and beliefs, which sometimes vary wildly between clerics. At 1st level, you select a doctrine and gain the benefits of its first doctrine. The doctrines presented in this book are {@class cleric||cloistered cleric|cloistered} and {@class cleric||warpriest|warpriest}. Each doctrine grants you initial benefits at 1st level. At 3rd, 7th, 11th, 15th, and 19th levels, you gain the benefits granted by your doctrine's second, third, fourth, fifth, and final doctrines respectively."
			]
		},
		{
			"name": "Cleric Feats",
			"source": "CRB",
			"page": 120,
			"className": "Cleric",
			"classSource": "CRB",
			"level": 2,
			"entries": [
				"At 2nd level and every 2 levels thereafter, you gain a {@filter cleric class feat|feats||type=class|Class=cleric|level=[1;2]}."
			]
		},
		{
			"name": "Skill Feats",
			"source": "CRB",
			"page": 120,
			"className": "Cleric",
			"classSource": "CRB",
			"level": 2,
			"entries": [
				"At 2nd level and every 2 levels thereafter, you gain a {@filter skill feat|feats||type=skill;!archetype}. You must be trained or better in the corresponding skill to select a skill feat."
			]
		},
		{
			"name": "General Feats",
			"source": "CRB",
			"page": 120,
			"className": "Cleric",
			"classSource": "CRB",
			"level": 3,
			"entries": [
				"At 3rd level and every 4 levels thereafter, you gain a {@filter general feat|feats||type=general}."
			]
		},
		{
			"name": "Skill Increases",
			"source": "CRB",
			"page": 120,
			"className": "Cleric",
			"classSource": "CRB",
			"level": 3,
			"entries": [
				"At 3rd level and every 2 levels thereafter, you gain a skill increase. You can use this increase to either become trained in one skill you're untrained in, or become an expert in one skill in which you're already trained.",
				"You can use any of these skill increases you gain at 7th level or higher to become a master in a skill in which you're already an expert, and any of these skill increases you gain at 15th level or higher to become legendary in a skill in which you're already a master."
			]
		},
		{
			"name": "Ability Boosts",
			"source": "CRB",
			"page": 120,
			"className": "Cleric",
			"classSource": "CRB",
			"level": 5,
			"entries": [
				"At 5th level and every 5 levels thereafter, you boost four different ability scores. You can use these ability boosts to increase your ability scores above 18. Boosting an ability score increases it by 1 if it's already 18 or above, or by 2 if it starts out below 18."
			]
		},
		{
			"name": "Alertness",
			"source": "CRB",
			"page": 121,
			"className": "Cleric",
			"classSource": "CRB",
			"level": 5,
			"entries": [
				"You remain alert to threats around you. Your proficiency rank for {@skill Perception} increases to expert."
			]
		},
		{
			"name": "Ancestry Feats",
			"source": "CRB",
			"page": 121,
			"className": "Cleric",
			"classSource": "CRB",
			"level": 5,
			"entries": [
				"In addition to the ancestry feat you started with, you gain an {@filter ancestry feat|feats||type=ancestry} at 5th level and every 4 levels thereafter. The list of ancestry feats available to you can be found in your ancestry's entry in Chapter 2."
			]
		},
		{
			"name": "Resolve",
			"source": "CRB",
			"page": 121,
			"className": "Cleric",
			"classSource": "CRB",
			"level": 9,
			"entries": [
				"You've steeled your mind with resolve. Your proficiency rank for Will saves increases to master. When you roll a success at a Will save, you get a critical success instead."
			]
		},
		{
			"name": "Lightning Reflexes",
			"source": "CRB",
			"page": 121,
			"className": "Cleric",
			"classSource": "CRB",
			"level": 11,
			"entries": [
				"Your reflexes are lightning fast. Your proficiency rank for Reflex saves increases to expert."
			]
		},
		{
			"name": "Divine Defense",
			"source": "CRB",
			"page": 121,
			"className": "Cleric",
			"classSource": "CRB",
			"level": 13,
			"entries": [
				"Your training and your deity protect you from harm. Your proficiency rank in unarmored defense increases to expert."
			]
		},
		{
			"name": "Weapon Specialization",
			"source": "CRB",
			"page": 121,
			"className": "Cleric",
			"classSource": "CRB",
			"level": 13,
			"entries": [
				"You've learned how to inflict greater injuries with the weapons you know best. You deal 2 additional damage with weapons and unarmed attacks in which you are an expert. This damage increases to 3 if you're a master, and to 4 if you're legendary."
			]
		},
		{
			"name": "Miraculous Spell",
			"source": "CRB",
			"page": 121,
			"className": "Cleric",
			"classSource": "CRB",
			"level": 19,
			"entries": [
				"You're exalted by your deity and gain truly incredible spells. You gain a single 10th-level spell slot and can prepare a spell in that slot using divine spellcasting. You can't use this spell slot for abilities that let you cast spells without expending spell slots or that give you more spell slots. You don't gain more 10th-level spells as you level up, though you can take the {@feat Maker of Miracles} feat to gain a second slot."
			]
		}
	],
	"subclassFeature": [
		{
			"name": "Doctrine",
			"source": "CRB",
			"page": 119,
			"className": "Cleric",
			"classSource": "CRB",
			"subclassShortName": "Cloistered",
			"subclassSource": "CRB",
			"level": 1,
			"entries": [
				{
					"type": "pf2-h4",
					"page": 119,
					"name": "Cloistered Cleric",
					"entries": [
						"You are a cleric of the cloth, focusing on divine magic and your connection to your deity's domains."
					]
				}
			]
		},
		{
			"name": "First Doctrine",
			"source": "CRB",
			"page": 119,
			"className": "Cleric",
			"classSource": "CRB",
			"subclassShortName": "Cloistered",
			"subclassSource": "CRB",
			"level": 1,
			"entries": [
				{
					"type": "pf2-h4",
					"page": 119,
					"name": "Cloistered Cleric",
					"entries": [
						"You gain the {@feat Domain Initiate} cleric feat."
					]
				}
			]
		},
		{
			"name": "Second Doctrine",
			"source": "CRB",
			"page": 119,
			"className": "Cleric",
			"classSource": "CRB",
			"subclassShortName": "Cloistered",
			"subclassSource": "CRB",
			"level": 3,
			"entries": [
				{
					"type": "pf2-h4",
					"page": 119,
					"name": "Cloistered Cleric",
					"entries": [
						"Your proficiency rank for Fortitude saves increases to expert."
					]
				}
			]
		},
		{
			"name": "Third Doctrine",
			"source": "CRB",
			"page": 119,
			"className": "Cleric",
			"classSource": "CRB",
			"subclassShortName": "Cloistered",
			"subclassSource": "CRB",
			"level": 7,
			"entries": [
				{
					"type": "pf2-h4",
					"page": 119,
					"name": "Cloistered Cleric",
					"entries": [
						"Your proficiency ranks for divine spell attack rolls and spell DCs increase to expert."
					]
				}
			]
		},
		{
			"name": "Fourth Doctrine",
			"source": "CRB",
			"page": 119,
			"className": "Cleric",
			"classSource": "CRB",
			"subclassShortName": "Cloistered",
			"subclassSource": "CRB",
			"level": 11,
			"entries": [
				{
					"type": "pf2-h4",
					"page": 119,
					"name": "Cloistered Cleric",
					"entries": [
						"You gain expert proficiency with your deity's favored weapon and unarmed attacks. When you critically succeed at an attack roll using your deity's favored weapon, you apply the weapon's critical specialization effect; use your divine spell DC if necessary."
					]
				}
			]
		},
		{
			"name": "Fifth Doctrine",
			"source": "CRB",
			"page": 119,
			"className": "Cleric",
			"classSource": "CRB",
			"subclassShortName": "Cloistered",
			"subclassSource": "CRB",
			"level": 15,
			"entries": [
				{
					"type": "pf2-h4",
					"page": 119,
					"name": "Cloistered Cleric",
					"entries": [
						"Your proficiency ranks for divine spell attack rolls and spell DCs increase to master."
					]
				}
			]
		},
		{
			"name": "Final Doctrine",
			"source": "CRB",
			"page": 119,
			"className": "Cleric",
			"classSource": "CRB",
			"subclassShortName": "Cloistered",
			"subclassSource": "CRB",
			"level": 19,
			"entries": [
				{
					"type": "pf2-h4",
					"page": 119,
					"name": "Cloistered Cleric",
					"entries": [
						"Your proficiency ranks for divine spell attack rolls and spell DCs increase to legendary."
					]
				}
			]
		},
		{
			"name": "Doctrine",
			"source": "CRB",
			"page": 120,
			"className": "Cleric",
			"classSource": "CRB",
			"subclassShortName": "Warpriest",
			"subclassSource": "CRB",
			"level": 1,
			"entries": [
				{
					"type": "pf2-h4",
					"page": 120,
					"name": "Warpriest",
					"entries": [
						"You have trained in the more militant doctrine of your church, focusing on both spells and battle."
					]
				}
			]
		},
		{
			"name": "First Doctrine",
			"source": "CRB",
			"page": 120,
			"className": "Cleric",
			"classSource": "CRB",
			"subclassShortName": "Warpriest",
			"subclassSource": "CRB",
			"level": 1,
			"entries": [
				{
					"type": "pf2-h4",
					"page": 120,
					"name": "Warpriest",
					"entries": [
						"You're trained in light and medium armor, and you have expert proficiency in Fortitude saves. You gain the {@feat Shield Block} general feat, a reaction to reduce damage with a shield. If your deity's weapon is simple, you gain the {@feat Deadly Simplicity} cleric feat. At 13th level, if you gain the divine defense class feature, you also gain expert proficiency in light and medium armor."
					]
				}
			]
		},
		{
			"name": "Second Doctrine",
			"source": "CRB",
			"page": 120,
			"className": "Cleric",
			"classSource": "CRB",
			"subclassShortName": "Warpriest",
			"subclassSource": "CRB",
			"level": 3,
			"entries": [
				{
					"type": "pf2-h4",
					"page": 120,
					"name": "Warpriest",
					"entries": [
						"You're trained in martial weapons."
					]
				}
			]
		},
		{
			"name": "Third Doctrine",
			"source": "CRB",
			"page": 120,
			"className": "Cleric",
			"classSource": "CRB",
			"subclassShortName": "Warpriest",
			"subclassSource": "CRB",
			"level": 7,
			"entries": [
				{
					"type": "pf2-h4",
					"page": 120,
					"name": "Warpriest",
					"entries": [
						"You gain expert proficiency with your deity's favored and unarmed attacks. When you critically succeed at an attack roll using your deity's favored weapon, you apply the weapon's critical specialization effect; use your divine spell DC if necessary."
					]
				}
			]
		},
		{
			"name": "Fourth Doctrine",
			"source": "CRB",
			"page": 120,
			"className": "Cleric",
			"classSource": "CRB",
			"subclassShortName": "Warpriest",
			"subclassSource": "CRB",
			"level": 11,
			"entries": [
				{
					"type": "pf2-h4",
					"page": 120,
					"name": "Warpriest",
					"entries": [
						"Your proficiency ranks for divine spell attack rolls and spell DCs increase to expert."
					]
				}
			]
		},
		{
			"name": "Fifth Doctrine",
			"source": "CRB",
			"page": 120,
			"className": "Cleric",
			"classSource": "CRB",
			"subclassShortName": "Warpriest",
			"subclassSource": "CRB",
			"level": 15,
			"entries": [
				{
					"type": "pf2-h4",
					"page": 120,
					"name": "Warpriest",
					"entries": [
						"Your proficiency rank for Fortitude saves increases to master. When you roll a success at a Fortitude save, you get a critical success instead."
					]
				}
			]
		},
		{
			"name": "Final Doctrine",
			"source": "CRB",
			"page": 120,
			"className": "Cleric",
			"classSource": "CRB",
			"subclassShortName": "Warpriest",
			"subclassSource": "CRB",
			"level": 19,
			"entries": [
				{
					"type": "pf2-h4",
					"page": 120,
					"name": "Warpriest",
					"entries": [
						"Your proficiency ranks for divine spell attack rolls and spell DCs increase to master."
					]
				}
			]
		}
	]
}
