{
	"background": [
		{
			"name": "Aiudara Seeker",
			"source": "AoA6",
			"page": 73,
			"traits": [
				"rare"
			],
			"entries": [
				"The {@i aiudara} of {@deity Alseta|LOGM}'s Ring have become more well known, and you are interested in learning more about them.",
				"Choose two ability boosts. One must be in Intelligence or Wisdom, and the other is a free ability boost.",
				"You're trained in the {@skill Arcana} skill and the {@skill Lore||Portal Lore} skill. You gain the {@feat Quick Identification} skill feat."
			],
			"boosts": [
				"Intelligence",
				"Wisdom",
				"Free"
			],
			"skills": [
				"Arcana"
			],
			"lore": [
				"Portal"
			],
			"feats": [
				"Quick Identification"
			]
		},
		{
			"name": "Hermean Heritor",
			"source": "AoA6",
			"page": 73,
			"traits": [
				"rare"
			],
			"entries": [
				"With the restrictions on Hermean citizenship lifted, you may have fled the city of Promise or have spent some of your childhood in the company of someone who did.",
				"Choose two ability boosts. One must be in Constitution or Wisdom, and the other is a free ability boost.",
				"You're trained in the {@skill Society} skill and the {@skill Lore||Legal Lore} skill. You gain the {@feat Multilingual} skill feat or the {@feat Assurance} skill feat for {@skill Society}."
			],
			"boosts": [
				"Constitution",
				"Wisdom",
				"Free"
			],
			"skills": [
				"Society"
			],
			"lore": [
				"Legal"
			],
			"feats": [
				"Multilingual"
			]
		},
		{
			"name": "Legendary Parents",
			"source": "AoA6",
			"page": 73,
			"traits": [
				"rare"
			],
			"entries": [
				"One or more of your parents (either biological or adoptive) were heroes of the Age of Ashes Adventure Path. Others tend to treat you with a bit more respect, or perhaps fear your connections to people of great power.",
				"Choose two ability boosts. One must be in Dexterity or Charisma, and the other is a free ability boost.",
				"You're trained in the {@skill Intimidation} skill and the {@skill Lore||Genealogy Lore} skill. You gain the {@feat Group Coercion} skill feat."
			],
			"boosts": [
				"Dexterity",
				"Charisma",
				"Free"
			],
			"skills": [
				"Intimidation"
			],
			"lore": [
				"Genealogy"
			],
			"feats": [
				"Group Coercion"
			]
		},
		{
			"name": "Touched By Dahak",
			"source": "AoA6",
			"page": 73,
			"traits": [
				"rare"
			],
			"entries": [
				"As the manifestation of {@deity Dahak|LOGM} was destroyed, a shard of the dragon god's wrathful nature infused you, resulting in a violent temper, strange apocalyptic dreams, an obsession with dragon hunting, or some other touch of his influence.",
				"Choose two ability boosts. One must be in Strength or Charisma, and the other is a free ability boost.",
				"You're trained in the {@skill Athletics} skill and the {@skill Lore||Dragon Lore} skill. You gain the {@feat Titan Wrestler} skill feat."
			],
			"boosts": [
				"Strength",
				"Charisma",
				"Free"
			],
			"skills": [
				"Athletics"
			],
			"lore": [
				"Dragon"
			],
			"feats": [
				"Titan Wrestler"
			]
		}
	]
}
