{
	"item": [
		{
			"name": "Wine of the Blood",
			"source": "DA",
			"page": 114,
			"type": "Item",
			"level": 5,
			"traits": [
				"rare",
				"consumable",
				"healing",
				"magical",
				"necromancy",
				"potion"
			],
			"price": {
				"amount": 30,
				"coin": "gp"
			},
			"usage": "held in 1 hand",
			"bulk": "L",
			"activate": {
				"activity": {
					"number": 1,
					"unit": "action"
				},
				"components": [
					"{@action Interact}"
				]
			},
			"category": "Potion",
			"entries": [
				"This wine, prepared using the blood of a creature with overwhelming vitality, soothes the body, mind, and spirit with a temporary sense of euphoria and rest. When you drink wine of the blood, you recover {@dice 2d10} Hit Points.",
				"Additionally, the wine attempts to counteract every negative {@trait emotion} effect affecting you, with a counteract level of 3 and a counteract modifier of +9. Lastly, you gain a +1 status bonus to all Will saves, or a +2 status bonus against {@trait emotion} effects, for 1 minute."
			]
		},
		{
			"name": "Dog-Bone Knife",
			"source": "DA",
			"page": 134,
			"type": "Item",
			"level": 5,
			"traits": [
				"uncommon",
				"abjuration",
				"magical"
			],
			"price": {
				"amount": 150,
				"coin": "gp"
			},
			"usage": "held in 1 hand",
			"bulk": 1,
			"category": "Held",
			"entries": [
				"The blade of this +1 striking dagger is made from the thigh bone of a canine that died in the act of protecting its master. A werecreature or other creature willingly under the effects of a non-permanent {@trait polymorph} effect damaged by a dog‑bone knife must attempt a DC 19 Will save or immediately revert to its natural form\u2014this has no effect on a creature unwillingly polymorphed. On a successful save, the creature is temporarily immune to this effect for 1 minute. Kushtakas and other creatures vulnerable to canines take a \u20132 circumstance penalty to saves against this effect, and this weapon overcomes any resistance such creatures have to physical attacks."
			]
		},
		{
			"name": "Compass of Transpositional Awareness",
			"source": "DA",
			"page": 153,
			"type": "Item",
			"level": 10,
			"traits": [
				"rare",
				"conjuration",
				"invested",
				"magical",
				"teleportation"
			],
			"price": {
				"amount": 950,
				"coin": "gp"
			},
			"usage": "held in 1 hand",
			"bulk": "L",
			"category": "Held",
			"entries": [
				"The silver face of this glass-encased compass is etched with dozens of esoteric symbols, obscure icons, and inscrutable abbreviations.",
				{
					"type": "ability",
					"activity": {
						"number": 1,
						"unit": "action"
					},
					"traits": [
						"concentrate"
					],
					"components": [
						"{@action Interact}"
					],
					"frequency": {
						"freq": 1,
						"unit": "minute"
					},
					"entries": [
						"You point the compass of transpositional awareness at an extant {@trait teleportation} effect (such as a magical portal) or the site of a {@trait teleportation} effect that existed within the last 1 minute (such as the space where a creature just cast {@spell dimension door}). Attempt an {@skill Occultism} check to determine to where the effect leads or led. The DC of this check is the effect's counteract DC. On a success, you know roughly the destination of the {@trait teleportation} effect (for example \"the Plane of Fire,\" \"north,\" or \"Avistan\"). On a critical success, you ascertain the exact destination within mere feet for local effects (such as dimension door) or within a few miles for long-range effects (such as teleport, plane shift, or interdimensional portals)."
					]
				},
				{
					"type": "ability",
					"activity": {
						"number": 1,
						"unit": "action"
					},
					"frequency": {
						"freq": 1,
						"unit": "day"
					},
					"entries": [
						"You use the compass of transpositional awareness to triangulate your current coordinates and the coordinates of your intended destination using teleportation magic. For 1 minute, whenever you cast a teleportation spell that has a range, increase that spell's range by 30 feet. If the spell normally has a range of touch, extend its range to 30 feet."
					]
				}
			]
		},
		{
			"name": "Conrasu Coin",
			"source": "DA",
			"page": 154,
			"type": "Item",
			"level": "3+",
			"traits": [
				"uncommon",
				"consumable",
				"magical",
				"talisman"
			],
			"usage": "affixed to armor",
			"bulk": "\u2014",
			"activate": {
				"activity": {
					"number": 1,
					"unit": "free"
				},
				"components": [
					"envision"
				],
				"trigger": "varies, see entry"
			},
			"category": "Talisman",
			"entries": [
				"These wooden discs sometimes form spontaneously at the Wood Pile, a secret conrasu location suffused with extraplanar energy. A conrasu coin can be activated to call upon the power of a specific type of aeon."
			],
			"generic": "G",
			"variants": [
				{
					"name": "arbiter",
					"level": 3,
					"price": {
						"amount": 7,
						"coin": "gp"
					},
					"activate": {
						"activity": {
							"number": 1,
							"unit": "free"
						},
						"components": [
							"envision"
						],
						"trigger": "You attempt a {@skill Diplomacy} check to {@action Make an Impression}."
					},
					"entries": [
						"This coin has small wings like an arbiter, the messenger and diplomat aeon. When you activate the coin, you gain a +2 circumstance bonus on the {@skill Diplomacy} check, which increases to a +3 circumstance bonus to {@action Make an Impression} on a lawful creature."
					],
					"variantType": "arbiter"
				},
				{
					"name": "bythos",
					"level": 10,
					"price": {
						"amount": 200,
						"coin": "gp"
					},
					"activate": {
						"activity": {
							"number": 1,
							"unit": "free"
						},
						"components": [
							"envision"
						],
						"trigger": "You're targeted with an attack but the opponent hasn't rolled yet."
					},
					"entries": [
						"This cog-like coin bears an hourglass on one side and the four-armed silhouette of a bythos\u2014aeons that steward over time\u2014on the other. When activated, you catch a glimpse of your body moving on one of its potential timelines in response to danger and you follow those movements to dodge. You gain a +2 circumstance bonus to AC against the attack, and after resolving the attack, you can {@action Stride} up to 10 feet without triggering reactions. If you have the Nimble Roll feat and the attack misses, you can {@action Stride} up to 20 feet instead."
					],
					"variantType": "bythos"
				}
			]
		},
		{
			"name": "Book of Lost Days",
			"source": "DA",
			"page": 160,
			"type": "Item",
			"level": 15,
			"traits": [
				"unique",
				"cursed",
				"enchantment",
				"magical"
			],
			"usage": "held in 2 hands",
			"bulk": 1,
			"category": "Held",
			"entries": [
				"This massive tome's yellowed pages curl at the edges, and the letters on its face and spine are too worn to be read. When you open the book, it always opens to a page that seems to perfectly answer the question you had in mind, but reading more than a few lines causes your head to swim alarmingly.",
				{
					"type": "ability",
					"activity": {
						"number": 1,
						"unit": "hour"
					},
					"components": [
						"envision",
						"{@action Interact}"
					],
					"requirements": "You aren't {@condition drained}",
					"entries": [
						"You open the book while trying to learn information about any topic.",
						"The Book of Lost Days permits you to view another's memory, which contains information about that subject commensurate to rolling a total of 40 to {@action Recall Knowledge} about the topic, with additional context provided on a success or critical success.",
						"The price for this knowledge is the memory of a day in your past, and the vitality of a day in your future. You lose the memory of that day completely, and the total of all the knowledge you learned on that date is added to the book's repository of information. The book, not you, chooses which memories are taken, preferring days with concentrated emotional resonance, and thus tends to steal significant life moments. This loss affects only your memories; it has no effect on your level, class, feats, or other character choices.",
						"Your natural lifespan is also shortened by 1 day. The loss of this life energy causes you to be {@condition drained||drained 2}. You can't reduce the {@condition drained} condition for 2 days, after which you can recover normally from the condition.",
						"Creatures have occasionally managed to use the Book of Lost Days not to gain others' knowledge but to wipe their minds clean of painful memories or deadly secrets. Their memories aren't destroyed but merely stored in the book, where someone else might later retrieve them."
					]
				}
			]
		},
		{
			"name": "Calamity Glass",
			"source": "DA",
			"page": 160,
			"type": "Item",
			"level": 11,
			"traits": [
				"cursed",
				"divination",
				"magical",
				"scrying"
			],
			"usage": "held in 1 hand",
			"bulk": "L",
			"category": "Held",
			"entries": [
				"This mirror appears to give warnings about the future, but subtle and malevolent hands designed the silver-framed glass to lure heroes into bringing doom upon those they hope to save.",
				{
					"type": "ability",
					"activity": {
						"number": 1,
						"unit": "minute"
					},
					"components": [
						"envision",
						"{@action Interact}"
					],
					"frequency": {
						"freq": 1,
						"unit": "week"
					},
					"entries": [
						"You activate the calamity glass and obtain a vision related to a likely action or event within the next 48 hours. The calamity glass decides what vision to show, though if you think about a specific event, the vision is typically at least tangentially related.",
						"No matter what, the mirror shows only tragedies. The mirror's visions are accurate but misleading, as they depict tragedies that could be averted but in so doing might lead to greater suffering.",
						"For example, a calamity glass might show a family starving as the result of harbor officials turning away a boatload of improperly documented grain. Without intervention, this future will come to pass.",
						"What the mirror didn't show is the grain was improperly labeled and carelessly stored, resulting in its contamination with poisonous mold capable of killing hundreds. Purifying and then distributing the grain would avert both the calamity glass's vision and the greater suffering its curse attempted to create."
					]
				}
			]
		},
		{
			"name": "Gift of the Poisoned Heart",
			"source": "DA",
			"page": 160,
			"type": "Item",
			"level": 16,
			"traits": [
				"rare",
				"consumable",
				"cursed",
				"evil",
				"magical",
				"necromancy"
			],
			"usage": "held in 1 hand",
			"bulk": "\u2013",
			"activate": {
				"activity": {
					"number": 1,
					"unit": "minute"
				},
				"components": [
					"command",
					"{@action Interact}"
				]
			},
			"category": "Consumable",
			"entries": [
				"Those who fail to see the curse view this object as a priceless gift, capable of restoring life to the deceased, but deep in the heart of this diamond lies a single flaw: a fissured occlusion of sickly, tainted red. To activate the diamond, place it on the relatively intact body of a creature that died within the past year. The stone shatters, restoring the recipient to life with the effects of a successful resurrect ritual, except there is no limit to the level of the creature that may be revived.",
				"This gift of life comes with a terrible cost: the recipient believes you\u2014and anyone else who aided in the resurrection\u2014 deliberately caused their death and revived them only in furtherance of some nefarious scheme. Having a proxy activate the gift of the poisoned heart is of no use, as the item's magic sniffs out all coconspirators and uses your attempt to avoid the drawback to feed the resurrected creature's paranoia.",
				"No amount of information or persuasion can alleviate this mistrust, as the cursed creature twists the facts endlessly to fit their delusion. Only magic such as remove curse can neutralize this effect, and the subject resists any attempt to alter their beliefs by magic."
			]
		},
		{
			"name": "Golden Goose",
			"source": "DA",
			"page": 160,
			"type": "Item",
			"level": 11,
			"traits": [
				"cursed",
				"evil",
				"magical",
				"transmutation"
			],
			"usage": "held in 2 hands",
			"bulk": "L",
			"category": "Held",
			"entries": [
				"This life-sized, hollow, golden goose statuette has an open, fanged mouth and an unsettling aura of hunger. Fiends sometimes present it as a gift to mortals whose greed makes them susceptible to temptation. While the golden goose can be used without malice, those who possess such a thing often find its glittering lure erodes their morals over time.",
				{
					"type": "ability",
					"components": [
						"{@action Interact}"
					],
					"frequency": {
						"freq": 1,
						"unit": "day"
					},
					"entries": [
						"You feed the Archive goose the warm, still-bloody heart of any sapient, non-evil creature who died within the past hour. The golden goose's eyes flare red as it chews the heart into pulp. Once the heart is destroyed, the goose lays a golden egg worth 50 gp, or 100 gp if you murdered the creature for no reason other than to feed the goose.",
						"After 12 such eggs are laid, the next time you activate the golden goose, it transmutes your heart to gold. This effect functions as flesh to stone, with a DC 30 Fortitude save to resist. If you become {@condition petrified}, you turn to solid, transparent stone. Your heart becomes a golden egg worth 100 gp, which can be retrieved only by shattering your body. Whether or not you turn to stone, the golden goose dissipates with a honk into sulfurous smoke."
					]
				}
			]
		},
		{
			"name": "Mistranslator's Draft",
			"source": "DA",
			"page": 161,
			"type": "Item",
			"level": 9,
			"traits": [
				"consumable",
				"cursed",
				"divination",
				"magical",
				"potion"
			],
			"usage": "held in 1 hand",
			"bulk": "L",
			"activate": {
				"activity": {
					"number": 1,
					"unit": "action"
				},
				"components": [
					"{@action Interact}"
				]
			},
			"category": "Potion",
			"entries": [
				"A pickled lizard's tongue, tied into a knot, floats in this oily potion. When you drink it, you can speak and understand all spoken (but not written) languages for 1 hour. However, if you attempt to translate any spoken language, your translation is always erroneous in a way likely to cause substantial confusion or anger, typically reducing the listener's attitude toward you by one step. You aren't aware of your error, and any attempt to correct the mistake only compounds it."
			]
		},
		{
			"name": "Ring of Sneering Charity",
			"source": "DA",
			"page": 161,
			"type": "Item",
			"level": 7,
			"traits": [
				"cursed",
				"enchantment",
				"invested",
				"magical"
			],
			"usage": "worn ring",
			"bulk": "\u2013",
			"category": "Worn",
			"entries": [
				"This gold ring seems to offer good fortune to the wearer when they are charitable to those in need, but its curse was created to tear societies apart by inflaming class resentments and discrediting good works of true charity.",
				"Upon donning the ring, you must attempt a secret DC 25 Will save to avoid activating its magic. If you succeed, the ring's curse remains dormant, and it appears to be an exhausted item with no magic left. If you fail, the curse awakens, and the ring fuses to you.",
				"You are compelled to spend 10% of your wealth\u2014and 10% of any future wealth you obtain\u2014on charity. However, your acts of charity are insensitive and so insulting that they earn the recipients' enmity. For example, upon learning someone lost a child, you might toss money at them \"to buy a new one. \" You can't understand why your gifts aren't met with gratitude and resent the unappreciative recipients, and you firmly believe you should be able to call upon them for favors. You consider yourself an ideal philanthropist, and you constantly try to ingratiate yourself with other charitable organizations and individuals by offering to guide their donations to be more like your own."
			]
		},
		{
			"name": "Rose of Loves Lost",
			"source": "DA",
			"page": 161,
			"type": "Item",
			"level": 10,
			"traits": [
				"consumable",
				"cursed",
				"enchantment",
				"evil",
				"magical"
			],
			"usage": "held in 1 hand",
			"bulk": "L",
			"activate": {
				"activity": {
					"number": 1,
					"unit": "action"
				},
				"components": [
					"{@action Interact}"
				]
			},
			"category": "Consumable",
			"entries": [
				"No thorns are visible on this ruby-red crystal rose, which seems to grant a boon to a loved one, but it draws three beads of blood when first bestowed upon an unwitting recipient. Hags delight in using the rose's curse to ruin young lovers, but it can be found anywhere\u2014even buried innocently in a treasure hoard.",
				"You activate the rose of loves lost by giving it to someone toward whom you feel romantic attraction. This item functions only if you feel genuine attraction and desire, and it doesn't function if you know the item's curse. If the target accepts the gift, they must succeed at a DC 27 Will save with the effects of charm, except the duration is unlimited. Every 24 hours, the victim attempts another Will save to break the spell. If they fail three consecutive Will saves, they become {@condition doomed||doomed 1}, as the rose inflicts a lethal wasting disease upon the recipient. This value can't decrease while the curse continues. Instead, it worsens every 3 days the victim fails to break the rose's spell, until the victim either dies or shakes off the enchantment. A successful saving throw or remove curse ends the charm and enables the victim to begin decreasing their {@condition doomed} value."
			]
		},
		{
			"name": "Tablet of Chained Souls",
			"source": "DA",
			"page": 161,
			"type": "Item",
			"level": 8,
			"traits": [
				"cursed",
				"magical",
				"necromancy"
			],
			"usage": "held in 2 hands",
			"bulk": "L",
			"category": "Held",
			"entries": [
				"Half-formed, unreadable runes drift across this weathered stone tablet, which resembles a tombstone too eroded to be legible. Created by a long-dead order of scholars dedicated to {@deity Pharasma}, the tablet of chained souls can be a powerful tool in laying uneasy spirits to rest, but its magic exacts a heavy cost.",
				{
					"type": "ability",
					"activity": {
						"number": 3,
						"unit": "action"
					},
					"components": [
						"envision",
						"{@action Interact}"
					],
					"entries": [
						"You present the tablet to a ghost, or lay it on a haunted site. The tablet's words resolve into a cryptic but accurate clue about the unfinished business that keeps this spirit from rest. Upon reading the tablet's words, you are subject to a geas that requires you to right that wrong and lay the ghost to rest. If you die without completing the task, you become a ghost, cursed to remain until another recovers the tablet and discharges your duty"
					]
				}
			]
		},
		{
			"name": "Taleteller's Ring",
			"source": "DA",
			"page": 161,
			"type": "Item",
			"level": 9,
			"traits": [
				"cursed",
				"enchantment",
				"invested",
				"magical"
			],
			"usage": "worn ring",
			"bulk": "\u2013",
			"category": "Worn",
			"entries": [
				"Smiling faces are inscribed about this silver band. You become a fluent weaver of fictions, gaining a +2 item bonus to {@skill Deception} checks to {@action Lie}, {@skill Deception} DCs against {@action Sense Motive}, and {@skill Performance} checks for storytelling. Whenever you're under suspicion or being questioned by an authority figure, you find yourself compulsively spinning absurd, tall tales that are so unconvincing that they make you look guilty even when you're innocent. The ring's bonuses vanish, and any listener can quickly determine you're lying. Nevertheless, you're completely unable to be honest in such situations."
			]
		},
		{
			"name": "Bottomless Purse",
			"source": "DA",
			"page": 164,
			"type": "Item",
			"level": 8,
			"traits": [
				"rare",
				"contract",
				"invested",
				"magical"
			],
			"category": "Contract",
			"entries": [
				"With a handshake, you traded future wealth for a bottomless purse of gems and other valuables. Using the purse, you can always sell items for their normal sell value during downtime, even if you aren't anywhere near a settlement. You just put them into the purse, and within a day, the proper sale price appears in coins and gems. Once per day, from any distance, the entity that holds your bargained contract automatically sells a common consumable item in your possession, giving you back only half the normal amount for a sold item.",
				{
					"type": "ability",
					"activity": {
						"number": 2,
						"unit": "action"
					},
					"components": [
						"envision",
						"command"
					],
					"frequency": {
						"freq": 1,
						"unit": "day"
					},
					"entries": [
						"You deposit up to 30 gp of gems and coins in a separate pouch of the bottomless purse while thinking of a common consumable item costing that amount of money.",
						"You then upend the pouch. The item you envisioned comes tumbling out into your hand."
					]
				}
			]
		},
		{
			"name": "Cryolite Eye",
			"source": "DA",
			"page": 164,
			"type": "Item",
			"level": 6,
			"traits": [
				"rare",
				"contract",
				"invested",
				"magical"
			],
			"category": "Contract",
			"entries": [
				"You tore your eye from the socket and offered it to whatever spirit would take it. In return, you received a glass eye in its place.",
				"This eye allows you to see as normal, and when you succeed at a {@skill Perception} check against an illusion, you get a critical success instead. Once per day, from any distance, the entity that holds your bargained contract can overwhelm your cryolite eye with magical energy, causing images to float over your vision that inflict the {@condition dazzled} condition on you for 1 minute.",
				{
					"type": "ability",
					"activity": {
						"number": 2,
						"unit": "action"
					},
					"components": [
						"command"
					],
					"frequency": {
						"freq": 1,
						"unit": "day"
					},
					"entries": [
						"You look through the glass eye sealing your bargained contract. The contract casts see invisibility affecting you."
					]
				}
			]
		},
		{
			"name": "Hand-Hewed Face",
			"source": "DA",
			"page": 164,
			"type": "Item",
			"level": 7,
			"traits": [
				"rare",
				"contract",
				"invested",
				"magical"
			],
			"category": "Contract",
			"entries": [
				"At the crossroads under a new moon, you traded your face for one that you can mold as though it were clay, sealed with a ribbon worn around your neck to hide the seam. Your true appearance changes to that of a generic member of your ancestry. You can shape your facial features with your hands and thus don't need a disguise kit to {@action Impersonate}, and you don't take circumstance penalties to {@action Impersonate} someone due to the difference in your facial features. Once per day, from any distance, the entity that holds your bargained contract can change their appearance to match your appearance from before you sealed the contract, or the appearance you are currently using through {@action Impersonate}. When they do, your face transforms to your new true appearance, that of a generic member of your ancestry, and you become {@condition stunned||stunned 3} by the sudden backlash.",
				{
					"type": "ability",
					"activity": {
						"number": 2,
						"unit": "action"
					},
					"components": [
						"{@action Interact}"
					],
					"requirements": "You have used {@action Impersonate} and molded your face into a different face",
					"entries": [
						"You peel your current face from your skin, revealing the true generic appearance from your bargained contract. Archive This allows you to duck out of sight and remove the facial component of your disguise almost immediately, though clothing or other elements might still give you away."
					]
				}
			]
		},
		{
			"name": "Key to the Stomach",
			"source": "DA",
			"page": 165,
			"type": "Item",
			"level": 9,
			"traits": [
				"rare",
				"contract",
				"invested",
				"magical"
			],
			"category": "Contract",
			"entries": [
				"Whether due to the inconvenience of having a physical body or the desperation of impending starvation, you were drawn to a person offering relief from hunger. You swallowed a key, which remains in your stomach, that continuously satiates you. You no longer need to eat or drink. Once per day, from any distance, the entity that holds your bargained contract can have the key sealing your bargained contract absorb all items in your stomach, which prevents you from benefiting from items that require you to eat or drink them, such as potions and elixirs, for 10 minutes.",
				"During this time, the entity gains the benefits of these items instead.",
				{
					"type": "ability",
					"activity": {
						"number": 2,
						"unit": "action"
					},
					"components": [
						"command"
					],
					"frequency": {
						"freq": 1,
						"unit": "day"
					},
					"entries": [
						"You absorb any poisons with the key sealing your bargained contract. You gain the benefits of a casting of neutralize poison."
					]
				}
			]
		},
		{
			"name": "Lost Ember",
			"source": "DA",
			"page": 165,
			"type": "Item",
			"level": 10,
			"traits": [
				"rare",
				"contract",
				"invested",
				"magical"
			],
			"category": "Contract",
			"entries": [
				"Sealed with a vial containing the ashes from your childhood home, you traded the memories of your early life to stay focused on the present, allowing you to avoid distractions during combat. Once per day, from any distance, the entity that holds your bargained contract can take one of your memories.",
				"This functions as a casting of modify memory that doesn't grant you a saving throw and can't be reversed by any means without stealing the memory back first.",
				{
					"type": "ability",
					"activity": {
						"number": 1,
						"unit": "free"
					},
					"components": [
						"command"
					],
					"frequency": {
						"freq": 1,
						"unit": "day"
					},
					"trigger": "You start your turn {@condition flat-footed} or {@condition confused}",
					"entries": [
						"A speck of ash from the vial sealing your bargained contract appears out of nowhere on your tongue, bringing your senses into focus. You suppress the {@condition flat-footed} or {@condition confused} condition until the start of your next turn. You can use this free action when you are {@condition confused}, even though you normally can't take actions of your choice when {@condition confused}."
					]
				}
			]
		},
		{
			"name": "Stone of Unrivaled Skill",
			"source": "DA",
			"page": 165,
			"type": "Item",
			"level": 17,
			"traits": [
				"rare",
				"contract",
				"invested",
				"magical"
			],
			"category": "Contract",
			"entries": [
				"You traded your senses to a hag for unrivaled expertise stolen from various souls who were once the greatest in their field.",
				"Your bargained contract is sealed by sleeping with a pitch-black stone under your pillow every night. Choose one skill when you seal this bargained contract. You become an expert in that skill; if you were already an expert, you become a master, and if you were already a master, you become legendary. Once per day, from any distance, the hag that holds your contract can take over your senses for 10 minutes, during which time the hag hears, sees, smells, tastes, and feels everything you would typically experience. During this time, you are {@condition dazzled} by your own disjointed senses.",
				{
					"type": "ability",
					"activity": {
						"number": 2,
						"unit": "action"
					},
					"components": [
						"command"
					],
					"frequency": {
						"freq": 1,
						"unit": "day"
					},
					"entries": [
						"You place the stone sealing your bargained contract in your mouth. For the next 10 minutes, you gain a +3 status bonus to skill checks using the skill you chose for your contract."
					]
				}
			]
		},
		{
			"name": "Vial of the Immortal Wellspring",
			"source": "DA",
			"page": 165,
			"type": "Item",
			"level": 20,
			"traits": [
				"rare",
				"contract",
				"invested",
				"magical"
			],
			"category": "Contract",
			"entries": [
				"At a wellspring, you gave your blood to a force of nature and received a vial from the wellspring's heart in return. Once per 10 minutes, when your {@condition dying} value would increase above 3, you instead become {@condition unconscious} and are no longer {@condition dying}; this doesn't prevent you from being killed by {@trait death} effects or the {@condition doomed} condition. Once per day, from any distance, the entity that holds your bargained contract can possess you and control your actions, leaving you unaware of what goes on. This possession automatically succeeds, regardless of any countermeasures you might take. Normally this lasts for only 1 round if during an encounter, or no longer than a few minutes during exploration. However, the more you rely on the power of the wellspring's heart to survive death, the longer it can possess you the next time it chooses to do so, doubling the amount of time with each use, to a maximum duration of 1 day. Once the entity possesses you, this duration resets.",
				{
					"type": "ability",
					"activity": {
						"number": 2,
						"unit": "action"
					},
					"components": [
						"command"
					],
					"frequency": {
						"freq": 1,
						"unit": "day"
					},
					"entries": [
						"You drink from the vial of water that seals your bargained contract. You gain the effects of a 9th-level, 2-action {@spell heal} spell."
					]
				}
			]
		},
		{
			"name": "Self-Emptying Pocket",
			"source": "DA",
			"page": 165,
			"type": "Item",
			"level": 9,
			"traits": [
				"rare",
				"contract",
				"invested",
				"magical"
			],
			"category": "Contract",
			"entries": [
				"You never perform to an empty crowd after promising any profits to a phantom in a playhouse, sealed by holes that appear in your pockets. By meeting with the attendees at your events, you can use {@skill Performance} instead of {@skill Diplomacy} to {@action Gather Information}. When you would use {@skill Performance} to {@action Earn Income}, you don't earn any gold pieces, as the money disappears before you can even count it.",
				"The entity that holds your bargained contract can influence your reception any time you perform for a crowd or Activate the pocket. If they influence your performance favorably, you gain a +2 item bonus to your {@skill Performance} check. If they influence your performance unfavorably, you gain a -2 item penalty to your {@skill Performance} check. If you've failed to earn the entity money in quite a while, it typically influences your performance unfavorably.",
				{
					"type": "ability",
					"activity": {
						"number": 2,
						"unit": "action"
					},
					"components": [
						"command",
						"envision"
					],
					"frequency": {
						"freq": 1,
						"unit": "day"
					},
					"entries": [
						"You exercise all of your charm on a creature, turning a chance meeting into an impromptu performance that commands attention. Attempt a single {@skill Performance} check against the {@skill Perception} DC of the creature. On a success, the creature is affected as though by a successful {@skill Deception} check to {@action Create a Diversion}. The entity that holds your contract can influence this performance as well."
					]
				}
			]
		},
		{
			"name": "Horn of the Aoyin",
			"source": "DA",
			"page": 115,
			"type": "Item",
			"level": 13,
			"traits": [
				"rare",
				"cursed",
				"enchantment",
				"magical"
			],
			"usage": "held in 2 hands",
			"bulk": 1,
			"category": "Held",
			"entries": [
				"This musical instrument is crafted from the horn of an aoyin\u2014a large, cannibalistic beast whose form resembles an ox with a white body, four horns, and hair as coarse as straw\u2014and carved with fell symbols. If the horn of the aoyin's owner doesn't use the instrument's activation on sapient creatures at least once a day, the horn of the aoyin activates at some point of its own choosing on the owner, and the owner critically fails with no saving throw.",
				{
					"type": "ability",
					"activity": {
						"number": 2,
						"unit": "action"
					},
					"components": [
						"{@action Interact}"
					],
					"traits": [
						"auditory",
						"emotion",
						"enchantment",
						"incapacitation",
						"magical",
						"mental"
					],
					"requirements": "You're trained in {@skill Performance}",
					"frequency": {
						"freq": 1,
						"unit": "hour"
					},
					"entries": [
						"You blow the horn, creating a low growling sound.",
						"Creatures other than you within 60 feet must attempt a DC 30 Will save. Those who fail become overwhelmed with an animalistic rage and the urge to consume flesh for 1 round, or 1 minute on a critical failure. They indiscriminately attack the nearest target unaffected by the magic of the horn unless there are no such targets, at which point they set on each other. While affected, they gain a jaws unarmed attack that deals {@damage 1d8} piercing damage, deal an additional 2 damage with unarmed attacks, and lose the ability to use any weaponry. They also gain a +2 status bonus to saving throws against {@trait mental} effects and pain, can detect bleeding creatures and open wounds as an imprecise sense with a range of 30 feet, and gain a +10- foot status bonus to their Speed. Lastly, they take a \u20131 penalty to AC and are unable to use concentrate actions other than Seeking. Creatures who critically succeed are temporarily immune for 24 hours."
					]
				}
			],
			"craftReq": [
				"A horn of the aoyin can be crafted only from a single aoyin horn. {@skill Crafting} this object must be undertaken using tools soaked in the wielder's blood."
			]
		},
		{
			"name": "Society Portrait",
			"source": "DA",
			"page": 78,
			"type": "Item",
			"level": 6,
			"traits": [
				"uncommon",
				"divination",
				"magical"
			],
			"access": "Member of a secret society",
			"price": {
				"amount": 210,
				"coin": "gp"
			},
			"bulk": 1,
			"category": "Other",
			"entries": [
				"These large portraits are commonly commissioned by secret societies to display their current member ranks, and to protect against members who would break their vows to keep their secrets. Each member being painted gives their consent to be traced by the portrait, and they agree to keep their vows for as long as their membership stands or until death, whichever comes first. This consent can be transferred to a new portrait if one is needed once the society expands, without needing another confirmation.",
				"Should a member betray the secrets of their society, their image in the society portrait changes within 10 minutes, altering the image of the member by spelling out \"TRAITOR\" across their form. It provides no details on the specifics of the betrayal. The traitor can attempt a DC 30 Will save or {@skill Deception} check at the time they betrayed a secret to avoid the portrait revealing their treachery. The traitorous scrawl can be counteracted by dispel magic targeted at the portrait (counteract DC 20, counteract level of 3)."
			]
		},
		{
			"name": "Old Tillimaquin",
			"source": "DA",
			"page": 63,
			"hasFluff": true,
			"type": "Item",
			"level": 12,
			"traits": [
				"unique",
				"enchantment",
				"magical"
			],
			"price": {
				"amount": 2000,
				"coin": "gp"
			},
			"bulk": 3,
			"category": "Other",
			"entries": [
				"This beloved tavern mascot is a shabby old stuffed beast mounted on an immense slab of ironwood. The beast is roughly the size and shape of a wolverine but with a broader snout, blue stripes along its upper legs and bristled back, and a club of spiked bone at the end of its long tail. No one can recall where Old Tillimaquin originally came from, how the taxidermic beast came to stand in its tavern, or even whether it's a genuine article. The tradition of rubbing its bronzed claws for good luck has been {@condition observed} for so long that the front claws are worn to stubs. Local belief holds that as long as Old Tillimaquin stands, neither fire nor flood will claim its town.",
				{
					"type": "ability",
					"activity": {
						"number": 0,
						"unit": "varies",
						"entry": "Interact"
					},
					"traits": [
						"divination",
						"fortune",
						"occult"
					],
					"frequency": {
						"freq": 1,
						"unit": "month"
					},
					"entries": [
						"You rub Old Tillimaquin's bronzed claws for good luck before setting out on a task that might benefit the town. You can reroll a single failed saving throw within the next 24 hours, but you must take the second result, even if it's worse than your original result. Each person who rubs the claws can benefit only once per month, but there's no limit to how many people can draw on Old Tillimaquin's luck."
					]
				}
			]
		},
		{
			"name": "Baleblood Draft",
			"source": "DA",
			"hasFluff": true,
			"page": 62,
			"type": "Item",
			"level": 10,
			"traits": [
				"rare",
				"alchemical",
				"consumable",
				"elixir"
			],
			"price": {
				"amount": 155,
				"coin": "gp"
			},
			"usage": "held in 1 hand",
			"bulk": "L",
			"activate": {
				"activity": {
					"number": 1,
					"unit": "action"
				},
				"components": [
					"{@action Interact}"
				]
			},
			"category": "Elixir",
			"entries": [
				"This vial of murky, acrid-smelling liquid is derived from a blend of strange blood, typically coming from aberrations and cryptids. It has no special properties when used alone, but if you drink one shortly before drinking an alchemical elixir, you enhance the elixir's duration. Many tales of mysterious cryptids are actually based on encounters with people suffering the aftereffects of such concoctions. After drinking a baleblood draft, the next elixir you drink within 1 minute that has a duration of at least 1 minute and at most 1 hour has its duration extended by 50% (so a lesser cheetah's elixir lasts for a minute and a half instead of 1 minute). However, after pairing baleblood draft with another elixir, you suffer an eerie side effect for 1 week. This side effect never causes serious harm, although it might be inconvenient and is always ominous in appearance. All elixirs made in the same batch cause the same side effect. Drinking another draft with the same side effect extends the side effect's duration by another week, and drinking one with a different side effect causes you to suffer both effects simultaneously."
			]
		},
		{
			"name": "Chaos Collar",
			"source": "DA",
			"page": 62,
			"type": "Item",
			"level": 5,
			"hasFluff": true,
			"traits": [
				"companion",
				"invested",
				"primal",
				"transmutation"
			],
			"price": {
				"amount": 125,
				"coin": "gp"
			},
			"usage": "worn collar",
			"bulk": "L",
			"category": "Companion",
			"entries": [
				"This unobtrusive collar is made to hide beneath an animal's fur or blend in against scaled skin. It's most often used by unscrupulous trophy hunters hoping to make a name for themselves by defeating threats they artificially created, using hapless animals as pawns.",
				"A chaos collar fuses to its animal bearer the first time it's clasped around the creature's neck. Three nights per month, it transforms the animal into the form of a terrifying monster. The appearance is the same size as the original animal and doesn't change the animal's statistics, but it's always something new, horrifying, and unique to that particular chaos collar. The transformation lasts from dusk until dawn, and it occurs with complete randomness throughout the month.",
				"An animal slain while wearing a chaos collar remains in the form it had at the time of its death. Once its bearer dies, the collar transforms into a scrap of dirty string and falls off, where the unscrupulous hunter can collect and use it again."
			]
		},
		{
			"name": "Chimera Thread",
			"source": "DA",
			"page": 62,
			"type": "Item",
			"level": 4,
			"hasFluff": true,
			"traits": [
				"consumable",
				"magical",
				"transmutation"
			],
			"price": {
				"amount": 15,
				"coin": "gp"
			},
			"activate": {
				"activity": {
					"number": 10,
					"unit": "minute"
				},
				"components": [
					"{@action Interact}"
				]
			},
			"category": "Consumable",
			"entries": [
				"This multicolored skein is twisted together from strands of many different materials. When used to stitch together pieces from the carcasses of two or more animals, it fuses them into a single intact carcass of an outlandish-looking monster with characteristics of the component species. The thread disappears, leaving no obvious seams and smoothing the transition between the parts of the creatures."
			]
		},
		{
			"name": "Cloak of the False Foe",
			"source": "DA",
			"page": 62,
			"type": "Item",
			"level": 12,
			"hasFluff": true,
			"traits": [
				"invested",
				"primal",
				"transmutation"
			],
			"price": {
				"amount": 1850,
				"coin": "gp"
			},
			"usage": "worn cloak",
			"bulk": "L",
			"category": "Worn",
			"entries": [
				"Images of strange animals and distorted figures are woven into this coarse, fur-lined cloak.",
				{
					"type": "ability",
					"activity": {
						"number": 0,
						"unit": "varies",
						"entry": "Interact"
					},
					"traits": [
						"polymorph",
						"primal",
						"transmutation"
					],
					"frequency": {
						"freq": 1,
						"unit": "day"
					},
					"entries": [
						"The cloak rises to envelop your head and body, reshaping your appearance into that of a locally feared cryptid. If there is no such figure in local lore, the cloak of the false foe instead alters your appearance into a form imagined by the crafter of the cloak. One choice that occurs with disturbing frequency is a gaunt figure with triple-jointed fingers; an eyeless, hairless head with a lamprey mouth in the center of its face; and stubby tentacles waving down its neck. The transformation also grants the effects of either a 3rd-level {@spell humanoid form} spell that lasts for 1 hour if you turn into a Medium cryptid, or a 5th-level {@spell humanoid form} spell that lasts for 10 minutes if you turn into a Large cryptid.",
						"While you're in cryptid form, any wounds left by your spells and Strikes appear to be the result of the cryptid's unarmed attacks and special abilities to a casual inspection. This doesn't alter the actual damage type inflicted or the effects of such attack. Someone closely studying the wounds can, with a successful DC 30 {@skill Medicine} check, realize that magic has altered the appearance of the injuries."
					]
				}
			]
		},
		{
			"name": "Hoax-Hunter's Kit",
			"source": "DA",
			"page": 63,
			"type": "Item",
			"level": 3,
			"traits": [
				"uncommon"
			],
			"price": {
				"amount": 50,
				"coin": "gp"
			},
			"usage": "held in 2 hands",
			"bulk": 1,
			"category": "Held",
			"entries": [
				"This wooden box unfolds into a stack of hinged trays holding calipers, magnifying lenses, acids and reagents, comparison sketches of species commonly mistaken for one another, and glass slides for specimen testing. When you use this kit to study accounts of a creature or what it left behind (such as spoor, tracks, or fur samples), you gain a +1 item bonus to {@action Recall Knowledge} about the creature or to {@action Track} the creature.",
				"In addition, if you fail to {@action Recall Knowledge} about the creature (but don't critically fail), you're able to eliminate at least one possibility of a common type of animal. For instance, you might be able to verify the creature isn't an owlbear, even if you get no further information."
			]
		},
		{
			"name": "Sampling Ammunition",
			"source": "DA",
			"page": 63,
			"type": "Item",
			"level": 5,
			"traits": [
				"consumable",
				"magical",
				"necromancy"
			],
			"price": {
				"amount": 22,
				"coin": "gp"
			},
			"ammunition": [
				"arrow",
				"bolt"
			],
			"category": "Consumable",
			"entries": [
				"The head of this arrow or bolt is a pointed glass cylinder with a hollow core. Upon hitting a corporeal creature, sampling ammunition captures a small portion of the target's skin, blood, and flesh. The sample falls to the ground below wherever the creature was hit. This sample is sealed and magically preserved inside its chamber, although it deteriorates normally once the cylinder is opened. Sampling ammunition can't collect samples from creatures made entirely of metal, stone, or other hard substances."
			]
		},
		{
			"name": "Swirling Sand",
			"source": "DA",
			"page": 72,
			"type": "Item",
			"level": 7,
			"traits": [
				"rare",
				"catalyst",
				"consumable",
				"magical"
			],
			"price": {
				"amount": 52,
				"coin": "gp"
			},
			"usage": "held in 1 hand",
			"bulk": "L",
			"activate": {
				"components": [
					"{@action Cast a Spell}"
				]
			},
			"category": "Consumable",
			"entries": [
				"Swirling sand carries a faint trace of strange compulsions from the helical sand spire near Beachcomber. Adding this catalyst to a {@spell suggestion} spell implants a strange compulsion in one target of the spell. The target creature must spin counterclockwise at the end of its turn if it didn't take a move action that turn. This spin is a free action that has the {@trait move} trait. This effect lasts for 3 rounds on a success, failure, or critical failure against suggestion (even if the target completes its suggestion in fewer rounds); a target that critically succeeds against suggestion is unaffected by the swirling sand."
			]
		},
		{
			"name": "False-Bottomed Mug",
			"source": "DA",
			"page": 78,
			"type": "Item",
			"level": 0,
			"traits": [
				"uncommon"
			],
			"access": "Member of the Bellflower Network",
			"price": {
				"amount": 5,
				"coin": "sp"
			},
			"usage": "held in 1 hand",
			"bulk": "L",
			"category": "Held",
			"entries": [
				"This mug looks like any other; however, the bottom part unscrews to reveal a velvetlined chamber. These are primarily used by members of the Bellflower Network to sneak messages and small objects to other possible members. The {@skill Perception} DC to discover the false bottom is 15 if someone specifically examines the mug."
			]
		},
		{
			"name": "Forgetful Drops",
			"source": "DA",
			"page": 78,
			"type": "Item",
			"level": 3,
			"traits": [
				"uncommon",
				"alchemical",
				"consumable",
				"ingested",
				"poison"
			],
			"access": "Member of a secret society",
			"price": {
				"amount": 10,
				"coin": "gp"
			},
			"usage": "held in 1 hand",
			"bulk": 1,
			"activate": {
				"activity": {
					"number": 1,
					"unit": "action"
				},
				"components": [
					"{@action Interact}"
				]
			},
			"category": "Poison",
			"entries": [
				"These innocuous, colorless drops can be poured directly into a victim's mouth, or slipped into their food or drink. They initially haze a victim's mind slightly, making them easier to fool; in later stages, they can lead to the victim entering a murderous {@condition confused} state. Secret societies use these drops to befuddle a target or to frame them for violence.",
				{
					"type": "affliction",
					"DC": 18,
					"savingThrow": "Fortitude",
					"onset": "5 minutes",
					"maxDuration": "1 hour",
					"stages": [
						{
							"stage": 1,
							"entry": "{@condition stupefied||stupefied 1}",
							"duration": "10 minutes"
						},
						{
							"stage": 2,
							"entry": "{@condition stupefied||stupefied 1} and {@condition clumsy||clumsy 1}",
							"duration": "20 minutes"
						},
						{
							"stage": 3,
							"entry": "{@condition stupefied||stupefied 1}, {@condition clumsy||clumsy 1}, and {@condition confused}",
							"duration": "30 minutes"
						}
					]
				}
			]
		},
		{
			"name": "Glittering Scarab",
			"source": "DA",
			"page": 78,
			"type": "Item",
			"level": 1,
			"traits": [
				"uncommon"
			],
			"access": "Member of the {@deity Esoteric Order of the Palatine Eye|LOGM}",
			"price": {
				"amount": 10,
				"coin": "gp"
			},
			"usage": "worn",
			"bulk": "\u2014",
			"category": "Worn",
			"entries": [
				"This pin is a valuable copy of a popular pin sold in markets throughout Osirion. The original pin is a solid piece, often purchased by tourists. The glittering scarab, though, can be squeezed gently, causing the wings to part and reveal an eye painted underneath them. This pin is used to gain entrance to most meetings of the {@deity Esoteric Order of the Palatine Eye|LOGM}. Someone who specifically examines the scarab can find the {@condition hidden} eye with a successful DC 20 {@skill Perception} check, though if they know about glittering scarabs, they can simply squeeze it to check for the eye."
			]
		},
		{
			"name": "Membership Cords",
			"source": "DA",
			"page": 78,
			"type": "Item",
			"level": 0,
			"traits": [
				"uncommon"
			],
			"access": "Member of a secret society",
			"price": {
				"amount": 5,
				"coin": "gp"
			},
			"usage": "worn",
			"bulk": "L",
			"category": "Worn",
			"entries": [
				"These braided wool cords are threaded with reflective metal threads in patterns specified by the purchaser. No two society's patterns are the same, and purchasers tend to return to the same weaver each time to ensure new cords match previous ones. In a room lit only by dim candlelight, the reflective metal threads shimmer in a specific pattern. Many societies use these cords to prevent outsiders from infiltrating secret meetings and often have someone at the meeting area's entrance checking cords before allowing entry."
			]
		},
		{
			"name": "Moonlit Ink",
			"source": "DA",
			"page": 78,
			"type": "Item",
			"level": 2,
			"traits": [
				"uncommon",
				"alchemical",
				"consumable"
			],
			"access": "Member of a secret society",
			"price": {
				"amount": 5,
				"coin": "gp"
			},
			"usage": "held in 1 hand",
			"bulk": "\u2014",
			"activate": {
				"activity": {
					"number": 1,
					"unit": "action"
				},
				"components": [
					"{@action Interact}"
				]
			},
			"category": "Consumable",
			"entries": [
				"This alchemical ink is applied to a stamping device, typically a wooden seal or chop commissioned by the secret society and costing 1 sp. When the seal is pressed to paper, the ink briefly shows up before fading into invisibility. The stamp can be revealed by exposing the stamped item to direct moonlight for 1 minute. A character checking a good or document marked by a moonlit ink stamp must succeed at a DC 25 {@skill Perception} check to spot the stamp without exposure to moonlight. In addition to its use by secret societies for their secret books, papers, and messages, some smugglers use moonlit ink to mark their goods."
			]
		},
		{
			"name": "Parchment of Secrets",
			"source": "DA",
			"page": 78,
			"type": "Item",
			"level": 3,
			"traits": [
				"uncommon",
				"consumable",
				"illusion",
				"magical"
			],
			"access": "Member of a secret society",
			"price": {
				"amount": 8,
				"coin": "gp"
			},
			"usage": "held in 1 hand",
			"bulk": "L",
			"category": "Consumable",
			"entries": [
				"This parchment is crafted with illusion magic, allowing for the transfer of secret messages. You can fill the parchment with the usual amount of text, encoding your secret message within the innocuous message.",
				{
					"type": "ability",
					"activity": {
						"number": 1,
						"unit": "minute"
					},
					"components": [
						"{@action Interact}"
					],
					"entries": [
						"You tap the letters of your secret message one at a time, causing the letters to glow momentarily before fading to their standard ink color, and a symbol of your choice appears at the corner of the page. The next time someone taps the symbol with a writing instrument, the chosen letters glow again, revealing the secret message, and then the power of the parchment is spent."
					]
				}
			]
		},
		{
			"name": "Self-Immolating Note",
			"source": "DA",
			"page": 78,
			"type": "Item",
			"level": 1,
			"traits": [
				"uncommon",
				"alchemical",
				"consumable",
				"fire"
			],
			"access": "Member of a secret society",
			"price": {
				"amount": 3,
				"coin": "gp"
			},
			"usage": "held in 1 hand",
			"bulk": "\u2014",
			"activate": {
				"activity": {
					"number": 1,
					"unit": "action"
				},
				"components": [
					"{@action Interact}"
				]
			},
			"category": "Consumable",
			"entries": [
				"This paper is crafted with an unusual formula, causing it to catch fire and self-immolate 5 minutes after being exposed to the air.",
				"The item activates automatically when the envelope is opened, which typically takes an {@action Interact} action. Anyone holding the note when it catches fire takes 1 fire damage. Often, these notes are given as practical jokes or threats, but secret societies find them quite useful when sharing information about upcoming meetings or any other relevant news. These letters must be written in haste and require the use of their accompanying envelopes, which prevent air from interacting with the paper until the envelope's seal is {@condition broken}."
			]
		},
		{
			"name": "Sibling's Coin",
			"source": "DA",
			"page": 78,
			"type": "Item",
			"level": 1,
			"traits": [
				"uncommon"
			],
			"access": "Member of a secret society",
			"price": {
				"amount": 10,
				"coin": "gp"
			},
			"usage": "held in 1 hand",
			"bulk": "\u2014",
			"category": "Held",
			"entries": [
				"Contrary to widespread belief, secret handshakes are not the preferred method of confirmation between secret society members, mostly because this would be obvious in the middle of a crowded street or busy tavern. Instead, societies tend to mark each other by carrying sibling's coins. The name was originally coined by a past secret society that has since fallen into obscurity, but its ingenious coins remain. The coins are innocuous, resembling common silver coins until the owner twists the outer edge clockwise. At this point, the face of the coin rotates to reveal the symbol of the secret society of the owner.",
				"Suspected compatriots often toy with their coins as a half-recognized fidget, before trying to subtly flash the inscription to their fellow conversationalist.",
				"While it's possible to notice the coin's mechanism if you specifically check the coin (DC 20 {@skill Perception}), few people individually inspect coins unless they have a reason to be suspicious of them."
			]
		},
		{
			"name": "Silent Bell",
			"source": "DA",
			"page": 78,
			"type": "Item",
			"level": 9,
			"traits": [
				"uncommon",
				"illusion",
				"magical"
			],
			"access": "Member of a secret society",
			"price": {
				"amount": 600,
				"coin": "gp"
			},
			"usage": "held in 1 hand",
			"bulk": "L",
			"category": "Held",
			"entries": [
				"This large handbell is made from cast bronze and has a wooden handle. The outside of the bell is covered in fine etchings, showing a group of varied people sitting around a table with clouds obscuring anyone in the background. The clapper is curiously absent from this bell and, when idly rung, it produces no audible sound.",
				{
					"type": "ability",
					"activity": {
						"number": 3,
						"unit": "action"
					},
					"components": [
						"envision",
						"{@action Interact}"
					],
					"frequency": {
						"freq": 1,
						"unit": "day"
					},
					"entries": [
						"The silent bell creates an {@condition invisible} wall surrounding a cube, 20 feet to a side, that prevents sound from passing into or from the cube for 10 minutes. The wall isn't solid and doesn't prevent anything but sound from passing through. Since the cube is {@condition invisible}, creatures can still read lips and body language through the wall."
					]
				}
			]
		},
		{
			"name": "Traitor's Ring",
			"source": "DA",
			"page": 78,
			"type": "Item",
			"level": 0,
			"traits": [
				"uncommon"
			],
			"access": "Member of a secret society",
			"price": {
				"amount": 15,
				"coin": "sp"
			},
			"usage": "worn",
			"bulk": "\u2014",
			"category": "Worn",
			"entries": [
				"This ring has a thick band supporting a square-cut gem that can be customized to the buyer's preference. The thickness of the band allows it to be taken to any jeweler or blacksmith to be adjusted to different hands or fingers from the original make. There is a tiny clasp at the side of the gem that, when pressed, opens the gem, revealing a small, hinged compartment. This compartment is designed to hold one dose of poison, allowing wearers to slip the contents of the ring into the food or drink of an intended target. The compartment can be closed again by gently pressing the gem back into place.",
				"Noticing the compartment requires a DC 15 {@skill Perception} check for anyone inspecting the ring."
			]
		}
	]
}
