{
	"CRB": "items-crb.json",
	"LOWG": "items-lowg.json",
	"LOCG": "items-locg.json",
	"LOGM": "items-logm.json",
	"GMG": "items-gmg.json",
	"LOL": "items-lol.json",
	"LOKL": "items-lokl.json",
	"LOIL": "items-loil.json",
	"LOPSG": "items-lopsg.json",
	"LOAG": "items-loag.json",
	"LOME": "items-lome.json",
	"LOMM": "items-lomm.json",
	"APG": "items-apg.json",
	"AoE1": "items-aoe1.json",
	"AoA4": "items-aoa4.json",
	"SoM": "items-som.json",
	"G&G": "items-g&g.json",
	"LOTGB": "items-lotgb.json",
	"AoA1": "items-aoa1.json",
	"AoA2": "items-aoa2.json",
	"AoA3": "items-aoa3.json",
	"AoA5": "items-aoa5.json",
	"AoA6": "items-aoa6.json",
	"AoE2": "items-aoe2.json",
	"AoE3": "items-aoe3.json",
	"AoE4": "items-aoe4.json",
	"AoE5": "items-aoe5.json",
	"AoE6": "items-aoe6.json",
	"AV1": "items-av1.json",
	"AV2": "items-av2.json",
	"AV3": "items-av3.json",
	"EC1": "items-ec1.json",
	"EC2": "items-ec2.json",
	"EC3": "items-ec3.json",
	"EC4": "items-ec4.json",
	"EC5": "items-ec5.json",
	"EC6": "items-ec6.json",
	"FoP": "items-fop.json",
	"FRP1": "items-frp1.json",
	"FRP2": "items-frp2.json",
	"LTiBA": "items-ltiba.json",
	"Sli": "items-sli.json",
	"SoT1": "items-sot1.json",
	"SoT2": "items-sot2.json",
	"BotD": "items-botd.json",
	"SoT3": "items-sot3.json",
	"SoT4": "items-sot4.json",
	"SoT5": "items-sot5.json",
	"SoT6": "items-sot6.json",
	"TiO": "items-tio.json",
	"B1": "items-b1.json",
	"DA": "items-da.json",
	"NGD": "items-ngd.json",
	"PFUM": "items-pfum.json",
	"LOTG": "items-lotg.json",
	"OoA1": "items-ooa1.json",
	"OoA2": "items-ooa2.json",
	"OoA3": "items-ooa3.json",
	"BB": "items-bb.json",
	"TV": "items-tv.json",
	"AFoF": "items-afof.json",
	"ToK": "items-tok.json",
	"GW1": "items-gw1.json",
	"GW2": "items-gw2.json",
	"GW3": "items-gw3.json",
	"SoG1": "items-sog1.json",
	"SoG4": "items-sog4.json",
	"WtD1": "items-wtd1.json",
	"WtD5": "items-wtd5.json",
	"SoG3": "items-sog3.json",
	"LOACLO": "items-loaclo.json",
	"AFFM": "items-affm.json",
	"DaLl": "items-dall.json",
	"Mal": "items-mal.json",
	"TEC": "items-tec.json",
	"SaS": "items-sas.json",
	"SF0": "items-sf0.json",
	"Rust": "items-rust.json",
	"LOHh": "items-lohh.json",
	"WoW1": "items-wow1.json",
	"WoW2": "items-wow2.json"
}
