{
	"item": [
		{
			"name": "Blade of the Rabbit Prince",
			"source": "AoE4",
			"page": 79,
			"type": "Item",
			"level": 15,
			"traits": [
				"rare",
				"magical",
				"transmutation"
			],
			"price": {
				"coin": "gp",
				"amount": 6250
			},
			"usage": "held in 1 hand",
			"bulk": 1,
			"category": "Held",
			"entries": [
				"This +2 greater striking dancing shortsword has a golden handguard resembling a bird with outstretched wings. The sword's blade is {@condition broken} halfway up its length, but this doesn't impair the sword's function.",
				{
					"type": "ability",
					"activity": {
						"number": 1,
						"unit": "action"
					},
					"components": [
						"command",
						"{@action Interact}"
					],
					"entries": [
						"You attempt to {@action Trip} or {@action Disarm} an opponent using {@skill Thievery} instead of {@skill Athletics}, and you add the blade of the Rabbit Prince's item bonus to the check. You do not need to have a hand free if you're wielding the blade of the Rabbit Prince, and your target can be up to two sizes larger than you."
					]
				}
			],
			"craftReq": [
				"You must craft the blade in the Harrowed Realm."
			]
		},
		{
			"name": "Daylight Vapor",
			"source": "AoE4",
			"page": 77,
			"type": "Item",
			"level": 13,
			"traits": [
				"uncommon",
				"consumable",
				"divine",
				"inhaled",
				"poison"
			],
			"price": {
				"coin": "gp",
				"amount": 500
			},
			"usage": "held in 1 hand",
			"bulk": "L",
			"activate": {
				"activity": {
					"number": 1,
					"unit": "action"
				},
				"components": [
					"{@action Interact}"
				]
			},
			"category": "Poison",
			"entries": [
				"This heavier-than-air mist emits a soft glow. While this poison lasts, it causes its victims to shine from within with agonizing, brilliant radiance. This effect has the {@trait light} trait (although the poison itself doesn't, so only the {@trait light} effect can be counteracted by {@trait darkness} effects). The {@condition sickened} condition from daylight vapor can't be removed while the poison lasts, and when the victim enters an area of magical darkness, the poison attempts to counteract the darkness with a counteract modifier of +21. If the poison fails, it can't attempt to counteract the same darkness again.",
				{
					"type": "affliction",
					"DC": 31,
					"savingThrow": "Fortitude",
					"onset": "1 round",
					"maxDuration": "6 rounds",
					"stages": [
						{
							"stage": 1,
							"entry": "{@damage 4d6} poison damage and {@condition sickened|CRB|sickened 1}",
							"duration": "1 round"
						},
						{
							"stage": 2,
							"entry": "{@damage 6d6} poison damage and {@condition sickened|CRB|sickened 2}",
							"duration": "1 round"
						},
						{
							"stage": 3,
							"entry": "{@dice 10d6} damage and {@condition sickened|CRB|sickened 3}",
							"duration": "1 round"
						}
					]
				}
			],
			"craftReq": [
				"Supply one casting of sunburst."
			]
		},
		{
			"name": "Death Knell Powder",
			"source": "AoE4",
			"page": 77,
			"type": "Item",
			"level": 14,
			"traits": [
				"uncommon",
				"consumable",
				"divine",
				"injury",
				"poison"
			],
			"price": {
				"coin": "gp",
				"amount": 625
			},
			"usage": "held in 2 hands",
			"bulk": "L",
			"activate": {
				"activity": {
					"number": 2,
					"unit": "action"
				},
				"components": [
					"{@action Interact}"
				]
			},
			"category": "Poison",
			"entries": [
				"This poison is made from toxic spores of death knell mushrooms, which are reduced to a gray powder and suffused with necromantic energy. If you're reduced to 0 Hit Points while under the effect of death knell powder, you must succeed at a DC 34 Will save or die (this is a {@trait death} effect). If you die, a random creature adjacent to you is bolstered by your departing life force and gains 20 temporary HP and a +1 status bonus to attack and damage rolls for 10 minutes.",
				{
					"type": "affliction",
					"DC": 34,
					"savingThrow": "Fortitude",
					"maxDuration": "6 rounds",
					"stages": [
						{
							"stage": 1,
							"entry": "{@damage 7d6} poison damage",
							"duration": "1 round"
						},
						{
							"stage": 2,
							"entry": "{@damage 9d6} poison damage",
							"duration": "1 round"
						},
						{
							"stage": 3,
							"entry": "{@damage 12d6} poison damage",
							"duration": "1 round"
						}
					]
				}
			],
			"craftReq": [
				"Supply one casting of death knell."
			]
		},
		{
			"name": "Fearweed",
			"source": "AoE4",
			"page": 77,
			"type": "Item",
			"level": 10,
			"traits": [
				"uncommon",
				"consumable",
				"contact",
				"divine",
				"poison"
			],
			"price": {
				"coin": "gp",
				"amount": 160
			},
			"usage": "held in 2 hands",
			"bulk": "L",
			"activate": {
				"activity": {
					"number": 1,
					"unit": "action"
				},
				"components": [
					"{@action Interact}"
				]
			},
			"category": "Poison",
			"entries": [
				"Cultivated by mashing and fermenting toxic weeds found in lonely graveyards, fearweed is a greenish paste magically infused with psychic horror. The {@condition frightened} condition from fearweed can't be removed while the poison lasts.",
				{
					"type": "affliction",
					"DC": 30,
					"savingThrow": "Fortitude",
					"onset": "1 minute",
					"maxDuration": "6 minutes",
					"stages": [
						{
							"stage": 1,
							"entry": "{@damage 7d6} poison damage and {@condition frightened|CRB|frightened 1}",
							"duration": "1 minute"
						},
						{
							"stage": 2,
							"entry": "{@damage 8d6} poison damage and {@condition frightened|CRB|frightened 2}",
							"duration": "1 minute"
						},
						{
							"stage": 3,
							"entry": "{@damage 9d6} poison damage and {@condition frightened|CRB|frightened 3}",
							"duration": "1 minute"
						}
					]
				}
			],
			"craftReq": [
				"Supply one casting of 4th-level {@spell fear}."
			]
		},
		{
			"name": "Hardened Harrow Deck",
			"source": "AoE4",
			"page": 79,
			"type": "Item",
			"level": 14,
			"traits": [
				"rare",
				"magical",
				"transmutation"
			],
			"price": {
				"coin": "gp",
				"amount": 4350
			},
			"usage": "held in 1 hand",
			"bulk": "L",
			"category": "Held",
			"entries": [
				"The harrow is a traditional fortunetelling deck used by Varisian soothsayers. The hardened harrow deck is a magical version of the deck with cards made of thin metallic plates adorned with all the imagery common in standard harrow decks, but with more angular designs. You can hurl cards from the hardened harrow deck as +2 greater striking darts with the {@trait deadly <d10>} trait. A card used as a weapon isn't destroyed and can be recovered with 1 minute of searching if it can't be recalled back to the deck (see the deck's Activate entry on page 80)",
				"However, if even a single card is missing from the deck, the deck can't be used to perform a traditional harrow reading.",
				"As long as you carry more than half the cards in the hardened harrow deck, when you roll a success on a saving throw against a {@trait fear} effect, you get a critical success instead; if you already have an ability that would make a successful saving throw against a {@trait fear} effect a critical success, you instead gain a +1 circumstance bonus to saving throws against {@trait fear} effects.",
				{
					"type": "ability",
					"activity": {
						"number": 1,
						"unit": "action"
					},
					"components": [
						"command",
						"{@action Interact}"
					],
					"entries": [
						"All cards from the hardened harrow deck within 60 feet that you can see fly back into the deck."
					]
				}
			]
		},
		{
			"name": "Hunger Oil",
			"source": "AoE4",
			"page": 78,
			"type": "Item",
			"level": 11,
			"traits": [
				"uncommon",
				"consumable",
				"contact",
				"divine",
				"poison"
			],
			"price": {
				"coin": "gp",
				"amount": 235
			},
			"usage": "held in 2 hands",
			"bulk": "L",
			"activate": {
				"activity": {
					"number": 1,
					"unit": "action"
				},
				"components": [
					"{@action Interact}"
				]
			},
			"category": "Poison",
			"entries": [
				"Rendered from the fat of corporeal undead creatures and infused with ghoulish magic, this yellowish oil causes its victims to experience stabbing hunger pangs that only living flesh can abate. If you eat at least a mouthful of humanoid flesh, you ignore the {@condition enfeebled} condition from hunger oil for 1 minute. While under the effect of hunger oil, you regain only half as many Hit Points from {@trait healing} effects unless you've eaten at least a mouthful of humanoid flesh in the last minute.",
				{
					"type": "affliction",
					"DC": 30,
					"savingThrow": "Fortitude",
					"onset": "1 minute",
					"maxDuration": "6 minutes",
					"stages": [
						{
							"stage": 1,
							"entry": "{@condition enfeebled|CRB|enfeebled 2}",
							"duration": "1 minute"
						},
						{
							"stage": 2,
							"entry": "{@condition enfeebled|CRB|enfeebled 3}",
							"duration": "1 minute"
						},
						{
							"stage": 3,
							"entry": "{@condition enfeebled|CRB|enfeebled 4}",
							"duration": "{@dice 1d4} minutes"
						}
					]
				}
			],
			"craftReq": [
				"Supply one casting of ghoulish cravings."
			]
		},
		{
			"name": "Liar's Demise",
			"source": "AoE4",
			"page": 78,
			"type": "Item",
			"level": 14,
			"traits": [
				"uncommon",
				"consumable",
				"contact",
				"divine",
				"poison"
			],
			"price": {
				"coin": "gp",
				"amount": 650
			},
			"usage": "held in 2 hands",
			"bulk": "L",
			"activate": {
				"activity": {
					"number": 1,
					"unit": "action"
				},
				"components": [
					"{@action Interact}"
				]
			},
			"category": "Poison",
			"entries": [
				"This thick orange cream quickly seeps into skin. In addition to causing painful swelling in the brain, liar's demise compels the victim to speak only the truth. While under the effect of liar's demise, you take the listed poison damage and mental damage for any time you voluntarily and knowingly tell a lie, due to the poison's increased blood pressure to your brain.",
				"You take this damage once per round, even if you lie several times in rapid succession. You're aware of this effect and can choose to not answer or give only evasive, technically truthful, answers; this is a {@trait mental} effect.",
				{
					"type": "affliction",
					"DC": 34,
					"savingThrow": "Fortitude",
					"onset": "1 minute",
					"maxDuration": "6 minutes",
					"stages": [
						{
							"stage": 1,
							"entry": "{@condition stupefied|CRB|stupefied 1}, {@damage 3d6} poison damage and {@damage 3d6} mental damage for lying",
							"duration": "1 minute"
						},
						{
							"stage": 2,
							"entry": "{@condition stupefied|CRB|stupefied 2}, {@damage 4d6} poison damage and {@damage 4d6} mental damage for lying",
							"duration": "1 minute"
						},
						{
							"stage": 3,
							"entry": "{@condition stupefied|CRB|stupefied 3}, {@damage 5d6} poison damage and {@damage 5d6} mental damage for lying, and the damage becomes a {@trait death} effect.",
							"duration": null
						}
					]
				}
			],
			"craftReq": [
				"Supply one casting of zone of truth."
			]
		},
		{
			"name": "Lifeblight Residue",
			"source": "AoE4",
			"page": 78,
			"type": "Item",
			"level": 15,
			"traits": [
				"uncommon",
				"consumable",
				"divine",
				"injury",
				"poison",
				"virulent"
			],
			"price": {
				"coin": "gp",
				"amount": 1100
			},
			"usage": "held in 2 hands",
			"bulk": "L",
			"activate": {
				"activity": {
					"number": 2,
					"unit": "action"
				},
				"components": [
					"{@action Interact}"
				]
			},
			"category": "Poison",
			"entries": [
				"This black slime is carefully culled from coffins and sarcophagi used by the undead, and is then distilled and combined with necromantic energy, creating a dangerous sludge that leeches life force as aggressively as it rots flesh.",
				{
					"type": "affliction",
					"DC": 35,
					"savingThrow": "Fortitude",
					"maxDuration": "6 rounds",
					"stages": [
						{
							"stage": 1,
							"entry": "{@damage 5d6} negative damage and {@damage 3d6} poison damage",
							"duration": "1 round"
						},
						{
							"stage": 2,
							"entry": "{@damage 6d6} negative damage and {@damage 4d6} poison damage",
							"duration": "1 round"
						},
						{
							"stage": 3,
							"entry": "{@damage 7d6} negative damage and {@damage 5d6} poison damage",
							"duration": "1 round"
						}
					]
				}
			],
			"craftReq": [
				"Supply one casting of 8th-level {@spell harm}."
			]
		},
		{
			"name": "Poisoner's Staff",
			"source": "AoE4",
			"page": 80,
			"type": "Item",
			"level": "4+",
			"traits": [
				"uncommon",
				"conjuration",
				"magical",
				"necromancy",
				"staff"
			],
			"usage": "held in 1 hand",
			"bulk": 1,
			"category": "Staff",
			"entries": [
				"This gnarled staff is covered with thorns and coated with a glistening lacquer that acts as a minor irritant.",
				"While holding the staff, you aren't affected by its coating or thorns, and you reduce the DC of your flat checks to overcome {@condition persistent damage||persistent poison damage}.",
				{
					"type": "ability",
					"components": [
						"{@action Cast a Spell}"
					],
					"entries": [
						"You expend a number of charges from the staff to cast a spell from its list."
					]
				}
			],
			"craftReq": [
				"Supply one casting of all listed levels of all listed spells."
			],
			"generic": "G",
			"variants": [
				{
					"level": 4,
					"price": {
						"coin": "gp",
						"amount": 90
					},
					"entries": [
						"You reduce the DC of your flat checks to overcome {@condition persistent damage||persistent poison damage} from 15 to 13.",
						{
							"type": "list",
							"items": [
								"{@bold Cantrip} guidance",
								"{@bold 1st} detect poison, spider sting"
							]
						}
					],
					"variantType": "poisoner's staff"
				},
				{
					"level": 8,
					"price": {
						"coin": "gp",
						"amount": 450
					},
					"entries": [
						"You reduce the DC of your flat checks to overcome {@condition persistent damage||persistent poison damage} from 15 to 10.",
						{
							"type": "list",
							"items": [
								"{@bold 2nd} enhance victuals, imp sting (see below)",
								"{@bold 3rd} neutralize poison, stinking cloud"
							]
						}
					],
					"variantType": "greater poisoner's staff"
				},
				{
					"level": 14,
					"price": {
						"coin": "gp",
						"amount": 4000
					},
					"entries": [
						"You reduce the DC of your flat checks to overcome {@condition persistent damage||persistent poison damage} from 15 to 5.",
						{
							"type": "list",
							"items": [
								"{@bold 4th} swarming wasp stings (page 81)",
								"{@bold 5th} cloudkill",
								"{@bold 6th} purple worm sting"
							]
						}
					],
					"variantType": "major poisoner's staff"
				}
			]
		},
		{
			"name": "Repulsion Resin",
			"source": "AoE4",
			"page": 78,
			"type": "Item",
			"level": 16,
			"traits": [
				"uncommon",
				"consumable",
				"divine",
				"ingested",
				"poison"
			],
			"price": {
				"coin": "gp",
				"amount": 1650
			},
			"usage": "held in 1 hand",
			"bulk": "L",
			"activate": {
				"activity": {
					"number": 1,
					"unit": "action"
				},
				"components": [
					"{@action Interact}"
				]
			},
			"category": "Poison",
			"entries": [
				"This clear, tasteless tar causes the victim to emit waves of harmful mental energy that repel other creatures.",
				"Desperate users might consume this poison to keep enemies at bay despite the poison's debilitating effects. While you're {@condition stupefied} from this poison, a creature that starts its turn within 10 feet of you or approaches within 10 feet of you must attempt a DC 35 Will saving throw. On a failure, the creature can't voluntarily move closer to you; this is a {@trait mental} effect. Once the approaching creature has attempted to save, it uses the same result for all saves from that dose of repulsion resin.",
				{
					"type": "affliction",
					"DC": 38,
					"savingThrow": "Fortitude",
					"onset": "10 minutes",
					"maxDuration": "6 minutes",
					"stages": [
						{
							"stage": 1,
							"entry": "{@damage 12d6} mental damage and {@condition stupefied|CRB|stupefied 1}",
							"duration": "1 minute"
						},
						{
							"stage": 2,
							"entry": "{@damage 16d6} poison damage and {@condition stupefied|CRB|stupefied 1}",
							"duration": "1 minute"
						},
						{
							"stage": 3,
							"entry": "{@damage 20d6} poison damage and {@condition stupefied|CRB|stupefied 2}",
							"duration": "1 minute"
						}
					]
				}
			],
			"craftReq": [
				"Supply one casting of repulsion."
			]
		},
		{
			"name": "Sight-theft Grit",
			"source": "AoE4",
			"page": 78,
			"type": "Item",
			"level": 9,
			"traits": [
				"uncommon",
				"consumable",
				"divine",
				"ingested",
				"poison"
			],
			"price": {
				"coin": "gp",
				"amount": 115
			},
			"usage": "held in 1 hand",
			"bulk": "L",
			"activate": {
				"activity": {
					"number": 1,
					"unit": "action"
				},
				"components": [
					"{@action Interact}"
				]
			},
			"category": "Poison",
			"entries": [
				"This blackish grit seems to absorb light and resembles particularly dark flakes of black pepper. Infused with the {@spell blindness} spell, sight-theft grit causes the victim's sight to dim and then depart altogether. The {@condition blinded} condition from this poison lasts for an additional 24 hours once the poison has run its course.",
				{
					"type": "affliction",
					"DC": 28,
					"savingThrow": "Fortitude",
					"onset": "10 minutes",
					"maxDuration": "14 hours",
					"stages": [
						{
							"stage": 1,
							"entry": "{@condition dazzled} and a \u20132 status penalty to visual {@skill Perception} checks",
							"duration": "1 hour"
						},
						{
							"stage": 2,
							"entry": "{@condition dazzled} and a \u20134 status penalty to visual {@skill Perception} checks",
							"duration": "1 hour"
						},
						{
							"stage": 3,
							"entry": "{@condition blinded}",
							"duration": "{@dice 2d6} hours"
						}
					]
				}
			],
			"craftReq": [
				"Supply one casting of blindness."
			]
		},
		{
			"name": "Spectral Nightshade",
			"source": "AoE4",
			"page": 79,
			"type": "Item",
			"level": 13,
			"traits": [
				"uncommon",
				"consumable",
				"divine",
				"ingested",
				"poison"
			],
			"price": {
				"coin": "gp",
				"amount": 450
			},
			"usage": "held in 1 hand",
			"bulk": "L",
			"activate": {
				"activity": {
					"number": 1,
					"unit": "action"
				},
				"components": [
					"{@action Interact}"
				]
			},
			"category": "Poison",
			"entries": [
				"Belladonna cultivated in planes hazardous to living visitors, such as the Shadow Plane or the Boneyard, grow with a strange, skeletal look to their branches. The leaves and berries of these extraplanar plants are partly incorporeal and significantly more toxic than belladonna grown on the Material Plane. When imbued with spirit-twisting magic, spectral nightshade quickly drains away the victim's vitality and makes colors painfully bright and bewildering. Spectral nightshade doesn't affect creatures that have no spirit; if a possessing spirit inhabits a body that takes poison damage from spectral nightshade, the possessor takes an equal amount of force damage, even if the possessor can't be affected directly by poisons.",
				{
					"type": "affliction",
					"DC": 33,
					"savingThrow": "Fortitude",
					"onset": "1 minute",
					"maxDuration": "6 minutes",
					"stages": [
						{
							"stage": 1,
							"entry": "{@damage 10d6} poison damage and {@condition dazzled}",
							"duration": "1 minute"
						},
						{
							"stage": 2,
							"entry": "{@damage 13d6} poison damage and {@condition drained|CRB|drained 1}",
							"duration": "1 minute"
						},
						{
							"stage": 3,
							"entry": "{@damage 15d6} poison damage, {@condition confused}, and {@condition drained|CRB|drained 2}",
							"duration": "1 minute"
						}
					]
				}
			],
			"craftReq": [
				"Supply one casting of spirit blast."
			]
		},
		{
			"name": "Spell-eating Pitch",
			"source": "AoE4",
			"page": 79,
			"type": "Item",
			"level": 12,
			"traits": [
				"uncommon",
				"consumable",
				"divine",
				"injury",
				"poison"
			],
			"price": {
				"coin": "gp",
				"amount": 325
			},
			"usage": "held in 2 hands",
			"bulk": "L",
			"activate": {
				"activity": {
					"number": 2,
					"unit": "action"
				},
				"components": [
					"{@action Interact}"
				]
			},
			"category": "Poison",
			"entries": [
				"This gummy resin contains sparkling motes of magical energy that dramatically impair your cognitive functions and dispel spells as you cast them. Spell energy manifests but then sputters out, as though {@condition drained} away by the sparkling motes. While you're {@condition stupefied} by this poison, the DC of flat checks to avoid disruption from the {@condition stupefied} condition when you {@action Cast a Spell} is 5 + twice the {@condition stupefied} value, rather than 5 + the {@condition stupefied} value.",
				{
					"type": "affliction",
					"DC": 31,
					"savingThrow": "Fortitude",
					"maxDuration": "6 rounds",
					"stages": [
						{
							"stage": 1,
							"entry": "{@damage 5d6} poison damage and {@condition stupefied|CRB|stupefied 1}",
							"duration": "1 round"
						},
						{
							"stage": 2,
							"entry": "{@damage 6d6} poison damage and {@condition stupefied|CRB|stupefied 3}",
							"duration": "1 round"
						},
						{
							"stage": 3,
							"entry": "{@damage 7d6} poison damage and {@condition stupefied|CRB|stupefied 4}",
							"duration": "1 round"
						}
					]
				}
			],
			"craftReq": [
				"Supply one casting of 6th-level {@spell dispel magic}."
			]
		},
		{
			"name": "Whisper Briolette",
			"source": "AoE4",
			"page": 80,
			"type": "Item",
			"level": 7,
			"traits": [
				"uncommon",
				"consumable",
				"divination",
				"magical",
				"mental",
				"talisman"
			],
			"price": {
				"coin": "gp",
				"amount": 55
			},
			"usage": "affixed to armor or to an outfit if a character has no",
			"activate": {
				"activity": {
					"number": 1,
					"unit": "action"
				},
				"components": [
					"envision"
				],
				"requirements": "You are an expert in {@skill Stealth}"
			},
			"category": "Talisman",
			"entries": [
				"This teardrop-shaped gemstone has triangular facets and looks suitable for fancy attire, although close inspection shows that it's hollow. When it's activated, you can instantly impart up to 1 minute of speech (roughly 150 words) telepathically to any creatures you choose within 100 feet. You can impart this instantaneous telepathic message to creatures that you perceive and creatures {@condition hidden} to you, but you can't do so to {@condition undetected} creatures.",
				"Once used, the whisper briolette becomes unusable and subtly vanishes within the next few minutes, rather than crumbling to dust."
			]
		}
	]
}
