{
	"item": [
		{
			"name": "Acrobat's Staff",
			"source": "EC2",
			"page": 73,
			"type": "Item",
			"level": 6,
			"traits": [
				"uncommon",
				"fortune",
				"magical",
				"transmutation"
			],
			"price": {
				"coin": "gp",
				"amount": 235
			},
			"usage": "held in 2 hands",
			"bulk": 2,
			"category": "Held",
			"entries": [
				"This +1 striking bo staff is particularly long, making it useful as a balancing pole. While you wield it, the acrobat's staff releases chalk dust to make your grip more secure, granting you a +1 circumstance bonus to your Reflex DC against checks to {@action Disarm} you of it.",
				{
					"type": "ability",
					"activity": {
						"number": 1,
						"unit": "reaction"
					},
					"components": [
						"command"
					],
					"trigger": "You fail or critically fail an",
					"entries": [
						"Reroll the {@skill Acrobatics} check and take the better result."
					]
				}
			]
		},
		{
			"name": "Beckoning Cat Amulet",
			"source": "EC2",
			"page": 73,
			"type": "Item",
			"level": 5,
			"traits": [
				"uncommon",
				"consumable",
				"divination",
				"fortune",
				"magical",
				"talisman"
			],
			"price": {
				"coin": "gp",
				"amount": 26
			},
			"usage": "affixed to armor",
			"activate": {
				"activity": {
					"number": 1,
					"unit": "free"
				},
				"components": [
					"envision"
				],
				"trigger": "You use a feat or ability to reroll a failed or critically failed Reflex saving throw (such as {@feat Cat's Luck|apg} or {@feat Halfling Luck})"
			},
			"category": "Talisman",
			"entries": [
				"This clay figurine resembles a white cat with a paw outstretched. When it's activated, any allies within 10 feet who also just failed or critically failed a Reflex saving throw from the same source (such as a {@spell fireball} spell) can also reroll their saving throw and use the better result."
			]
		},
		{
			"name": "Bullhook",
			"source": "EC2",
			"page": 73,
			"type": "Item",
			"level": "3+",
			"traits": [
				"uncommon",
				"enchantment",
				"magical"
			],
			"usage": "held in 1 hand",
			"bulk": 1,
			"category": "Held",
			"entries": [
				"A bullhook is a stout rod about 4 feet long with a blunt hook on the end. Too dull to be useful as a weapon, a bullhook is instead used to direct animals in training or in performing their tasks. A bullhook grants you an item bonus to {@skill Nature} checks to {@action Command an Animal} while you are holding it.",
				{
					"type": "ability",
					"activity": {
						"number": 2,
						"unit": "action"
					},
					"components": [
						"command",
						"{@action Interact}"
					],
					"frequency": {
						"unit": "day",
						"number": 1
					},
					"entries": [
						"You wave the bullhook to produce the effects of a {@spell command} spell. This spell loses the {@trait linguistic} trait and can target only animals."
					]
				}
			],
			"generic": "G",
			"variants": [
				{
					"level": 3,
					"price": {
						"coin": "gp",
						"amount": 55
					},
					"entries": [
						"The item bonus is +2, the {@spell command} spell is 1st level, and the DC is 18."
					],
					"variantType": "standard"
				},
				{
					"variantType": "greater",
					"level": 12,
					"price": {
						"coin": "gp",
						"amount": 1900
					},
					"craftReq": [
						"Supply a casting of command of the appropriate level."
					],
					"entries": [
						"The item bonus is +2, the {@spell command} spell is 5th level, and the DC is 30."
					]
				}
			]
		},
		{
			"name": "Grail of Twisted Desires",
			"source": "EC2",
			"page": 73,
			"type": "Item",
			"level": 10,
			"traits": [
				"unique",
				"conjuration",
				"illusion",
				"magical"
			],
			"price": {
				"coin": "gp",
				"amount": 850
			},
			"usage": "held in 1 hand",
			"bulk": "L",
			"category": "Held",
			"entries": [
				"This timeworn chalice is constructed of dull tin. It has an unassuming appearance save for the gold, silver, and ebony rings that encircle its rim.",
				{
					"type": "ability",
					"activity": {
						"number": 1,
						"unit": "action"
					},
					"components": [
						"envision"
					],
					"frequency": {
						"unit": "day",
						"number": 3
					},
					"entries": [
						"The chalice fills with one of three different wines of your choosing, as described below. The wine looks, tastes, and smells the same regardless of which type you choose, and detect magic has no effect on the liquid beyond indicating that it is magical.",
						{
							"type": "list",
							"items": [
								"Ordinary wine.",
								"Wine that, when imbibed, casts a 2nd-level {@spell restoration} spell on the drinker.",
								"Wine that, when imbibed, casts a 4th-level {@spell nightmare} spell on the drinker"
							]
						},
						"If you aren't chaotic, the first time each day you activate the chalice, there is a one-in-six chance that the liquid you conjure is a different type (the GM should roll {@dice 1d6} as a secret roll) instead. The second and third times you activate the chalice in the same day, the odds of this happening increase to two-in-six or three-insix, respectively. If you are chaotic, the chalice always works as intended."
					]
				}
			]
		},
		{
			"name": "Inspiring Spotlight",
			"source": "EC2",
			"page": 73,
			"type": "Item",
			"level": 9,
			"traits": [
				"uncommon",
				"enchantment",
				"light",
				"magical"
			],
			"price": {
				"coin": "gp",
				"amount": 650
			},
			"usage": "held in 2 hands",
			"bulk": 3,
			"category": "Held",
			"entries": [
				"An inspiring spotlight is a bulky contraption consisting of a drum-shaped metal housing around several reflective metal plates. Two handles on either side, each with a small button, allow you to aim the spotlight outward from your body.",
				{
					"type": "ability",
					"activity": {
						"number": 1,
						"unit": "action"
					},
					"components": [
						"{@action Interact}"
					],
					"frequency": {
						"unit": "hour",
						"number": 1
					},
					"entries": [
						"When you push the left-hand button, the inspiring spotlight emits a beam of bright magical light in a 120-foot line that hangs in the air and remains in place even if you move the spotlight. If the line passes through an area of magical darkness or targets a creature affected by magical darkness, the inspiring spotlight attempts to counteract the darkness. Creatures within the line gain a +1 item bonus to saving throws and Charisma-based skill checks. In addition, creatures in the line who are {@condition frightened} reduce the value of their {@condition frightened} condition by 1 at the beginning of each turn they start in the area of the line. The beam remains in place for 1 minute or until you push the righthand button with another {@action Interact} action to extinguish the light."
					]
				}
			]
		},
		{
			"name": "Invisible Net",
			"source": "EC2",
			"page": 74,
			"type": "Item",
			"level": 7,
			"traits": [
				"uncommon",
				"abjuration",
				"consumable",
				"magical"
			],
			"price": {
				"coin": "gp",
				"amount": 60
			},
			"usage": "held in 1 hand",
			"activate": {
				"activity": {
					"number": 1,
					"unit": "action"
				},
				"components": [
					"{@action Interact}"
				]
			},
			"category": "Consumable",
			"entries": [
				"You activate this folded lace handkerchief by spreading it out on the ground, where it grows to cover a 30-footby- 30-foot square area. Pale and diaphanous, the spread handkerchief is exceptionally difficult to see from more than 30 feet away and evaporates entirely after 1 minute. Any creature that falls on the net doesn't take falling damage."
			]
		},
		{
			"name": "Marvelous Calliope",
			"source": "EC2",
			"page": 74,
			"type": "Item",
			"level": 4,
			"traits": [
				"uncommon",
				"conjuration",
				"magical",
				"structure"
			],
			"price": {
				"coin": "gp",
				"amount": 100
			},
			"bulk": "L (when not activated)",
			"category": "Structure",
			"entries": [
				"This large slide whistle appears to be made of fine brass, the sides of which are engraved with musical notes and dancing clowns.",
				{
					"type": "ability",
					"activity": {
						"number": 1,
						"unit": "minute"
					},
					"components": [
						"command",
						"envision",
						"{@action Interact}"
					],
					"entries": [
						"You blow a tune upon the slide whistle, causing the whistle to expand. The whistle sprouts from one into several, and then creates a large wooden frame and keyboard.",
						"By the time the unfolding is complete, the whistle fully transforms into a calliope, a wagon-sized contraption consisting of several steam whistles played like an organ. The calliope is heavy and anchored in place.",
						"You have a +1 item bonus to {@skill Performance} checks to play the calliope. The calliope has a tendency to produce music for a few seconds after you cease playing it, adding a jaunty and overlong conclusion to your music.",
						"If you use an {@action Interact} action to pull the small metal ring on the underside of the marvelous calliope, the calliope collapses back down into a slide whistle."
					]
				},
				{
					"type": "ability",
					"activity": {
						"number": 2,
						"unit": "action"
					},
					"components": [
						"{@action Interact}"
					],
					"frequency": {
						"unit": "hour",
						"number": 1
					},
					"entries": [
						"You play the calliope, causing it to cast {@spell charm} on one of the listeners."
					]
				}
			]
		},
		{
			"name": "Moonstone Diadem",
			"source": "EC2",
			"page": 74,
			"type": "Item",
			"level": 8,
			"traits": [
				"rare",
				"divination",
				"invested",
				"magical"
			],
			"price": {
				"coin": "gp",
				"amount": 500
			},
			"usage": "worn circlet",
			"bulk": "L",
			"category": "Worn",
			"entries": [
				"This delicate and elegant diadem is woven of intricate silver wires set with three tear-shaped pearlescent moonstones. You gain a +1 item bonus to {@skill Religion} checks.",
				{
					"type": "ability",
					"activity": {
						"number": 3,
						"unit": "action"
					},
					"components": [
						"focus"
					],
					"frequency": {
						"unit": "hour",
						"number": 1
					},
					"requirements": "You are within 10 feet of a moonstone pool",
					"entries": [
						"You peer into the moonstone pool and gain access to all the visual history recorded within the receptacle by concentrating on the specific subject you wish to see. Conversely, you can choose to deposit your own memories into the pool by concentrating for 1 hour on the information you wish to impart."
					]
				}
			]
		},
		{
			"name": "Ringmaster's Staff",
			"source": "EC2",
			"page": 74,
			"type": "Item",
			"level": "6+",
			"traits": [
				"uncommon",
				"illusion",
				"magical",
				"staff"
			],
			"usage": "held in 1 hand",
			"bulk": 1,
			"category": "Staff",
			"entries": [
				"This highly polished black wooden staff resembles an aristocrat's oversized walking cane, complete with a silver head shaped like a large circus animal such as a horse or elephant. Ringmasters or announcers use ringmaster's staves to draw attention from their audiences or to salvage acts that fall flat mid-performance. While wielding a ringmaster's staff, your normal voice can be clearly heard by all creatures within 300 feet regardless of intervening barriers or ambient noise, although your voice can't penetrate magical silence and you can't use this to extend an {@trait auditory} or {@trait sonic} effect through barriers that would otherwise block it.",
				{
					"type": "ability",
					"components": [
						"{@action Cast a Spell}"
					],
					"entries": [
						"You expend a number of charges from the staff to cast a spell from its list."
					]
				}
			],
			"craftReq": [
				"Supply one casting of all listed levels of all listed spells."
			],
			"generic": "G",
			"variants": [
				{
					"level": 6,
					"price": {
						"coin": "gp",
						"amount": 230
					},
					"entries": [
						{
							"type": "list",
							"items": [
								"Cantrips dancing lights",
								"{@bold 1st} feather fall, floating disk",
								"{@bold 2nd} glitterdust, illusory creature, obscuring mist"
							]
						}
					],
					"variantType": "ringmaster's staff"
				},
				{
					"level": 12,
					"price": {
						"coin": "gp",
						"amount": 1800
					},
					"entries": [
						{
							"type": "list",
							"items": [
								"{@bold 3rd} enthrall, pyrotechnics (page 77)",
								"{@bold 4th} freedom of movement, summon animal",
								"{@bold 5th} cloak of colors, command"
							]
						}
					],
					"variantType": "greater ringmaster's staff"
				}
			]
		},
		{
			"name": "Saints' Balm",
			"source": "EC2",
			"page": 75,
			"type": "Item",
			"level": 7,
			"traits": [
				"uncommon",
				"consumable",
				"healing",
				"magical",
				"necromancy",
				"oil"
			],
			"price": {
				"coin": "gp",
				"amount": 70
			},
			"usage": "held in 1 hand",
			"activate": {
				"activity": {
					"number": 1,
					"unit": "action"
				},
				"components": [
					"{@action Interact}"
				]
			},
			"category": "Oil",
			"entries": [
				"This luminescent paste is made from the powdered bones of a long-forgotten saint, mixed with herbs and blessed by a priest. It typically comes in a tightly sealed, palmsized dish etched with holy symbols. Applying saints' balm to yourself or a creature within reach restores {@dice 3d8+10} Hit Points to the creature to which it's applied."
			]
		},
		{
			"name": "Spangled Rider's Suit",
			"source": "EC2",
			"page": 75,
			"type": "Item",
			"level": 9,
			"traits": [
				"uncommon",
				"divination",
				"invested",
				"magical"
			],
			"price": {
				"coin": "gp",
				"amount": 700
			},
			"usage": "worn armor",
			"bulk": 1,
			"category": "Armor",
			"entries": [
				"This +1 resilient studded leather armor is adorned with colorful sequins that sparkle in even the faintest light. While wearing the spangled rider's suit, you gain a +2 item bonus to {@action Command an Animal} you are riding. Any animal you ride automatically knows the {@action Drop Prone} and {@action Step} basic actions, in addition to any other basic actions it knows (normally only {@action Leap}, {@action Seek}, {@action Stand}, {@action Stride}, and {@action Strike}).",
				{
					"type": "ability",
					"activity": {
						"number": 1,
						"unit": "reaction"
					},
					"traits": [
						"move"
					],
					"trigger": "You take damage while mounted or your mount Drops {@condition Prone}",
					"entries": [
						"You dismount, moving off your mount into a space adjacent to it."
					]
				}
			]
		},
		{
			"name": "Stole of Civility",
			"source": "EC2",
			"page": 75,
			"type": "Item",
			"level": 9,
			"traits": [
				"uncommon",
				"enchantment",
				"invested",
				"magical"
			],
			"price": {
				"coin": "gp",
				"amount": 700
			},
			"usage": "worn cloak",
			"bulk": "L",
			"category": "Worn",
			"entries": [
				"Woven from swaths of rich brocade silk and embroidered with ancient Azlanti script in golden thread, this stole imparts a noble appearance to even the homeliest of individuals when draped over the shoulders. While wearing a stole of civility, you receive a +2 item bonus to {@skill Diplomacy} checks to {@action Make an Impression} with humans or Make a {@action Request} of humans, and a +2 item bonus to {@skill Intimidation} checks against humans. The stole also grants you full understanding of the Azlanti language.",
				{
					"type": "ability",
					"activity": {
						"number": 1,
						"unit": "action"
					},
					"components": [
						"envision"
					],
					"frequency": {
						"unit": "day",
						"number": 1
					},
					"entries": [
						"You gain 10 temporary Hit Points, which last for 10 minutes."
					]
				}
			]
		},
		{
			"name": "Whip of Compliance",
			"source": "EC2",
			"page": 75,
			"type": "Item",
			"level": 9,
			"traits": [
				"uncommon",
				"enchantment",
				"magical"
			],
			"price": {
				"coin": "gp",
				"amount": 3000
			},
			"usage": "held, 1 hand",
			"bulk": 1,
			"category": "Held",
			"entries": [
				"The handle of this braided leather +1 striking whip is made from the hairs of a variety of rare and mythical animals. When used against an animal, the whip of compliance can potentially force the target to follow your commands.",
				{
					"type": "ability",
					"activity": {
						"number": 1,
						"unit": "action"
					},
					"components": [
						"command"
					],
					"entries": [
						"Until the end of your current turn, any animals you {@action Strike} with the whip must attempt a DC 25 Will save.",
						"On a failed or critically failed saving throw, the whip casts a 4th-level {@spell suggestion} spell on the animal with a base duration of 1 round, and the spell loses the {@trait linguistic} trait. The course of action must still fulfill suggestion's requirements. If you can cast spells, you can expend one of your spells of 4th level or higher as a part of activating the whip; if you do so, the suggestions this turn have their normal base duration."
					]
				}
			]
		},
		{
			"name": "Wondrous Figurines",
			"source": "EC2",
			"page": 75,
			"type": "Item",
			"level": "5+",
			"traits": [
				"uncommon",
				"conjuration",
				"magical"
			],
			"usage": "held in 1 hand",
			"bulk": "L",
			"category": "Held",
			"entries": [
				"The magical statuettes known as wondrous figurines are described on page 576 of the Pathfinder Core Rulebook.",
				"The following additional figurines are less common versions sometimes found in the pockets of menagerie owners who often find themselves in need of a quick act or diversion."
			],
			"generic": "G",
			"variants": [
				{
					"level": 5,
					"price": {
						"coin": "gp",
						"amount": 140
					},
					"entries": [
						"Although appearing as a multicolored piece of stick candy, this figurine bears a narrow snake head at one end and is as durable as stone. When activated, it becomes a rainbowstriped {@creature ball python} except it lacks the {@skill Stealth} skill. The snake can be used once per day, and it can remain in snake form for up to 20 minutes."
					],
					"variantType": "candy constrictor"
				},
				{
					"level": 7,
					"price": {
						"coin": "gp",
						"amount": 350
					},
					"entries": [
						"This small, stretchable statuette depicts a bear wearing a tutu and a fez and balancing on a ball slightly larger than its head. When activated, it becomes a {@creature grizzly bear} with similar attire. The bear remains balanced upon its rubber ball, and is therefore ungainly: it cannot {@action Climb} or {@action Swim}, has a \u201310- foot circumstance penalty to its Speed, and is always {@condition flat-footed}. If the bear leaves its ball, such as if it is repositioned with forced movement or knocked {@condition prone}, it immediately reverts to statuette form. The bear can be used once per day, and it can remain in bear form for up to 1 hour."
					],
					"variantType": "rubber bear"
				}
			]
		}
	]
}
