{
	"class": [
		{
			"name": "Summoner",
			"source": "SoM",
			"page": 51,
			"keyAbility": "Charisma",
			"hp": 10,
			"initialProficiencies": {
				"perception": "T",
				"fort": "E",
				"ref": "T",
				"will": "E",
				"skills": {
					"t": [
						{
							"skill": [
								"Subclass Dependant"
							],
							"entry": "one or more skills determined by your Eidolon"
						}
					],
					"add": 3
				},
				"attacks": {
					"t": [
						"simple weapons",
						"unarmed attacks"
					]
				},
				"defenses": {
					"t": [
						"unarmored defense"
					]
				},
				"spells": {
					"t": [
						"spell attack rolls of your spellcasting tradition, determined by your eidolon",
						"spell DCs of your spellcasting tradition, determined by your eidolon"
					]
				}
			},
			"advancement": {
				"classFeats": [
					2,
					4,
					6,
					8,
					10,
					12,
					14,
					16,
					18,
					20
				],
				"skillFeats": [
					2,
					4,
					6,
					8,
					10,
					12,
					14,
					16,
					18,
					20
				],
				"generalFeats": [
					3,
					7,
					11,
					15,
					19
				],
				"ancestryFeats": [
					5,
					9,
					13,
					17
				],
				"skillIncrease": [
					3,
					5,
					7,
					9,
					11,
					13,
					15,
					17,
					19
				],
				"abilityBoosts": [
					5,
					10,
					15,
					20
				]
			},
			"classFeatures": [
				"Ancestry and Background|Summoner|SoM|1",
				"Initial Proficiencies|Summoner|SoM|1",
				{
					"classFeature": "Eidolon|Summoner|SoM|1",
					"gainSubclassFeature": true
				},
				"Summoner Spellcasting|Summoner|SoM|1",
				"Spell Repertoire|Summoner|SoM|1",
				"Link Spells|Summoner|SoM|1",
				"Evolution Feat|Summoner|SoM|1",
				"Skill Feats|Summoner|SoM|2",
				"Summoner Feats|Summoner|SoM|2",
				"General Feats|Summoner|SoM|3",
				"Shared Vigilance|Summoner|SoM|3",
				"Skill Increases|Summoner|SoM|3",
				"Unlimited Signature Spells|Summoner|SoM|3",
				"Ability Boosts|Summoner|SoM|5",
				"Ancestry Feats|Summoner|SoM|5",
				"Eidolon Unarmed Expertise|Summoner|SoM|5",
				"Eidolon Symbiosis|Summoner|SoM|7",
				"Eidolon Weapon Specialization|Summoner|SoM|7",
				"Expert Spellcaster|Summoner|SoM|9",
				"Shared Reflexes|Summoner|SoM|9",
				"Eidolon Defensive Expertise|Summoner|SoM|11",
				"Simple Weapon Expertise|Summoner|SoM|11",
				"Twin Juggernauts|Summoner|SoM|11",
				"Defensive Robes|Summoner|SoM|13",
				"Eidolon Unarmed Mastery|Summoner|SoM|13",
				"Weapon Specialization|Summoner|SoM|13",
				"Greater Eidolon Specialization|Summoner|SoM|15",
				"Shared Resolve|Summoner|SoM|15",
				"Eidolon Transcendence|Summoner|SoM|17",
				"Master Spellcaster|Summoner|SoM|17",
				"Eidolon Defensive Mastery|Summoner|SoM|19",
				"Instant Manifestation|Summoner|SoM|19"
			],
			"subclasses": [
				{
					"name": "Angel",
					"type": "Eidolon",
					"shortName": "Angel",
					"source": "SoM",
					"page": 59,
					"subclassFeatures": [
						"Eidolon|Summoner|SoM|Angel|SoM|1"
					]
				},
				{
					"name": "Anger Phantom",
					"type": "Eidolon",
					"shortName": "Anger Phantom",
					"source": "SoM",
					"page": 59,
					"subclassFeatures": [
						"Eidolon|Summoner|SoM|Anger Phantom|SoM|1"
					]
				},
				{
					"name": "Beast",
					"type": "Eidolon",
					"shortName": "Beast",
					"source": "SoM",
					"page": 61,
					"subclassFeatures": [
						"Eidolon|Summoner|SoM|Beast|SoM|1"
					]
				},
				{
					"name": "Construct",
					"type": "Eidolon",
					"shortName": "Construct",
					"source": "SoM",
					"page": 61,
					"subclassFeatures": [
						"Eidolon|Summoner|SoM|Construct|SoM|1"
					]
				},
				{
					"name": "Demon",
					"type": "Eidolon",
					"shortName": "Demon",
					"source": "SoM",
					"page": 62,
					"subclassFeatures": [
						"Eidolon|Summoner|SoM|Demon|SoM|1"
					]
				},
				{
					"name": "Devotion Phantom",
					"type": "Eidolon",
					"shortName": "Devotion Phantom",
					"source": "SoM",
					"page": 63,
					"subclassFeatures": [
						"Eidolon|Summoner|SoM|Devotion Phantom|SoM|1"
					]
				},
				{
					"name": "Dragon",
					"type": "Eidolon",
					"shortName": "Dragon",
					"source": "SoM",
					"page": 63,
					"subclassFeatures": [
						"Eidolon|Summoner|SoM|Dragon|SoM|1"
					]
				},
				{
					"name": "Fey",
					"type": "Eidolon",
					"shortName": "Fey",
					"source": "SoM",
					"page": 64,
					"subclassFeatures": [
						"Eidolon|Summoner|SoM|Fey|SoM|1"
					]
				},
				{
					"name": "Plant",
					"type": "Eidolon",
					"shortName": "Plant",
					"source": "SoM",
					"page": 65,
					"subclassFeatures": [
						"Eidolon|Summoner|SoM|Plant|SoM|1"
					]
				},
				{
					"name": "Psychopomp",
					"type": "Eidolon",
					"shortName": "Psychopomp",
					"source": "SoM",
					"page": 66,
					"subclassFeatures": [
						"Eidolon|Summoner|SoM|Psychopomp|SoM|1"
					]
				}
			],
			"classFeaturesIntro": [
				{
					"type": "pf2-h2",
					"page": 52,
					"name": "Class Features",
					"entries": [
						"You gain all of the following abilities as a summoner. Abilities gained at higher levels than 1st level always list the level at which you gain them next to the features' names."
					]
				}
			],
			"flavor": [
				"You can magically beckon a powerful being called an eidolon to your side, serving as the mortal conduit that anchors it to the world. Whether your eidolon is a friend, a servant, or even a personal god, your connection to it marks you as extraordinary, shaping the course of your life dramatically."
			],
			"fluff": [
				{
					"type": "pf2-h3",
					"page": 51,
					"name": "During combat Encounters...",
					"entries": [
						"You and your eidolon fight together as one. You can rely on your eidolon for mundane challenges, saving your spells for when they're needed most."
					]
				},
				{
					"type": "pf2-h3",
					"page": 51,
					"name": "During social encounters...",
					"entries": [
						"Your powerful personality allows you to take the lead when negotiating. You and your eidolon might engage with others in different ways, but even if your guardian remains silent, its presence reminds those around you of your power."
					]
				},
				{
					"type": "pf2-h3",
					"page": 51,
					"name": "While exploring...",
					"entries": [
						"Whether you remain on alert for the presence of strange magic or keep an eye out for trouble, you and your eidolon act together to cover more ground, pool your knowledge, and leverage each other's abilities."
					]
				},
				{
					"type": "pf2-h3",
					"page": 51,
					"name": "In downtime...",
					"entries": [
						"You might attempt to learn more about the nature of your eidolon and delve deeper into the secrets of its magical tradition to {@action Learn a Spell}, {@action Craft} magic items with your eidolon's help, or make allies using your social skills."
					]
				},
				{
					"type": "pf2-h3",
					"page": 51,
					"name": "You Might...",
					"entries": [
						{
							"type": "list",
							"items": [
								"Rely on your eidolon to accomplish physical tasks while you handle the mental ones.",
								"Develop attitudes and mannerisms in line with your eidolon's way of thinking, even as your nature shapes its behavior.",
								"Consider your eidolon a close friend, a guiding figure, a protector, or a rival bound to you."
							]
						}
					]
				},
				{
					"type": "pf2-h3",
					"page": 51,
					"name": "Others Probably...",
					"entries": [
						{
							"type": "list",
							"items": [
								"Feel safe with you (and your eidolon) at their side.",
								"Expect that since you know information about your eidolon, you might know details about other sorts of strange monsters.",
								"View you with awe or fear because of the powerful, strange creature that accompanies you."
							]
						}
					]
				}
			],
			"summary": {
				"text": "A summoner acts as the living anchor to a powerful being called an eidolon, which they call upon for aid. Summoners maintain deep connections with their eidolons, granting them the ability to influence the way the creature evolves. Eidolons manifest in many forms, including as constructs, demons, dragons, fey, and other creatures.",
				"images": [
					"https://2e.aonprd.com/Images/Classes/Iconic_Ija.png"
				],
				"keyAbility": "Charisma"
			},
			"sampleBuilds": [
				{
					"name": "Angelic Vessel",
					"source": "SoM",
					"page": 68,
					"entries": [
						"Your eidolon is a being from the angelic hosts."
					],
					"abilities": [
						"Improve your Charisma first, then Constitution, Dexterity, and Wisdom."
					],
					"skills": [
						"Diplomacy",
						"Intimidation",
						"Medicine",
						"Religion"
					],
					"subclass": "Angel",
					"feats": [
						"Glider Form",
						"Ranged Combatant",
						"Lifelink Surge"
					]
				},
				{
					"name": "God Caller",
					"source": "SoM",
					"page": 72,
					"entries": [
						"Your eidolon is a god born of the land's life force."
					],
					"abilities": [
						"Focus on Charisma, Constitution, and then Strength."
					],
					"skills": [
						"Athletics",
						"Intimidation",
						"Nature",
						"Survival"
					],
					"subclass": "Beast",
					"feats": [
						"Advanced Weaponry",
						"Reinforce Eidolon",
						"Tandem Strike"
					]
				}
			]
		}
	],
	"classFeature": [
		{
			"name": "Ancestry and Background",
			"source": "SoM",
			"page": 52,
			"className": "Summoner",
			"classSource": "SoM",
			"level": 1,
			"entries": [
				"In addition to what you get from your class at 1st level, you have the benefits of your selected ancestry and background."
			]
		},
		{
			"name": "Initial Proficiencies",
			"source": "SoM",
			"page": 52,
			"className": "Summoner",
			"classSource": "SoM",
			"level": 1,
			"entries": [
				"At 1st level, you gain a number of proficiencies that represent your basic training. These proficiencies are noted at the start of this class."
			]
		},
		{
			"name": "Eidolon",
			"source": "SoM",
			"page": 52,
			"className": "Summoner",
			"classSource": "SoM",
			"level": 1,
			"entries": [
				"You have a connection with a powerful and usually otherworldly entity called an eidolon, and you can use your life force as a conduit to manifest this ephemeral entity into the mortal world. Magic also flows through this conduit from your eidolon into you, so your eidolon determines the type of spells you cast and the spell list you choose from (as described in {@classFeature Summoner Spellcasting|Summoner|SoM|1}).",
				"Choose a type of {@filter eidolon|companionsfamiliars||Type=Eidolon} you have access to. When you choose your eidolon, you also determine its appearance and general form, within the parameters for that particular type of eidolon. Once you establish your eidolon's type and general appearance, these features can't be changed later, except by selecting special evolution feats that can cause your eidolon to develop new features.",
				"Your magical connection with your eidolon takes the form of a sigil on each of your bodies. As long as your eidolon is manifested, the sigil glows with light and can't be covered or disguised via any means; it will shine through clothing, appear over cloaks, and remain unaffected by obfuscating magic. This, combined with the way that the two of you clearly act in tandem, makes it readily apparent to an intelligent observer that the two of you are connected in some way, even if the person has never encountered a summoner before.",
				"You bring your eidolon into reality with the {@action Manifest Eidolon|SoM} action.",
				{
					"type": "data",
					"tag": "action",
					"name": "Manifest Eidolon",
					"source": "SoM"
				},
				"Your eidolon is no mere minion. It doesn't have the {@trait minion} or {@trait summoned} trait, and the two of you work together and coordinate your actions. You and your eidolon share your actions and multiple attack penalty. Each round, you can use any of your actions (including reactions and free actions) for yourself or your eidolon.",
				"You coordinate your actions with your eidolon more efficiently when you {@action Act Together|SoM}.",
				{
					"type": "data",
					"tag": "action",
					"name": "Act Together",
					"source": "SoM"
				},
				"Your connection with your eidolon allows you to communicate with it telepathically at all times, even when it isn't manifested. You also gain the {@action Share Senses} action.",
				{
					"type": "data",
					"tag": "action",
					"name": "Share Senses",
					"source": "SoM"
				},
				"Lastly, the connection between you and your eidolon means you both share a single pool of Hit Points. Damage taken by either you or the eidolon reduces your Hit Points, while healing either of you recovers your Hit Points. Like with your actions, if you and your eidolon are both subject to the same effect that affects your Hit Points, you apply those effects only once (applying the greater effect, if applicable). For instance, if you and your eidolon get caught in an area effect that would heal or damage you both, only the greater amount of healing or damage applies.",
				{
					"type": "pf2-h4",
					"page": 53,
					"collapsible": true,
					"name": "Gear and your Eidolon",
					"entries": [
						"Your eidolon can't wear or use magic items, except for items with the {@trait eidolon} trait. An eidolon can have up to two items invested. Your eidolon's link to you means it can benefit from certain magic items invested by you.",
						{
							"type": "list",
							"items": [
								"Your eidolon gains item bonuses to {@skill Perception} and skills from any magical items that you have invested.",
								"Your eidolon increases its item bonus to AC based on your armor's armor potency rune or bracers of armor. It also gains an item bonus to its saves from the resilient rune on your armor or from your bracers of armor. Other permanent items that grant or increase item bonuses to AC and saves might convey a similar benefit, as determined by the GM.",
								"Your eidolon's Strikes benefit from the fundamental and property runes on your {@item handwraps of mighty blows (generic)|CRB|handwraps of mighty blows}. Alternatively, you can {@action Invest an Item||Invest} a magic weapon (even though magic weapons can't normally be Invested) to share its fundamental and property runes with your eidolon. You share these benefits only while you're holding the weapon, and you can have no more than one weapon invested in this way at a time. In either case, the eidolon gains only the benefits that can apply to its attacks, with the same limitations noted in {@item handwraps of mighty blows (generic)|CRB|handwraps of mighty blows}."
							]
						}
					]
				},
				{
					"type": "pf2-h4",
					"page": 54,
					"collapsible": true,
					"name": "Lost and Altered Actions",
					"entries": [
						"If you or your eidolon becomes {@condition slowed}, {@condition stunned}, {@condition quickened}, or otherwise affected by something that changes the actions you gain at the start of each turn, it affects your shared actions. However, if you are both subject to such an effect, apply only the more severe one. For instance, if you or your eidolon were {@condition slowed} 1, you would start your turn with one fewer action, but if you were both {@condition slowed} 1, you would still lose only one action, rather than adding the two slowed effects together. However, if you were {@condition slowed} 1 and your eidolon {@condition slowed} 2, you'd have two fewer actions, because that's the more severe effect. If only one of you becomes restricted in how you can spend your actions, that restriction doesn't automatically extend to the other; for example, if your eidolon became {@condition immobilized} or {@condition petrified}, it wouldn't be able to move, but you could still use your actions to move. The GM resolves any situation that's unclear.",
						"You, as the player, control both your summoner and your eidolon, and the two are generally considered to cooperate unless you decide for them not to. While a summoner's link with an eidolon is a partnership, ultimately the eidolon is linked to you, not the other way around. If there's ever a conflict of who should act, you win out over your eidolon. This means that if the eidolon comes under an effect that would take its actions out of your control, such as the {@condition confused} or {@condition controlled} condition, you can use all of your shared actions so your eidolon doesn't have any actions remaining to cause trouble (as long as you are able to act). However, if you came under such an effect, you would simply use all of your shared actions, preventing your eidolon from acting."
					]
				}
			]
		},
		{
			"name": "Summoner Spellcasting",
			"source": "SoM",
			"page": 54,
			"className": "Summoner",
			"classSource": "SoM",
			"level": 1,
			"entries": [
				"Your link to your eidolon grants you limited magic connected to your eidolon's nature. You can cast spells using the {@action Cast a Spell} activity, and you can supply material, somatic, and verbal components when casting spells. Because of the magic you draw from your eidolon, you can usually replace material components with somatic components, so you don't need a material component pouch.",
				"Each day, you can cast one 1st-level spell and five cantrips. You must know spells to cast them, and you learn them via the spell repertoire class feature. The number of spells you can cast each day is called your spell slots.",
				"As you increase in level as a summoner, the magical link with your eidolon grants you additional, more powerful spell slots. Your total number of spell slots and the highest level of spells you can cast are shown in Table 2\u20134: Summoner Spells per Day. Because of the way you draw magic from your connection to your eidolon, you begin to lose lower-level spell slots once you reach 5th level. The maximum number of spell slots you get from the summoner class is four, starting when you reach 4th level.",
				"Some of your spells require you to attempt a spell attack roll to see how effective they are, or have your enemies roll against your spell DC (typically by attempting a saving throw). Since your key ability is Charisma, your spell attack rolls and spell DCs use your Charisma modifier. Details on calculating these statistics appear on page 447 of the Core Rulebook.",
				{
					"type": "pf2-h4",
					"page": 54,
					"name": "Heightening Spells",
					"entries": [
						"When you gain spell slots of 2nd level and higher, you can fill those slots with stronger versions of lower-level spells. This increases the spell's level, heightening it to match the spell slot. Many spells have specific improvements when they are heightened to certain levels."
					]
				},
				{
					"type": "pf2-h4",
					"page": 54,
					"name": "Cantrips",
					"entries": [
						"A cantrip is a special type of spell that doesn't use spell slots. You can cast a cantrip at will, any number of times per day. A cantrip is always automatically heightened to half your level rounded up\u2014this is usually equal to the highest level of spell you can cast as a summoner. For example, as a 1st-level summoner, your cantrips are 1st-level spells, and as a 5th-level summoner, your cantrips are 3rd-level spells."
					]
				},
				{
					"type": "table",
					"minimizeTo": [
						0
					],
					"name": "Summoner Spells per Day",
					"id": "2-4",
					"labelRowIdx": [
						0
					],
					"colStyles": [
						"",
						"text-center",
						"text-center",
						"text-center",
						"text-center",
						"text-center",
						"text-center",
						"text-center",
						"text-center",
						"text-center",
						"text-center"
					],
					"rows": [
						[
							"Level",
							"Cantrips",
							"1st",
							"2nd",
							"3rd",
							"4th",
							"5th",
							"6th",
							"7th",
							"8th",
							"9th"
						],
						[
							1,
							5,
							1,
							"\u2014",
							"\u2014",
							"\u2014",
							"\u2014",
							"\u2014",
							"\u2014",
							"\u2014",
							"\u2014"
						],
						[
							2,
							5,
							2,
							"\u2014",
							"\u2014",
							"\u2014",
							"\u2014",
							"\u2014",
							"\u2014",
							"\u2014",
							"\u2014"
						],
						[
							3,
							5,
							2,
							1,
							"\u2014",
							"\u2014",
							"\u2014",
							"\u2014",
							"\u2014",
							"\u2014",
							"\u2014"
						],
						[
							4,
							5,
							2,
							2,
							"\u2014",
							"\u2014",
							"\u2014",
							"\u2014",
							"\u2014",
							"\u2014",
							"\u2014"
						],
						[
							5,
							5,
							"\u2014",
							2,
							2,
							"\u2014",
							"\u2014",
							"\u2014",
							"\u2014",
							"\u2014",
							"\u2014"
						],
						[
							6,
							5,
							"\u2014",
							2,
							2,
							"\u2014",
							"\u2014",
							"\u2014",
							"\u2014",
							"\u2014",
							"\u2014"
						],
						[
							7,
							5,
							"\u2014",
							"\u2014",
							2,
							2,
							"\u2014",
							"\u2014",
							"\u2014",
							"\u2014",
							"\u2014"
						],
						[
							8,
							5,
							"\u2014",
							"\u2014",
							2,
							2,
							"\u2014",
							"\u2014",
							"\u2014",
							"\u2014",
							"\u2014"
						],
						[
							9,
							5,
							"\u2014",
							"\u2014",
							"\u2014",
							2,
							2,
							"\u2014",
							"\u2014",
							"\u2014",
							"\u2014"
						],
						[
							10,
							5,
							"\u2014",
							"\u2014",
							"\u2014",
							2,
							2,
							"\u2014",
							"\u2014",
							"\u2014",
							"\u2014"
						],
						[
							11,
							5,
							"\u2014",
							"\u2014",
							"\u2014",
							"\u2014",
							2,
							2,
							"\u2014",
							"\u2014",
							"\u2014"
						],
						[
							12,
							5,
							"\u2014",
							"\u2014",
							"\u2014",
							"\u2014",
							2,
							2,
							"\u2014",
							"\u2014",
							"\u2014"
						],
						[
							13,
							5,
							"\u2014",
							"\u2014",
							"\u2014",
							"\u2014",
							"\u2014",
							2,
							2,
							"\u2014",
							"\u2014"
						],
						[
							14,
							5,
							"\u2014",
							"\u2014",
							"\u2014",
							"\u2014",
							"\u2014",
							2,
							2,
							"\u2014",
							"\u2014"
						],
						[
							15,
							5,
							"\u2014",
							"\u2014",
							"\u2014",
							"\u2014",
							"\u2014",
							"\u2014",
							2,
							2,
							"\u2014"
						],
						[
							16,
							5,
							"\u2014",
							"\u2014",
							"\u2014",
							"\u2014",
							"\u2014",
							"\u2014",
							2,
							2,
							"\u2014"
						],
						[
							17,
							5,
							"\u2014",
							"\u2014",
							"\u2014",
							"\u2014",
							"\u2014",
							"\u2014",
							"\u2014",
							2,
							2
						],
						[
							18,
							5,
							"\u2014",
							"\u2014",
							"\u2014",
							"\u2014",
							"\u2014",
							"\u2014",
							"\u2014",
							2,
							2
						],
						[
							19,
							5,
							"\u2014",
							"\u2014",
							"\u2014",
							"\u2014",
							"\u2014",
							"\u2014",
							"\u2014",
							2,
							2
						],
						[
							20,
							5,
							"\u2014",
							"\u2014",
							"\u2014",
							"\u2014",
							"\u2014",
							"\u2014",
							"\u2014",
							2,
							2
						]
					]
				}
			]
		},
		{
			"name": "Spell Repertoire",
			"source": "SoM",
			"page": 52,
			"className": "Summoner",
			"classSource": "SoM",
			"level": 1,
			"entries": [
				"The collection of spells you can cast is called your spell repertoire. At 1st level, you learn two {@filter 1st-level spells|spells||spell type=spell|rarity=common|level=1} of your choice and five {@filter cantrips|spells||spell type=cantrip|rarity=common} of your choice. You choose these from the common spells from the tradition corresponding to your eidolon, or from other spells from that tradition to which you have access. You can cast any spell in your spell repertoire by using a spell slot of an appropriate spell level. Your spell slots and the spells in your spell repertoire are separate. If a feat or other ability adds a spell to your spell repertoire, it doesn't give you another spell slot, and vice versa.",
				"You add to this spell repertoire as you increase in level. Each time you get a spell slot (see Table 2\u20134: Summoner Spells per Day), you add a spell of the same level to your spell repertoire. At 2nd level, you select another 1st-level spell. At 3rd level, you add the first 2nd-level spell to your repertoire. At 4th level you gain your second and your spell repertoire reaches its maximum size of five spells.",
				"At 5th level, in addition to adding two 3rd-level spells to your repertoire, you lose your lowest level of spell slots. Any time you lose a level of spell slots, you lose two spells in your repertoire as well. These can come from spells you already know or out of the number of new spells you're learning. On levels in which you don't change your spell slots, you can swap out multiple spells, as described below.",
				{
					"type": "pf2-h4",
					"name": "Swapping Spells in Your Repertoire",
					"page": 55,
					"source": "SoM",
					"entries": [
						"As you gain new spells in your repertoire, you might want to replace some of the spells you previously learned. Each time you gain a level and learn new spells, you can swap out one of your old spells for a different spell of the same level. If it's a level at which you lose a set of lower-level slots, you can replace the two in either order. You can also instead swap a cantrip. You can also swap out spells by retraining during downtime.",
						"At 6th level and every even level thereafter, you can swap out any number of your spells for different spells of a level you can cast. When you do, you must keep at least one spell you can cast with your lowest level of spell slots so you don't end up with slots you can't use. For instance, at 6th level you would need to keep at least one 2nd-level spell, but all your other spells could be 3rd level."
					]
				}
			]
		},
		{
			"name": "Link Spells",
			"source": "SoM",
			"page": 55,
			"className": "Summoner",
			"classSource": "SoM",
			"level": 1,
			"entries": [
				"Your connection to your eidolon allows you to cast link spells, special spells that have been forged through your shared connection with your eidolon. Link spells are a type of focus spell. It costs 1 Focus Point to cast a focus spell, and you start with a focus pool of 1 Focus Point. You refill your focus pool during your daily preparations, and you can regain 1 Focus Point by spending 10 minutes using the {@action Refocus} activity to specifically connect with your eidolon, such as by having a heart-to-heart conversation, playing together, or meditating in unison on the nature of your bond.",
				"Focus spells are automatically heightened to half your level rounded up, much like cantrips. Focus spells don't require spell slots, and you can't cast them using spell slots. Taking feats can give you more focus spells and increase the size of your focus pool, though your focus pool can never hold more than 3 Focus Points. The full rules for focus spells appear on page 300 of the Core Rulebook.",
				"You learn the {@spell evolution surge|SoM} link spell, which allows you to grant your eidolon one of several useful benefits.",
				{
					"type": "pf2-h4",
					"name": "Link Cantrips",
					"page": 56,
					"source": "SoM",
					"entries": [
						"Link cantrips are special link spells that don't cost Focus Points, so you can cast them as often as you like. Link cantrips are in addition to the cantrips you choose from your tradition's spell list. Generally, only feats can give you more link cantrips. Unlike other cantrips, you can't swap out link cantrips gained from summoner feats at a later level, unless you swap out the specific feat via {@action retraining}.",
						"You learn the {@spell boost eidolon|SoM} link cantrip, which briefly improves your eidolon's capabilities, allowing it to attack with greater power."
					]
				}
			]
		},
		{
			"name": "Evolution Feat",
			"source": "SoM",
			"page": 56,
			"className": "Summoner",
			"classSource": "SoM",
			"level": 1,
			"entries": [
				"{@trait Evolution} feats are a special type of summoner class feat that allow you to customize your eidolon through your shared link. You gain an {@filter evolution feat|feats||general=evolution|level=[1;1]} for your eidolon at 1st level, representing the differences that make it unique from other eidolons of its type. If you retrain this feat, the feat you replace it with must also be an {@filter evolution feat|feats||general=evolution|level=[1;1]}."
			]
		},
		{
			"name": "Skill Feats",
			"page": 56,
			"source": "SoM",
			"className": "Summoner",
			"classSource": "SoM",
			"level": 2,
			"entries": [
				"At 2nd level and every 2 levels thereafter, you gain a {@filter skill feat|feats||type=skill;!archetype|level=[1;2]}. You must be trained or better in the corresponding skill to select a skill feat."
			]
		},
		{
			"name": "Summoner Feats",
			"page": 56,
			"source": "SoM",
			"className": "Summoner",
			"classSource": "SoM",
			"level": 2,
			"entries": [
				"At 2nd level and every even-numbered level thereafter, you gain a {@filter summoner class feat|feats||type=class|Class=Summoner|level=[1;2]}."
			]
		},
		{
			"name": "General Feats",
			"page": 56,
			"source": "SoM",
			"className": "Summoner",
			"classSource": "SoM",
			"level": 3,
			"entries": [
				"At 3rd level and every 4 levels thereafter, you gain a {@filter general feat|feats||type=general|level=[1;3]}."
			]
		},
		{
			"name": "Shared Vigilance",
			"page": 56,
			"source": "SoM",
			"className": "Summoner",
			"classSource": "SoM",
			"level": 3,
			"entries": [
				"You and your eidolon work together to remain alert to threats around you, allowing you to perceive far more together than you could individually. Your proficiency rank in Perception and your eidolon's proficiency rank in Perception increase to expert."
			]
		},
		{
			"name": "Skill Increases",
			"page": 56,
			"source": "SoM",
			"className": "Summoner",
			"classSource": "SoM",
			"level": 3,
			"entries": [
				"At 3rd level and every 2 levels thereafter, you gain a skill increase. You can use this increase either to increase your proficiency rank to trained in one skill you're untrained in, or to increase your proficiency rank in one skill in which you're already trained to expert.",
				"At 7th level, you can use skill increases to increase your proficiency rank to master in a skill in which you're already an expert, and at 15th level, you can use them to increase your proficiency rank to legendary in a skill in which you're already a master."
			]
		},
		{
			"name": "Unlimited Signature Spells",
			"page": 56,
			"source": "SoM",
			"className": "Summoner",
			"classSource": "SoM",
			"level": 3,
			"entries": [
				"All of your spells are signature spells. That means that if you know a spell, you can heighten it freely by casting it from a higher-level spell slot, up to the maximum level of spell you can cast. You can similarly cast any of its lower-level versions without learning them separately."
			]
		},
		{
			"name": "Ability Boosts",
			"source": "SoM",
			"page": 56,
			"className": "Summoner",
			"classSource": "SoM",
			"level": 5,
			"entries": [
				"At 5th level and every 5 levels thereafter, you boost four different ability scores. You can use these ability boosts to increase your ability scores above 18. Boosting an ability score increases it by 1 if the ability score is already 18 or above, or by 2 if it starts out below 18.",
				"Your eidolon also gets four ability boosts at these levels. The eidolon's ability boosts follow the same rules as yours."
			]
		},
		{
			"name": "Ancestry Feats",
			"source": "SoM",
			"page": 56,
			"className": "Summoner",
			"classSource": "SoM",
			"level": 5,
			"entries": [
				"In addition to the ancestry feat you started with, you gain an {@filter ancestry feat|feats||type=ancestry|level=[1;5]} at 5th level and every 4 levels thereafter."
			]
		},
		{
			"name": "Eidolon Unarmed Expertise",
			"source": "SoM",
			"page": 56,
			"className": "Summoner",
			"classSource": "SoM",
			"level": 5,
			"entries": [
				"Your eidolon becomes more capable of using its unarmed attacks. Its proficiency rank for unarmed attacks increases to expert."
			]
		},
		{
			"name": "Eidolon Symbiosis",
			"source": "SoM",
			"page": 56,
			"className": "Summoner",
			"classSource": "SoM",
			"level": 7,
			"entries": [
				"Your connection with your eidolon strengthens, granting your eidolon access to a new ability depending on its type, as described in Eidolon Abilities in each eidolon's entry."
			]
		},
		{
			"name": "Eidolon Weapon Specialization",
			"source": "SoM",
			"page": 56,
			"className": "Summoner",
			"classSource": "SoM",
			"level": 7,
			"entries": [
				"Your eidolon has learned how to inflict greater injuries with its unarmed attacks. It deals 2 additional damage with unarmed attacks in which it's an expert. This damage increases to 3 if it's a master, and 4 if it's legendary."
			]
		},
		{
			"name": "Expert Spellcaster",
			"source": "SoM",
			"page": 56,
			"className": "Summoner",
			"classSource": "SoM",
			"level": 9,
			"entries": [
				"As your connection to your eidolon deepens, the power of your spells increases. Your proficiency ranks for spell attack rolls and spell DCs for spells of your eidolon's tradition increase to expert."
			]
		},
		{
			"name": "Shared Reflexes",
			"source": "SoM",
			"page": 57,
			"className": "Summoner",
			"classSource": "SoM",
			"level": 9,
			"entries": [
				"You and your eidolon boost each other's reflexes, allowing you both to roll away from danger. Your proficiency rank for Reflex saves and your eidolon's proficiency rank for Reflex saves increase to expert."
			]
		},
		{
			"name": "Eidolon Defensive Expertise",
			"source": "SoM",
			"page": 57,
			"className": "Summoner",
			"classSource": "SoM",
			"level": 11,
			"entries": [
				"Your eidolon increases its ability to avoid attacks. Its proficiency rank for unarmored defense increases to expert."
			]
		},
		{
			"name": "Simple Weapon Expertise",
			"source": "SoM",
			"page": 57,
			"className": "Summoner",
			"classSource": "SoM",
			"level": 11,
			"entries": [
				"Training and magic improved your weapon technique. Your proficiency rank for simple weapons and unarmed attacks increases to expert."
			]
		},
		{
			"name": "Twin Juggernauts",
			"source": "SoM",
			"page": 57,
			"className": "Summoner",
			"classSource": "SoM",
			"level": 11,
			"entries": [
				"You and your eidolon fight off physical hardship together with your shared life force. Your proficiency rank for Fortitude saves and your eidolon's proficiency rank for Fortitude saves increase to master. When you roll a success on a Fortitude save, you get a critical success instead. When your eidolon rolls a success on a Fortitude save, it gets a critical success instead."
			]
		},
		{
			"name": "Defensive Robes",
			"source": "SoM",
			"page": 57,
			"className": "Summoner",
			"classSource": "SoM",
			"level": 13,
			"entries": [
				"The flow of magic around you increases your ability to avoid attacks. Your proficiency rank in unarmored defense increases to expert."
			]
		},
		{
			"name": "Eidolon Unarmed Mastery",
			"source": "SoM",
			"page": 57,
			"className": "Summoner",
			"classSource": "SoM",
			"level": 13,
			"entries": [
				"Your eidolon truly masters its unarmed attacks, reaching greater heights. Its proficiency rank for unarmed attacks increases to master."
			]
		},
		{
			"name": "Weapon Specialization",
			"source": "SoM",
			"page": 57,
			"className": "Summoner",
			"classSource": "SoM",
			"level": 13,
			"entries": [
				"You've learned how to inflict greater injuries with the weapons you know best. You deal 2 additional damage with weapons and unarmed attacks in which you are an expert. This damage increases to 3 if you're a master, and 4 if you're legendary"
			]
		},
		{
			"name": "Greater Eidolon Specialization",
			"source": "SoM",
			"page": 57,
			"className": "Summoner",
			"classSource": "SoM",
			"level": 15,
			"entries": [
				"Your eidolon's damage from weapon specialization increases to 4 with unarmed attacks in which it's an expert, 6 if it's a master, and 8 if it's legendary"
			]
		},
		{
			"name": "Shared Resolve",
			"source": "SoM",
			"page": 57,
			"className": "Summoner",
			"classSource": "SoM",
			"level": 15,
			"entries": [
				"You and your eidolon steel your mind together against effects that threaten you, each protecting the others' minds from danger. Your and your eidolon's proficiency ranks for Will saves increase to master. When you roll a success on a Will save, you get a critical success instead. When your eidolon rolls a success on a Will save, it gets a critical success instead."
			]
		},
		{
			"name": "Eidolon Transcendence",
			"source": "SoM",
			"page": 57,
			"className": "Summoner",
			"classSource": "SoM",
			"level": 17,
			"entries": [
				"Your connection with your eidolon approaches its peak, granting your eidolon access to a powerful new ability depending on its type, as described in Eidolon Abilities in each eidolon's entry. This ability also increases one of the eidolon's ability scores by 2."
			]
		},
		{
			"name": "Master Spellcaster",
			"source": "SoM",
			"page": 57,
			"className": "Summoner",
			"classSource": "SoM",
			"level": 17,
			"entries": [
				"Your connection to your eidolon is strong enough to grant you mastery over associated spells. Your proficiency ranks for spell attack rolls and spell DCs for spells of your eidolon's tradition increase to master."
			]
		},
		{
			"name": "Eidolon Defensive Mastery",
			"source": "SoM",
			"page": 57,
			"className": "Summoner",
			"classSource": "SoM",
			"level": 19,
			"entries": [
				"Your eidolon's form becomes particularly difficult to assail. Its proficiency rank for unarmored defense increases to master."
			]
		},
		{
			"name": "Instant Manifestation",
			"page": 57,
			"source": "SoM",
			"className": "Summoner",
			"classSource": "SoM",
			"level": 19,
			"entries": [
				"You can manifest your eidolon with incredible speed. You can use {@action Manifest Eidolon|SoM} as a single action, instead of a three-action activity."
			]
		}
	],
	"subclassFeature": [
		{
			"name": "Eidolon",
			"source": "SoM",
			"page": 59,
			"className": "Summoner",
			"classSource": "SoM",
			"subclassShortName": "Angel",
			"subclassSource": "SoM",
			"level": 1,
			"entries": [
				{
					"type": "pf2-h4",
					"name": "Angel",
					"entries": [
						"Your eidolon is a celestial messenger, a member of the angelic host with a unique link to you, allowing them to carry a special message to the mortal world at your side. Most angel eidolons are roughly humanoid in form, with feathered wings, glowing eyes, halos, or similar angelic features. However, some take the form of smaller angelic servitors like the winged helmet cassisian angel instead. The two of you are destined for an important role in the plans of the celestial realms. Though a true angel, your angel eidolon's link to you as a mortal prevents them from casting the {@ritual angelic messenger|b1} ritual, even if they somehow learn it.",
						{
							"type": "data",
							"tag": "eidolon",
							"name": "Angel Eidolon",
							"source": "SoM"
						}
					]
				}
			]
		},
		{
			"name": "Eidolon",
			"source": "SoM",
			"page": 59,
			"className": "Summoner",
			"classSource": "SoM",
			"subclassShortName": "Anger Phantom",
			"subclassSource": "SoM",
			"level": 1,
			"entries": [
				{
					"type": "pf2-h4",
					"name": "Anger Phantom Eidolon",
					"entries": [
						"Your eidolon is a lost soul, bound to the mortal world by undying anger or a bitter grudge. Most phantom eidolons are humanoids with a spectral or ectoplasmic appearance, though some take far stranger forms. Your link with your eidolon prevents it from succumbing to corruption and undeath. Together, you will need to decide whether to work with your eidolon to control its anger, or channel its wrath into power.",
						{
							"type": "data",
							"tag": "eidolon",
							"name": "Anger Phantom Eidolon",
							"source": "SoM"
						}
					]
				}
			]
		},
		{
			"name": "Eidolon",
			"source": "SoM",
			"page": 61,
			"className": "Summoner",
			"classSource": "SoM",
			"subclassShortName": "Beast",
			"subclassSource": "SoM",
			"level": 1,
			"entries": [
				{
					"type": "pf2-h4",
					"name": "Beast Eidolon",
					"entries": [
						"Your eidolon is a manifestation of the life force of nature in the form of a powerful magical beast that often has animal features, possibly even several from different species. You might have learned the way to connect with the world's life force via a specific philosophy or practice, such as the beliefs of the god callers of Sarkoris, or formed a bond on your own. Regardless, your link to your eidolon allows you both to grow in power and influence to keep your home safe from those who would despoil it.",
						{
							"type": "data",
							"tag": "eidolon",
							"name": "Beast Eidolon",
							"source": "SoM"
						}
					]
				}
			]
		},
		{
			"name": "Eidolon",
			"source": "SoM",
			"page": 61,
			"className": "Summoner",
			"classSource": "SoM",
			"subclassShortName": "Construct",
			"subclassSource": "SoM",
			"level": 1,
			"entries": [
				{
					"type": "pf2-h4",
					"name": "Construct",
					"entries": [
						"Your eidolon is a mental construct based on an astral thoughtform and given physical presence and life by its connection to you, its shape limited only by your imagination. Your eidolon's appearance and physical form vary based on your shared vision for its construction, from clockworks to stuffed dolls and everything between, and it's not uncommon for that appearance to change greatly as your construct gains evolutions. Because it arises from an astral entity, your construct is no mindless servitor, but a fully thinking being with its own ideas, goals, and even emotions. These entities are extremely diverse; while many construct eidolons come from a powerful symbiotic connection with astral denizens, just as many arise from the forgotten memories of ancient empires and craftworks drifting across the Silver Sea of the Astral Plane.",
						{
							"type": "data",
							"tag": "eidolon",
							"name": "Construct Eidolon",
							"source": "SoM"
						}
					]
				}
			]
		},
		{
			"name": "Eidolon",
			"source": "SoM",
			"page": 62,
			"className": "Summoner",
			"classSource": "SoM",
			"subclassShortName": "Demon",
			"subclassSource": "SoM",
			"level": 1,
			"entries": [
				{
					"type": "pf2-h4",
					"name": "Demon",
					"entries": [
						{
							"type": "pf2-sidebar",
							"name": "Embodiments of Sin",
							"entries": [
								"While all demon eidolons have an associated sin, those sins can be incredibly varied. While many demon summoners conjure up easily recognizable eidolons, such as tempter demons appearing in the form of seductive succubi or wrecker demons taking on the form of destructive abrikandilus, other demons may also answer the call, including ones no one has ever seen before on the Material Plane. A greed-filled summoner might find that their eidolon is in truth one of the fearsome boar demons known as a nalfeshnee, while a summoner whose secret sins are stranger and darker than the average person might ever contemplate could conjure up a demonic presence whose appearance has never been recorded in the history of the mortal world."
							]
						},
						"Your eidolon is a demon, born of mortal sin congealed amid the chaos and evil of the Abyss, using its link to you to spread chaos at your side. Choose an associated sin for your demon. Demon eidolons have appearances as varied as the infinite Abyss. While demons are inherently untrustworthy, your demon eidolon has reached an accord with you and generally keeps it, though that doesn't mean your eidolon isn't actively working to bring your life deeper into its associated sin. Though a true demon, your demon eidolon's link to you as a mortal prevents them from casting the {@ritual abyssal pact|b1} ritual, even if they somehow learn it.",
						{
							"type": "data",
							"tag": "eidolon",
							"name": "Demon Eidolon",
							"source": "SoM"
						}
					]
				}
			]
		},
		{
			"name": "Eidolon",
			"source": "SoM",
			"page": 63,
			"className": "Summoner",
			"classSource": "SoM",
			"subclassShortName": "Devotion Phantom",
			"subclassSource": "SoM",
			"level": 1,
			"entries": [
				{
					"type": "pf2-h4",
					"name": "Devotion Phantom",
					"entries": [
						"Your eidolon is a demon, born of mortal sin congealed amid the chaos and evil of the Abyss, using its link to you to spread chaos at your side. Choose an associated sin for your demon. Demon eidolons have appearances as varied as the infinite Abyss. While demons are inherently untrustworthy, your demon eidolon has reached an accord with you and generally keeps it, though that doesn't mean your eidolon isn't actively working to bring your life deeper into its associated sin. Though a true demon, your demon eidolon's link to you as a mortal prevents them from casting the {@ritual abyssal pact|b1} ritual, even if they somehow learn it.",
						{
							"type": "data",
							"tag": "eidolon",
							"name": "Devotion Phantom Eidolon",
							"source": "SoM"
						}
					]
				}
			]
		},
		{
			"name": "Eidolon",
			"source": "SoM",
			"page": 63,
			"className": "Summoner",
			"classSource": "SoM",
			"subclassShortName": "Dragon",
			"subclassSource": "SoM",
			"level": 1,
			"entries": [
				{
					"type": "pf2-h4",
					"name": "Dragon Eidolon",
					"entries": [
						"Because dragons have a strong connection to magic, their minds can often leave an echo floating in the Astral Plane. Such an entity is extremely powerful but unable to interact with the outside world on its own. Dragon eidolons manifest in the powerful, scaled forms they had in life; most take the form of true dragons (albeit smaller), but some manifest as drakes or other draconic beings. You have forged a connection with such a dragon eidolon and together, you seek to grow as powerful as an ancient wyrm.",
						{
							"type": "data",
							"tag": "eidolon",
							"name": "Dragon Eidolon",
							"source": "SoM"
						}
					]
				}
			]
		},
		{
			"name": "Eidolon",
			"source": "SoM",
			"page": 64,
			"className": "Summoner",
			"classSource": "SoM",
			"subclassShortName": "Fey",
			"subclassSource": "SoM",
			"level": 1,
			"entries": [
				{
					"type": "pf2-h4",
					"name": "Fey Eidolon",
					"entries": [
						"Your eidolon is a fey, a capricious being of the mysterious First World. Many fey appear similar to mortal humanoids with unusual features such as pointed ears, wings, or bodies composed of natural elements, but the full variety of fey is endless, and many others appear completely inhuman. Fey from the First World never truly die, instead forming a new creature. Fey eidolons usually come about when a summoner helps stabilize a difficult reformation. This means your fey eidolon likely lived a different life just before meeting you and might remember fragments of its old memories. Together, you might have to unravel a memory from your eidolon's past life among the fey.",
						{
							"type": "data",
							"tag": "eidolon",
							"name": "Fey Eidolon",
							"source": "SoM"
						}
					]
				}
			]
		},
		{
			"name": "Eidolon",
			"source": "SoM",
			"page": 65,
			"className": "Summoner",
			"classSource": "SoM",
			"subclassShortName": "Plant",
			"subclassSource": "SoM",
			"level": 1,
			"entries": [
				{
					"type": "pf2-h4",
					"name": "Plant Eidolon",
					"entries": [
						"Your eidolon is an intelligent plant, formed from the same disembodied fragments of nature's life energy that become leshys. Plant eidolons tend to be curious and adaptable, with temperaments based on the parts of mortal culture they feel affinity toward. Despite coming from the same source, plant eidolons don't always look like leshys. Plant eidolons have forms that vary greatly and can look like almost any kind of plant creature in existence. Some even resemble plant creatures so strange they are impossible to identify.",
						{
							"type": "data",
							"tag": "eidolon",
							"name": "Plant Eidolon",
							"source": "SoM"
						}
					]
				}
			]
		},
		{
			"name": "Eidolon",
			"source": "SoM",
			"page": 66,
			"className": "Summoner",
			"classSource": "SoM",
			"subclassShortName": "Psychopomp",
			"subclassSource": "SoM",
			"level": 1,
			"entries": [
				{
					"type": "pf2-h4",
					"name": "Psychopomp Eidolon",
					"entries": [
						"Your eidolon is a psychopomp, a creature whose sworn duty is to usher souls safely to the afterlife and maintain the courts of the dead. Psychopomp eidolons have a variety of appearances, but since they often traffic with mortals, their form typically includes an elaborate mask. You and your psychopomp eidolon share an important fate together, whether it relates directly to your own soul or to a mission that will somehow protect the souls of others.",
						{
							"type": "data",
							"tag": "eidolon",
							"name": "Psychopomp Eidolon",
							"source": "SoM"
						}
					]
				}
			]
		}
	]
}
