{
	"creature": [
		{
			"name": "Amateur Chemist",
			"isNpc": false,
			"source": "AoE4",
			"page": 12,
			"level": 5,
			"traits": [
				"uncommon",
				"cn",
				"medium",
				"human",
				"humanoid"
			],
			"creatureType": [
				"Humanoid"
			],
			"perception": {
				"std": 13
			},
			"languages": {
				"languages": [
					"Common",
					"Dwarven"
				]
			},
			"skills": {
				"Acrobatics": {
					"std": 13
				},
				"Arcana": {
					"std": 11
				},
				"Crafting": {
					"std": 15
				},
				"Diplomacy": {
					"std": 9
				},
				"Nature": {
					"std": 11
				},
				"Society": {
					"std": 13
				}
			},
			"abilityMods": {
				"str": 0,
				"dex": 4,
				"con": 2,
				"int": 4,
				"wis": 2,
				"cha": 0
			},
			"ac": {
				"std": 22
			},
			"savingThrows": {
				"fort": {
					"std": 13
				},
				"ref": {
					"std": 15
				},
				"will": {
					"std": 11
				}
			},
			"hp": [
				{
					"hp": 75,
					"abilities": null
				}
			],
			"speed": {
				"walk": 25
			},
			"attacks": [
				{
					"range": "Melee",
					"name": "light mace",
					"attack": 13,
					"traits": [
						"agile",
						"finesse",
						"shove"
					],
					"effects": [],
					"damage": "{@damage 1d4} bludgeoning plus {@damage 2d8} poison",
					"types": [
						"bludgeoning",
						"poison"
					]
				},
				{
					"range": "Ranged",
					"name": "alchemical bomb",
					"attack": 14,
					"traits": [
						"range increment 30 feet",
						"splash"
					],
					"effects": [
						"varies by bomb"
					],
					"damage": "varies by bomb",
					"types": []
				}
			],
			"abilities": {
				"top": [
					{
						"entries": [
							"The chemist carries the following infused items, which last 24 hours or until the next time the amateur chemist makes their daily preparations: infused moderate bottled lightning (4), infused moderate frost vials (2), infused reagents (6), infused moderate silvertongue mutagens (2)."
						],
						"name": "Infused Items"
					}
				],
				"bot": [
					{
						"traits": [
							"5th"
						],
						"entries": [
							"lesser antidote, moderate bottled lightning, moderate frost vial, graveroot, hunting spider venom, moderate quicksilver mutagen, moderate silvertongue mutagen."
						],
						"name": "Alchemical Formulas"
					},
					{
						"entries": [
							"The chemist's bombs that have the {@trait splash} trait deal 4 splash damage."
						],
						"name": "Calculated Splash"
					},
					{
						"activity": {
							"number": 1,
							"unit": "action"
						},
						"entries": [
							"Cost 1 batch of infused reagents; The chemist creates a single alchemical item from their formula book (see Alchemical Formulas). This item has the {@trait infused} trait, but it remains potent only until the start of their next turn."
						],
						"name": "Quick Alchemy"
					},
					{
						"activity": {
							"number": 1,
							"unit": "action"
						},
						"entries": [
							"The chemist Interacts to draw a bomb then Strikes with it."
						],
						"name": "Quick Bomber"
					}
				]
			}
		},
		{
			"name": "Blackfingers Acolyte",
			"isNpc": false,
			"source": "AoE4",
			"page": 13,
			"level": 6,
			"traits": [
				"uncommon",
				"ne",
				"medium",
				"human",
				"humanoid"
			],
			"creatureType": [
				"Humanoid"
			],
			"perception": {
				"std": 16
			},
			"languages": {
				"languages": [
					"Common"
				]
			},
			"skills": {
				"Acrobatics": {
					"std": 14
				},
				"Diplomacy": {
					"std": 12
				},
				"Intimidation": {
					"std": 14
				},
				"Religion": {
					"std": 16
				},
				"Stealth": {
					"std": 16
				},
				"Thievery": {
					"std": 16
				}
			},
			"abilityMods": {
				"str": 1,
				"dex": 4,
				"con": 1,
				"int": 0,
				"wis": 4,
				"cha": 2
			},
			"ac": {
				"std": 24
			},
			"savingThrows": {
				"fort": {
					"std": 11
				},
				"ref": {
					"std": 16
				},
				"will": {
					"std": 16
				}
			},
			"hp": [
				{
					"hp": 95,
					"abilities": null
				}
			],
			"speed": {
				"walk": 25
			},
			"attacks": [
				{
					"range": "Melee",
					"name": "dagger",
					"attack": 15,
					"traits": [
						"agile",
						"finesse",
						"magic",
						"versatile s"
					],
					"effects": [],
					"damage": "{@damage 1d4+6} piercing",
					"types": [
						"piercing"
					]
				},
				{
					"range": "Ranged",
					"name": "hand crossbow",
					"attack": 14,
					"traits": [
						"range increment 60 feet",
						"reload 1"
					],
					"effects": [
						"giant scorpion venom"
					],
					"damage": "{@damage 1d6} piercing plus giant scorpion venom",
					"types": [
						"piercing"
					]
				}
			],
			"spellcasting": [
				{
					"name": "Divine Prepared",
					"type": "Prepared",
					"tradition": "Divine",
					"DC": 24,
					"attack": 17,
					"entry": {
						"0": {
							"level": 3,
							"spells": [
								{
									"name": "chill touch"
								},
								{
									"name": "divine lance"
								},
								{
									"name": "guidance"
								},
								{
									"name": "light"
								},
								{
									"name": "shield"
								}
							]
						},
						"1": {
							"spells": [
								{
									"name": "bane"
								},
								{
									"name": "fear"
								},
								{
									"name": "illusory disguise"
								}
							]
						},
						"2": {
							"spells": [
								{
									"name": "augury"
								},
								{
									"name": "invisibility"
								},
								{
									"name": "spiritual weapon"
								}
							]
						},
						"3": {
							"spells": [
								{
									"name": "blindness"
								},
								{
									"name": "harm",
									"amount": 3
								},
								{
									"name": "heroism"
								},
								{
									"name": "vampiric touch"
								}
							]
						}
					}
				}
			],
			"abilities": {
				"top": [
					{
						"entries": [
							"+10, {@skill Religion} +16, {@skill Stealth} +16, {@skill Thievery} +16 Str +1, Dex +4, Con +1, Int +0, Wis +4, Cha +2 Items +1 striking dagger, hand crossbow (10 bolts, 4 with giant scorpion venom), leather armor, religious symbol."
						],
						"name": "Norgorber Lore"
					},
					{
						"entries": [],
						"name": "of Norgorber"
					}
				],
				"bot": [
					{
						"activity": {
							"number": 1,
							"unit": "action"
						},
						"entries": [
							"When the acolyte casts harm to damage one creature, that creature is knocked {@condition prone} if it takes any damage from the spell. If the creature critically fails its save against the spell, it also takes a \u201310-foot status penalty to its Speed for 1 minute."
						],
						"name": "Cast Down"
					},
					{
						"entries": [
							"The acolyte deals an additional {@damage 2d6} precision damage to {@condition flat-footed} creatures."
						],
						"name": "Sneak Attack",
						"generic": {
							"tag": "ability"
						}
					}
				]
			}
		},
		{
			"name": "Clockwork Assassin",
			"isNpc": false,
			"source": "AoE4",
			"page": 82,
			"level": 13,
			"traits": [
				"uncommon",
				"n",
				"medium",
				"clockwork",
				"construct",
				"mindless"
			],
			"creatureType": [
				"Construct"
			],
			"perception": {
				"std": 23
			},
			"senses": [
				{
					"name": "darkvision"
				},
				{
					"name": "smoke vision"
				}
			],
			"skills": {
				"Acrobatics": {
					"std": 29
				},
				"Athletics": {
					"std": 25
				},
				"Stealth": {
					"std": 27
				}
			},
			"abilityMods": {
				"str": 6,
				"dex": 8,
				"con": 4,
				"int": -5,
				"wis": 0,
				"cha": -5
			},
			"ac": {
				"std": 34
			},
			"savingThrows": {
				"fort": {
					"std": 23
				},
				"ref": {
					"std": 29
				},
				"will": {
					"std": 19
				}
			},
			"hp": [
				{
					"hp": 230,
					"abilities": null
				}
			],
			"immunities": [
				"bleed",
				"death effects",
				"disease",
				"doomed",
				"drained",
				"fatigued"
			],
			"weaknesses": [
				{
					"amount": 15,
					"name": "electricity"
				},
				{
					"amount": 15,
					"name": "orichalcum"
				}
			],
			"resistances": [
				{
					"name": "physical"
				}
			],
			"speed": {
				"walk": 30,
				"climb": 20
			},
			"attacks": [
				{
					"range": "Melee",
					"name": "rapier hand",
					"attack": 27,
					"traits": [
						"deadly d8",
						"disarm",
						"finesse",
						"magical"
					],
					"effects": [
						"unbalancing blow"
					],
					"damage": "{@damage 3d6+12} piercing plus unbalancing blow",
					"types": [
						"piercing"
					]
				},
				{
					"range": "Ranged",
					"name": "spinning blade",
					"attack": 27,
					"traits": [
						"agile",
						"deadly d10",
						"magical",
						"range increment 120 feet"
					],
					"effects": [],
					"damage": "{@damage 2d10+9} slashing",
					"types": [
						"slashing"
					]
				}
			],
			"abilities": {
				"top": [
					{
						"entries": [
							"A projectile launcher is integrated into a clockwork assassin's systems, containing 10 spinning blades and five smoke bombs. When the assassin is destroyed, the launcher and its ammunition are also destroyed."
						],
						"name": "Integrated Launcher"
					},
					{
						"entries": [
							"The clockwork assassin ignores the {@condition concealed} condition from smoke."
						],
						"name": "Smoke Vision"
					},
					{
						"entries": [
							"For the clockwork assassin to act, it must be wound with a unique key by another creature. This takes 1 minute. Once wound, it remains operational for 24 hours, after which time it becomes unaware of its surroundings and can't act until it's wound again.",
							"The assassin can enter standby mode as a 3-action activity.",
							"Its operational time doesn't decrease in standby, but it can sense its surroundings (with a \u20132 penalty to {@skill Perception}). It can't act, with one exception: when it perceives a creature, it can exit standby as a reaction (rolling initiative if appropriate)",
							"A creature can attempt a DC 31 {@skill Thievery} check to {@action Disable a Device} to wind the assassin down. For each success, the assassin loses 1 hour of operational time. This can be done even if the assassin is in standby mode."
						],
						"name": "Wind-Up"
					}
				],
				"mid": [
					{
						"activity": {
							"number": 1,
							"unit": "reaction"
						},
						"entries": [],
						"name": "Attack of Opportunity",
						"generic": {
							"tag": "ability"
						}
					}
				],
				"bot": [
					{
						"traits": [
							"manipulate"
						],
						"entries": [
							"The clockwork assassin spends 1 hour of its operational time to repair itself, regaining 25 Hit Points and refilling its integrated projectile launcher with 4 spinning blades (to a maximum of 10) and 2 smoke bombs (to a maximum of 5)."
						],
						"name": "Rapid Repair"
					},
					{
						"activity": {
							"number": 1,
							"unit": "action"
						},
						"traits": [
							"manipulate"
						],
						"entries": [
							"The clockwork assassin launches a smoke bomb. A screen of thick, opaque smoke fills a 10-foot burst within 60 feet of the clockwork assassin. Creatures within the area are {@condition concealed}, and all other creatures are {@condition concealed} to them. The smoke lasts for 1 minute or until dispersed by a strong wind."
						],
						"name": "Smoke Bomb Launcher"
					},
					{
						"entries": [
							"The clockwork assassin's Strikes deal an additional {@damage 3d6} precision damage to {@condition flat-footed} creatures."
						],
						"name": "Sneak Attack",
						"generic": {
							"tag": "ability"
						}
					},
					{
						"entries": [
							"Creatures hit by the clockwork assassin's rapier hand {@action Strike} are {@condition flat-footed} until the start of the clockwork assassin's next turn."
						],
						"name": "Unbalancing Blow"
					}
				]
			}
		},
		{
			"name": "Gloaming Will-o'-wisp",
			"isNpc": false,
			"source": "AoE4",
			"page": 59,
			"level": 13,
			"traits": [
				"uncommon",
				"ce",
				"small",
				"aberration",
				"air"
			],
			"creatureType": [
				"Aberration"
			],
			"perception": {
				"std": 25
			},
			"senses": [
				{
					"name": "greater darkvision"
				}
			],
			"languages": {
				"languages": [
					"Aklo",
					"Common"
				]
			},
			"skills": {
				"Acrobatics": {
					"std": 29
				},
				"Deception": {
					"std": 23
				},
				"Intimidation": {
					"std": 23
				},
				"Stealth": {
					"std": 27
				}
			},
			"abilityMods": {
				"str": -5,
				"dex": 8,
				"con": 2,
				"int": 2,
				"wis": 6,
				"cha": 4
			},
			"ac": {
				"std": 37
			},
			"savingThrows": {
				"fort": {
					"std": 19
				},
				"ref": {
					"std": 27
				},
				"will": {
					"std": 23
				}
			},
			"hp": [
				{
					"hp": 110,
					"abilities": null
				}
			],
			"immunities": [
				"magic"
			],
			"speed": {
				"fly": 50
			},
			"attacks": [
				{
					"range": "Melee",
					"name": "shock",
					"attack": 27,
					"traits": [
						"electricity",
						"magical"
					],
					"effects": [],
					"damage": "{@damage 4d8+13} electricity",
					"types": [
						"electricity"
					]
				}
			],
			"abilities": {
				"top": [
					{
						"entries": [
							"+27 Str \u20135, Dex +8, Con +2, Int +2, Wis +6, Cha +4."
						],
						"name": "Stealth"
					}
				],
				"mid": [
					{
						"traits": [
							"aura",
							"light",
							"mental"
						],
						"entries": [
							"30 feet. Similar to other will-o'-wisps, a gloaming will-o'-wisp is naturally {@condition invisible}, but glows with a faint colored light. They cast dim light in the aura, which makes them visible. In addition, any non-aberration creature that ends their turn in the aura and can see the gloaming will-o'-wisp is distracted by the gloaming will-o'-wisp's glow and must attempt a DC 31 Will save. On a failure, the creature is {@condition stupefied|CRB|stupefied 1} for 1 round and takes {@damage 3d6} mental damage."
						],
						"name": "Hypnotic Glow"
					},
					{
						"entries": [
							"A will-o'-wisp is immune to all spells except faerie fire, glitterdust, magic missile, and maze."
						],
						"name": "Magic Immunity"
					}
				],
				"bot": [
					{
						"activity": {
							"number": 1,
							"unit": "action"
						},
						"traits": [
							"concentrate"
						],
						"requirements": "An enemy is under a {@trait fear} effect or {@condition dying} within 15 feet of the willo'- wisp",
						"entries": [
							"The will-o'-wisp feeds on the creature's terror. They regains {@dice 4d8} Hit Points, and if they've Gone Dark, their glow reignites. A will-o'-wisp can take this action only once per round."
						],
						"name": "Feed on Fear"
					},
					{
						"activity": {
							"number": 1,
							"unit": "action"
						},
						"traits": [
							"concentrate"
						],
						"entries": [
							"The gloaming will-o'-wisp extinguishes their hypnotic glow, becoming {@condition invisible}.",
							"They can end this effect with another use of this action.",
							"If they use their shock attack while {@condition invisible}, the arc of electricity lets any observer determine their location, making the will-o'-wisp only {@condition hidden} to observers until they move."
						],
						"name": "Go Dark"
					}
				]
			}
		},
		{
			"name": "Grabble Forden",
			"isNpc": false,
			"source": "AoE4",
			"page": 45,
			"level": 13,
			"traits": [
				"unique",
				"ne",
				"medium",
				"dwarf",
				"humanoid"
			],
			"creatureType": [
				"Humanoid"
			],
			"perception": {
				"std": 25
			},
			"senses": [
				{
					"name": "darkvision"
				}
			],
			"languages": {
				"languages": [
					"Aklo",
					"Common",
					"Daemonic",
					"Dwarf,"
				]
			},
			"skills": {
				"Acrobatics": {
					"std": 22
				},
				"Arcana": {
					"std": 26
				},
				"Nature": {
					"std": 23
				},
				"Poison Lore": {
					"std": 28
				}
			},
			"abilityMods": {
				"str": 1,
				"dex": 3,
				"con": 4,
				"int": 5,
				"wis": 4,
				"cha": 0
			},
			"ac": {
				"std": 32
			},
			"savingThrows": {
				"fort": {
					"std": 25
				},
				"ref": {
					"std": 22
				},
				"will": {
					"std": 23
				}
			},
			"hp": [
				{
					"hp": 285,
					"abilities": null
				}
			],
			"speed": {
				"walk": 25
			},
			"attacks": [
				{
					"range": "Melee",
					"name": "dagger",
					"attack": 22,
					"traits": [
						"agile",
						"finesse",
						"magical",
						"versatile s"
					],
					"effects": [],
					"damage": "{@damage 2d4+9} piercing",
					"types": [
						"piercing"
					]
				},
				{
					"range": "Melee",
					"name": "staff",
					"attack": 20,
					"traits": [
						"magical",
						"two-handed d8"
					],
					"effects": [],
					"damage": "{@damage 1d4+9} bludgeoning",
					"types": [
						"bludgeoning"
					]
				}
			],
			"spellcasting": [
				{
					"name": "Arcane Prepared",
					"type": "Prepared",
					"tradition": "Arcane",
					"DC": 33,
					"attack": 27,
					"entry": {
						"0": {
							"level": 7,
							"spells": [
								{
									"name": "acid splash"
								},
								{
									"name": "detect magic"
								},
								{
									"name": "light"
								},
								{
									"name": "message"
								},
								{
									"name": "read aura"
								},
								{
									"name": "shield"
								}
							]
						},
						"1": {
							"spells": [
								{
									"name": "ray of enfeeblement"
								},
								{
									"name": "sleep"
								},
								{
									"name": "spider's sting"
								}
							]
						},
						"2": {
							"spells": [
								{
									"name": "flaming sphere"
								},
								{
									"name": "knock"
								},
								{
									"name": "web"
								}
							]
						},
						"3": {
							"spells": [
								{
									"name": "fireball"
								},
								{
									"name": "haste"
								},
								{
									"name": "levitate"
								}
							]
						},
						"4": {
							"spells": [
								{
									"name": "outcast's curse"
								},
								{
									"name": "resilient sphere"
								},
								{
									"name": "wall of fire"
								}
							]
						},
						"5": {
							"spells": [
								{
									"name": "passwall",
									"amount": 2
								},
								{
									"name": "wyvern sting",
									"notes": [
										"page 81"
									]
								}
							]
						},
						"6": {
							"spells": [
								{
									"name": "chain lightning"
								},
								{
									"name": "dispel magic"
								},
								{
									"name": "scrying"
								}
							]
						},
						"7": {
							"spells": [
								{
									"name": "Leng sting",
									"notes": [
										"page 80"
									]
								},
								{
									"name": "prismatic spray"
								}
							]
						}
					}
				}
			],
			"abilities": {
				"top": [
					{
						"entries": [
							"Skills {@skill Acrobatics} +22, {@skill Arcana} +26, {@skill Crafting} +26, {@skill Nature} +23, {@skill Lore||Poison Lore} +28 Str +1, Dex +3, Con +4, Int +5, Wis +4, Cha +0 Items +2 striking dagger, major poisoner's staff (arcane focus; page 80)"
						],
						"name": "Undercommon"
					}
				],
				"bot": [
					{
						"activity": {
							"number": 1,
							"unit": "free"
						},
						"requirements": "Grabble hasn't acted yet on this turn",
						"frequency": {
							"unit": "day",
							"freq": 7
						},
						"entries": [
							"Grabble can cast one prepared spell he has already cast today without spending a spell slot. He must still {@action Cast a Spell||Cast the Spell} and meet the spell's other requirements. He can do this once per day for each of the spell levels he can cast."
						],
						"name": "Drain Bonded Item",
						"generic": {
							"tag": "action"
						}
					},
					{
						"activity": {
							"number": 1,
							"unit": "free"
						},
						"frequency": {
							"unit": "day",
							"freq": 3
						},
						"entries": [
							"If Grabble's next action is to cast a cantrip or a spell that is 6th level or lower and deals acid, cold, electricity, or fire damage, the spell deals poison damage rather than its normal damage type and gains the {@trait poison} trait."
						],
						"name": "Poison Conversion"
					}
				]
			}
		},
		{
			"name": "Japu Thalenger",
			"isNpc": false,
			"source": "AoE4",
			"page": 14,
			"level": 10,
			"traits": [
				"unique",
				"le",
				"medium",
				"human",
				"humanoid"
			],
			"creatureType": [
				"Humanoid"
			],
			"perception": {
				"std": 16
			},
			"languages": {
				"languages": [
					"Common",
					"Draconic",
					"Elven"
				]
			},
			"skills": {
				"Acrobatics": {
					"std": 20
				},
				"Crafting": {
					"std": 23
				},
				"Deception": {
					"std": 16
				},
				"Medicine": {
					"std": 16
				},
				"Nature": {
					"std": 18
				},
				"Stealth": {
					"std": 20
				},
				"Survival": {
					"std": 18
				},
				"Poison Lore": {
					"std": 21
				}
			},
			"abilityMods": {
				"str": 2,
				"dex": 4,
				"con": 2,
				"int": 5,
				"wis": 2,
				"cha": 0
			},
			"ac": {
				"std": 30
			},
			"savingThrows": {
				"fort": {
					"std": 20
				},
				"ref": {
					"std": 18
				},
				"will": {
					"std": 20
				}
			},
			"hp": [
				{
					"hp": 175,
					"abilities": null
				}
			],
			"speed": {
				"walk": 25
			},
			"attacks": [
				{
					"range": "Melee",
					"name": "rapier",
					"attack": 21,
					"traits": [
						"deadly d8",
						"disarm",
						"finesse",
						"magical"
					],
					"effects": [
						"wyvern poison"
					],
					"damage": "{@damage 2d6+8} piercing plus wyvern poison",
					"types": [
						"piercing"
					]
				},
				{
					"range": "Ranged",
					"name": "alchemical bomb",
					"attack": 22,
					"traits": [
						"range increment 30 feet",
						"splash"
					],
					"effects": [
						"varies by bomb"
					],
					"damage": "varies by bomb",
					"types": []
				}
			],
			"abilities": {
				"top": [
					{
						"entries": [
							"+16, {@skill Nature} +18, {@skill Lore||Poison Lore} +21,"
						],
						"name": "Medicine"
					},
					{
						"entries": [
							"+20, {@skill Survival} +18 Str +2, Dex +4, Con +2, Int +5, Wis +2, Cha +0 Items alchemist goggles, alchemist's tools, formula book, +1 striking rapier (with wyvern poison), +1 studded leather armor."
						],
						"name": "Stealth"
					},
					{
						"entries": [
							"Japu carries the following infused items, which last 24 hours or until the next time he makes his daily preparations: infused moderate acid flasks (2), infused moderate alchemist's fires (2), moderate elixirs of life (2), infused reagents (6), infused moderate tanglefoot bags (2)."
						],
						"name": "Infused Items"
					}
				],
				"bot": [
					{
						"traits": [
							"10th"
						],
						"entries": [
							"moderate acid flask, moderate alchemist's fire, greater antidote, moderate bravo's brew, moderate elixir of life, moderate tanglefoot bag, wyvern poison."
						],
						"name": "Alchemical Formulas"
					},
					{
						"entries": [
							"Japu's bombs that have the {@trait splash} trait deal 5 splash damage and splash to 10 feet."
						],
						"name": "Expanded Splash"
					},
					{
						"activity": {
							"number": 1,
							"unit": "action"
						},
						"entries": [
							"Cost 1 batch of infused reagents; Japu creates a single alchemical item from his formula book (see Alchemical Formulas). This item has the {@trait infused} trait, but it remains potent only until the end of his next turn."
						],
						"name": "Quick Alchemy"
					},
					{
						"activity": {
							"number": 1,
							"unit": "action"
						},
						"entries": [
							"Japu Interacts to draw a bomb then Strikes with it."
						],
						"name": "Quick Bomber"
					}
				]
			}
		},
		{
			"name": "Jonis Flakfatter",
			"isNpc": false,
			"source": "AoE4",
			"page": 87,
			"level": 15,
			"traits": [
				"unique",
				"ne",
				"medium",
				"human",
				"humanoid"
			],
			"creatureType": [
				"Humanoid"
			],
			"perception": {
				"std": 29
			},
			"languages": {
				"languages": [
					"Common",
					"Daemonic",
					"Infernal,"
				]
			},
			"skills": {
				"Acrobatics": {
					"std": 25
				},
				"Crafting": {
					"std": 26
				},
				"Deception": {
					"std": 26
				},
				"Diplomacy": {
					"std": 26
				},
				"Intimidation": {
					"std": 26
				},
				"Religion": {
					"std": 29
				},
				"Society": {
					"std": 24
				},
				"Stealth": {
					"std": 25
				},
				"Thievery": {
					"std": 25
				},
				"Norgorber Lore": {
					"std": 28
				}
			},
			"abilityMods": {
				"str": 0,
				"dex": 4,
				"con": 2,
				"int": 3,
				"wis": 6,
				"cha": 3
			},
			"ac": {
				"std": 36
			},
			"savingThrows": {
				"fort": {
					"std": 25
				},
				"ref": {
					"std": 27
				},
				"will": {
					"std": 31
				}
			},
			"hp": [
				{
					"hp": 300,
					"abilities": null
				}
			],
			"resistances": [
				{
					"amount": 15,
					"name": "poison"
				}
			],
			"speed": {
				"walk": 25
			},
			"attacks": [
				{
					"range": "Melee",
					"name": "dagger",
					"attack": 28,
					"traits": [
						"agile",
						"finesse",
						"magical",
						"versatile s"
					],
					"effects": [
						"crisis of faith"
					],
					"damage": "{@damage 2d4+10} piercing plus {@damage 2d8} {@condition persistent damage ||persistent poison} and crisis of faith",
					"types": [
						"persistent",
						"piercing"
					]
				},
				{
					"range": "Ranged",
					"name": "dagger",
					"attack": 28,
					"traits": [
						"agile",
						"magical",
						"thrown 10 feet"
					],
					"effects": [
						"crisis of faith"
					],
					"damage": "{@damage 2d4+10} piercing plus crisis of faith",
					"types": [
						"piercing"
					]
				}
			],
			"spellcasting": [
				{
					"name": "Divine Prepared",
					"type": "Prepared",
					"tradition": "Divine",
					"DC": 37,
					"attack": 29,
					"entry": {
						"0": {
							"level": 8,
							"spells": [
								{
									"name": "daze"
								},
								{
									"name": "detect magic"
								},
								{
									"name": "guidance"
								},
								{
									"name": "message"
								},
								{
									"name": "shield"
								}
							]
						},
						"1": {
							"spells": [
								{
									"name": "command"
								},
								{
									"name": "purify food and drink"
								},
								{
									"name": "sanctuary"
								}
							]
						},
						"2": {
							"spells": [
								{
									"name": "darkness"
								},
								{
									"name": "silence"
								},
								{
									"name": "spiritual weapon"
								}
							]
						},
						"3": {
							"spells": [
								{
									"name": "crisis of faith"
								},
								{
									"name": "locate"
								},
								{
									"name": "neutralize poison"
								}
							]
						},
						"4": {
							"spells": [
								{
									"name": "air walk"
								},
								{
									"name": "discern lies"
								},
								{
									"name": "divine wrath"
								}
							]
						},
						"5": {
							"spells": [
								{
									"name": "Abyssal plague"
								},
								{
									"name": "heal"
								},
								{
									"name": "sending"
								}
							]
						},
						"6": {
							"spells": [
								{
									"name": "blade barrier"
								},
								{
									"name": "heroism"
								},
								{
									"name": "true seeing"
								}
							]
						},
						"7": {
							"spells": [
								{
									"name": "divine decree"
								},
								{
									"name": "energy aegis"
								},
								{
									"name": "regenerate"
								}
							]
						},
						"8": {
							"spells": [
								{
									"name": "harm",
									"amount": 6
								},
								{
									"name": "spirit blast"
								},
								{
									"name": "spiritual epidemic"
								}
							]
						}
					}
				}
			],
			"abilities": {
				"top": [
					{
						"entries": [
							"Skills {@skill Acrobatics} +25, {@skill Crafting} +26 (+30 when crafting poison), {@skill Deception} +26, {@skill Diplomacy} +26,"
						],
						"name": "Osiriani, Undercommon"
					},
					{
						"entries": [
							"+26, {@skill Lore||Norgorber Lore} +28, {@skill Religion} +29,"
						],
						"name": "Intimidation"
					},
					{
						"entries": [
							"+24, {@skill Stealth} +25, {@skill Thievery} +25 Str +0, Dex +4, Con +2, Int +3, Wis +6, Cha +3 Items +1 spell storing dagger (contains crisis of faith), high priest robes, religious symbol of {@deity Norgorber}."
						],
						"name": "Society"
					}
				],
				"mid": [
					{
						"traits": [
							"aura",
							"divine",
							"misfortune",
							"poison",
							"transmutation"
						],
						"entries": [
							"30 feet. Flakfatter exudes an aura that makes poisons more potent. His melee Strikes deal an additional {@damage 2d8} {@condition persistent damage ||persistent poison damage}. Creatures in the aura attempting a flat check to remove {@condition persistent damage ||persistent poison damage} must roll twice and take the lower result. Flakfatter can suppress or resume this aura as a free action."
						],
						"name": "Call Toxins"
					}
				],
				"bot": [
					{
						"activity": {
							"number": 2,
							"unit": "action"
						},
						"traits": [
							"concentrate",
							"divine",
							"divination"
						],
						"entries": [
							"Flakfatter targets a creature within 30 feet that's currently subject to a poison affliction. The poison affliction progresses to the next stage."
						],
						"name": "Infector"
					},
					{
						"entries": [
							"If a reaction would disrupt Flakfatter's spellcasting action, he attempts a DC {@flatDC 15} flat check. On a success, the action isn't disrupted."
						],
						"name": "Steady Spellcasting"
					}
				]
			}
		},
		{
			"name": "Jorogumo",
			"isNpc": false,
			"source": "AoE4",
			"page": 83,
			"level": 13,
			"traits": [
				"uncommon",
				"ne",
				"medium",
				"humanoid"
			],
			"creatureType": [
				"Humanoid"
			],
			"perception": {
				"std": 26
			},
			"senses": [
				{
					"name": "darkvision"
				}
			],
			"languages": {
				"languages": [
					"Aklo",
					"Common",
					"Sylvan"
				],
				"abilities": [
					"tongues"
				]
			},
			"skills": {
				"Acrobatics": {
					"std": 25
				},
				"Athletics": {
					"std": 23
				},
				"Crafting": {
					"std": 22
				},
				"Deception": {
					"std": 28
				},
				"Diplomacy": {
					"std": 26
				},
				"Performance": {
					"std": 24
				},
				"Stealth": {
					"std": 23
				},
				"Survival": {
					"std": 24
				}
			},
			"abilityMods": {
				"str": 6,
				"dex": 4,
				"con": 5,
				"int": 3,
				"wis": 5,
				"cha": 7
			},
			"ac": {
				"std": 33
			},
			"savingThrows": {
				"fort": {
					"std": 22
				},
				"ref": {
					"std": 23
				},
				"will": {
					"std": 26
				}
			},
			"hp": [
				{
					"hp": 270,
					"abilities": null
				}
			],
			"weaknesses": [
				{
					"amount": 10,
					"name": "cold iron"
				}
			],
			"speed": {
				"walk": 30,
				"swim": 30
			},
			"attacks": [
				{
					"range": "Melee",
					"name": "jaws",
					"attack": 25,
					"effects": [
						"jorogumo venom"
					],
					"damage": "{@damage 2d8+14} piercing plus jorogumo venom",
					"types": [
						"piercing"
					]
				},
				{
					"range": "Melee",
					"name": "claw",
					"attack": 25,
					"traits": [
						"agile"
					],
					"effects": [],
					"damage": "{@damage 2d6+14} slashing",
					"types": [
						"slashing"
					]
				},
				{
					"range": "Ranged",
					"name": "web",
					"attack": 23,
					"traits": [
						"range increment 60 feet"
					],
					"effects": [
						"Web"
					],
					"damage": "Web",
					"types": []
				}
			],
			"spellcasting": [
				{
					"name": "Occult Innate",
					"type": "Innate",
					"tradition": "Occult",
					"DC": 34,
					"entry": {
						"1": {
							"spells": [
								{
									"name": "charm",
									"amount": "at will"
								}
							]
						},
						"3": {
							"spells": [
								{
									"name": "mind reading",
									"amount": "at will"
								}
							]
						},
						"4": {
							"spells": [
								{
									"name": "outcast's curse",
									"amount": 3
								},
								{
									"name": "suggestion",
									"amount": 3
								}
							]
						},
						"7": {
							"spells": [
								{
									"name": "summon animal",
									"notes": [
										"spiders only"
									]
								}
							]
						},
						"constant": {
							"2": {
								"spells": [
									{
										"name": "speak with animals",
										"notes": [
											"spiders only"
										]
									}
								]
							},
							"5": {
								"spells": [
									{
										"name": "tongues"
									}
								]
							}
						}
					}
				}
			],
			"abilities": {
				"top": [
					{
						"entries": [
							"+24, {@skill Stealth} +23, {@skill Survival} +24 Str +6, Dex +4, Con +5, Int +3, Wis +5, Cha +7."
						],
						"name": "Performance"
					}
				],
				"mid": [
					{
						"activity": {
							"number": 1,
							"unit": "reaction"
						},
						"requirements": "The jorogumo has their spider legs extended or has Changed",
						"entries": [],
						"name": "Darting Legs"
					},
					{
						"entries": [
							"The jorogumo is targeted with an attack; The jorogumo raises a leg, gaining a +2 circumstance bonus to AC against the triggering attack."
						],
						"name": "Shape; Trigger"
					}
				],
				"bot": [
					{
						"entries": [
							"Occult Innate Spells DC 34; 7th summon animal (spiders only); 4th outcast's curse (×3), suggestion (×3); 3rd mind reading (at will); 1st charm (at will); Constant (5th) tongues; (2nd) speak with animals (spiders only)"
						],
						"name": "Trap"
					},
					{
						"activity": {
							"number": 1,
							"unit": "action"
						},
						"traits": [
							"concentrate",
							"occult",
							"polymorph",
							"transmutation"
						],
						"entries": [
							"The jorogumo takes on the appearance of any Small or Medium spider. This doesn't change their Speed or Strikes."
						],
						"name": "Change Shape",
						"generic": {
							"tag": "ability"
						}
					},
					{
						"type": "affliction",
						"name": "Jorogumo Venom",
						"traits": [
							"poison"
						],
						"DC": 32,
						"savingThrow": "Fortitude",
						"maxDuration": "10 rounds",
						"stages": [
							{
								"stage": 1,
								"entry": "{@damage 3d6} poison damage and {@condition stupefied|CRB|stupefied 1}",
								"duration": "1 round"
							},
							{
								"stage": 2,
								"entry": "{@damage 3d6} poison damage and {@condition stupefied|CRB|stupefied 2} ;",
								"duration": "1 round"
							}
						]
					},
					{
						"activity": {
							"number": 1,
							"unit": "action"
						},
						"traits": [
							"concentrate",
							"occult",
							"polymorph",
							"transmutation"
						],
						"requirements": "The jorogumo is in humanoid form",
						"entries": [
							"Eight large spider legs sprout from the jorogumo's back, granting them a 40-foot climb Speed and allowing them to use the Darting Legs reaction."
						],
						"name": "Spider Legs"
					},
					{
						"entries": [
							"A creature hit by the jorogumo's web attack is {@condition immobilized} and stuck to the nearest surface, preventing the creature from moving. The DC to {@action Escape} or."
						],
						"name": "Web Trap"
					},
					{
						"entries": [
							"Open the web trap is 32."
						],
						"name": "Force"
					}
				]
			}
		},
		{
			"name": "Kalyn Pounch",
			"isNpc": false,
			"source": "AoE4",
			"page": 14,
			"level": 12,
			"traits": [
				"unique",
				"ne",
				"medium",
				"human",
				"humanoid"
			],
			"creatureType": [
				"Humanoid"
			],
			"perception": {
				"std": 25
			},
			"languages": {
				"languages": [
					"Common"
				]
			},
			"skills": {
				"Acrobatics": {
					"std": 22
				},
				"Athletics": {
					"std": 21
				},
				"Religion": {
					"std": 22
				},
				"Stealth": {
					"std": 26
				},
				"Norgorber Lore": {
					"std": 20
				}
			},
			"abilityMods": {
				"str": 3,
				"dex": 4,
				"con": 2,
				"int": 0,
				"wis": 5,
				"cha": 2
			},
			"ac": {
				"std": 33
			},
			"savingThrows": {
				"fort": {
					"std": 22
				},
				"ref": {
					"std": 23
				},
				"will": {
					"std": 25
				}
			},
			"hp": [
				{
					"hp": 215,
					"abilities": null
				}
			],
			"resistances": [
				{
					"amount": 15,
					"name": "poison"
				}
			],
			"speed": {
				"walk": 25
			},
			"attacks": [
				{
					"range": "Melee",
					"name": "dagger",
					"attack": 24,
					"traits": [
						"agile",
						"finesse",
						"magic",
						"versatile s"
					],
					"effects": [],
					"damage": "{@damage 2d4+10} piercing plus {@damage 2d6} poison",
					"types": [
						"piercing",
						"poison"
					]
				},
				{
					"range": "Ranged",
					"name": "composite shortbow",
					"attack": 24,
					"traits": [
						"deadly d10",
						"magic",
						"propulsive",
						"range increment 60 feet"
					],
					"effects": [],
					"damage": "{@damage 2d6+1} piercing plus {@damage 2d6} poison and shadow essence for the first 3 arrows",
					"types": [
						"arrows",
						"piercing",
						"poison"
					]
				}
			],
			"spellcasting": [
				{
					"name": "Divine Prepared",
					"type": "Prepared",
					"tradition": "Divine",
					"DC": 32,
					"attack": 26,
					"entry": {
						"0": {
							"level": 6,
							"spells": [
								{
									"name": "daze"
								},
								{
									"name": "detect magic"
								},
								{
									"name": "light"
								},
								{
									"name": "guidance"
								},
								{
									"name": "message"
								}
							]
						},
						"1": {
							"spells": [
								{
									"name": "command"
								},
								{
									"name": "fear"
								},
								{
									"name": "sanctuary"
								}
							]
						},
						"2": {
							"spells": [
								{
									"name": "illusory disguise"
								},
								{
									"name": "invisibility"
								},
								{
									"name": "silence"
								}
							]
						},
						"3": {
							"spells": [
								{
									"name": "blindness"
								},
								{
									"name": "chilling darkness"
								},
								{
									"name": "heal"
								}
							]
						},
						"4": {
							"spells": [
								{
									"name": "air walk"
								},
								{
									"name": "freedom of movement"
								},
								{
									"name": "invisibility"
								}
							]
						},
						"5": {
							"spells": [
								{
									"name": "death ward"
								},
								{
									"name": "flame strike"
								},
								{
									"name": "shadow blast"
								}
							]
						},
						"6": {
							"spells": [
								{
									"name": "harm",
									"amount": 3
								},
								{
									"name": "heal"
								},
								{
									"name": "phantasmal killer"
								},
								{
									"name": "vampiric exsanguination"
								}
							]
						}
					}
				}
			],
			"abilities": {
				"top": [
					{
						"entries": [
							"+21, {@skill Deception} +20, {@skill Lore||Norgorber Lore} +20,"
						],
						"name": "Athletics"
					},
					{
						"entries": [
							"+22, {@skill Stealth} +26 Str +3, Dex +4, Con +2, Int +0, Wis +5, Cha +2 Items +1 striking composite shortbow (10 arrows, 3 with shadow essence), +1 striking dagger, +1 leather armor, religious symbol of {@deity Norgorber}."
						],
						"name": "Religion"
					}
				],
				"mid": [
					{
						"activity": {
							"number": 1,
							"unit": "reaction"
						},
						"entries": [],
						"name": "Attack of Opportunity",
						"generic": {
							"tag": "ability"
						}
					}
				],
				"bot": [
					{
						"entries": [
							"Kalyn can masterfully manipulate vile, poisonous energy and increase its potency. Her melee and ranged Strikes deal an additional {@damage 2d6} poison damage, and a target that takes this poison damage has a \u20131 status penalty to saving throws against Kalyn's divine spells for 1 round. Poisons delivered by Kalyn have the {@trait virulent} trait."
						],
						"name": "Toxic Mastery"
					}
				]
			}
		},
		{
			"name": "Morgrat And Fillick",
			"isNpc": false,
			"source": "AoE4",
			"page": 29,
			"level": 9,
			"traits": [
				"unique",
				"ce",
				"medium",
				"human",
				"humanoid"
			],
			"creatureType": [
				"Humanoid"
			],
			"perception": {
				"std": 19
			},
			"languages": {
				"languages": [
					"Common"
				]
			},
			"skills": {
				"Acrobatics": {
					"std": 17
				},
				"Arcana": {
					"std": 16
				},
				"Deception": {
					"std": 20
				},
				"Thievery": {
					"std": 17
				}
			},
			"abilityMods": {
				"str": 2,
				"dex": 4,
				"con": 1,
				"int": 0,
				"wis": 2,
				"cha": 4
			},
			"ac": {
				"std": 28
			},
			"savingThrows": {
				"fort": {
					"std": 16
				},
				"ref": {
					"std": 19
				},
				"will": {
					"std": 17
				}
			},
			"hp": [
				{
					"hp": 155,
					"abilities": null
				}
			],
			"resistances": [
				{
					"amount": 12,
					"name": "poison"
				}
			],
			"speed": {
				"walk": 25
			},
			"attacks": [
				{
					"range": "Melee",
					"name": "dagger",
					"attack": 17,
					"traits": [
						"agile",
						"finesse",
						"versatile s"
					],
					"effects": [],
					"damage": "{@damage 1d4+6} piercing",
					"types": [
						"piercing"
					]
				},
				{
					"range": "Melee",
					"name": "poisoner's staff",
					"attack": 17,
					"traits": [
						"magical",
						"two-handed d8"
					],
					"effects": [],
					"damage": "{@damage 1d6+4} bludgeoning",
					"types": [
						"bludgeoning"
					]
				},
				{
					"range": "Ranged",
					"name": "dagger",
					"attack": 19,
					"traits": [
						"agile",
						"finesse",
						"thrown 10 feet",
						"versatile s"
					],
					"effects": [],
					"damage": "{@damage 1d4+6} piercing",
					"types": [
						"piercing"
					]
				}
			],
			"spellcasting": [
				{
					"name": "Primal Spontaneous",
					"type": "Spontaneous",
					"tradition": "Primal",
					"DC": 28,
					"attack": 17,
					"entry": {
						"0": {
							"level": 5,
							"spells": [
								{
									"name": "detect magic"
								},
								{
									"name": "guidance"
								},
								{
									"name": "light"
								},
								{
									"name": "ray of frost"
								},
								{
									"name": "read aura"
								}
							]
						},
						"1": {
							"slots": 4,
							"spells": [
								{
									"name": "fleet step"
								},
								{
									"name": "gust of wind"
								},
								{
									"name": "spider sting"
								}
							]
						},
						"2": {
							"slots": 4,
							"spells": [
								{
									"name": "animal messenger"
								},
								{
									"name": "faerie fire"
								},
								{
									"name": "imp sting",
									"notes": [
										"page 80"
									]
								}
							]
						},
						"3": {
							"slots": 4,
							"spells": [
								{
									"name": "blindness"
								},
								{
									"name": "earth bind"
								},
								{
									"name": "stinking cloud"
								}
							]
						},
						"4": {
							"slots": 3,
							"spells": [
								{
									"name": "heal"
								},
								{
									"name": "summon animal"
								},
								{
									"name": "swarming wasp stings",
									"notes": [
										"page 81"
									]
								}
							]
						},
						"5": {
							"slots": 2,
							"spells": [
								{
									"name": "cloudkill"
								},
								{
									"name": "wyvern sting",
									"notes": [
										"page 81"
									]
								}
							]
						}
					}
				},
				{
					"name": "Primal Innate",
					"type": "Innate",
					"tradition": "Primal",
					"DC": 28,
					"entry": {
						"2": {
							"spells": [
								{
									"name": "detect poison",
									"amount": "at will"
								}
							]
						}
					}
				}
			],
			"abilities": {
				"mid": [
					{
						"activity": {
							"number": 1,
							"unit": "reaction"
						},
						"traits": [
							"poison"
						],
						"trigger": "The venom mage is reduced to 0 Hit Points",
						"entries": [
							"The venom mage explodes into a cloud of poison within a 20-foot burst. The venom mage then reforms at a point they choose within the burst, avoids being knocked out, and remains at 1 Hit Point. The venom mage's {@condition wounded} value increases by 1 when they use this ability, and they can't use this ability when they're {@condition wounded|CRB|wounded 3} or more. Creatures other than the venom mage within the burst must attempt a Fortitude save. Critical Success No effect. Success The creature is {@condition sickened|CRB|sickened 1}. Failure The creature is {@condition sickened|CRB|sickened 2} and cannot recover from the {@condition sickened} condition while within 20 feet of the venom mage. Critical Failure As failure, but {@condition sickened|CRB|sickened 4}."
						],
						"name": "Venom Explosion",
						"entries_as_xyz": "Ability not found: 'Venom Explosion As failure, but {@condition sickened|CRB|sickened 4}.' in Morgrat And Fillick, p.29"
					}
				],
				"bot": [
					{
						"entries": [
							"If another creature's reaction would disrupt the venom mage's spellcasting action, the venom mage attempts a DC {@flatDC 15} flat check. If the venom mage succeeds, their action isn't disrupted."
						],
						"name": "Steady Spellcasting"
					}
				]
			}
		},
		{
			"name": "Norgorberite Poisoner",
			"isNpc": false,
			"source": "AoE4",
			"page": 6,
			"level": 11,
			"traits": [
				"uncommon",
				"ne",
				"medium",
				"human",
				"humanoid"
			],
			"creatureType": [
				"Humanoid"
			],
			"perception": {
				"std": 22
			},
			"languages": {
				"languages": [
					"Common"
				]
			},
			"skills": {
				"Acrobatics": {
					"std": 24
				},
				"Crafting": {
					"std": 18
				},
				"Deception": {
					"std": 17
				},
				"Religion": {
					"std": 18
				},
				"Society": {
					"std": 18
				},
				"Stealth": {
					"std": 22
				},
				"Thievery": {
					"std": 24
				}
			},
			"abilityMods": {
				"str": 4,
				"dex": 5,
				"con": 1,
				"int": 3,
				"wis": 3,
				"cha": 0
			},
			"ac": {
				"std": 31
			},
			"savingThrows": {
				"fort": {
					"std": 18
				},
				"ref": {
					"std": 24
				},
				"will": {
					"std": 18
				}
			},
			"hp": [
				{
					"hp": 195,
					"abilities": null
				}
			],
			"speed": {
				"walk": 25
			},
			"attacks": [
				{
					"range": "Melee",
					"name": "dagger",
					"attack": 22,
					"traits": [
						"agile",
						"finesse",
						"versatile s"
					],
					"effects": [],
					"damage": "{@damage 1d4+9} piercing",
					"types": [
						"piercing"
					]
				},
				{
					"range": "Melee",
					"name": "shortsword",
					"attack": 23,
					"traits": [
						"agile",
						"finesse",
						"magical",
						"versatile s"
					],
					"effects": [],
					"damage": "{@damage 2d6+9} piercing",
					"types": [
						"piercing"
					]
				},
				{
					"range": "Ranged",
					"name": "dagger",
					"attack": 22,
					"traits": [
						"agile",
						"finesse",
						"thrown 10 feet",
						"versatile s"
					],
					"effects": [],
					"damage": "{@damage 1d4+9} piercing",
					"types": [
						"piercing"
					]
				}
			],
			"abilities": {
				"top": [
					{
						"entries": [
							"+18, {@skill Religion} +18, {@skill Society} +18, {@skill Stealth} +22,"
						],
						"name": "Poison Lore"
					},
					{
						"entries": [
							"+24 Str +4, Dex +5, Con +1, Int +3, Wis +3, Cha +0 Items bloodseeker beak (affixed to shortsword), daggers (3), infiltrator's thieves' tools, infused reagents (6 batches), leather armor, +1 striking shortsword."
						],
						"name": "Thievery"
					}
				],
				"mid": [
					{
						"entries": [
							"The poisoner isn't {@condition flat-footed} to creatures of 11th level or lower that are {@condition hidden}, {@condition undetected}, flanking, or using surprise attack."
						],
						"name": "Deny Advantage"
					},
					{
						"activity": {
							"number": 1,
							"unit": "reaction"
						},
						"trigger": "The poisoner is targeted with a melee or ranged attack by an attacker it can see",
						"entries": [
							"The poisoner gains a +2 circumstance bonus to AC against the triggering attack."
						],
						"name": "Nimble Dodge"
					}
				],
				"bot": [
					{
						"activity": {
							"number": 1,
							"unit": "action"
						},
						"traits": [
							"alchemical",
							"interact",
							"poison"
						],
						"entries": [
							"Cost 1 batch of infused reagents; The poisoner dribbles a few experimental chemicals over a melee weapon. Until the start of their next turn, Strikes with the weapon deal an additional {@damage 2d8} poison damage, and targets hit by Strikes with the weapon must succeed at a DC 27 Fortitude save or become {@condition enfeebled|CRB|enfeebled 1} or {@condition clumsy|CRB|clumsy 1} (the poisoner's choice) for {@dice 1d4} rounds."
						],
						"name": "Impromptu Toxin"
					},
					{
						"entries": [
							"The poisoner deals an additional {@damage 3d6} precision damage to {@condition flat-footed} creatures."
						],
						"name": "Sneak Attack",
						"generic": {
							"tag": "ability"
						}
					},
					{
						"entries": [
							"Creatures the poisoner hits with a critical hit are {@condition flat-footed} against their attacks until the end of their next turn."
						],
						"name": "Unbalancing Blow"
					}
				]
			}
		},
		{
			"name": "Poison Eater",
			"isNpc": false,
			"source": "AoE4",
			"page": 23,
			"level": 8,
			"traits": [
				"uncommon",
				"ce",
				"medium",
				"human",
				"humanoid"
			],
			"creatureType": [
				"Humanoid"
			],
			"perception": {
				"std": 15
			},
			"languages": {
				"languages": [
					"Common"
				]
			},
			"skills": {
				"Athletics": {
					"std": 18
				},
				"Intimidation": {
					"std": 15
				},
				"Religion": {
					"std": 14
				}
			},
			"abilityMods": {
				"str": 4,
				"dex": 3,
				"con": 4,
				"int": 0,
				"wis": 1,
				"cha": 1
			},
			"ac": {
				"std": 25
			},
			"savingThrows": {
				"fort": {
					"std": 19
				},
				"ref": {
					"std": 15
				},
				"will": {
					"std": 13
				}
			},
			"hp": [
				{
					"hp": 150,
					"abilities": null
				}
			],
			"resistances": [
				{
					"amount": 10,
					"name": "poison"
				}
			],
			"speed": {
				"walk": 25
			},
			"attacks": [
				{
					"range": "Melee",
					"name": "maul",
					"attack": 19,
					"traits": [
						"magical",
						"shove"
					],
					"effects": [
						"Knockdown"
					],
					"damage": "{@damage 1d12+6} bludgeoning plus Knockdown",
					"types": [
						"bludgeoning"
					]
				},
				{
					"range": "Melee",
					"name": "dagger",
					"attack": 18,
					"traits": [
						"agile",
						"versatile s"
					],
					"effects": [],
					"damage": "{@damage 1d4+6} piercing",
					"types": [
						"piercing"
					]
				},
				{
					"range": "Ranged",
					"name": "dagger",
					"attack": 17,
					"traits": [
						"agile",
						"thrown 10 feet",
						"versatile s"
					],
					"effects": [],
					"damage": "{@damage 1d4+8} piercing",
					"types": [
						"piercing"
					]
				}
			],
			"abilities": {
				"mid": [
					{
						"entries": [
							"A poison eater can't gain the {@condition enfeebled} or {@condition sickened} condition from poisons."
						],
						"name": "Toxin-Inured"
					},
					{
						"activity": {
							"number": 1,
							"unit": "reaction"
						},
						"entries": [],
						"name": "Attack of Opportunity",
						"generic": {
							"tag": "ability"
						}
					}
				],
				"bot": [
					{
						"activity": {
							"number": 2,
							"unit": "action"
						},
						"traits": [
							"manipulate"
						],
						"entries": [
							"The poison eater uses an {@action Interact} action to draw a dose of poison and eats it, gaining strength. The poison-eater's Strikes deal two weapon dice of damage rather than one. The poison eater is affected by the consumed poison normally and, therefore, usually chooses poisons mitigated by their poison resistance and toxin-inured ability. At the end of each of their turns, the poison eater attempts a DC {@flatDC 17} flat check; on a success, this ability ends."
						],
						"name": "Consume Poison"
					},
					{
						"activity": {
							"number": 1,
							"unit": "free"
						},
						"trigger": "the poison eater damages a creature while Consume Poison is in effect",
						"requirements": "The poison eater isn't {@condition fatigued} or already in a frenzy;",
						"entries": [
							"The poison eater flies into a frenzy that lasts for 1 minute. While in a frenzy, the poison eater gains a +1 status bonus to attack rolls with melee Strikes, gains a +4 status bonus to damage rolls with melee Strikes, gains 20 temporary Hit Points until the end of the frenzy, and takes a \u20132 status penalty to AC. The poison eater can't voluntarily end their frenzy. After their frenzy, the poison eater is {@condition fatigued}."
						],
						"name": "Poison Frenzy"
					}
				]
			}
		},
		{
			"name": "Shatterling",
			"isNpc": false,
			"source": "AoE4",
			"page": 84,
			"level": 14,
			"traits": [
				"uncommon",
				"ce",
				"small",
				"fey"
			],
			"creatureType": [
				"Fey"
			],
			"perception": {
				"std": 26
			},
			"senses": [
				{
					"name": "low-light vision"
				},
				{
					"name": "mirror senses"
				}
			],
			"skills": {
				"Acrobatics": {
					"std": 28
				},
				"Athletics": {
					"std": 25
				},
				"Intimidation": {
					"std": 25
				},
				"Society": {
					"std": 20
				},
				"Stealth": {
					"std": 32
				},
				"Thievery": {
					"std": 30
				}
			},
			"abilityMods": {
				"str": 5,
				"dex": 8,
				"con": 4,
				"int": 0,
				"wis": 4,
				"cha": 3
			},
			"ac": {
				"std": 36
			},
			"savingThrows": {
				"fort": {
					"std": 24
				},
				"ref": {
					"std": 30
				},
				"will": {
					"std": 26
				}
			},
			"hp": [
				{
					"hp": 305,
					"abilities": null
				}
			],
			"immunities": [
				"bleed"
			],
			"weaknesses": [
				{
					"amount": 15,
					"name": "bludgeoning"
				}
			],
			"speed": {
				"walk": 40
			},
			"attacks": [
				{
					"range": "Melee",
					"name": "mirror hand",
					"attack": 27,
					"traits": [
						"agile",
						"finesse",
						"magical"
					],
					"effects": [],
					"damage": "{@damage 3d6+11} slashing plus {@damage 2d6} {@condition persistent damage ||persistent bleed}",
					"types": [
						"persistent",
						"slashing"
					]
				},
				{
					"range": "Ranged",
					"name": "mirror dart",
					"attack": 27,
					"traits": [
						"magical",
						"range increment 30 feet"
					],
					"effects": [],
					"damage": "{@damage 3d6+11} piercing",
					"types": [
						"piercing"
					]
				}
			],
			"abilities": {
				"top": [
					{
						"entries": [
							"A shatterling can see and hear through any unbroken mirror within 100 feet."
						],
						"name": "Mirror Senses"
					}
				],
				"mid": [
					{
						"activity": {
							"number": 1,
							"unit": "reaction"
						},
						"entries": [],
						"name": "Attack of Opportunity",
						"generic": {
							"tag": "ability"
						}
					},
					{
						"entries": [
							"A shatterling gains an additional reaction each turn, but can use this extra reaction only for Divert {@action Strike}."
						],
						"name": "Extra Reaction"
					},
					{
						"activity": {
							"number": 1,
							"unit": "reaction"
						},
						"trigger": "A shatterling takes non-bludgeoning damage and there's an unbroken mirror at least 1 foot wide within 100 feet of the shatterling",
						"entries": [
							"The nearest mirror to the shatterling at least 1 foot wide breaks, and the damage to the shatterling is reduced to 0."
						],
						"name": "Divert Strike"
					}
				],
				"bot": [
					{
						"entries": [
							"If the shatterling attempts an {@skill Intimidation} check to {@action Demoralize} a target within 30 feet of a creature with {@condition persistent damage ||persistent bleed damage}, the shatterling has +4 circumstance bonus to the {@skill Intimidation} check. In addition, the shatterling takes no penalty to the check for not speaking a language the target can hear, and the target isn't temporarily immune to the shatterling's attempts to {@action Demoralize} it unless the shatterling critically fails its {@skill Intimidation} check."
						],
						"name": "Blood-Fueled Titter"
					},
					{
						"activity": {
							"number": 1,
							"unit": "action"
						},
						"traits": [
							"move"
						],
						"entries": [
							"During this {@action Stride}, the shatterling can move into any unbroken mirror at least 1 foot wide and out of another unbroken mirror at least 1 foot wide within 100 feet of the first mirror, treating the mirrors as connected. The shatterling can move through any number of pairs of foot-wide mirrors during its mirror jump, requiring each pair to be within 100 feet of each other while doing so."
						],
						"name": "Mirror Jump"
					},
					{
						"entries": [
							"The shatterling doesn't appear in reflective surfaces if it doesn't want to. When it's within 100 feet of an unbroken mirror at least 1 foot wide, a shatterling can {@action Hide} and {@action Sneak} even without cover or without being {@condition concealed}."
						],
						"name": "Vanish in Reflections"
					},
					{
						"activity": {
							"number": 3,
							"unit": "action"
						},
						"traits": [
							"manipulate"
						],
						"entries": [
							"The shatterling touches a {@condition broken} mirror, instantly repairing it."
						],
						"name": "Wipe Away Cracks"
					}
				]
			}
		},
		{
			"name": "Sleepless Sun Veteran",
			"isNpc": false,
			"source": "AoE4",
			"page": 37,
			"level": 6,
			"traits": [
				"lg",
				"medium",
				"human",
				"humanoid"
			],
			"creatureType": [
				"Humanoid"
			],
			"perception": {
				"std": 17
			},
			"senses": [
				{
					"name": "wary"
				}
			],
			"languages": {
				"languages": [
					"Common"
				]
			},
			"skills": {
				"Athletics": {
					"std": 16
				},
				"Deception": {
					"std": 11
				},
				"Diplomacy": {
					"std": 13
				},
				"Intimidation": {
					"std": 13
				},
				"Society": {
					"std": 12
				},
				"Law Lore": {
					"std": 10
				}
			},
			"abilityMods": {
				"str": 4,
				"dex": 2,
				"con": 4,
				"int": 0,
				"wis": 2,
				"cha": 1
			},
			"ac": {
				"std": 24
			},
			"savingThrows": {
				"fort": {
					"std": 16
				},
				"ref": {
					"std": 11
				},
				"will": {
					"std": 14
				}
			},
			"hp": [
				{
					"hp": 120,
					"abilities": null
				}
			],
			"speed": {
				"walk": 25
			},
			"attacks": [
				{
					"range": "Melee",
					"name": "temple sword",
					"attack": 16,
					"traits": [
						"trip"
					],
					"effects": [],
					"damage": "{@damage 2d8+8} slashing",
					"types": [
						"slashing"
					]
				},
				{
					"range": "Melee",
					"name": "sap",
					"attack": 17,
					"traits": [
						"agile",
						"nonlethal"
					],
					"effects": [],
					"damage": "{@damage 1d6+8} bludgeoning",
					"types": [
						"bludgeoning"
					]
				},
				{
					"range": "Ranged",
					"name": "composite shortbow",
					"attack": 14,
					"traits": [
						"deadly 1d10",
						"propulsive",
						"range 60 feet",
						"reload 0"
					],
					"effects": [],
					"damage": "{@damage 1d6+4} piercing",
					"types": [
						"piercing"
					]
				}
			],
			"abilities": {
				"top": [
					{
						"entries": [
							"+13, {@skill Lore||Law Lore} +10, {@skill Society} +12 Str +4, Dex +2, Con +4, Int +0, Wis +2, Cha +1 Items badge, chainmail, composite shortbow (with 10 arrows), sap, steel shield, +1 striking temple sword."
						],
						"name": "Intimidation"
					}
				],
				"mid": [
					{
						"activity": {
							"number": 1,
							"unit": "reaction"
						},
						"entries": [],
						"name": "Attack of Opportunity",
						"generic": {
							"tag": "ability"
						}
					},
					{
						"entries": [
							"The veteran isn't {@condition flat-footed} to {@condition hidden} creatures and always gains a +4 circumstance bonus to their {@skill Perception} DC against creatures attempting to {@action Create a Diversion} or {@action Lie} to the veteran."
						],
						"name": "Wary"
					}
				],
				"bot": [
					{
						"activity": {
							"number": 2,
							"unit": "action"
						},
						"entries": [
							"The veteran makes a melee {@action Strike} that counts as two attacks when calculating their multiple attack penalty. If this strike hits, it deals an extra die of weapon damage."
						],
						"name": "Power Attack"
					},
					{
						"activity": {
							"number": 2,
							"unit": "action"
						},
						"entries": [
							"The veteran makes a melee {@action Strike} and compares the attack roll result to the AC of up to two foes, each of whom must be within their melee reach and adjacent to each other. Roll damage only once and apply it to each creature hit. A Swipe counts as two attacks for the veteran's multiple attack penalty."
						],
						"name": "Swipe"
					}
				]
			}
		},
		{
			"name": "The Rabbit Prince",
			"isNpc": false,
			"source": "AoE4",
			"page": 89,
			"level": 17,
			"traits": [
				"unique",
				"ce",
				"small",
				"halfling",
				"humanoid"
			],
			"creatureType": [
				"Humanoid"
			],
			"perception": {
				"std": 31
			},
			"senses": [
				{
					"name": "superior senses"
				}
			],
			"languages": {
				"languages": [
					"Common",
					"Halfling"
				]
			},
			"skills": {
				"Acrobatics": {
					"std": 32
				},
				"Crafting": {
					"std": 26
				},
				"Occultism": {
					"std": 28
				},
				"Stealth": {
					"std": 32
				},
				"Thievery": {
					"std": 32
				},
				"Harrow Lore": {
					"std": 28
				}
			},
			"abilityMods": {
				"str": 1,
				"dex": 7,
				"con": 2,
				"int": 1,
				"wis": 5,
				"cha": 4
			},
			"ac": {
				"std": 40
			},
			"savingThrows": {
				"fort": {
					"std": 27
				},
				"ref": {
					"std": 34
				},
				"will": {
					"std": 26
				}
			},
			"hp": [
				{
					"hp": 315,
					"abilities": null
				}
			],
			"immunities": [
				"fear"
			],
			"speed": {
				"abilities": [
					"freedom of movement",
					"quick movements"
				],
				"walk": 25
			},
			"attacks": [
				{
					"range": "Melee",
					"name": "blade of the Rabbit Prince",
					"attack": 34,
					"traits": [
						"agile",
						"finesse",
						"magical",
						"versatile s"
					],
					"effects": [],
					"damage": "{@damage 3d6+13} piercing plus {@damage 2d10} {@condition persistent damage ||persistent bleed}",
					"types": [
						"persistent",
						"piercing"
					]
				},
				{
					"range": "Ranged",
					"name": "harrow card",
					"attack": 34,
					"traits": [
						"agile",
						"deadly 1d10",
						"magical",
						"thrown 20 feet"
					],
					"effects": [],
					"damage": "{@damage 3d4+13} piercing plus {@damage 2d10} {@condition persistent damage ||persistent bleed}",
					"types": [
						"persistent",
						"piercing"
					]
				}
			],
			"spellcasting": [
				{
					"name": "Occult Innate",
					"type": "Innate",
					"tradition": "Occult",
					"DC": 38,
					"entry": {
						"6": {
							"spells": [
								{
									"name": "baleful polymorph",
									"amount": "at will"
								}
							]
						},
						"7": {
							"spells": [
								{
									"name": "resist energy"
								}
							]
						},
						"9": {
							"spells": [
								{
									"name": "phantasmal calamity"
								},
								{
									"name": "synesthesia"
								}
							]
						},
						"constant": {
							"8": {
								"spells": [
									{
										"name": "freedom of movement"
									}
								]
							}
						}
					}
				}
			],
			"rituals": [
				{
					"tradition": "Occult",
					"DC": 38,
					"rituals": [
						{
							"name": "imprisonment"
						},
						{
							"name": "inveigle"
						}
					]
				}
			],
			"abilities": {
				"top": [
					{
						"entries": [
							"+32 Str +1, Dex +7, Con +2, Int +1, Wis +5, Cha +4 Items blade of the Rabbit Prince (page 79), hardened harrow deck (page 79), tin crown."
						],
						"name": "Thievery"
					},
					{
						"entries": [
							"Prince automatically critically succeeds at {@action Seek} actions to find {@condition hidden} or {@condition undetected} creatures within 30 feet and at flat checks to target creatures within 30 feet that are {@condition concealed} or {@condition hidden} from him."
						],
						"name": "Superior Senses The Rabbit"
					}
				],
				"mid": [
					{
						"entries": [
							"Prince rolls a success on a Will save, he gets a critical success instead, and if he rolls a critical failure, he gets a failure instead."
						],
						"name": "Perfect Will If the Rabbit"
					},
					{
						"activity": {
							"number": 1,
							"unit": "free"
						},
						"traits": [
							"fortune"
						],
						"frequency": {
							"unit": "day",
							"freq": 1
						},
						"entries": [
							"Trigger."
						],
						"name": "Halfling Luck"
					},
					{
						"entries": [
							"Prince fails a skill check or a saving throw; The Rabbit Prince rerolls the triggering check, but he must use the new result, even if it's worse."
						],
						"name": "The Rabbit"
					}
				],
				"bot": [
					{
						"entries": [
							"Prince deals piercing damage, he also deals {@damage 2d10} {@condition persistent damage ||persistent bleed damage}."
						],
						"name": "Bloody Jab Whenever the Rabbit"
					},
					{
						"activity": {
							"number": 2,
							"unit": "action"
						},
						"entries": [
							"The Rabbit Prince {@action Stride||Strides} and makes a blade of the Rabbit Prince {@action Strike} and a harrow card {@action Strike} at any point during the {@action Stride}. His multiple attack penalty increases only after both attacks."
						],
						"name": "Darting Flurry"
					},
					{
						"entries": [
							"Prince doesn't trigger reactions with his movement or with any use of the {@skill Thievery} skill."
						],
						"name": "Quick Movements The Rabbit"
					}
				]
			}
		},
		{
			"name": "The Stabbing Beast",
			"isNpc": false,
			"source": "AoE4",
			"page": 85,
			"level": 15,
			"traits": [
				"unique",
				"ne",
				"huge",
				"fiend",
				"herald"
			],
			"creatureType": [
				"Fiend"
			],
			"perception": {
				"std": 27
			},
			"senses": [
				{
					"name": "greater darkvision"
				},
				{
					"name": "true seeing"
				}
			],
			"languages": {
				"languages": [
					"Abyssal",
					"Celestial",
					"Common",
					"Infernal",
					"Protean"
				],
				"abilities": [
					"telepathy 100 feet"
				]
			},
			"skills": {
				"Acrobatics": {
					"std": 27
				},
				"Athletics": {
					"std": 25
				},
				"Crafting": {
					"std": 24
				},
				"Deception": {
					"std": 26
				},
				"Religion": {
					"std": 24
				},
				"Society": {
					"std": 26
				},
				"Stealth": {
					"std": 29
				},
				"Norgorber Lore": {
					"std": 28
				}
			},
			"abilityMods": {
				"str": 6,
				"dex": 8,
				"con": 4,
				"int": 3,
				"wis": 4,
				"cha": 3
			},
			"ac": {
				"std": 38
			},
			"savingThrows": {
				"fort": {
					"std": 27
				},
				"ref": {
					"std": 29
				},
				"will": {
					"std": 27
				}
			},
			"hp": [
				{
					"hp": 275,
					"abilities": null
				}
			],
			"immunities": [
				"poison"
			],
			"weaknesses": [
				{
					"amount": 15,
					"name": "good"
				}
			],
			"resistances": [
				{
					"amount": 15,
					"name": "acid"
				}
			],
			"speed": {
				"walk": 40
			},
			"attacks": [
				{
					"range": "Melee",
					"name": "pincer",
					"attack": 29,
					"traits": [
						"agile",
						"finesse",
						"magical",
						"reach 15 feet"
					],
					"effects": [
						"Improved Grab"
					],
					"damage": "{@damage 2d8+10} slashing plus {@damage 2d8} {@condition persistent damage ||persistent bleed} and {@ability Improved Grab}",
					"types": [
						"persistent",
						"slashing"
					]
				},
				{
					"range": "Melee",
					"name": "stinger",
					"attack": 29,
					"traits": [
						"fatal d12",
						"finesse",
						"magical",
						"reach 15 feet"
					],
					"effects": [
						"Stabbing Beast venom"
					],
					"damage": "{@damage 4d8+14} piercing plus Stabbing Beast venom",
					"types": [
						"piercing"
					]
				},
				{
					"range": "Melee",
					"name": "shortsword",
					"attack": 30,
					"traits": [
						"agile",
						"finesse",
						"magical",
						"versatile s"
					],
					"effects": [],
					"damage": "{@damage 3d6+10} piercing plus {@damage 2d8} {@condition persistent damage ||persistent bleed}",
					"types": [
						"persistent",
						"piercing"
					]
				},
				{
					"range": "Ranged",
					"name": "venom stream",
					"attack": 29,
					"traits": [
						"range increment 60 feet"
					],
					"effects": [
						"blinding stream"
					],
					"damage": "{@damage 5d10} poison plus blinding stream",
					"types": [
						"poison"
					]
				}
			],
			"spellcasting": [
				{
					"name": "Divine Innate",
					"type": "Innate",
					"tradition": "Divine",
					"DC": 36,
					"entry": {
						"4": {
							"spells": [
								{
									"name": "charm",
									"amount": "at will"
								},
								{
									"name": "invisibility",
									"amount": 3
								},
								{
									"name": "suggestion",
									"amount": "at will"
								}
							]
						},
						"5": {
							"spells": [
								{
									"name": "dimension door",
									"amount": 3
								},
								{
									"name": "summon animal",
									"amount": 3,
									"notes": [
										"scorpions only"
									]
								}
							]
						},
						"6": {
							"spells": [
								{
									"name": "modify memory",
									"amount": 3
								}
							]
						},
						"constant": {
							"7": {
								"spells": [
									{
										"name": "true seeing"
									}
								]
							}
						}
					}
				}
			],
			"abilities": {
				"top": [
					{
						"activity": {
							"number": 1,
							"unit": "reaction"
						},
						"trigger": "The Stabbing Beast is transformed with Change",
						"entries": [
							"Shape and rolls for initiative; The Stabbing Beast ends {@action Change Shape|LOAG}."
						],
						"name": "True Appearance"
					}
				],
				"mid": [
					{
						"activity": {
							"number": 1,
							"unit": "reaction"
						},
						"entries": [
							"Stinger only."
						],
						"name": "Attack of Opportunity",
						"generic": {
							"tag": "ability"
						}
					}
				],
				"bot": [
					{
						"traits": [
							"poison"
						],
						"entries": [
							"A creature hit by the Stabbing Beast's venom stream must succeed at a DC 33 Fortitude save or become {@condition blinded} for {@dice 1d4} rounds."
						],
						"name": "Blinding Stream"
					},
					{
						"activity": {
							"number": 1,
							"unit": "action"
						},
						"traits": [
							"concentrate",
							"divine",
							"polymorph",
							"transmutation"
						],
						"entries": [
							"The Stabbing Beast takes on the appearance of a Medium humanoid with a scorpion's tail and chitinous, full-body plate armor. This doesn't change their."
						],
						"name": "Change Shape",
						"generic": {
							"tag": "ability"
						}
					}
				]
			}
		},
		{
			"name": "Velberi Jallist",
			"isNpc": false,
			"source": "AoE4",
			"page": 22,
			"level": 14,
			"traits": [
				"unique",
				"ne",
				"medium",
				"human",
				"humanoid"
			],
			"creatureType": [
				"Humanoid"
			],
			"perception": {
				"std": 29
			},
			"languages": {
				"languages": [
					"Common",
					"Daemonic"
				]
			},
			"skills": {
				"Athletics": {
					"std": 26
				},
				"Intimidation": {
					"std": 27
				},
				"Religion": {
					"std": 23
				},
				"Thievery": {
					"std": 25
				}
			},
			"abilityMods": {
				"str": 6,
				"dex": 3,
				"con": 1,
				"int": 0,
				"wis": 5,
				"cha": 3
			},
			"ac": {
				"std": 36,
				"with shield raised": 38
			},
			"savingThrows": {
				"fort": {
					"std": 21
				},
				"ref": {
					"std": 23
				},
				"will": {
					"std": 27
				}
			},
			"hp": [
				{
					"hp": 240,
					"abilities": null
				}
			],
			"speed": {
				"walk": 25
			},
			"attacks": [
				{
					"range": "Melee",
					"name": "dagger",
					"attack": 27,
					"traits": [
						"agile",
						"finesse",
						"magic",
						"versatile s"
					],
					"effects": [],
					"damage": "{@damage 2d4+12} piercing",
					"types": [
						"piercing"
					]
				}
			],
			"spellcasting": [
				{
					"name": "Divine Prepared",
					"type": "Prepared",
					"tradition": "Divine",
					"DC": 34,
					"entry": {
						"0": {
							"level": 7,
							"spells": [
								{
									"name": "chill touch"
								},
								{
									"name": "daze"
								},
								{
									"name": "detect magic"
								},
								{
									"name": "guidance"
								},
								{
									"name": "message"
								}
							]
						},
						"1": {
							"spells": [
								{
									"name": "command"
								},
								{
									"name": "detect poison"
								},
								{
									"name": "illusory disguise"
								}
							]
						},
						"2": {
							"spells": [
								{
									"name": "see invisibility"
								},
								{
									"name": "silence"
								},
								{
									"name": "undetectable alignment"
								}
							]
						},
						"3": {
							"spells": [
								{
									"name": "crisis of faith"
								},
								{
									"name": "locate"
								},
								{
									"name": "zone of truth"
								}
							]
						},
						"4": {
							"spells": [
								{
									"name": "discern lies"
								},
								{
									"name": "invisibility"
								},
								{
									"name": "outcast's curse"
								}
							]
						},
						"5": {
							"spells": [
								{
									"name": "flame strike"
								},
								{
									"name": "phantasmal killer"
								},
								{
									"name": "prying eye"
								}
							]
						},
						"6": {
							"spells": [
								{
									"name": "blade barrier"
								},
								{
									"name": "heal"
								},
								{
									"name": "true seeing"
								}
							]
						},
						"7": {
							"spells": [
								{
									"name": "divine decree"
								},
								{
									"name": "finger of death"
								},
								{
									"name": "harm",
									"amount": 4
								}
							]
						}
					}
				}
			],
			"abilities": {
				"mid": [
					{
						"activity": {
							"number": 1,
							"unit": "reaction"
						},
						"entries": [],
						"name": "Shield Block",
						"generic": {
							"tag": "ability"
						}
					}
				],
				"bot": [
					{
						"activity": {
							"number": 1,
							"unit": "action"
						},
						"traits": [
							"auditory",
							"concentrate",
							"divine",
							"visual"
						],
						"entries": [
							"Velberi designates one creature she can see within 30 feet as an apostate to the church of {@deity Norgorber}, regardless of the creature's actual religious leanings. She can have up to four apostates designated at a time; any additional apostate removes another apostate of her choice. Velberi treats all {@skill Perception} checks made to {@action Sense Motive} against an apostate as one degree of success better, and her Strikes deal an additional {@damage 2d8} mental damage to apostates."
						],
						"name": "Designate Apostate"
					}
				]
			}
		},
		{
			"name": "Wynsal Starborn",
			"isNpc": false,
			"source": "AoE4",
			"page": 91,
			"level": 17,
			"traits": [
				"unique",
				"lg",
				"medium",
				"human",
				"humanoid"
			],
			"creatureType": [
				"Humanoid"
			],
			"perception": {
				"std": 32
			},
			"languages": {
				"languages": [
					"Common",
					"Dwarven",
					"Elven",
					"Halfling",
					"Kelesh,"
				]
			},
			"skills": {
				"Athletics": {
					"std": 30
				},
				"Diplomacy": {
					"std": 33
				},
				"Intimidation": {
					"std": 33
				},
				"Society": {
					"std": 29
				},
				"Stealth": {
					"std": 26
				},
				"Absalom Lore": {
					"std": 29
				}
			},
			"abilityMods": {
				"str": 5,
				"dex": 1,
				"con": 3,
				"int": 2,
				"wis": 3,
				"cha": 6
			},
			"ac": {
				"std": 38
			},
			"savingThrows": {
				"fort": {
					"std": 28
				},
				"ref": {
					"std": 26
				},
				"will": {
					"std": 28
				}
			},
			"hp": [
				{
					"hp": 340,
					"abilities": null
				}
			],
			"immunities": [
				"fear"
			],
			"resistances": [
				{
					"amount": 10,
					"name": "mental"
				}
			],
			"speed": {
				"walk": 25
			},
			"attacks": [
				{
					"range": "Melee",
					"name": "longsword",
					"attack": 32,
					"traits": [
						"magical",
						"versatile p"
					],
					"effects": [
						"hampering strike"
					],
					"damage": "{@damage 3d8+13} slashing plus hampering strike",
					"types": [
						"slashing"
					]
				}
			],
			"abilities": {
				"top": [
					{
						"entries": [
							"{@skill Lore||Skills Absalom Lore} +29, {@skill Athletics} +30, {@skill Diplomacy} +33,"
						],
						"name": "Mwangi, Osiriani"
					},
					{
						"entries": [
							"+33, {@skill Society} +29, {@skill Stealth} +26, Warfare."
						],
						"name": "Intimidation"
					},
					{
						"entries": [
							"+29 Str +5, Dex +1, Con +3, Int +2, Wis +3, Cha +6 Items +2 resilient full plate, +2 greater striking longsword, ring of sustenance, whisper briolette (page 80)"
						],
						"name": "Lore"
					}
				],
				"mid": [
					{
						"traits": [
							"aura"
						],
						"entries": [
							"60 feet. Allies of lower level than Wynsal in the aura gain the {@action Attack of Opportunity} reaction.",
							"Allies who already have the {@action Attack of Opportunity} reaction can use it when a creature within their reach uses a concentrate action, in addition to normal triggers, and they disrupt a triggering concentrate action on a critical hit."
						],
						"name": "Tactical Aura"
					},
					{
						"activity": {
							"number": 1,
							"unit": "reaction"
						},
						"entries": [
							"Wynsal can use {@action Attack of Opportunity} when a creature within his reach uses a concentrate action, in addition to normal triggers. He disrupts triggering actions on any hit, not only a critical hit."
						],
						"name": "Attack of Opportunity",
						"generic": {
							"tag": "ability"
						}
					}
				],
				"bot": [
					{
						"activity": {
							"number": 1,
							"unit": "action"
						},
						"traits": [
							"auditory",
							"linguistic"
						],
						"entries": [
							"Wynsal commands his allies to take action. Allies within 120 feet who hear and understand his order are {@condition quickened|CRB|quickened 1} for 1 round and can use this extra action to {@action Stride}, {@action Strike}, or {@action Step}."
						],
						"name": "Demanding Orders"
					},
					{
						"activity": {
							"number": 1,
							"unit": "action"
						},
						"traits": [
							"concentrate"
						],
						"entries": [
							"Wynsal either ends a nonpermanent condition affecting him or counteracts a nonpermanent spell affecting him (counteract level 17th, counteract check +30)",
							"This doesn't remove Hit Point damage or prevent the spell or effect from affecting others. It can't remove an ongoing affliction or conditions from a situation outside his control (such as being grappled or flanked)."
						],
						"name": "Determination"
					},
					{
						"entries": [
							"Wynsal deals {@damage 3d8} extra damage to any creature that's within reach of at least two of his allies."
						],
						"name": "Formation Attack"
					},
					{
						"entries": [
							"A foe that takes damage from Wynsal's melee {@action Strike} is {@condition slowed|CRB|slowed 1} for 1 round. If it's already {@condition slowed}, the value of the {@condition slowed} condition increases by 1."
						],
						"name": "Hampering Strike"
					}
				]
			}
		}
	]
}
