{
	"CRB": "backgrounds-crb.json",
	"APG": "backgrounds-apg.json",
	"LOGM": "backgrounds-logm.json",
	"LOWG": "backgrounds-lowg.json",
	"LOPSG": "backgrounds-lopsg.json",
	"SoM": "backgrounds-som.json",
	"G&G": "backgrounds-g&g.json",
	"AoA0": "backgrounds-aoa0.json",
	"AoA4": "backgrounds-aoa4.json",
	"AoA6": "backgrounds-aoa6.json",
	"AoE0": "backgrounds-aoe0.json",
	"AoE4": "backgrounds-aoe4.json",
	"AV0": "backgrounds-av0.json",
	"EC0": "backgrounds-ec0.json",
	"EC3": "backgrounds-ec3.json",
	"FRP0": "backgrounds-frp0.json",
	"SoT0": "backgrounds-sot0.json",
	"BotD": "backgrounds-botd.json",
	"DA": "backgrounds-da.json",
	"OoA0": "backgrounds-ooa0.json",
	"LOKL": "backgrounds-lokl.json",
	"LOTG": "backgrounds-lotg.json",
	"RoE": "backgrounds-roe.json"
}
