{
	"CRB": "spells-crb.json",
	"APG": "spells-apg.json",
	"LOWG": "spells-lowg.json",
	"LOCG": "spells-locg.json",
	"LOGM": "spells-logm.json",
	"LOL": "spells-lol.json",
	"LOPSG": "spells-lopsg.json",
	"SoM": "spells-som.json",
	"AoA3": "spells-aoa3.json",
	"AoA4": "spells-aoa4.json",
	"AoA6": "spells-aoa6.json",
	"AoE2": "spells-aoe2.json",
	"AoE4": "spells-aoe4.json",
	"AoE5": "spells-aoe5.json",
	"AoE6": "spells-aoe6.json",
	"AV1": "spells-av1.json",
	"AV2": "spells-av2.json",
	"AV3": "spells-av3.json",
	"EC1": "spells-ec1.json",
	"EC2": "spells-ec2.json",
	"EC3": "spells-ec3.json",
	"EC4": "spells-ec4.json",
	"EC5": "spells-ec5.json",
	"EC6": "spells-ec6.json",
	"FRP1": "spells-frp1.json",
	"FRP3": "spells-frp3.json",
	"SoT1": "spells-sot1.json"
}
