{
	"feat": [
		{
			"name": "Animal Trainer Dedication",
			"source": "EC2",
			"page": 75,
			"level": 2,
			"featType": {
				"archetype": [
					"Animal Trainer"
				]
			},
			"traits": [
				"uncommon",
				"archetype",
				"dedication"
			],
			"prerequisites": "Trained in {@skill Nature}",
			"entries": [
				"You gain the services of a {@quickref young animal companion||0|young animal companions} that travels with you and obeys simple commands as best as it can. This trained animal is trained in {@skill Performance} instead of the skill listed for its type."
			],
			"special": [
				"You can't select another dedication feat until you've gained two other feats from the animal trainer archetype."
			],
			"leadsTo": [
				"Beast Speaker|EC2",
				"Mature Trained Companion|EC2",
				"Splendid Companion|EC2",
				"Specialized Companion|EC2"
			]
		},
		{
			"name": "Beast Speaker",
			"source": "EC2",
			"page": 75,
			"level": 4,
			"featType": {
				"archetype": [
					"Animal Trainer"
				]
			},
			"traits": [
				"uncommon",
				"archetype"
			],
			"prerequisites": "{@feat Animal Trainer Dedication|EC2}",
			"entries": [
				"You constantly have the effects of {@spell speak with animals} as a 2nd-level innate primal spell. You gain a +2 circumstance bonus to {@skill Diplomacy} checks to Make a {@action Request} of animals while this spell is active."
			]
		},
		{
			"name": "Insistent Command",
			"source": "EC2",
			"page": 75,
			"level": 8,
			"featType": {
				"archetype": [
					"Animal Trainer"
				]
			},
			"traits": [
				"uncommon",
				"archetype",
				"skill"
			],
			"prerequisites": "Master in {@skill Nature}, Animal Trainer Dedication",
			"entries": [
				"When you roll a success to {@action Command an Animal}, you get a critical success; if you roll a critical failure, you get a failure."
			]
		},
		{
			"name": "Mature Trained Companion",
			"source": "EC2",
			"page": 75,
			"level": 6,
			"featType": {
				"archetype": [
					"Animal Trainer"
				]
			},
			"traits": [
				"uncommon",
				"archetype"
			],
			"prerequisites": "{@feat Animal Trainer Dedication|EC2}",
			"entries": [
				"Your animal companion grows up, becoming a mature animal companion. Increase its proficiency rank in {@skill Performance} to expert instead of one of the three skill increases for mature. It gains the Mesmerizing {@skill Performance} advanced maneuver (see below), rather than the normal advanced maneuver for its type."
			],
			"leadsTo": [
				"Splendid Companion|EC2",
				"Specialized Companion|EC2"
			]
		},
		{
			"name": "Specialized Companion",
			"source": "EC2",
			"page": 75,
			"level": 18,
			"featType": {
				"archetype": [
					"Animal Trainer"
				]
			},
			"traits": [
				"uncommon",
				"archetype"
			],
			"prerequisites": "{@feat Splendid Companion|ec2}",
			"entries": [
				"The animal companion you gain from the Animal Trainer Dedication feat gains one specialization of your choice (Core Rulebook 217). Increase its proficiency rank in {@skill Performance} to legendary instead of one of the specialization's skill increases."
			]
		},
		{
			"name": "Splendid Companion",
			"source": "EC2",
			"page": 75,
			"level": 12,
			"featType": {
				"archetype": [
					"Animal Trainer"
				]
			},
			"traits": [
				"uncommon",
				"archetype"
			],
			"prerequisites": "{@feat Mature Trained Companion|ec2}",
			"entries": [
				"Your animal companion continues to develop. It becomes a nimble or savage animal companion (your choice), gaining abilities determined by its type. Increase its proficiency rank in {@skill Performance} to master instead of {@skill Athletics} or {@skill Acrobatics}."
			],
			"leadsTo": [
				"Specialized Companion|EC2"
			]
		}
	]
}
