{
	"spell": [
		{
			"name": "Imp Sting",
			"source": "AoE4",
			"page": 80,
			"level": 2,
			"traits": [
				"uncommon",
				"evil",
				"necromancy",
				"poison"
			],
			"traditions": [
				"divine",
				"occult"
			],
			"cast": {
				"number": 2,
				"unit": "action"
			},
			"components": [
				[
					"S",
					"V"
				]
			],
			"range": {
				"number": 1,
				"unit": "touch"
			},
			"targets": "1 creature",
			"savingThrow": {
				"type": [
					"F"
				]
			},
			"entries": [
				"You reproduce an imp's evil, poisonous sting, stabbing at an enemy and possibly affecting them with the devil's benumbing venom. You deal {@damage 1d4} piercing damage to the touched creature and afflict the creature with imp venom.",
				"If the target takes piercing damage, they also take {@damage 1d6} evil damage and must attempt a Fortitude save.",
				{
					"type": "successDegree",
					"entries": {
						"Critical Success": [
							"The target is unaffected."
						],
						"Success": [
							"The target takes {@damage 1d6} poison damage."
						],
						"Failure": [
							"The target is afflicted with imp venom at stage 1."
						],
						"Critical Failure": [
							"The target is afflicted with imp venom at stage 2."
						]
					}
				},
				{
					"type": "affliction",
					"name": "Imp Venom",
					"traits": [
						"poison"
					],
					"level": 3,
					"maxDuration": "6 rounds",
					"stages": [
						{
							"stage": 1,
							"entry": "{@damage 1d6} poison and {@condition clumsy||clumsy 1}"
						},
						{
							"stage": 2,
							"entry": "{@damage 1d6} poison, {@condition clumsy||clumsy 1}, and {@condition slowed||slowed 1}",
							"duration": "1 round."
						}
					]
				}
			]
		},
		{
			"name": "Leng Sting",
			"source": "AoE4",
			"page": 80,
			"level": 7,
			"traits": [
				"uncommon",
				"necromancy",
				"poison"
			],
			"traditions": [
				"arcane",
				"occult"
			],
			"cast": {
				"number": 2,
				"unit": "action"
			},
			"components": [
				[
					"S",
					"V"
				]
			],
			"range": {
				"number": 1,
				"unit": "touch"
			},
			"targets": "1 creature",
			"savingThrow": {
				"type": [
					"F"
				]
			},
			"entries": [
				"You use the power of nightmares to magically replicate the venomous attack of the aberrant and cunning Leng spiders. You deal {@damage 2d6} piercing damage to the touched creature and afflict it with Leng spider venom. If the target takes piercing damage, they must attempt a Fortitude save.",
				{
					"type": "successDegree",
					"entries": {
						"Critical Success": "The target is unaffected.",
						"Success": "The target takes {@damage 2d6} poison damage.",
						"Failure": "The target is afflicted with Leng spider venom at stage 1.",
						"Critical Failure": "The target is afflicted with Leng spider venom at stage 2. Leng Spider Venom (incapacitation, poison) Level 13; Maximum Duration 6 rounds; Stage 1 {@damage 2d6} poison damage and {@condition drained|CRB|drained 1} (1 round); Stage 2 {@damage 3d6} poison damage and {@condition drained|CRB|drained 2} (1 round); Stage 3 {@damage 4d6} poison damage, {@condition drained|CRB|drained 2}, and {@condition confused} (1 round)"
					}
				}
			]
		},
		{
			"name": "Linnorm Sting",
			"source": "AoE4",
			"page": 81,
			"level": 9,
			"traits": [
				"uncommon",
				"fire",
				"necromancy",
				"poison"
			],
			"traditions": [
				"arcane",
				"primal"
			],
			"cast": {
				"number": 2,
				"unit": "action"
			},
			"components": [
				[
					"S",
					"V"
				]
			],
			"range": {
				"number": 1,
				"unit": "touch"
			},
			"targets": "1 creature",
			"savingThrow": {
				"type": [
					"F"
				]
			},
			"entries": [
				"You replicate the fiery venom of the tor linnorm and inflict an enemy with the dread dragon's debilitating bite.",
				"You deal {@damage 2d12} piercing damage to the targeted creature and afflict it with tor linnorm venom. If the target takes piercing damage, they must attempt a Fortitude save.",
				{
					"type": "successDegree",
					"entries": {
						"Critical Success": "The target is unaffected.",
						"Success": "The target takes {@damage 8d6} fire damage.",
						"Failure": "The target is afflicted with tor linnorm venom at stage 1.",
						"Critical Failure": "The target is afflicted with tor linnorm venom at stage 2. Tor Linnorm Venom (fire, injury, poison) Level 17; Maximum Duration 10 rounds; Stage 1 {@damage 8d6} fire damage and {@condition drained|CRB|drained 1} (1 round); Stage 2 {@damage 12d6} fire damage and {@condition drained|CRB|drained 2} (1 round)"
					}
				}
			]
		},
		{
			"name": "Swarming Wasp Stings",
			"source": "AoE4",
			"page": 81,
			"level": 4,
			"traits": [
				"uncommon",
				"necromancy",
				"poison"
			],
			"traditions": [
				"arcane",
				"primal"
			],
			"cast": {
				"number": 2,
				"unit": "action"
			},
			"components": [
				[
					"S",
					"V"
				]
			],
			"range": {
				"number": 30,
				"unit": "feet"
			},
			"area": {
				"types": [
					"Burst"
				],
				"entry": "10-foot burst"
			},
			"savingThrow": {
				"type": [
					"F"
				]
			},
			"entries": [
				"You manifest a swarm of disembodied wasp stingers that stab creatures in the area, possibly poisoning them.",
				"Creatures in the affected area take {@damage 1d6} piercing damage.",
				"Each creature that takes piercing damage must attempt a Fortitude save.",
				{
					"type": "successDegree",
					"entries": {
						"Critical Success": [
							"The target is unaffected."
						],
						"Success": [
							"The target takes {@damage 2d6} poison damage."
						],
						"Failure": [
							"The target is afflicted with swarming wasp venom at stage 1."
						],
						"Critical Failure": [
							"The target is afflicted with swarming wasp venom at stage 2."
						]
					}
				},
				{
					"type": "affliction",
					"name": "Swarming Wasp Venom",
					"traits": [
						"poison"
					],
					"level": 7,
					"maxDuration": "6 rounds",
					"stages": [
						{
							"stage": 1,
							"entry": "{@damage 2d6} poison damage and {@condition clumsy||clumsy 1}",
							"duration": "1 round;"
						},
						{
							"stage": 2,
							"entry": "{@damage 3d6} poison damage and {@condition clumsy||clumsy 2}",
							"duration": "1 round"
						}
					]
				}
			]
		},
		{
			"name": "Wyvern Sting",
			"source": "AoE4",
			"page": 81,
			"level": 5,
			"traits": [
				"uncommon",
				"necromancy",
				"poison"
			],
			"traditions": [
				"arcane",
				"primal"
			],
			"cast": {
				"number": 2,
				"unit": "action"
			},
			"components": [
				[
					"S",
					"V"
				]
			],
			"range": {
				"number": 1,
				"unit": "touch"
			},
			"targets": "1 creature",
			"savingThrow": {
				"type": [
					"F"
				]
			},
			"entries": [
				"You duplicate the venomous sting of a wyvern. You deal {@damage 3d4} piercing damage to the touched creature and afflict it with wyvern venom. If the target takes piercing damage, they must attempt a Fortitude save.",
				{
					"type": "successDegree",
					"entries": {
						"Critical Success": [
							"The target is unaffected."
						],
						"Success": [
							"The target takes {@damage 5d6} poison damage."
						],
						"Failure": [
							"The target is afflicted with wyvern venom at stage 1."
						],
						"Critical Failure": [
							"The target is afflicted with wyvern venom at stage 2."
						]
					}
				},
				{
					"type": "affliction",
					"name": "Wyvern Venom",
					"traits": [
						"poison"
					],
					"level": 9,
					"maxDuration": "6 rounds",
					"stages": [
						{
							"stage": 1,
							"entry": "{@damage 5d6} poison damage",
							"duration": "1 round;"
						},
						{
							"stage": 2,
							"entry": "{@damage 6d6} poison damage",
							"duration": "1 round;"
						},
						{
							"stage": 3,
							"entry": "{@damage 8d6} poison damage",
							"duration": "1 round"
						}
					]
				}
			]
		}
	]
}
