{
	"creature": [
		{
			"name": "Aluum Enforcer",
			"isNpc": false,
			"source": "AoA5",
			"page": 82,
			"level": 10,
			"traits": [
				"uncommon",
				"n",
				"large",
				"construct",
				"mindless"
			],
			"perception": {
				"std": 17
			},
			"senses": [
				{
					"name": "darkvision"
				}
			],
			"skills": {
				"athletics": {
					"std": 23
				}
			},
			"abilityMods": {
				"str": 7,
				"dex": 2,
				"con": 5,
				"int": -5,
				"wis": 1,
				"cha": -5
			},
			"speed": {
				"walk": 25
			},
			"attacks": [
				{
					"range": "Melee",
					"name": "fist",
					"attack": 23,
					"traits": [
						"magical"
					],
					"effects": [
						"paralyzing force"
					],
					"damage": "{@damage 2d10+13} bludgeoning plus paralyzing force",
					"types": [
						"bludgeoning"
					]
				}
			],
			"abilities": {
				"mid": [
					{
						"activity": {
							"number": 1,
							"unit": "reaction"
						},
						"entries": [],
						"name": "Attack of Opportunity",
						"generic": {
							"tag": "ability"
						}
					}
				],
				"bot": [
					{
						"entries": [
							"Aluum enforcers are immune to spells and magical abilities, with two exceptions. A negative spell or magical ability grants an aluum enforcer the {@condition quickened} condition until the end of its next turn instead of its normal effects. A positive spell or ability makes an aluum enforcer {@condition slowed|CRB|slowed 1} until the end of its next turn instead of its normal effects."
						],
						"name": "Aluum Antimagic"
					},
					{
						"traits": [
							"arcane",
							"incapacitation",
							"necromancy"
						],
						"entries": [
							"A creature damaged by the aluum enforcer's fist {@action Strike} must succeed at a DC 27 Fortitude save or become {@condition paralyzed} for 1 round. On a critical failure, the creature is {@condition paralyzed} for {@dice 1d4} minutes and falls {@condition prone}."
						],
						"name": "Paralyzing Force"
					},
					{
						"activity": {
							"number": 2,
							"unit": "action"
						},
						"traits": [
							"arcane",
							"auditory",
							"evocation",
							"mental",
							"sonic"
						],
						"entries": [
							"The aluum enforcer emits a keening wail in a 15-foot cone that deals {@damage 9d6} sonic damage (DC 27 basic Fortitude save). A creature that fails its save is {@condition stunned|CRB|stunned 1}, or stunne."
						],
						"name": "Soul Shriek"
					}
				]
			},
			"defenses": {
				"ac": {
					"std": 30
				},
				"savingThrows": {
					"fort": {
						"std": 21
					},
					"ref": {
						"std": 18
					},
					"will": {
						"std": 15
					}
				},
				"hp": [
					{
						"hp": 145,
						"abilities": null
					}
				],
				"immunities": [
					"bleed",
					"disease",
					"death effects",
					"doomed",
					"drained",
					"fatigued"
				],
				"resistances": [
					{
						"name": "physical",
						"amount": 10,
						"note": "(except adamantine)"
					}
				]
			},
			"hasImages": true
		},
		{
			"name": "Calikang",
			"isNpc": false,
			"source": "AoA5",
			"page": 84,
			"level": 12,
			"traits": [
				"uncommon",
				"ln",
				"large",
				"humanoid"
			],
			"perception": {
				"std": 20
			},
			"senses": [
				{
					"name": "darkvision"
				},
				{
					"name": "true seeing"
				}
			],
			"languages": {
				"languages": [
					"common",
					"jotun"
				]
			},
			"skills": {
				"athletics": {
					"std": 25
				},
				"intimidation": {
					"std": 24
				}
			},
			"abilityMods": {
				"str": 7,
				"dex": 4,
				"con": 5,
				"int": -2,
				"wis": 2,
				"cha": 4
			},
			"items": [
				"+1 striking longsword (2)"
			],
			"speed": {
				"walk": 35
			},
			"attacks": [
				{
					"range": "Melee",
					"name": "longsword",
					"attack": 28,
					"traits": [
						"magical",
						"reach <10 feet>",
						"versatile <p>"
					],
					"damage": "{@damage 2d8+15} slashing",
					"types": [
						"slashing"
					]
				},
				{
					"range": "Melee",
					"name": "fist",
					"attack": 25,
					"traits": [
						"agile",
						"reach <10 feet>",
						"nonlethal"
					],
					"damage": "{@damage 3d8+13} bludgeoning",
					"types": [
						"bludgeoning"
					]
				}
			],
			"spellcasting": [
				{
					"name": "Arcane Innate",
					"type": "Innate",
					"tradition": "arcane",
					"DC": 28,
					"entry": {
						"1": {
							"spells": [
								{
									"name": "magic weapon",
									"amount": "at will"
								}
							]
						},
						"6": {
							"spells": [
								{
									"name": "chain lightning"
								}
							]
						},
						"constant": {}
					}
				}
			],
			"abilities": {
				"top": [
					{
						"traits": [
							"concentrate"
						],
						"entries": [
							"By spending 5 minutes concentrating, the calikang can enter a state of suspended animation, freezing in place and becoming motionless but remaining aware of its surroundings. While in this state, the calikang gains a +4 status bonus to all Fortitude saves, does not age, and is immune to disease, inhaled toxins, poison, starvation, and thirst. The calikang can exit suspended animation as a free action. If it exits this state to attack, the calikang gains a +4 circumstance bonus to its initiative roll."
						],
						"name": "Suspended Animation"
					}
				],
				"mid": [
					{
						"entries": [
							"A calikang gains a circumstance bonus to its AC equal to the number of its hands that aren't wielding weapons, to a maximum of +4 (this bonus is already factored into this calikang's stats)."
						],
						"name": "Defensive Stance"
					},
					{
						"traits": [
							"abjuration",
							"arcane"
						],
						"entries": [
							"Whenever the calikang is hit by an electricity spell or rolls a successful save against a spell that deals energy damage, it absorbs the energy. This heals the calikang for an amount of HP equal to quadruple the spell's level, and recharges its Breath Weapon. A calikang can't absorb its own spells this way."
						],
						"name": "Energy Conversion"
					}
				],
				"bot": [
					{
						"activity": {
							"number": 2,
							"unit": "action"
						},
						"traits": [
							"acid",
							"arcane",
							"cold",
							"electricity",
							"evocation",
							"fire",
							"sonic"
						],
						"frequency": {
							"unit": "day",
							"freq": 1
						},
						"entries": [
							"The calikang breathes a blast of energy that deals {@damage 13d6} energy damage to all creatures in a 60-foot line (DC 28 basic Reflex save). The calikang can choose the damage type each time: acid, cold, electricity, fire, or sonic. Increase the die size to d8 if the calikang chooses electricity."
						],
						"name": "Breath Weapon"
					},
					{
						"activity": {
							"number": 2,
							"unit": "action"
						},
						"entries": [
							"The calikang makes up to six fist {@action Strike||Strikes}. Each {@action Strike} can be against a different target.",
							"These attacks count toward its multiple attack penalty, which doesn't increase until after all the attacks are complete."
						],
						"name": "Sixfold Flurry"
					}
				]
			},
			"defenses": {
				"ac": {
					"std": 35
				},
				"savingThrows": {
					"fort": {
						"std": 23
					},
					"ref": {
						"std": 22
					},
					"will": {
						"std": 20
					}
				},
				"hp": [
					{
						"hp": 235,
						"abilities": null
					}
				],
				"immunities": [
					"electricity"
				]
			},
			"hasImages": true
		},
		{
			"name": "Cornugon",
			"isNpc": false,
			"source": "AoA5",
			"page": 87,
			"level": 16,
			"traits": [
				"le",
				"large",
				"devil",
				"fiend"
			],
			"perception": {
				"std": 28
			},
			"senses": [
				{
					"name": "greater darkvision"
				}
			],
			"languages": {
				"languages": [
					"celestial",
					"common",
					"draconic",
					"infernal"
				]
			},
			"skills": {
				"acrobatics": {
					"std": 28
				},
				"athletics": {
					"std": 32
				},
				"intimidation": {
					"std": 30
				},
				"religion": {
					"std": 28
				},
				"stealth": {
					"std": 26
				},
				"warfare lore": {
					"std": 30
				}
			},
			"abilityMods": {
				"str": 8,
				"dex": 6,
				"con": 7,
				"int": 2,
				"wis": 6,
				"cha": 6
			},
			"items": [
				"+2 greater striking unholy spiked chain"
			],
			"speed": {
				"walk": 25,
				"fly": 50
			},
			"attacks": [
				{
					"range": "Melee",
					"name": "unholy spiked chain",
					"attack": 34,
					"traits": [
						"disarm",
						"evil",
						"finesse",
						"magical",
						"reach <10 feet>",
						"trip"
					],
					"effects": [
						"stunning chain"
					],
					"damage": "{@damage 3d8+14} slashing plus {@damage 1d6} evil and stunning chain",
					"types": [
						"evil",
						"slashing"
					]
				},
				{
					"range": "Melee",
					"name": "claw",
					"attack": 32,
					"traits": [
						"agile",
						"magical",
						"reach <10 feet>"
					],
					"damage": "{@damage 3d10+14} slashing",
					"types": [
						"slashing"
					]
				},
				{
					"range": "Melee",
					"name": "tail",
					"attack": 32,
					"traits": [
						"magical",
						"reach <10 feet>"
					],
					"effects": [
						"infernal wound"
					],
					"damage": "{@damage 2d10+14} slashing plus infernal wound",
					"types": [
						"slashing"
					]
				}
			],
			"spellcasting": [
				{
					"name": "Divine Innate",
					"type": "Innate",
					"tradition": "divine",
					"DC": 36,
					"entry": {
						"4": {
							"spells": [
								{
									"name": "dimension door",
									"amount": "at will"
								}
							]
						},
						"5": {
							"spells": [
								{
									"name": "dimension door"
								}
							]
						},
						"7": {
							"spells": [
								{
									"name": "dispel magic"
								},
								{
									"name": "fireball",
									"amount": 2
								},
								{
									"name": "lightning bolt",
									"amount": 2
								}
							]
						}
					}
				}
			],
			"rituals": [
				{
					"tradition": "divine",
					"DC": 36,
					"rituals": [
						{
							"name": "Infernal pact"
						}
					]
				}
			],
			"abilities": {
				"top": [
					{
						"entries": [
							"+28, {@skill Stealth} +26, {@skill Lore||Warfare Lore} +30 Str +8, Dex +6, Con +7, Int +2, Wis +6, Cha +6 Items +2 greater striking unholy spiked chain."
						],
						"name": "Religion"
					}
				],
				"mid": [
					{
						"traits": [
							"abjuration",
							"aura",
							"divine",
							"evil"
						],
						"entries": [
							"10 feet. A constant circle of protection against good is centered on the horned devil. The horned devil can disable or activate this aura as a single action, which has the {@trait concentrate} trait."
						],
						"name": "Circle of Protection"
					},
					{
						"traits": [
							"aura",
							"divine",
							"enchantment"
						],
						"entries": [
							"100 feet. Lowerlevel, allied evil creatures in the aura gain a +1 circumstance bonus to attack rolls, damage rolls, AC, saves, and skill checks."
						],
						"name": "Commander's Aura"
					},
					{
						"traits": [
							"aura",
							"divine",
							"emotion",
							"enchantment",
							"fear",
							"mental"
						],
						"entries": [
							"10 feet, DC 34."
						],
						"name": "Frightful Presence",
						"generic": {
							"tag": "ability"
						}
					},
					{
						"activity": {
							"number": 1,
							"unit": "reaction"
						},
						"entries": [],
						"name": "Attack of Opportunity",
						"generic": {
							"tag": "ability"
						}
					}
				],
				"bot": [
					{
						"activity": {
							"number": 1,
							"unit": "action"
						},
						"requirements": "The cornugon hit a creature with its spiked chain on its most recent action this turn",
						"entries": [
							"The devil pulls the creature 5 feet closer and grabs it with the spiked chain ({@action Escape} attempts use the cornugon's."
						],
						"name": "Chain of Malebolge"
					},
					{
						"entries": [
							"The creature is automatically freed if the devil makes another spiked chain attack or moves away."
						],
						"name": "Athletics DC)."
					},
					{
						"traits": [
							"divine",
							"necromancy"
						],
						"entries": [
							"A cornugon's tail {@action Strike} deals {@damage 4d6} {@condition persistent damage ||persistent bleed damage}. The flat check DC to stop the bleeding starts at 20, and is reduced to 15 only if someone successfully assists with the recovery. The DC to {@action Administer First Aid} to a creature with an infernal wound is increased by 10. A spellcaster or item using healing magic on an infernally {@condition wounded} creature must succeed at a DC 34 counteract check or the magic fails to heal the creature."
						],
						"name": "Infernal Wound"
					},
					{
						"entries": [
							"If the cornugon critically hits with its spiked chain {@action Strike}, the target must succeed at a DC 34 Fortitude save or be {@condition stunned} for 1 round ({@dice 1d4} rounds on a critical failure)."
						],
						"name": "Stunning Chain"
					}
				]
			},
			"defenses": {
				"ac": {
					"std": 38
				},
				"savingThrows": {
					"fort": {
						"std": 31
					},
					"ref": {
						"std": 26
					},
					"will": {
						"std": 26
					}
				},
				"hp": [
					{
						"hp": 300,
						"abilities": null
					}
				],
				"immunities": [
					"fire"
				],
				"weaknesses": [
					{
						"amount": 15,
						"name": "good"
					}
				]
			},
			"hasImages": true
		},
		{
			"name": "Crucidaemon",
			"isNpc": false,
			"source": "AoA5",
			"page": 85,
			"level": 15,
			"traits": [
				"ne",
				"medium",
				"daemon",
				"fiend"
			],
			"perception": {
				"std": 26
			},
			"senses": [
				{
					"name": "darkvision"
				},
				{
					"name": "detect alignment (good only)"
				},
				{
					"name": "lifesense",
					"range": 30
				}
			],
			"languages": {
				"languages": [
					"abyssal",
					"draconic",
					"infernal"
				],
				"abilities": [
					"telepathy 100 feet"
				]
			},
			"skills": {
				"acrobatics": {
					"std": 30
				},
				"arcana": {
					"std": 26
				},
				"deception": {
					"std": 26
				},
				"intimidation": {
					"std": 28
				},
				"stealth": {
					"std": 30
				},
				"thievery": {
					"std": 26
				}
			},
			"abilityMods": {
				"str": 4,
				"dex": 7,
				"con": 7,
				"int": 3,
				"wis": 7,
				"cha": 5
			},
			"speed": {
				"abilities": [
					"air walk"
				],
				"walk": 50
			},
			"attacks": [
				{
					"range": "Melee",
					"name": "chained dagger",
					"attack": 30,
					"traits": [
						"agile",
						"finesse",
						"magical",
						"reach <10 feet>",
						"versatile <s>"
					],
					"damage": "{@damage 4d4+14} piercing plus {@damage 2d6} {@condition persistent damage ||persistent bleed}",
					"types": [
						"persistent",
						"piercing"
					]
				}
			],
			"spellcasting": [
				{
					"name": "Divine Innate",
					"type": "Innate",
					"tradition": "divine",
					"DC": 32,
					"attack": 28,
					"entry": {
						"4": {
							"spells": [
								{
									"name": "death knell"
								},
								{
									"name": "fear"
								},
								{
									"name": "invisibility",
									"amount": "at will"
								},
								{
									"name": "phantom pain",
									"amount": "at will"
								}
							]
						},
						"7": {
							"spells": [
								{
									"name": "glyph of warding",
									"amount": 3
								},
								{
									"name": "paralyze"
								}
							]
						},
						"constant": {
							"2": {
								"spells": [
									{
										"name": "detect alignment",
										"notes": [
											"good only"
										]
									}
								]
							}
						}
					}
				}
			],
			"abilities": {
				"top": [
					{
						"entries": [
							"+30, {@skill Thievery} +26 Str +4, Dex +7, Con +7, Int +3, Wis +7"
						],
						"name": "Stealth"
					},
					{
						"entries": [
							"+5."
						],
						"name": "Cha"
					}
				],
				"mid": [
					{
						"entries": [
							"Crucidaemons are all but impossible to fool with traps. Whenever a crucidaemon rolls a saving throw against a trap hazard, its degree of success is one better than it rolled."
						],
						"name": "Trap Dodger"
					}
				],
				"bot": [
					{
						"traits": [
							"divine"
						],
						"entries": [
							"When the crucidaemon casts its innate {@spell glyph of warding} spell, it can store any arcane or divine spell of an appropriate level in the glyph, even if it can't otherwise cast the spell."
						],
						"name": "Daemonic Trap Making"
					},
					{
						"activity": {
							"number": 1,
							"unit": "action"
						},
						"entries": [
							"The crucidaemon makes two chained dagger {@action Strike||Strikes} against a single target. These attacks count toward the crucidaemon's multiple attack penalty and its multiple attack penalty doesn't increase until after both attacks."
						],
						"name": "Flurry of Daggers"
					},
					{
						"activity": {
							"number": 1,
							"unit": "action"
						},
						"entries": [
							"The crucidaemon summons a new chained dagger to replace a destroyed one. A crucidaemon's daggers can't be disarmed, and they become non-magical when severed from the daemon or upon the daemon's death."
						],
						"name": "Manifest Dagger"
					}
				]
			},
			"defenses": {
				"ac": {
					"std": 38
				},
				"savingThrows": {
					"fort": {
						"std": 26
					},
					"ref": {
						"std": 30
					},
					"will": {
						"std": 26
					}
				},
				"hp": [
					{
						"hp": 225,
						"abilities": null
					}
				],
				"immunities": [
					"death effects"
				],
				"weaknesses": [
					{
						"name": "good"
					}
				],
				"resistances": [
					{
						"amount": 10,
						"name": "physical",
						"note": "(except adamantine)"
					}
				]
			},
			"hasImages": true
		},
		{
			"name": "Duneshaker Solifugid",
			"isNpc": false,
			"source": "AoA5",
			"page": 89,
			"level": 18,
			"traits": [
				"n",
				"gargantuan",
				"animal"
			],
			"perception": {
				"std": 30
			},
			"senses": [
				{
					"name": "darkvision"
				},
				{
					"type": "imprecise",
					"name": "{@ability tremorsense}",
					"range": 30
				}
			],
			"skills": {
				"acrobatics": {
					"std": 33
				},
				"athletics": {
					"std": 35
				},
				"stealth": {
					"std": 33,
					"in deserts": 37
				}
			},
			"abilityMods": {
				"str": 9,
				"dex": 7,
				"con": 7,
				"int": -5,
				"wis": 4,
				"cha": -4
			},
			"speed": {
				"walk": 50,
				"burrow": 25,
				"climb": 25
			},
			"attacks": [
				{
					"range": "Melee",
					"name": "jaws",
					"attack": 35,
					"traits": [
						"reach <10 feet>"
					],
					"damage": "{@damage 4d10+17} piercing",
					"types": [
						"piercing"
					]
				},
				{
					"range": "Melee",
					"name": "claw",
					"attack": 35,
					"traits": [
						"agile",
						"reach <20 feet>"
					],
					"damage": "{@damage 3d10+17} slashing",
					"types": [
						"slashing"
					]
				}
			],
			"abilities": {
				"bot": [
					{
						"entries": [
							"The first time per turn the duneshaker solifugid moves adjacent to a Large or smaller creature, that creature must succeed at a DC 39 {@skill Acrobatics} check or fall {@condition prone}."
						],
						"name": "Earth Shaker"
					},
					{
						"activity": {
							"number": 1,
							"unit": "action"
						},
						"entries": [
							"As giant solifugid (see above)."
						],
						"name": "Pounce"
					},
					{
						"activity": {
							"number": 1,
							"unit": "action"
						},
						"traits": [
							"claw"
						],
						"entries": [],
						"name": "Rend",
						"generic": {
							"tag": "ability"
						}
					},
					{
						"activity": {
							"number": 2,
							"unit": "action"
						},
						"traits": [
							"poison"
						],
						"entries": [
							"The duneshaker solifugid spews toxic barbs at all creatures in a 30-foot cone. Each creature within the cone takes {@damage 10d6} poison damage (DC 39 basic Fortitude save). A creature that fails is {@condition blinded} for {@dice 1d6} rounds (or permanently on a critical failure). The duneshaker solifugid can't use Venom Spray again for {@dice 1d4} rounds."
						],
						"name": "Venom Spray"
					}
				]
			},
			"defenses": {
				"ac": {
					"std": 42
				},
				"savingThrows": {
					"fort": {
						"std": 31
					},
					"ref": {
						"std": 33
					},
					"will": {
						"std": 28
					}
				},
				"hp": [
					{
						"hp": 340,
						"abilities": null
					}
				]
			},
			"hasImages": true
		},
		{
			"name": "Giant Solifugid",
			"isNpc": false,
			"source": "AoA5",
			"page": 89,
			"level": 1,
			"traits": [
				"n",
				"medium",
				"animal"
			],
			"perception": {
				"std": 6
			},
			"senses": [
				{
					"name": "darkvision"
				}
			],
			"skills": {
				"acrobatics": {
					"std": 8
				},
				"athletics": {
					"std": 6
				},
				"stealth": {
					"std": 6,
					"in deserts": 10
				}
			},
			"abilityMods": {
				"str": 1,
				"dex": 3,
				"con": 3,
				"int": -5,
				"wis": 1,
				"cha": -4
			},
			"speed": {
				"walk": 35,
				"climb": 25
			},
			"attacks": [
				{
					"range": "Melee",
					"name": "jaws",
					"attack": 8,
					"damage": "{@damage 1d10+1} piercing",
					"types": [
						"piercing"
					]
				},
				{
					"range": "Melee",
					"name": "claw",
					"attack": 8,
					"traits": [
						"agile",
						"reach <10 feet>"
					],
					"damage": "{@damage 1d8+1} slashing",
					"types": [
						"slashing"
					]
				}
			],
			"abilities": {
				"bot": [
					{
						"activity": {
							"number": 1,
							"unit": "action"
						},
						"entries": [
							"The giant solifugid {@action Stride||Strides} and makes a {@action Strike} at the end of that movement. If the giant solifugid began this action {@condition hidden}, it remains {@condition hidden} until after this ability's {@action Strike}."
						],
						"name": "Pounce"
					},
					{
						"activity": {
							"number": 1,
							"unit": "action"
						},
						"traits": [
							"claw"
						],
						"entries": [],
						"name": "Rend",
						"generic": {
							"tag": "ability"
						}
					}
				]
			},
			"defenses": {
				"ac": {
					"std": 16
				},
				"savingThrows": {
					"fort": {
						"std": 6
					},
					"ref": {
						"std": 8
					},
					"will": {
						"std": 4
					}
				},
				"hp": [
					{
						"hp": 20,
						"abilities": null
					}
				]
			},
			"hasImages": true
		},
		{
			"name": "Immortal Ichor",
			"isNpc": false,
			"source": "AoA5",
			"page": 88,
			"level": 15,
			"traits": [
				"rare",
				"ne",
				"medium",
				"ooze"
			],
			"perception": {
				"std": 20
			},
			"senses": [
				{
					"name": "motion sense",
					"range": 60
				},
				{
					"name": "no vision"
				}
			],
			"languages": {
				"languages": [
					"abyssal",
					"aklo",
					"infernal",
					"undercommon"
				],
				"abilities": [
					"telepathy 100 feet"
				]
			},
			"skills": {
				"arcana": {
					"std": 30
				},
				"religion": {
					"std": 29
				},
				"ancient history lore": {
					"std": 30
				}
			},
			"abilityMods": {
				"str": 6,
				"dex": 3,
				"con": 9,
				"int": 7,
				"wis": 6,
				"cha": 6
			},
			"speed": {
				"walk": 20,
				"fly": 20
			},
			"attacks": [
				{
					"range": "Melee",
					"name": "pseudopod",
					"attack": 27,
					"effects": [
						"mental erosion"
					],
					"damage": "{@damage 3d8+12} bludgeoning plus mental erosion",
					"types": [
						"bludgeoning"
					]
				}
			],
			"spellcasting": [
				{
					"name": "Divine Innate",
					"type": "Innate",
					"tradition": "divine",
					"DC": 37,
					"attack": 31,
					"entry": {
						"0": {
							"level": 7,
							"spells": [
								{
									"name": "telekinetic projectile"
								}
							]
						},
						"1": {
							"spells": [
								{
									"name": "charm",
									"amount": "at will"
								},
								{
									"name": "command",
									"amount": "at will"
								}
							]
						},
						"2": {
							"spells": [
								{
									"name": "telekinetic maneuver",
									"amount": "at will"
								}
							]
						},
						"3": {
							"spells": [
								{
									"name": "mind reading",
									"amount": "at will"
								}
							]
						},
						"6": {
							"spells": [
								{
									"name": "crisis of faith"
								},
								{
									"name": "telekinetic haul",
									"amount": "at will"
								}
							]
						},
						"7": {
							"spells": [
								{
									"name": "charm",
									"amount": 3
								},
								{
									"name": "feeblemind"
								},
								{
									"name": "possession"
								},
								{
									"name": "suggestion"
								}
							]
						}
					}
				},
				{
					"name": "Cleric Domain",
					"type": "Focus",
					"DC": 37,
					"attack": 31,
					"fp": 3,
					"entry": {
						"8": {
							"spells": [
								{
									"name": "cry of destruction",
									"notes": [
										"Pathfinder Core Rulebook 390"
									]
								},
								{
									"name": "destructive aura",
									"notes": [
										"Pathfinder Core Rulebook 390"
									]
								}
							]
						}
					}
				}
			],
			"abilities": {
				"mid": [
					{
						"entries": [
							"The immortal ichor doesn't age, nor does it need to eat or breathe. It can die only as a result of violence."
						],
						"name": "Immortality"
					}
				],
				"bot": [
					{
						"traits": [
							"divine",
							"enchantment",
							"mental"
						],
						"entries": [
							"A creature that fails to save against an immortal ichor's {@spell charm} spell becomes {@condition stupefied|CRB|stupefied 1}. The {@condition stupefied} value reduces by 1 every 24 hours. The first time each day a creature {@condition stupefied} by the ichor's charm fails to save against another casting of the ichor's charm, the value of the condition increases by {@dice 1d4}. If the {@condition stupefied} condition ever equals the creature's Wisdom score, it becomes {@condition controlled} by the ichor permanently; if it dies, it rises the next round as a zombie (of the GM's choice) under the ichor's control. If the ichor is killed, these zombies are destroyed."
						],
						"name": "Corrupt Ally"
					},
					{
						"entries": [
							"An immortal ichor can cast an initial and advanced domain spell of a domain that belonged to the dead deity from which the ichor arose (the domain spells presented here are from the destruction domain)."
						],
						"name": "Dead Spells"
					},
					{
						"entries": [
							"A creature hit by the ichor's pseudopod is {@condition stupefied|CRB|stupefied 2} for 1 day unless it succeeds at a DC 35 Will save."
						],
						"name": "Mental Erosion"
					},
					{
						"activity": {
							"number": 3,
							"unit": "action"
						},
						"traits": [
							"divine",
							"healing",
							"necromancy"
						],
						"entries": [
							"The immortal ichor draws blood from the pores of living creatures around it. Any living creature within 30 feet that has blood takes {@dice 4d6} damage (DC 33 basic Fortitude save). The immortal ichor regains HP equal to the total damage dealt. A creature that fails its save is also {@condition drained|CRB|drained 1} (or {@condition drained|CRB|drained 2} on a critical failure)."
						],
						"name": "Resanguinate"
					}
				]
			},
			"defenses": {
				"ac": {
					"std": 26
				},
				"savingThrows": {
					"fort": {
						"std": 30
					},
					"ref": {
						"std": 20
					},
					"will": {
						"std": 29
					}
				},
				"hp": [
					{
						"hp": 350,
						"abilities": [
							"{@ability regeneration} 15 (deactivated by good)"
						]
					}
				],
				"resistances": [
					{
						"amount": 15,
						"name": "physical"
					}
				]
			},
			"hasImages": true
		},
		{
			"name": "Ishti",
			"isNpc": false,
			"source": "AoA5",
			"page": 47,
			"level": 18,
			"traits": [
				"unique",
				"ce",
				"large",
				"beast"
			],
			"perception": {
				"std": 29
			},
			"senses": [
				{
					"name": "darkvision"
				}
			],
			"skills": {
				"athletics": {
					"std": 33
				},
				"crafting": {
					"std": 31,
					"for poison": 35
				},
				"intimidation": {
					"std": 30
				},
				"occultism": {
					"std": 29
				},
				"stealth": {
					"std": 33
				}
			},
			"abilityMods": {
				"str": 9,
				"dex": 7,
				"con": 3,
				"int": 3,
				"wis": 3,
				"cha": 6
			},
			"speed": {
				"walk": 40,
				"climb": 40,
				"fly": 40,
				"swim": 40
			},
			"attacks": [
				{
					"range": "Melee",
					"name": "corrosive dagger",
					"attack": 37,
					"traits": [
						"agile",
						"magical",
						"versatile <s>"
					],
					"damage": "{@damage 3d4+17} piercing plus {@damage 1d6} acid",
					"types": [
						"acid",
						"piercing"
					]
				}
			],
			"spellcasting": [
				{
					"name": "Occult Innate",
					"type": "Innate",
					"tradition": "occult",
					"DC": 40,
					"entry": {
						"6": {
							"spells": [
								{
									"name": "illusory disguise",
									"amount": "at will"
								},
								{
									"name": "illusory object",
									"amount": "at will"
								},
								{
									"name": "mirror image"
								},
								{
									"name": "ventriloquism",
									"amount": "at will"
								}
							]
						},
						"8": {
							"spells": [
								{
									"name": "sleep"
								}
							]
						},
						"9": {
							"spells": [
								{
									"name": "charm",
									"amount": 3
								},
								{
									"name": "nondetection"
								},
								{
									"name": "suggestion",
									"amount": 3
								}
							]
						},
						"constant": {
							"4": {
								"spells": [
									{
										"name": "fly"
									}
								]
							}
						}
					}
				}
			],
			"abilities": {
				"bot": [
					{
						"activity": {
							"number": 1,
							"unit": "action"
						},
						"entries": [
							"As lamia matriarch."
						],
						"name": "Change Shape",
						"generic": {
							"tag": "ability"
						},
						"entries_as_xyz": "Ability not found: '{@action Change Shape|LOAG} As lamia matriarch.' in Ishti, p.47"
					},
					{
						"activity": {
							"number": 2,
							"unit": "action"
						},
						"entries": [
							"As lamia matriarch, but 2 actions and using her dagger."
						],
						"name": "Quick Dervish Strike",
						"entries_as_xyz": "Ability not found: 'Quick Dervish {@action Strike} As lamia matriarch, but 2 actions and using her dagger.' in Ishti, p.47"
					},
					{
						"activity": {
							"number": 2,
							"unit": "action"
						},
						"entries": [
							"As lamia matriarch, but DC 40."
						],
						"name": "Matriarch's Caress",
						"entries_as_xyz": "Ability not found: 'Matriarch's Caress As lamia matriarch, but DC 40.' in Ishti, p.47"
					},
					{
						"activity": {
							"number": 1,
							"unit": "action"
						},
						"traits": [
							"manipulate"
						],
						"entries": [
							"Ishti applies a poison to a piercing or slashing weapon of her choice."
						],
						"name": "Poison Weapon"
					}
				]
			},
			"defenses": {
				"ac": {
					"std": 41
				},
				"savingThrows": {
					"fort": {
						"std": 27
					},
					"ref": {
						"std": 33
					},
					"will": {
						"std": 29
					}
				},
				"hp": [
					{
						"hp": 340,
						"abilities": null
					}
				],
				"immunities": [
					"poison",
					"controlled"
				]
			}
		},
		{
			"name": "Nalfeshnee",
			"isNpc": false,
			"source": "AoA5",
			"page": 86,
			"level": 14,
			"traits": [
				"ce",
				"huge",
				"demon",
				"fiend"
			],
			"perception": {
				"std": 25
			},
			"senses": [
				{
					"name": "darkvision"
				},
				{
					"name": "true seeing"
				}
			],
			"languages": {
				"languages": [
					"abyssal",
					"celestial",
					"draconic"
				],
				"abilities": [
					"telepathy 100 feet"
				]
			},
			"skills": {
				"arcana": {
					"std": 25
				},
				"athletics": {
					"std": 28
				},
				"deception": {
					"std": 26
				},
				"diplomacy": {
					"std": 24
				},
				"intimidation": {
					"std": 28
				},
				"religion": {
					"std": 25
				},
				"abyss lore": {
					"std": 25
				}
			},
			"abilityMods": {
				"str": 8,
				"dex": 2,
				"con": 8,
				"int": 5,
				"wis": 5,
				"cha": 4
			},
			"speed": {
				"walk": 30,
				"fly": 40
			},
			"attacks": [
				{
					"range": "Melee",
					"name": "jaws",
					"attack": 28,
					"traits": [
						"magical",
						"reach <15 feet>"
					],
					"damage": "{@damage 3d12+14} piercing",
					"types": [
						"piercing"
					]
				},
				{
					"range": "Melee",
					"name": "claw",
					"attack": 28,
					"traits": [
						"agile",
						"magical",
						"reach <15 feet>"
					],
					"damage": "{@damage 3d8+14} slashing",
					"types": [
						"slashing"
					]
				}
			],
			"spellcasting": [
				{
					"name": "Divine Innate",
					"type": "Innate",
					"tradition": "divine",
					"DC": 34,
					"entry": {
						"4": {
							"spells": [
								{
									"name": "circle of protection"
								},
								{
									"name": "dimension door",
									"amount": "at will"
								}
							]
						},
						"5": {
							"spells": [
								{
									"name": "dimension door"
								},
								{
									"name": "illusory object",
									"amount": "at will"
								}
							]
						},
						"6": {
							"spells": [
								{
									"name": "dispel magic",
									"amount": "at will"
								},
								{
									"name": "divine wrath",
									"amount": "at will"
								}
							]
						},
						"constant": {
							"6": {
								"spells": [
									{
										"name": "true seeing"
									}
								]
							}
						}
					}
				}
			],
			"rituals": [
				{
					"tradition": "divine",
					"DC": 34,
					"rituals": [
						{
							"name": "Abyssal pact"
						}
					]
				}
			],
			"abilities": {
				"top": [
					{
						"entries": [
							"+28, {@skill Religion} +25 Str +8, Dex +2, Con +8, Int +5, Wis +5, Cha +4."
						],
						"name": "Intimidation"
					}
				],
				"mid": [
					{
						"entries": [
							"A nalfeshnee's greed is such that losing possessions causes it harm. If an item is stolen from a nalfeshnee, the demon takes {@damage 3d6} mental damage."
						],
						"name": "Forfeiture Aversion"
					},
					{
						"activity": {
							"number": 1,
							"unit": "reaction"
						},
						"trigger": "A creature critically fails a weapon {@action Strike} against the nalfeshnee",
						"entries": [
							"The nalfeshnee attempts to {@action Disarm} the weapon used in the triggering {@action Strike} at a \u20132 circumstance penalty. On a success, the nalfeshnee steals the weapon."
						],
						"name": "Greedy Grab"
					}
				],
				"bot": [
					{
						"activity": {
							"number": 1,
							"unit": "action"
						},
						"traits": [
							"conjuration",
							"divine",
							"extradimensional"
						],
						"entries": [
							"The nalfeshnee steals all unattended items glowing with its Light of Avarice into an extradimensional space. The demon can {@action Interact} to regurgitate any number of these items into its hand or onto the ground. If the demon dies, is affected by a {@trait teleportation} effect, or consumes an extradimensional space (such as a bag of holding), it vomits up all the items."
						],
						"name": "ClaimWealth"
					},
					{
						"activity": {
							"number": 2,
							"unit": "action"
						},
						"traits": [
							"divine",
							"enchantment",
							"light",
							"mental"
						],
						"frequency": {
							"unit": "hour",
							"freq": 1
						},
						"entries": [
							"Beams of unholy light shoot out from the nalfeshnee toward four items within 60 feet. If someone is holding or wearing a targeted item, they can keep it from being affected with a DC 34 Reflex save. For 1 minute, all affected items glow in nauseating colors. Any non-demon is {@condition sickened|CRB|sickened 2} and {@condition slowed|CRB|slowed 1} as long as it holds, wears, or touches a glowing item. Recovering from this sickness requires a DC 29 Will save instead of a Fortitude save. Ending the sickness in this way ends the {@condition slowed} condition and makes the creature temporarily immune."
						],
						"name": "Light of Avarice"
					},
					{
						"entries": [
							"Avarice for 24 hours. If the creature removes or drops the item, both the conditions end immediately, but the creature doesn't become immune."
						],
						"name": "to the Light of"
					}
				]
			},
			"defenses": {
				"ac": {
					"std": 34
				},
				"savingThrows": {
					"fort": {
						"std": 26
					},
					"ref": {
						"std": 22
					},
					"will": {
						"std": 23
					}
				},
				"hp": [
					{
						"hp": 360,
						"abilities": null
					}
				],
				"weaknesses": [
					{
						"amount": 15,
						"name": "cold iron"
					},
					{
						"amount": 15,
						"name": "good"
					}
				]
			},
			"hasImages": true
		},
		{
			"name": "Scarlet Triad Boss",
			"isNpc": false,
			"source": "AoA5",
			"page": 57,
			"level": 17,
			"traits": [
				"le",
				"medium",
				"human",
				"humanoid"
			],
			"perception": {
				"std": 30
			},
			"languages": {
				"languages": [
					"common",
					"gnoll",
					"kelish",
					"osiriani"
				]
			},
			"skills": {
				"acrobatics": {
					"std": 32
				},
				"deception": {
					"std": 29
				},
				"diplomacy": {
					"std": 27
				},
				"intimidation": {
					"std": 31
				},
				"society": {
					"std": 28
				},
				"stealth": {
					"std": 30
				},
				"thievery": {
					"std": 33
				}
			},
			"abilityMods": {
				"str": 6,
				"dex": 9,
				"con": 5,
				"int": 7,
				"wis": 5,
				"cha": 4
			},
			"speed": {
				"walk": 30
			},
			"attacks": [
				{
					"range": "Melee",
					"name": "shortsword",
					"attack": 34,
					"traits": [
						"agile",
						"finesse",
						"versatile <s>"
					],
					"damage": "{@damage 2d6+12} piercing",
					"types": [
						"piercing"
					]
				},
				{
					"range": "Ranged",
					"name": "composite shortbow",
					"attack": 34,
					"traits": [
						"deadly <2d10>",
						"range increment <60 feet>",
						"reload <0>"
					],
					"damage": "{@damage 3d6+9} piercing",
					"types": [
						"piercing"
					]
				}
			],
			"abilities": {
				"top": [
					{
						"entries": [
							"+31, {@skill Society} +28, {@skill Stealth} +30, {@skill Thievery} +33 Str +6, Dex +9, Con +5, Int +7, Wis +5, Cha +4 Items +2 greater striking composite shortbow (40 arrows), +2 striking shortsword, +2 resilient studded leather armor, infiltrator thieves' tools, arrow with weeping midnight poison (page 79)"
						],
						"name": "Intimidation"
					}
				],
				"mid": [
					{
						"activity": {
							"number": 1,
							"unit": "reaction"
						},
						"trigger": "The Scarlet Triad boss is the target of a physical ranged attack",
						"entries": [
							"They gain a +4 circumstance bonus to AC against the triggering attack. If the attack misses and the boss has their shortbow in hand, the boss {@action Strike||Strikes} the attacker with their shortbow."
						],
						"name": "Return Fire"
					}
				],
				"bot": [
					{
						"activity": {
							"number": 2,
							"unit": "action"
						},
						"entries": [
							"The Scarlet Triad boss {@action Feint||Feints} a target, {@action Stride||Strides} up to their Speed, and makes a {@action Strike} with their shortbow in any order. They can {@action Feint} any target within 30 feet when using this ability."
						],
						"name": "Darting Shot"
					},
					{
						"entries": [
							"{@dice 4d6}."
						],
						"name": "Sneak Attack",
						"generic": {
							"tag": "ability"
						}
					}
				]
			},
			"defenses": {
				"ac": {
					"std": 39
				},
				"savingThrows": {
					"fort": {
						"std": 27
					},
					"ref": {
						"std": 33
					},
					"will": {
						"std": 29
					}
				},
				"hp": [
					{
						"hp": 315,
						"abilities": null
					}
				]
			}
		},
		{
			"name": "Scarlet Triad Enforcer",
			"isNpc": false,
			"source": "AoA5",
			"page": 41,
			"level": 15,
			"traits": [
				"rare",
				"le",
				"medium",
				"human",
				"humanoid"
			],
			"perception": {
				"std": 25
			},
			"languages": {
				"languages": [
					"common",
					"osiriani"
				]
			},
			"skills": {
				"athletics": {
					"std": 30
				},
				"intimidation": {
					"std": 28
				},
				"stealth": {
					"std": 27
				},
				"underworld lore": {
					"std": 26
				}
			},
			"abilityMods": {
				"str": 8,
				"dex": 6,
				"con": 6,
				"int": 3,
				"wis": 4,
				"cha": 5
			},
			"speed": {
				"walk": 25
			},
			"attacks": [
				{
					"range": "Melee",
					"name": "scimitar",
					"attack": 32,
					"traits": [
						"forceful",
						"magical",
						"sweep"
					],
					"damage": "{@damage 3d6+15} slashing",
					"types": [
						"slashing"
					]
				},
				{
					"range": "Melee",
					"name": "sap",
					"attack": 32,
					"traits": [
						"agile",
						"magical",
						"nonlethal"
					],
					"damage": "{@damage 2d6+15} bludgeoning",
					"types": [
						"bludgeoning"
					]
				},
				{
					"range": "Ranged",
					"name": "composite shortbow",
					"attack": 31,
					"traits": [
						"deadly <1d10>",
						"magical",
						"propulsive",
						"range increment <60 feet>",
						"reload <0>"
					],
					"damage": "{@damage 2d6+12} piercing",
					"types": [
						"piercing"
					]
				}
			],
			"abilities": {
				"mid": [
					{
						"activity": {
							"number": 1,
							"unit": "reaction"
						},
						"trigger": "An enemy critically fails a",
						"entries": [
							"{@action Strike} against the enforcer; The enforcer {@action Strike||Strikes} with their sap against that enemy if they're within reach; otherwise, the enforcer attempts an {@skill Intimidation} check."
						],
						"name": "Stunning Retort"
					},
					{
						"entries": [
							"{@action Demoralize} that enemy."
						],
						"name": "to"
					}
				],
				"bot": [
					{
						"activity": {
							"number": 2,
							"unit": "action"
						},
						"entries": [
							"The enforcer uses the pain of one attack as an opening to deal a devastating second blow. The enforcer makes two attacks against the same target: a scimitar {@action Strike} and sap {@action Strike} (in any order) or two composite shortbow {@action Strike||Strikes}. If both attacks hit, the second attack deals an additional {@dice 3d6} damage, and the enforcer gives the target one of the following conditions until the end of the enforcer's next turn: {@condition dazzled}, {@condition enfeebled|CRB|enfeebled 2}, {@condition flat-footed}, or {@condition slowed|CRB|slowed 1}. This counts as two attacks when calculating the enforcer's multiple attack penalty, but the penalty doesn't increase until after both attacks."
						],
						"name": "Dual Abuse"
					},
					{
						"activity": {
							"number": 3,
							"unit": "action"
						},
						"traits": [
							"attack",
							"manipulate"
						],
						"entries": [
							"Requirements The enforcer has manacles in hand and is adjacent to a creature; The enforcer attempts to bind the creature's wrists or ankles with the manacles. If the enforcer succeeds at an attack roll with a +30 modifier against the target's AC, they apply the manacles."
						],
						"name": "Efficient Capture"
					}
				]
			},
			"defenses": {
				"ac": {
					"std": 36
				},
				"savingThrows": {
					"fort": {
						"std": 30
					},
					"ref": {
						"std": 26
					},
					"will": {
						"std": 24
					}
				},
				"hp": [
					{
						"hp": 275,
						"abilities": null
					}
				]
			}
		},
		{
			"name": "Scarlet Triad Mage",
			"isNpc": false,
			"source": "AoA5",
			"page": 57,
			"level": 15,
			"traits": [
				"le",
				"medium",
				"human",
				"humanoid",
				"tiefling"
			],
			"perception": {
				"std": 26
			},
			"senses": [
				{
					"name": "darkvision"
				}
			],
			"languages": {
				"languages": [
					"abyssal",
					"common",
					"daemonic",
					"draconic"
				]
			},
			"skills": {
				"arcana": {
					"std": 30
				},
				"crafting": {
					"std": 27
				},
				"intimidation": {
					"std": 25
				},
				"occultism": {
					"std": 27
				}
			},
			"abilityMods": {
				"str": 3,
				"dex": 6,
				"con": 4,
				"int": 5,
				"wis": 4,
				"cha": 7
			},
			"speed": {
				"walk": 25
			},
			"attacks": [
				{
					"range": "Melee",
					"name": "dagger",
					"attack": 30,
					"traits": [
						"agile",
						"finesse",
						"versatile <p>"
					],
					"damage": "{@damage 2d4+9} slashing",
					"types": [
						"slashing"
					]
				}
			],
			"spellcasting": [
				{
					"name": "Arcane Prepared",
					"type": "Prepared",
					"tradition": "arcane",
					"DC": 36,
					"attack": 30,
					"entry": {
						"0": {
							"level": 8,
							"spells": [
								{
									"name": "detect magic"
								},
								{
									"name": "message"
								},
								{
									"name": "ray of frost"
								},
								{
									"name": "read aura"
								},
								{
									"name": "shield"
								}
							]
						},
						"5": {
							"spells": [
								{
									"name": "magic missile",
									"amount": 2
								}
							]
						},
						"6": {
							"spells": [
								{
									"name": "purple worm sting"
								},
								{
									"name": "slow"
								},
								{
									"name": "teleport",
									"amount": 2
								}
							]
						},
						"7": {
							"spells": [
								{
									"name": "energy aegis",
									"amount": 2
								},
								{
									"name": "fly"
								},
								{
									"name": "power word blind"
								}
							]
						},
						"8": {
							"spells": [
								{
									"name": "horrid wilting"
								},
								{
									"name": "lightning bolt"
								},
								{
									"name": "mind blank"
								}
							]
						}
					}
				},
				{
					"name": "Divine Innate",
					"type": "Innate",
					"tradition": "divine",
					"DC": 36,
					"entry": {
						"2": {
							"spells": [
								{
									"name": "darkness"
								}
							]
						}
					}
				}
			],
			"abilities": {
				"top": [
					{
						"entries": [
							"Skills {@skill Arcana} +30, {@skill Crafting} +27, {@skill Intimidation} +25"
						],
						"name": "Infernal, Osiriani"
					},
					{
						"entries": [
							"+27 Str +3, Dex +6, Con +4, Int +5, Wis +4, Cha +7 Items +2 striking dagger, greater healing potion, wand of crushing despair."
						],
						"name": "Occultism"
					}
				]
			},
			"defenses": {
				"ac": {
					"std": 37
				},
				"savingThrows": {
					"fort": {
						"std": 23
					},
					"ref": {
						"std": 26
					},
					"will": {
						"std": 29
					}
				},
				"hp": [
					{
						"hp": 270,
						"abilities": null
					}
				]
			}
		},
		{
			"name": "Shak",
			"isNpc": false,
			"source": "AoA5",
			"page": 34,
			"level": 17,
			"traits": [
				"unique",
				"ne",
				"medium",
				"human",
				"humanoid"
			],
			"perception": {
				"std": 26
			},
			"skills": {
				"acrobatics": {
					"std": 30
				},
				"athletics": {
					"std": 30
				},
				"deception": {
					"std": 28
				},
				"intimidation": {
					"std": 33
				},
				"performance": {
					"std": 33
				},
				"society": {
					"std": 28
				}
			},
			"abilityMods": {
				"str": 6,
				"dex": 8,
				"con": 5,
				"int": 3,
				"wis": 3,
				"cha": 5
			},
			"speed": {
				"walk": 30
			},
			"attacks": [
				{
					"range": "Melee",
					"name": "thundering kukri",
					"attack": 35,
					"traits": [
						"agile",
						"finesse",
						"magical",
						"trip"
					],
					"damage": "{@damage 3d6+14} slashing plus {@damage 1d6} sonic",
					"types": [
						"slashing",
						"sonic"
					]
				},
				{
					"range": "Ranged",
					"name": "javelin",
					"attack": 35,
					"traits": [
						"magical",
						"thrown <30 feet>"
					],
					"damage": "{@damage 3d6+14} piercing",
					"types": [
						"piercing"
					]
				}
			],
			"abilities": {
				"top": [
					{
						"entries": [
							"+33, {@skill Performance} +33, {@skill Society} +28 Str +6, Dex +8, Con +5, Int +3, Wis +3, Cha +5 Items +2 greater striking javelin, +2 greater striking thundering kukri (2), potion of flying, potion of quickness, +2 resilient scale mail."
						],
						"name": "Intimidation"
					},
					{
						"entries": [
							"Bshez gains a +2 circumstance bonus to initiative rolls."
						],
						"name": "Incredible Initiative"
					}
				],
				"mid": [
					{
						"activity": {
							"number": 1,
							"unit": "reaction"
						},
						"entries": [],
						"name": "Attack of Opportunity",
						"generic": {
							"tag": "ability"
						}
					}
				],
				"bot": [
					{
						"activity": {
							"number": 2,
							"unit": "action"
						},
						"entries": [
							"Bshez makes two {@action Strike||Strikes}, one with each kukri, using her current multiple attack penalty.",
							"If both attacks hit, combine their damage and add any applicable effects from both weapons. This counts as one attack when calculating her multiple attack penalty."
						],
						"name": "Graceful Double Slice"
					},
					{
						"activity": {
							"number": 1,
							"unit": "action"
						},
						"requirements": "Bshez is standing in an area with loose sand or soil",
						"entries": [
							"Bshez flings sand into an adjacent creature's eyes. If the target fails a DC 38 Reflex save, they are {@condition dazzled} until the beginning."
						],
						"name": "Fling Sand in the Eyes"
					},
					{
						"entries": [
							"Bshez's next turn. If they critically fail, they are {@condition blinded} until the beginning of Bshez's next turn. If they succeed, they are unaffected. Regardless of their save, they're temporarily immune until the battle ends."
						],
						"name": "of"
					},
					{
						"activity": {
							"number": 1,
							"unit": "action"
						},
						"traits": [
							"thundering"
						],
						"entries": [
							"kukri."
						],
						"name": "Rend",
						"generic": {
							"tag": "ability"
						}
					},
					{
						"entries": [
							"When the target of Bshez's javelin {@action Strike} uses Shield Block, the {@action Strike} deals an additional {@dice 4d6} damage to the shield."
						],
						"name": "Shield Breaker"
					},
					{
						"entries": [
							"Bshez has access to the critical specialization effects of any weapon she wields."
						],
						"name": "Weapon Master"
					}
				]
			},
			"defenses": {
				"ac": {
					"std": 40
				},
				"savingThrows": {
					"fort": {
						"std": 29
					},
					"ref": {
						"std": 32
					},
					"will": {
						"std": 27
					}
				},
				"hp": [
					{
						"hp": 330,
						"abilities": null
					}
				]
			}
		},
		{
			"name": "Spiritbound Aluum",
			"isNpc": false,
			"source": "AoA5",
			"page": 83,
			"level": 16,
			"traits": [
				"rare",
				"n",
				"large",
				"construct",
				"mindless",
				"soulbound"
			],
			"perception": {
				"std": 28
			},
			"senses": [
				{
					"name": "darkvision"
				}
			],
			"skills": {
				"athletics": {
					"std": 33
				}
			},
			"abilityMods": {
				"str": 9,
				"dex": 3,
				"con": 6,
				"int": -5,
				"wis": 4,
				"cha": -2
			},
			"speed": {
				"walk": 25,
				"fly": 25
			},
			"attacks": [
				{
					"range": "Melee",
					"name": "fist",
					"attack": 33,
					"traits": [
						"magical"
					],
					"effects": [
						"paralyzing force"
					],
					"damage": "{@damage 3d10+17} bludgeoning plus paralyzing force",
					"types": [
						"bludgeoning"
					]
				}
			],
			"spellcasting": [
				{
					"name": "Arcane Innate",
					"type": "Innate",
					"tradition": "arcane",
					"DC": 38,
					"entry": {
						"5": {
							"spells": [
								{
									"name": "locate"
								}
							]
						},
						"9": {
							"spells": [
								{
									"name": "bind soul",
									"amount": 3
								}
							]
						}
					}
				}
			],
			"abilities": {
				"mid": [
					{
						"activity": {
							"number": 1,
							"unit": "reaction"
						},
						"entries": [],
						"name": "Attack of Opportunity",
						"generic": {
							"tag": "ability"
						}
					}
				],
				"bot": [
					{
						"entries": [
							"As aluum enforcer (page 82)",
							"Arcane Innate Spells DC 38; 9th bind soul (×3); 5th locate."
						],
						"name": "Aluum Antimagic"
					},
					{
						"activity": {
							"number": 2,
							"unit": "action"
						},
						"traits": [
							"arcane",
							"evocation",
							"force"
						],
						"entries": [
							"Requirements The spiritbound aluum has bound a soul using its bind soul innate spell; The spiritbound aluum transforms the captured soul's essence into raw magical energy, channeling the spirit into a beam that deals {@damage 20d6} force damage in a 30-foot line (DC 38 basic Reflex save). The remaining fragments of the captured soul are released to the Great Beyond.",
							"The spiritbound aluum can't use Obliteration Beam again for {@dice 1d4} rounds."
						],
						"name": "Obliteration Beam"
					},
					{
						"traits": [
							"arcane",
							"incapacitation",
							"necromancy"
						],
						"entries": [
							"As aluum, but DC 35."
						],
						"name": "Paralyzing Force",
						"entries_as_xyz": "Ability not found: 'Paralyzing Force As aluum, but DC 35.' in Spiritbound Aluum, p.83"
					},
					{
						"entries": [
							"When a spiritbound aluum uses its bind soul innate spell, it binds the soul into its central crystal instead of the normal material component.",
							"The crystal can hold up to 60 souls. When encountered, a spiritbound aluum's crystal typically contains {@dice 1d6} souls."
						],
						"name": "Soul Binder"
					},
					{
						"activity": {
							"number": 2,
							"unit": "action"
						},
						"traits": [
							"arcane",
							"auditory",
							"evocation",
							"mental",
							"sonic"
						],
						"entries": [
							"As aluum enforcer (page 82), but {@dice 16d6} damage."
						],
						"name": "Soul Shriek"
					}
				]
			},
			"defenses": {
				"ac": {
					"std": 39
				},
				"savingThrows": {
					"fort": {
						"std": 30
					},
					"ref": {
						"std": 25
					},
					"will": {
						"std": 28
					}
				},
				"hp": [
					{
						"hp": 255,
						"abilities": null
					}
				],
				"immunities": [
					"as aluum enforcer"
				]
			},
			"hasImages": true
		},
		{
			"name": "Teyam Ishtori",
			"isNpc": false,
			"source": "AoA5",
			"page": 61,
			"level": 19,
			"traits": [
				"unique",
				"ne",
				"tiny",
				"undead"
			],
			"perception": {
				"std": 25
			},
			"senses": [
				{
					"name": "darkvision"
				},
				{
					"name": "true seeing"
				}
			],
			"languages": {
				"languages": [
					"abyssal",
					"ancient osiriani",
					"daemonic",
					"draconic"
				]
			},
			"skills": {
				"acrobatics": {
					"std": 31
				},
				"arcana": {
					"std": 38
				},
				"deception": {
					"std": 33
				},
				"occultism": {
					"std": 35
				},
				"religion": {
					"std": 31
				},
				"stealth": {
					"std": 33
				}
			},
			"abilityMods": {
				"str": -3,
				"dex": 6,
				"con": 0,
				"int": 8,
				"wis": -2,
				"cha": 6
			},
			"items": [
				"demilich eye gem (2)"
			],
			"speed": {
				"fly": 30
			},
			"attacks": [
				{
					"range": "Melee",
					"name": "jaws",
					"attack": 36,
					"traits": [
						"reach <0 feet>",
						"finesse",
						"magical"
					],
					"damage": "{@damage 1d4+3} piercing plus {@damage 8d6} negative",
					"types": [
						"negative",
						"piercing"
					]
				}
			],
			"spellcasting": [
				{
					"name": "Arcane Innate",
					"type": "Innate",
					"tradition": "arcane",
					"DC": 43,
					"attack": 37,
					"entry": {
						"0": {
							"level": 10,
							"spells": [
								{
									"name": "mage hand"
								},
								{
									"name": "telekinetic projectile"
								}
							]
						},
						"4": {
							"spells": [
								{
									"name": "blink",
									"amount": "at will"
								},
								{
									"name": "dimension door",
									"amount": "at will"
								},
								{
									"name": "telekinetic maneuver",
									"amount": "at will"
								}
							]
						},
						"8": {
							"spells": [
								{
									"name": "spell turning",
									"amount": "at will"
								}
							]
						},
						"10": {
							"spells": [
								{
									"name": "wail of the banshee"
								}
							]
						}
					}
				}
			],
			"abilities": {
				"top": [
					{
						"entries": [
							"Skills {@skill Acrobatics} +31, {@skill Arcana} +38, {@skill Deception} +33"
						],
						"name": "Elven, Infernal, Necril"
					},
					{
						"entries": [
							"+35, {@skill Religion} +31, {@skill Stealth} +33 Str \u20133, Dex +6, Con +0, Int +8, Wis \u20132, Cha +6 Items demilich eye gem (2)"
						],
						"name": "Occultism"
					},
					{
						"entries": [
							"As demilich."
						],
						"name": "Torpor",
						"entries_as_xyz": "Ability not found: 'Torpor As demilich.' in Teyam Ishtori, p.61"
					}
				],
				"mid": [
					{
						"traits": [
							"arcane",
							"aura",
							"evocation"
						],
						"entries": [
							"20 feet; As demilich."
						],
						"name": "Telekinetic Whirlwind",
						"entries_as_xyz": "Ability not found: 'Telekinetic Whirlwind As demilich.' in Teyam Ishtori, p.61"
					},
					{
						"activity": {
							"number": 1,
							"unit": "reaction"
						},
						"entries": [
							"As demilich."
						],
						"name": "Contingency",
						"entries_as_xyz": "Ability not found: 'Contingency As demilich.' in Teyam Ishtori, p.61"
					},
					{
						"activity": {
							"number": 1,
							"unit": "free"
						},
						"entries": [
							"As demilich."
						],
						"name": "Countermeasures",
						"entries_as_xyz": "Ability not found: 'Countermeasures As demilich.' in Teyam Ishtori, p.61"
					}
				],
				"bot": [
					{
						"traits": [
							"6th"
						],
						"entries": [
							"true seeing."
						],
						"name": "Constant"
					},
					{
						"traits": [
							"arcane"
						],
						"entries": [
							"As demilich."
						],
						"name": "Demilich Eye Gems",
						"entries_as_xyz": "Ability not found: 'Demilich Eye Gems As demilich.' in Teyam Ishtori, p.61"
					},
					{
						"activity": {
							"number": 1,
							"unit": "action"
						},
						"traits": [
							"arcane",
							"necromancy",
							"negative"
						],
						"entries": [
							"As demilich."
						],
						"name": "Devour Soul",
						"entries_as_xyz": "Ability not found: 'Devour Soul As demilich.' in Teyam Ishtori, p.61"
					},
					{
						"entries": [
							"As demilich."
						],
						"name": "Mental Magic",
						"entries_as_xyz": "Ability not found: 'Mental Magic As demilich.' in Teyam Ishtori, p.61"
					},
					{
						"entries": [
							"As demilich, but 10 charges and the spells of a staff of power."
						],
						"name": "Staff Gems",
						"entries_as_xyz": "Ability not found: 'Staff Gems As demilich, but 10 charges and the spells of a staff of power.' in Teyam Ishtori, p.61"
					},
					{
						"activity": {
							"number": 1,
							"unit": "action"
						},
						"entries": [
							"As demilich, but DC 43 Fortitude."
						],
						"name": "Trap Soul",
						"entries_as_xyz": "Ability not found: 'Trap Soul As demilich, but DC 43 Fortitude.' in Teyam Ishtori, p.61"
					}
				]
			},
			"defenses": {
				"ac": {
					"std": 44
				},
				"savingThrows": {
					"fort": {
						"std": 29
					},
					"ref": {
						"std": 32
					},
					"will": {
						"std": 35
					}
				},
				"hp": [
					{
						"hp": 300,
						"abilities": [
							"negative healing"
						]
					}
				],
				"immunities": [
					"disease",
					"paralyzed"
				],
				"resistances": [
					{
						"amount": 10,
						"name": "cold"
					}
				]
			}
		},
		{
			"name": "Uri Zandivar",
			"isNpc": false,
			"source": "AoA5",
			"page": 93,
			"level": 19,
			"traits": [
				"unique",
				"le",
				"medium",
				"human",
				"humanoid"
			],
			"perception": {
				"std": 35
			},
			"languages": {
				"languages": [
					"common",
					"draconic",
					"dwarven",
					"gnoll",
					"kelesh"
				]
			},
			"skills": {
				"acrobatics": {
					"std": 37
				},
				"athletics": {
					"std": 37
				},
				"diplomacy": {
					"std": 37
				},
				"intimidation": {
					"std": 40
				},
				"society": {
					"std": 27
				},
				"stealth": {
					"std": 31
				},
				"thievery": {
					"std": 33
				},
				"underworld lore": {
					"std": 31
				}
			},
			"abilityMods": {
				"str": 9,
				"dex": 7,
				"con": 5,
				"int": 7,
				"wis": 8,
				"cha": 9
			},
			"speed": {
				"walk": 30
			},
			"attacks": [
				{
					"range": "Melee",
					"name": "speed scimitar",
					"attack": 37,
					"traits": [
						"forceful",
						"magical",
						"sweep"
					],
					"damage": "{@damage 4d6+17} slashing",
					"types": [
						"slashing"
					]
				},
				{
					"range": "Melee",
					"name": "shield spikes",
					"attack": 36,
					"traits": [
						"magical"
					],
					"damage": "{@damage 3d6+17} piercing",
					"types": [
						"piercing"
					]
				},
				{
					"range": "Ranged",
					"name": "dagger",
					"attack": 34,
					"traits": [
						"agile",
						"thrown <10 feet>",
						"versatile <s>"
					],
					"damage": "{@damage 4d4+12} piercing",
					"types": [
						"piercing"
					]
				}
			],
			"abilities": {
				"top": [
					{
						"entries": [
							"Skills {@skill Acrobatics} +37, {@skill Arcana} + 33, {@skill Athletics} +37, {@skill Deception} +40, {@skill Diplomacy} +37, {@skill Intimidation} +40, {@skill Society} +27"
						],
						"name": "Osiriani"
					},
					{
						"entries": [
							"+31, {@skill Thievery} +33, {@skill Lore||Underworld Lore} +31 Str +9, Dex +7, Con +5, Int +7, Wis +8, Cha +9 Items +2 greater resilient chain mail, +2 striking returning dagger, superior manacles, oblivion essence (page 79), +3 major striking speed scimitar, steel shield with +2 greater striking shield spikes (Hardness 5, HP 20, BT 10), wasp trapped in amber (portal key), weeping midnight (page 79), winged boots."
						],
						"name": "Stealth"
					}
				],
				"mid": [
					{
						"entries": [
							"Uri rolls a success on a Will saving throw, he gets a critical success instead; if he rolls a critical failure on a Will save, he gets a failure instead."
						],
						"name": "Perfect Will If"
					},
					{
						"activity": {
							"number": 1,
							"unit": "reaction"
						},
						"entries": [],
						"name": "Attack of Opportunity",
						"generic": {
							"tag": "ability"
						}
					},
					{
						"activity": {
							"number": 1,
							"unit": "reaction"
						},
						"trigger": "A creature within",
						"entries": [
							"Uri's reach fails an attack roll, saving throw, or skill check; Uri makes an unarmed {@action Strike} against the triggering creature. If the attack hits, the target must succeed at a DC 41 Fortitude save or become {@condition enfeebled|CRB|enfeebled 3} until the end of its next turn ({@condition enfeebled|CRB|enfeebled 4} on a critical failure)."
						],
						"name": "Punish Imperfection"
					},
					{
						"activity": {
							"number": 1,
							"unit": "reaction"
						},
						"entries": [],
						"name": "Shield Block",
						"generic": {
							"tag": "ability"
						}
					}
				],
				"bot": [
					{
						"activity": {
							"number": 2,
							"unit": "action"
						},
						"entries": [
							"Uri makes two {@action Strike||Strikes}: one with his scimitar and one with his shield spikes. If both hit, the overwhelming power of the attack leaves the target {@condition stunned|CRB|stunned 1} ({@condition stunned|CRB|stunned 2} if one of the {@action Strike||Strikes} was a critical hit, or {@condition stunned|CRB|stunned 3} if both {@action Strike||Strikes} were critical hits). These {@action Strike||Strikes} count as one attack for Uri's multiple attack penalty, and the penalty doesn't increase until after both attacks."
						],
						"name": "Slash and Slam"
					},
					{
						"activity": {
							"number": 2,
							"unit": "action"
						},
						"traits": [
							"attack",
							"manipulate"
						],
						"entries": [
							"Requirements Uri has manacles in his possession and is adjacent to a creature; Uri sheathes a weapon he's carrying, then attempts to bind the creature's wrists or ankles with the manacles. If Uri succeeds at an attack roll with a +36 modifier against the target's AC, he applies the manacles."
						],
						"name": "Swift Capture"
					},
					{
						"activity": {
							"number": 1,
							"unit": "action"
						},
						"entries": [
							"Uri {@action Stride||Strides} and makes a scimitar {@action Strike} at any point during the {@action Stride}."
						],
						"name": "Swift Slash"
					},
					{
						"entries": [
							"Uri can use 2 reactions in a round, but he can't perform the same reaction more than once per round."
						],
						"name": "Reactionary"
					}
				]
			},
			"defenses": {
				"ac": {
					"std": 43,
					"with shield raised": 45
				},
				"savingThrows": {
					"fort": {
						"std": 32
					},
					"ref": {
						"std": 29
					},
					"will": {
						"std": 35
					}
				},
				"hp": [
					{
						"hp": 350,
						"abilities": null
					}
				]
			}
		},
		{
			"name": "Witchwyrd",
			"isNpc": false,
			"source": "AoA5",
			"page": 90,
			"level": 6,
			"traits": [
				"uncommon",
				"ln",
				"medium",
				"humanoid"
			],
			"perception": {
				"std": 12
			},
			"senses": [
				{
					"name": "darkvision"
				},
				{
					"name": "detect magic"
				}
			],
			"languages": {
				"languages": [
					"common",
					"draconic"
				],
				"abilities": [
					"one or"
				]
			},
			"skills": {
				"arcana": {
					"std": 16
				},
				"deception": {
					"std": 15
				},
				"diplomacy": {
					"std": 15
				},
				"intimidation": {
					"std": 15
				}
			},
			"abilityMods": {
				"str": 3,
				"dex": 3,
				"con": 1,
				"int": 4,
				"wis": 3,
				"cha": 5
			},
			"items": [
				"+1 ranseur"
			],
			"speed": {
				"walk": 25
			},
			"attacks": [
				{
					"range": "Melee",
					"name": "ranseur",
					"attack": 16,
					"traits": [
						"disarm",
						"magical",
						"reach <10 feet>"
					],
					"damage": "{@damage 1d10+6} piercing",
					"types": [
						"piercing"
					]
				},
				{
					"range": "Melee",
					"name": "fist",
					"attack": 15,
					"traits": [
						"agile",
						"nonlethal"
					],
					"effects": [
						"Grab"
					],
					"damage": "{@damage 1d6+6} bludgeoning plus Grab",
					"types": [
						"bludgeoning"
					]
				}
			],
			"spellcasting": [
				{
					"name": "Arcane Innate",
					"type": "Innate",
					"tradition": "arcane",
					"DC": 23,
					"attack": 15,
					"entry": {
						"0": {
							"level": 3,
							"spells": [
								{
									"name": "detect magic"
								}
							]
						},
						"1": {
							"spells": [
								{
									"name": "floating disk",
									"amount": "at will"
								},
								{
									"name": "unseen servant",
									"amount": "at will"
								}
							]
						},
						"2": {
							"spells": [
								{
									"name": "mirror image"
								}
							]
						},
						"3": {
							"spells": [
								{
									"name": "dispel magic"
								}
							]
						},
						"4": {
							"spells": [
								{
									"name": "resist energy",
									"amount": 2
								},
								{
									"name": "suggestion"
								},
								{
									"name": "resilient sphere"
								}
							]
						},
						"5": {
							"spells": [
								{
									"name": "dimension door"
								}
							]
						},
						"constant": {
							"5": {
								"spells": [
									{
										"name": "tongues"
									}
								]
							}
						}
					}
				}
			],
			"abilities": {
				"top": [
					{
						"entries": [
							"+14, {@skill Diplomacy} +15"
						],
						"name": "Desert Lore"
					},
					{
						"entries": [
							"+15, one or more {@skill Lore} skills related to a specific plane Str +3, Dex +3, Con +1, Int +4, Wis +3, Cha +5 Items +1 ranseur."
						],
						"name": "Intimidation"
					}
				],
				"mid": [
					{
						"activity": {
							"number": 1,
							"unit": "reaction"
						},
						"traits": [
							"arcane",
							"evocation",
							"force"
						],
						"frequency": {
							"unit": "round",
							"freq": 1
						},
						"entries": [
							"The witchwyrd uses a free hand to \"catch\" a single magic missile fired at it, as long as it is aware of the incoming magic missile. This absorbs the missile and causes that hand to glow while it holds this energy. A hand that's holding energy can't be used for any other purpose except to use."
						],
						"name": "Absorb Force"
					},
					{
						"entries": [
							"The energy lasts for 6 rounds or until it is released."
						],
						"name": "Force Bolt."
					}
				],
				"bot": [
					{
						"activity": {
							"number": 1,
							"unit": "varies",
							"entry": "{@as 1} to {@as 3}"
						},
						"traits": [
							"arcane",
							"evocation",
							"force"
						],
						"entries": [
							"The witchwyrd fires one magic missile per action spent (dealing {@dice 1d4+1} damage each). It can't spend more actions on this ability than it has free hands. If it uses a hand that has Absorbed Force, that hand hurls two missiles instead of one, expending the held energy."
						],
						"name": "Force Bolt"
					}
				]
			},
			"defenses": {
				"ac": {
					"std": 22
				},
				"savingThrows": {
					"fort": {
						"std": 13
					},
					"ref": {
						"std": 13
					},
					"will": {
						"std": 15
					}
				},
				"hp": [
					{
						"hp": 110,
						"abilities": null
					}
				],
				"resistances": [
					{
						"amount": 5,
						"name": "force"
					}
				]
			},
			"hasImages": true
		},
		{
			"name": "Xotanispawn",
			"isNpc": false,
			"source": "AoA5",
			"page": 91,
			"level": 17,
			"traits": [
				"rare",
				"ce",
				"large",
				"animal",
				"fire"
			],
			"perception": {
				"std": 29
			},
			"senses": [
				{
					"name": "darkvision"
				},
				{
					"type": "imprecise",
					"name": "{@ability tremorsense}",
					"range": 60
				}
			],
			"skills": {
				"athletics": {
					"std": 34
				},
				"stealth": {
					"std": 31
				},
				"survival": {
					"std": 29
				}
			},
			"abilityMods": {
				"str": 9,
				"dex": 6,
				"con": 8,
				"int": -5,
				"wis": 4,
				"cha": 5
			},
			"speed": {
				"walk": 40,
				"burrow": 40,
				"climb": 40
			},
			"attacks": [
				{
					"range": "Melee",
					"name": "jaws",
					"attack": 30,
					"traits": [
						"reach <10 feet>"
					],
					"effects": [
						"Grab"
					],
					"damage": "{@damage 4d8+9} piercing plus {@damage 2d8} {@condition persistent damage ||persistent fire} and Grab",
					"types": [
						"persistent",
						"piercing"
					]
				},
				{
					"range": "Melee",
					"name": "claw",
					"attack": 30,
					"traits": [
						"agile",
						"reach <10 feet>"
					],
					"damage": "{@damage 4d6+9} slashing plus {@damage 2d8} {@condition persistent damage ||persistent fire}",
					"types": [
						"persistent",
						"slashing"
					]
				}
			],
			"abilities": {
				"top": [
					{
						"traits": [
							"aura",
							"emotion",
							"fear",
							"mental"
						],
						"entries": [
							"60 feet, DC 36."
						],
						"name": "Frightful Presence",
						"generic": {
							"tag": "ability"
						}
					}
				],
				"mid": [
					{
						"traits": [
							"fire"
						],
						"entries": [
							"When a Xotanispawn dies, it explodes, dealing {@damage 15d8} fire damage to creatures in a 30-foot emanation (DC 39 basic Reflex save)."
						],
						"name": "Explosion"
					},
					{
						"entries": [],
						"name": "Light Blindness",
						"generic": {
							"tag": "ability"
						}
					},
					{
						"activity": {
							"number": 1,
							"unit": "reaction"
						},
						"traits": [
							"fire"
						],
						"trigger": "A creature adjacent to the Xotanispawn touches it or hits it with a physical attack",
						"entries": [
							"The triggering creature takes {@damage 5d8} {@condition persistent damage ||persistent fire damage} (DC 37 Reflex save to negate)."
						],
						"name": "Internal Furnace"
					}
				],
				"bot": [
					{
						"activity": {
							"number": 2,
							"unit": "action"
						},
						"traits": [
							"arcane",
							"evocation",
							"fire"
						],
						"entries": [
							"The Xotanispawn sprays a 60-foot cone of magma that deals {@damage 10d10} fire damage and {@damage 2d6} {@condition persistent damage ||persistent fire damage} to all creatures in the area (DC 39 basic Reflex save). The Xotanispawn can't use its Breath Weapon again for {@dice 1d4} rounds."
						],
						"name": "Breath Weapon"
					},
					{
						"entries": [
							"When the Xotanispawn critically hits, its body surges with heat, increasing the damage of its Internal Furnace to {@dice 10d8} until the start of its next turn."
						],
						"name": "Heat Surge"
					}
				]
			},
			"defenses": {
				"ac": {
					"std": 40
				},
				"savingThrows": {
					"fort": {
						"std": 31
					},
					"ref": {
						"std": 29
					},
					"will": {
						"std": 23
					}
				},
				"hp": [
					{
						"hp": 340,
						"abilities": null
					}
				],
				"immunities": [
					"chaotic",
					"evil",
					"fire"
				]
			},
			"hasImages": true
		},
		{
			"name": "Zephyr Guard",
			"isNpc": false,
			"source": "AoA5",
			"page": 51,
			"level": 14,
			"traits": [
				"uncommon",
				"n",
				"medium",
				"human",
				"humanoid"
			],
			"perception": {
				"std": 24
			},
			"skills": {
				"athletics": {
					"std": 28
				},
				"diplomacy": {
					"std": 24
				},
				"intimidation": {
					"std": 24
				},
				"society": {
					"std": 22
				}
			},
			"abilityMods": {
				"str": 8,
				"dex": 5,
				"con": 5,
				"int": 2,
				"wis": 4,
				"cha": 4
			},
			"speed": {
				"walk": 25
			},
			"attacks": [
				{
					"range": "Melee",
					"name": "scimitar",
					"attack": 30,
					"traits": [
						"forceful",
						"magical",
						"sweep"
					],
					"effects": [
						"subduing strikes"
					],
					"damage": "{@damage 2d6+14} slashing plus subduing strikes",
					"types": [
						"slashing"
					]
				},
				{
					"range": "Ranged",
					"name": "heavy crossbow",
					"attack": 30,
					"traits": [
						"magical",
						"range increment <120 feet>",
						"reload <2>"
					],
					"effects": [
						"subduing strikes"
					],
					"damage": "{@damage 2d10+6} piercing plus subduing strikes",
					"types": [
						"piercing"
					]
				}
			],
			"abilities": {
				"top": [
					{
						"entries": [
							"+24, {@skill Society} +22 Str +8, Dex +5, Con +5, Int +2, Wis +4, Cha +4 Items +1 resilient breastplate, greater healing potion, +1 striking heavy crossbow (10 bolts), +2 striking scimitar."
						],
						"name": "Lore"
					}
				],
				"mid": [
					{
						"activity": {
							"number": 1,
							"unit": "reaction"
						},
						"entries": [],
						"name": "Attack of Opportunity",
						"generic": {
							"tag": "ability"
						}
					}
				],
				"bot": [
					{
						"activity": {
							"number": 2,
							"unit": "action"
						},
						"entries": [
							"The Zephyr Guard attempts to {@action Disarm} a creature, with a +2 circumstance bonus to the roll. On a critical success, the guard can also deal their scimitar damage to the creature."
						],
						"name": "Adroit Disarm"
					},
					{
						"activity": {
							"number": 2,
							"unit": "action"
						},
						"entries": [
							"The Zephyr Guard makes a heavy crossbow {@action Strike} that deals one additional weapon damage die. If the {@action Strike} hits, the target takes a \u201310-foot status penalty to its Speeds and is {@condition slowed|CRB|slowed 1}.",
							"These last for 1 round, or 2 rounds if the {@action Strike} was a critical success."
						],
						"name": "Hampering Shot"
					},
					{
						"entries": [
							"Guard takes no penalty for making nonlethal attacks with a weapon that doesn't have the {@trait nonlethal} trait. The guard's nonlethal {@action Strike||Strikes} against a creature that is not wielding a weapon deal an additional {@dice 2d6} damage."
						],
						"name": "Subduing Strikes A Zephyr"
					}
				]
			},
			"defenses": {
				"ac": {
					"std": 36
				},
				"savingThrows": {
					"fort": {
						"std": 26
					},
					"ref": {
						"std": 26
					},
					"will": {
						"std": 29
					}
				},
				"hp": [
					{
						"hp": 255,
						"abilities": null
					}
				]
			}
		}
	]
}
