{
	"Bst": "creatures-bst.json",
	"Bst2": "creatures-bst2.json",
	"Bst3": "creatures-bst3.json",
	"GMG": "creatures-gmg.json",
	"LOME": "creatures-lome.json",
	"CRB": "creatures-crb.json",
	"AoA1": "creatures-aoa1.json",
	"AoA2": "creatures-aoa2.json",
	"AoA3": "creatures-aoa3.json",
	"AoA4": "creatures-aoa4.json",
	"AoA5": "creatures-aoa5.json",
	"AoA6": "creatures-aoa6.json",
	"AoE1": "creatures-aoe1.json",
	"AoE2": "creatures-aoe2.json",
	"AoE3": "creatures-aoe3.json",
	"AoE4": "creatures-aoe4.json",
	"AoE5": "creatures-aoe5.json",
	"AoE6": "creatures-aoe6.json",
	"AV1": "creatures-av1.json",
	"AV2": "creatures-av2.json",
	"AV3": "creatures-av3.json",
	"EC1": "creatures-ec1.json",
	"EC2": "creatures-ec2.json",
	"EC3": "creatures-ec3.json",
	"EC4": "creatures-ec4.json",
	"EC5": "creatures-ec5.json",
	"EC6": "creatures-ec6.json",
	"FoP": "creatures-fop.json",
	"FRP1": "creatures-frp1.json",
	"FRP2": "creatures-frp2.json",
	"FRP3": "creatures-frp3.json",
	"LTiBA": "creatures-ltiba.json",
	"Sli": "creatures-sli.json",
	"SoT1": "creatures-sot1.json",
	"SoT2": "creatures-sot2.json",
	"TiO": "creatures-tio.json"
}
