{
	"spell": [
		{
			"name": "Airburst",
			"source": "SoT1",
			"page": 76,
			"level": 1,
			"traits": [
				"uncommon",
				"air",
				"evocation"
			],
			"traditions": [
				"arcane",
				"primal"
			],
			"cast": {
				"number": 1,
				"unit": "action"
			},
			"components": [
				[
					"V"
				]
			],
			"area": {
				"types": [
					"Emanation"
				],
				"entry": "5-foot emanation"
			},
			"targets": "all creatures and unattended objects in the area",
			"savingThrow": {
				"type": [
					"F"
				]
			},
			"entries": [
				"A blast of wind wildly pushes everything nearby.",
				"Unattended objects of 1 Bulk or less are pushed 5 feet away from you. Large or smaller creatures must attempt a Fortitude save.",
				{
					"type": "successDegree",
					"entries": {
						"Critical Success": "The creature is unaffected.",
						"Success": "The creature takes a \u20132 status penalty to checks made during its reactions until the end of your turn.",
						"Failure": "As success, and the creature is pushed 5 feet away from you.",
						"Critical Failure": "The creature is pushed 5 feet away from you and can't use reactions until the end of your turn."
					}
				}
			],
			"heightened": {
				"X": {
					"4": [
						"Increase the area to a 10-foot emanation and increase the distance objects and creatures are pushed to 10 feet."
					]
				}
			}
		},
		{
			"name": "Friendfetch",
			"source": "SoT1",
			"page": 77,
			"level": 1,
			"traits": [
				"uncommon",
				"evocation",
				"force"
			],
			"traditions": [
				"arcane",
				"occult"
			],
			"cast": {
				"number": 2,
				"unit": "action"
			},
			"components": [
				[
					"S",
					"V"
				]
			],
			"range": {
				"number": 30,
				"unit": "feet"
			},
			"targets": "1 or 2 willing creatures",
			"entries": [
				"You shoot out ephemeral, telekinetic strands that drag each target directly toward you, stopping in the closest unoccupied space to you in this path. This is forced movement."
			]
		},
		{
			"name": "Grave Impressions",
			"source": "SoT1",
			"page": 77,
			"level": 2,
			"traits": [
				"uncommon",
				"necromancy"
			],
			"traditions": [
				"divine",
				"occult"
			],
			"cast": {
				"number": 1,
				"unit": "minute",
				"entry": "1 minute"
			},
			"components": [
				[
					"S",
					"V"
				]
			],
			"range": {
				"number": 1,
				"unit": "touch"
			},
			"targets": "1 corpse",
			"duration": {
				"number": 10,
				"unit": "minute"
			},
			"entries": [
				"You project a fragment of your senses into the corpse.",
				"While within 500 feet of the corpse (even if it's outside your line of sight or line of effect), you can see from where the target corpse had eyes using your normal visual senses, and you can hear from where the corpse had ears using your normal auditory senses. You can switch between your own vision and hearing, and the corpse's senses, with a single action that has the {@trait concentrate} trait. If the corpse naturally lacked eyes or hearing organs in life, you cannot use that sense when using this spell. If the corpse is moved from its location, the spell ends."
			],
			"heightened": {
				"X": {
					"4": [
						"The duration increases to 1 hour."
					],
					"6": [
						"The duration lasts until the next time you make your daily preparations."
					]
				}
			}
		},
		{
			"name": "Impeccable Flow",
			"source": "SoT1",
			"page": 76,
			"level": 2,
			"traits": [
				"uncommon",
				"divination",
				"lawful"
			],
			"traditions": [
				"arcane",
				"divine"
			],
			"cast": {
				"number": 2,
				"unit": "action"
			},
			"components": [
				[
					"S",
					"V"
				]
			],
			"duration": {
				"number": 1,
				"unit": "minute"
			},
			"entries": [
				"You attune yourself to an underlying cosmic order to the world. While you remain in tune with this power, you gain a +1 status bonus to {@skill Perception} checks, saving throws, and skill checks. If you critically fail any check while under the effects of this spell, the bonus ends and you instead have a \u20131 status penalty to all checks for the remaining duration."
			],
			"heightened": {
				"X": {
					"5": [
						"The status bonus increases to +2."
					],
					"8": [
						"The status bonus increases to +3."
					]
				}
			}
		},
		{
			"name": "Mind Games",
			"source": "SoT1",
			"page": 77,
			"level": 2,
			"traits": [
				"uncommon",
				"enchantment",
				"mental"
			],
			"traditions": [
				"arcane",
				"occult"
			],
			"cast": {
				"number": 2,
				"unit": "action"
			},
			"components": [
				[
					"S",
					"V"
				]
			],
			"cost": "3 gp game piece focus",
			"range": {
				"number": 30,
				"unit": "feet"
			},
			"targets": "1 creature",
			"savingThrow": {
				"type": [
					"W"
				]
			},
			"duration": {
				"number": 1,
				"unit": "minute",
				"sustained": true
			},
			"entries": [
				"You lock minds with the target, trying to mentally subdue them. The target must attempt a Will save. Each time you Sustain this Spell, the target attempts another Will save.",
				{
					"type": "successDegree",
					"entries": {
						"Critical Success": "You are {@condition stunned|CRB|stunned 1} and the spell ends.",
						"Success": "The target is unaffected.",
						"Failure": "The target is {@condition stunned|CRB|stunned 1}.",
						"Critical Failure": "The target is {@condition stunned|CRB|stunned 2}."
					}
				}
			]
		},
		{
			"name": "Stumbling Curse",
			"source": "SoT1",
			"page": 75,
			"focus": true,
			"level": 1,
			"traits": [
				"uncommon",
				"curse",
				"hex",
				"transmutation",
				"witch"
			],
			"cast": {
				"number": 1,
				"unit": "action"
			},
			"components": [
				[
					"S"
				]
			],
			"range": {
				"number": 60,
				"unit": "feet"
			},
			"targets": "1 creature",
			"savingThrow": {
				"type": [
					"R"
				]
			},
			"duration": {
				"number": 1,
				"unit": "minute",
				"sustained": true
			},
			"entries": [
				"With a twist of a finger, you send a creature careening on a haphazard trajectory. The target must attempt a Reflex save.",
				{
					"type": "successDegree",
					"entries": {
						"Critical Success": "The target is unaffected.",
						"Success": "The target takes a \u20132 status penalty to {@skill Athletics} and {@skill Acrobatics} checks.",
						"Failure": "As success, and each time the target {@action Stride||Strides}, it uses the first 5 feet of movement of the {@action Stride} to move 5 feet in a random direction (this is forced movement). This has no effect on a creature with only 5 feet of movement.",
						"Critical Failure": "As failure, except you control the direction of the target's first 5 feet of movement of the {@action Stride}."
					}
				}
			]
		},
		{
			"name": "Verminous Lure",
			"source": "SoT1",
			"page": 76,
			"level": 1,
			"traits": [
				"uncommon",
				"olfactory",
				"transmutation"
			],
			"traditions": [
				"primal"
			],
			"cast": {
				"number": 2,
				"unit": "action"
			},
			"components": [
				[
					"S",
					"V"
				]
			],
			"range": {
				"number": 30,
				"unit": "feet"
			},
			"targets": "1 creature or object",
			"duration": {
				"number": 10,
				"unit": "minute"
			},
			"entries": [
				"Upon casting, the target emits a musk that's captivating to certain animals. Tiny animals and animal swarms of any size within range must attempt a Will save. On a failure, non-{@condition hostile} animals or animal swarms try to touch the target. If {@condition hostile}, such creatures choose to attack the target instead of other foes, if able to do so without spending additional actions or exposing themselves to additional danger.",
				"Verminous lure doesn't change animals' attitudes towards the target and is easily overridden by more direct control, such as the {@action Command an Animal} action.",
				"Animals with imprecise sense can use their scent as a precise sense against the target."
			]
		}
	]
}
