{
	"creature": [
		{
			"name": "Avarek",
			"isNpc": false,
			"source": "AoE3",
			"page": 80,
			"level": 8,
			"traits": [
				"uncommon",
				"ne",
				"small",
				"amphibious",
				"fey"
			],
			"creatureType": [
				"Fey"
			],
			"perception": {
				"std": 16
			},
			"senses": [
				{
					"name": "darkvision"
				}
			],
			"languages": {
				"languages": [
					"Aquan",
					"Common",
					"Undercommon"
				],
				"abilities": [
					"speak with animals"
				]
			},
			"skills": {
				"Acrobatics": {
					"std": 17
				},
				"Athletics": {
					"std": 14,
					"to Climb or Swim": 16
				},
				"Deception": {
					"std": 17
				},
				"Nature": {
					"std": 16
				},
				"Stealth": {
					"std": 19
				},
				"Survival": {
					"std": 16
				},
				"Thievery": {
					"std": 19
				},
				"Sailing Lore": {
					"std": 15
				}
			},
			"abilityMods": {
				"str": 2,
				"dex": 5,
				"con": 4,
				"int": 3,
				"wis": 4,
				"cha": 3
			},
			"items": [
				"+1 striking dagger"
			],
			"ac": {
				"std": 26
			},
			"savingThrows": {
				"fort": {
					"std": 16
				},
				"ref": {
					"std": 19
				},
				"will": {
					"std": 16
				}
			},
			"hp": [
				{
					"hp": 150,
					"abilities": null
				}
			],
			"speed": {
				"walk": 20,
				"climb": 20,
				"swim": 50
			},
			"attacks": [
				{
					"range": "Melee",
					"name": "dagger",
					"attack": 20,
					"traits": [
						"agile",
						"finesse",
						"magical",
						"versatile s"
					],
					"effects": [],
					"damage": "{@damage 2d4+4} piercing",
					"types": [
						"piercing"
					]
				},
				{
					"range": "Melee",
					"name": "spine",
					"attack": 16,
					"effects": [],
					"damage": "{@damage 2d6+4} piercing plus {@damage 1d6} {@condition persistent damage ||persistent bleed}",
					"types": [
						"persistent",
						"piercing"
					]
				},
				{
					"range": "Ranged",
					"name": "dagger",
					"attack": 20,
					"traits": [
						"agile",
						"finesse",
						"magical",
						"thrown 10 feet",
						"versatile s"
					],
					"effects": [],
					"damage": "{@damage 2d4+4} piercing",
					"types": [
						"piercing"
					]
				}
			],
			"spellcasting": [
				{
					"name": "Primal Innate",
					"type": "Innate",
					"tradition": "Primal",
					"DC": 30,
					"attack": 22,
					"entry": {
						"0": {
							"level": 4,
							"spells": [
								{
									"name": "prestidigitation"
								}
							]
						},
						"1": {
							"spells": [
								{
									"name": "grease",
									"amount": "at will"
								},
								{
									"name": "gust of wind",
									"amount": "at will"
								}
							]
						},
						"2": {
							"spells": [
								{
									"name": "hydraulic push",
									"amount": "at will"
								},
								{
									"name": "invisibility",
									"notes": [
										"self only"
									]
								},
								{
									"name": "shatter"
								},
								{
									"name": "ventriloquism",
									"amount": "at will"
								}
							]
						},
						"4": {
							"spells": [
								{
									"name": "confusion"
								},
								{
									"name": "hydraulic torrent"
								},
								{
									"name": "suggestion"
								}
							]
						},
						"constant": {}
					}
				}
			],
			"abilities": {
				"top": [
					{
						"entries": [
							"+16, {@skill Lore||Sailing Lore} +15, {@skill Stealth} +19, {@skill Survival} +16, {@skill Thievery} +19 Str +2, Dex +5, Con +4, Int +3, Wis +4, Cha +3 Items +1 striking dagger."
						],
						"name": "Nature"
					}
				],
				"bot": [
					{
						"activity": {
							"number": 1,
							"unit": "action"
						},
						"entries": [
							"The avarek withdraws beneath its spines, presenting a defensive, spiky exterior. It gains a +2 circumstance bonus to spine Strikes and AC. Any adjacent creature that attempts a melee attack against the avarek takes {@damage 1d6} piercing damage per attack, regardless of whether the attack hits. Prickly Defense lasts until the avarek uses a move action or makes a {@action Strike} with any weapon other than its spines."
						],
						"name": "Prickly Defense"
					},
					{
						"activity": {
							"number": 2,
							"unit": "action"
						},
						"entries": [
							"The avarek curls into a ball and rolls rapidly, impaling enemies with its spines. The avarek {@action Stride||Strides} twice and makes up to two spine Strikes at any point during its movement, each against a different target within reach. These attacks count toward the avarek's multiple attack penalty, but the penalty doesn't increase until after the avarek makes all the attacks."
						],
						"name": "Rolling Assault"
					},
					{
						"entries": [
							"The avarek's Strikes deal an additional {@damage 2d6} precision damage to {@condition flat-footed} creatures."
						],
						"name": "Sneak Attack",
						"generic": {
							"tag": "ability"
						}
					}
				]
			}
		},
		{
			"name": "Barnacle Ghoul",
			"isNpc": false,
			"source": "AoE3",
			"page": 83,
			"level": 9,
			"traits": [
				"uncommon",
				"ne",
				"medium",
				"ghoul",
				"undead"
			],
			"creatureType": [
				"Undead"
			],
			"perception": {
				"std": 17
			},
			"senses": [
				{
					"name": "darkvision"
				}
			],
			"languages": {
				"languages": [
					"Aquan",
					"Common",
					"Necril"
				]
			},
			"skills": {
				"Acrobatics": {
					"std": 19
				},
				"Athletics": {
					"std": 19,
					"to Grapple": 21
				},
				"Stealth": {
					"std": 19
				},
				"Survival": {
					"std": 17
				}
			},
			"abilityMods": {
				"str": 6,
				"dex": 6,
				"con": 3,
				"int": 1,
				"wis": 4,
				"cha": 4
			},
			"ac": {
				"std": 28
			},
			"savingThrows": {
				"fort": {
					"std": 16
				},
				"ref": {
					"std": 21
				},
				"will": {
					"std": 17
				}
			},
			"hp": [
				{
					"hp": 155,
					"abilities": [
						"negative healing"
					]
				}
			],
			"immunities": [
				"death effects"
			],
			"speed": {
				"walk": 25,
				"climb": 10,
				"swim": 40
			},
			"attacks": [
				{
					"range": "Melee",
					"name": "jaws",
					"attack": 21,
					"traits": [
						"finesse"
					],
					"effects": [
						"fill lungs",
						"paralysis"
					],
					"damage": "{@damage 2d10+10} piercing plus fill lungs and paralysis",
					"types": [
						"piercing"
					]
				},
				{
					"range": "Melee",
					"name": "claw",
					"attack": 21,
					"traits": [
						"agile",
						"finesse"
					],
					"effects": [
						"{@dice 2d6+10}",
						"Grab",
						"paralysis"
					],
					"damage": "{@dice 2d6+10} plus Grab and paralysis",
					"types": []
				}
			],
			"abilities": {
				"top": [
					{
						"entries": [
							"+19, {@skill Survival} +17 Str +6, Dex +6, Con +3, Int +1, Wis +4, Cha +4."
						],
						"name": "Stealth"
					}
				],
				"mid": [
					{
						"activity": {
							"number": 1,
							"unit": "reaction"
						},
						"trigger": "A creature {@condition grabbed} by the barnacle ghoul critically fails a skill check to {@action Escape}",
						"entries": [
							"The barnacle ghoul makes a claw {@action Strike} against the triggering creature."
						],
						"name": "Tear Flesh"
					}
				],
				"bot": [
					{
						"activity": {
							"number": 1,
							"unit": "action"
						},
						"traits": [
							"manipulate"
						],
						"requirements": "The barnacle ghoul is adjacent to the corpse of a creature that died within the last hour.",
						"entries": [
							"The barnacle ghoul regains {@dice 5d6} Hit Points. It can regain Hit Points from any given corpse only once."
						],
						"name": "Consume Flesh"
					},
					{
						"type": "affliction",
						"name": "Fill Lungs",
						"traits": [
							"curse",
							"necromancy"
						],
						"DC": 26,
						"savingThrow": "Fortitude",
						"stages": [
							{
								"stage": 1,
								"entry": "{@condition sickened|CRB|sickened 1}",
								"duration": "1 round"
							},
							{
								"stage": 2,
								"entry": "{@condition sickened|CRB|sickened 2}",
								"duration": "1 round"
							},
							{
								"stage": 3,
								"entry": "{@condition sickened|CRB|sickened 3}",
								"duration": "1 round"
							},
							{
								"stage": 4,
								"entry": "drowning and cannot reduce below stage 4 until the water is purged;",
								"duration": null
							}
						]
					},
					{
						"entries": [
							"{@action Administer First Aid} (which stops the creature from drowning and returns the creature to stage 3; stage 2 on a critical success) or a {@trait magical} effect that removes curses or the {@condition sickened} condition (which stops the creature from drowning and ends the curse). If the creature dies from drowning, it rises as a barnacle ghoul the next midnight."
						],
						"name": ""
					},
					{
						"activity": {
							"number": 1,
							"unit": "action"
						},
						"traits": [
							"move"
						],
						"entries": [
							"The barnacle ghoul Swims up to 20 feet. This movement doesn't trigger reactions."
						],
						"name": "Nimble Swim"
					},
					{
						"traits": [
							"incapacitation",
							"occult",
							"necromancy"
						],
						"entries": [
							"See Ghoul Abilities; DC 26."
						],
						"name": "Paralysis"
					}
				]
			}
		},
		{
			"name": "Bloody Berleth",
			"isNpc": false,
			"source": "AoE3",
			"page": 21,
			"level": 11,
			"traits": [
				"unique",
				"ne",
				"medium",
				"human",
				"humanoid",
				"orc"
			],
			"creatureType": [
				"Humanoid"
			],
			"perception": {
				"std": 24
			},
			"senses": [
				{
					"name": "low-light vision"
				}
			],
			"languages": {
				"languages": [
					"Common",
					"Orcish"
				]
			},
			"skills": {
				"Athletics": {
					"std": 22
				},
				"Deception": {
					"std": 22
				},
				"Diplomacy": {
					"std": 18
				},
				"Intimidation": {
					"std": 22
				},
				"Stealth": {
					"std": 17
				}
			},
			"abilityMods": {
				"str": 5,
				"dex": 2,
				"con": 4,
				"int": 1,
				"wis": 1,
				"cha": 3
			},
			"ac": {
				"std": 30
			},
			"savingThrows": {
				"fort": {
					"std": 23
				},
				"ref": {
					"std": 21
				},
				"will": {
					"std": 20
				}
			},
			"hp": [
				{
					"hp": 245,
					"abilities": null
				}
			],
			"speed": {
				"walk": 20
			},
			"attacks": [
				{
					"range": "Melee",
					"name": "shovel",
					"attack": 24,
					"traits": [
						"deadly 1d10",
						"magical",
						"trip",
						"versatile b"
					],
					"effects": [],
					"damage": "{@damage 2d10+11} slashing",
					"types": [
						"slashing"
					]
				},
				{
					"range": "Ranged",
					"name": "heavy crossbow",
					"attack": 19,
					"traits": [
						"range increment 120 feet",
						"reload 2"
					],
					"effects": [],
					"damage": "{@damage 1d10} piercing",
					"types": [
						"piercing"
					]
				}
			],
			"abilities": {
				"top": [
					{
						"activity": {
							"number": 1,
							"unit": "varies",
							"entry": "[type III, blindness; DC 24]"
						},
						"entries": [
							"+18, {@skill Intimidation} +22, {@skill Stealth} +17 Str +5, Dex +2, Con +4, Int +1, Wis +1, Cha +3 Items +1 chain mail, moderate elixir of life, heavy crossbow (with 4 spellstrike arrows ), greater juggernaut mutagen, ring of lies, +1 striking shovel (same stats as a scythe, but with the versatile B trait), greater smokestick, moderate tanglefoot bag."
						],
						"name": "Lore"
					}
				],
				"bot": [
					{
						"activity": {
							"number": 1,
							"unit": "action"
						},
						"entries": [
							"{@damage 2d10+11} slashing Ranged heavy crossbow +19 (range increment 120 feet, reload 2), Damage {@damage 1d10} piercing."
						],
						"name": "B), Damage"
					},
					{
						"activity": {
							"number": 1,
							"unit": "action"
						},
						"requirements": "Berleth has just used his shovel to {@action Trip} a creature",
						"entries": [
							"Berleth brutally brings his shovel down on the {@condition prone} foe, making a shovel {@action Strike}. On a hit, the {@action Strike} deals damage as normal, plus the target must make a DC 30 Fortitude save. Critical Success The creature is unaffected. Success The creature is {@condition stunned|CRB|stunned 1}. Failure The creature is {@condition stunned|CRB|stunned 2}. Critical Failure The creature is {@condition stunned|CRB|stunned 2} and {@condition clumsy|CRB|clumsy 1} for 1 minute."
						],
						"name": "Concussive Beatdown"
					},
					{
						"activity": {
							"number": 2,
							"unit": "action"
						},
						"entries": [
							"Berleth plunges his shovel through a creature's neck as though it were peat moss. He makes a shovel {@action Strike} against an adjacent {@condition unconscious} or {@condition immobilized} creature.",
							"On a hit, the creature is {@condition wounded|CRB|wounded 2} (possibly {@condition dying})."
						],
						"name": "Decapitate"
					},
					{
						"activity": {
							"number": 1,
							"unit": "reaction"
						},
						"trigger": "Berleth is reduced to 0 HP",
						"frequency": {
							"unit": "day",
							"freq": 1
						},
						"entries": [
							"Berleth makes a final shovel {@action Strike} before {@condition dying}."
						],
						"name": "Final Blow"
					}
				]
			}
		},
		{
			"name": "Bregdi",
			"isNpc": false,
			"source": "AoE3",
			"page": 81,
			"level": 9,
			"traits": [
				"uncommon",
				"n",
				"large",
				"animal",
				"aquatic"
			],
			"creatureType": [
				"Animal"
			],
			"perception": {
				"std": 18
			},
			"senses": [
				{
					"name": "low-light vision"
				},
				{
					"type": "imprecise",
					"name": "scent",
					"range": 30
				}
			],
			"skills": {
				"Acrobatics": {
					"std": 17
				},
				"Athletics": {
					"std": 21
				},
				"Stealth": {
					"std": 17
				},
				"Survival": {
					"std": 18
				}
			},
			"abilityMods": {
				"str": 6,
				"dex": 4,
				"con": 4,
				"int": -4,
				"wis": 3,
				"cha": -3
			},
			"ac": {
				"std": 27
			},
			"savingThrows": {
				"fort": {
					"std": 20
				},
				"ref": {
					"std": 18
				},
				"will": {
					"std": 17
				}
			},
			"hp": [
				{
					"hp": 180,
					"abilities": null
				}
			],
			"speed": {
				"walk": 20,
				"swim": 40
			},
			"attacks": [
				{
					"range": "Melee",
					"name": "jaws",
					"attack": 21,
					"traits": [
						"reach 10 feet"
					],
					"effects": [],
					"damage": "{@damage 2d12+8} piercing",
					"types": [
						"piercing"
					]
				},
				{
					"range": "Melee",
					"name": "hook claw",
					"attack": 21,
					"traits": [
						"agile",
						"reach 10 feet"
					],
					"effects": [
						"Grab"
					],
					"damage": "{@damage 2d8+8} piercing plus Grab",
					"types": [
						"piercing"
					]
				}
			],
			"abilities": {
				"top": [
					{
						"entries": [
							"The bregdi can breathe air for up to 10 minutes, or up to an hour so long as its skin remains wet."
						],
						"name": "Partial Amphibian"
					}
				],
				"bot": [
					{
						"activity": {
							"number": 1,
							"unit": "action"
						},
						"entries": [],
						"name": "Aquatic Ambush",
						"generic": {
							"tag": "ability"
						}
					},
					{
						"activity": {
							"number": 1,
							"unit": "action"
						},
						"traits": [
							"attack"
						],
						"entries": [
							"The bregdi tries to capsize an adjacent aquatic vessel of its size or smaller. It must succeed at an {@skill Athletics} check with a DC of 35 (reduced by 5 for each size smaller the vessel is than the bregdi) or the pilot's {@skill Lore||Sailing Lore} DC, whichever is higher."
						],
						"name": "Capsize"
					},
					{
						"activity": {
							"number": 1,
							"unit": "action"
						},
						"traits": [
							"attack"
						],
						"entries": [
							"Medium, {@damage 2d8+7} bludgeoning, Rupture 18."
						],
						"name": "Swallow Whole",
						"generic": {
							"tag": "ability"
						}
					},
					{
						"activity": {
							"number": 1,
							"unit": "action"
						},
						"entries": [
							"The bregdi pulls a creature it can reach or a creature holding something it can reach (such as a fishing line in the water). The bregdi attempts an {@skill Athletics} check against the creature's Fortitude DC. On a success, it pulls the creature into an adjacent space. On a critical success, the bregdi can also make a jaws {@action Strike} against the creature pulled into an adjacent space."
						],
						"name": "Tug"
					}
				]
			}
		},
		{
			"name": "Casino Bouncer",
			"isNpc": false,
			"source": "AoE3",
			"page": 24,
			"level": 8,
			"traits": [
				"uncommon",
				"n",
				"medium",
				"human",
				"humanoid"
			],
			"creatureType": [
				"Humanoid"
			],
			"perception": {
				"std": 20
			},
			"languages": {
				"languages": [
					"Common"
				]
			},
			"skills": {
				"Athletics": {
					"std": 20
				},
				"Diplomacy": {
					"std": 15
				},
				"Intimidation": {
					"std": 19
				},
				"Society": {
					"std": 16
				}
			},
			"abilityMods": {
				"str": 4,
				"dex": 2,
				"con": 5,
				"int": 0,
				"wis": 2,
				"cha": 1
			},
			"items": [
				"chain shirt",
				"+1 striking sap"
			],
			"ac": {
				"std": 27
			},
			"savingThrows": {
				"fort": {
					"std": 19
				},
				"ref": {
					"std": 13
				},
				"will": {
					"std": 13
				}
			},
			"hp": [
				{
					"hp": 150,
					"abilities": null
				}
			],
			"speed": {
				"walk": 25
			},
			"attacks": [
				{
					"range": "Melee",
					"name": "fist",
					"attack": 20,
					"traits": [
						"agile",
						"finesse",
						"nonlethal",
						"unarmed"
					],
					"effects": [
						"Grab"
					],
					"damage": "{@damage 2d6+6} bludgeoning plus Grab",
					"types": [
						"bludgeoning"
					]
				},
				{
					"range": "Melee",
					"name": "sap",
					"attack": 21,
					"traits": [
						"agile",
						"magical",
						"nonlethal"
					],
					"effects": [],
					"damage": "{@damage 2d6+6} bludgeoning",
					"types": [
						"bludgeoning"
					]
				}
			],
			"abilities": {
				"top": [
					{
						"entries": [
							"+16 Str +4, Dex +2, Con +5, Int +0, Wis +2, Cha +1 Items chain shirt, +1 striking sap."
						],
						"name": "Society"
					}
				],
				"mid": [
					{
						"activity": {
							"number": 1,
							"unit": "reaction"
						},
						"entries": [],
						"name": "Attack of Opportunity",
						"generic": {
							"tag": "ability"
						}
					}
				],
				"bot": [
					{
						"entries": [
							"{@action Strike} hits, it deals damage as usual and the casino bouncer moves the target 5 feet (this is forced movement) and {@action Step||Steps} into the space the target had just occupied."
						],
						"name": "the"
					},
					{
						"activity": {
							"number": 1,
							"unit": "action"
						},
						"traits": [
							"concentrate",
							"emotion",
							"mental",
							"visual"
						],
						"entries": [
							"The casino bouncer attempts to {@action Demoralize} a creature with a mere glance. The casino bouncer doesn't take a penalty to their {@skill Intimidation} check if the target doesn't speak the same language. If the bouncer rolls a critical success, the target can't reduce the value of its {@condition frightened} condition until {@dice 1d4} rounds have passed."
						],
						"name": "Intimidating Stare"
					}
				]
			}
		},
		{
			"name": "Diobel Sweeper Tough",
			"isNpc": false,
			"source": "AoE3",
			"page": 8,
			"level": 7,
			"traits": [
				"uncommon",
				"n",
				"medium",
				"human",
				"humanoid"
			],
			"creatureType": [
				"Humanoid"
			],
			"perception": {
				"std": 17
			},
			"languages": {
				"languages": [
					"Common"
				]
			},
			"skills": {
				"Athletics": {
					"std": 17
				},
				"Intimidation": {
					"std": 13
				},
				"Gang Lore": {
					"std": 13
				}
			},
			"abilityMods": {
				"str": 4,
				"dex": 4,
				"con": 4,
				"int": 0,
				"wis": 2,
				"cha": 0
			},
			"items": [
				"+1 morningstar",
				"moderate bottled lightning (2)",
				"moderate frost vials (2)",
				"sling (with 3 spellstrike bullets [type I, magic missile]",
				"moderate tanglefoot bag"
			],
			"ac": {
				"std": 24
			},
			"savingThrows": {
				"fort": {
					"std": 17
				},
				"ref": {
					"std": 17
				},
				"will": {
					"std": 13
				}
			},
			"hp": [
				{
					"hp": 125,
					"abilities": null
				}
			],
			"speed": {
				"walk": 25
			},
			"attacks": [
				{
					"range": "Melee",
					"name": "morningstar",
					"attack": 18,
					"traits": [
						"magical",
						"versatile p"
					],
					"effects": [],
					"damage": "{@damage 1d6+8} bludgeoning",
					"types": [
						"bludgeoning"
					]
				},
				{
					"range": "Ranged",
					"name": "sling",
					"attack": 17,
					"traits": [
						"range increment 50 feet",
						"propulsive",
						"reload 1"
					],
					"effects": [],
					"damage": "{@damage 1d6+6} bludgeoning plus {@damage 3d4+3 force}",
					"types": [
						"bludgeoning",
						"force"
					]
				},
				{
					"range": "Ranged",
					"name": "bomb",
					"attack": 19,
					"traits": [
						"alchemical",
						"bomb",
						"range increment 30 feet"
					],
					"effects": [],
					"damage": "{@damage 2d6} cold or electricity plus 2 splash",
					"types": [
						"cold",
						"electricity",
						"splash"
					]
				}
			],
			"abilities": {
				"bot": [
					{
						"entries": [
							"Whenever the gang tough makes a successful melee {@action Strike} against a {@condition frightened} creature, the {@action Strike} deals an extra weapon die of damage."
						],
						"name": "Bullyrag Beatdown"
					},
					{
						"entries": [
							"When the gang tough's {@action Strike} with a bludgeoning weapon is a critical hit and deals damage, the target becomes {@condition frightened|CRB|frightened 1}."
						],
						"name": "Frightening Critical"
					},
					{
						"activity": {
							"number": 1,
							"unit": "action"
						},
						"entries": [
							"The Diobel Sweeper tough Interacts to draw a bomb, then Strikes with it."
						],
						"name": "Quick Bomber"
					}
				]
			}
		},
		{
			"name": "Eberark",
			"isNpc": false,
			"source": "AoE3",
			"page": 82,
			"level": 10,
			"traits": [
				"ne",
				"huge",
				"beast",
				"fire"
			],
			"creatureType": [
				"Beast"
			],
			"perception": {
				"std": 19
			},
			"senses": [
				{
					"name": "low-light vision"
				},
				{
					"type": "imprecise",
					"name": "scent",
					"range": 30
				}
			],
			"languages": {
				"languages": [
					"Common",
					"Ignan"
				]
			},
			"skills": {
				"Acrobatics": {
					"std": 18
				},
				"Athletics": {
					"std": 21
				},
				"Intimidation": {
					"std": 21
				},
				"Stealth": {
					"std": 18
				},
				"Survival": {
					"std": 19
				}
			},
			"abilityMods": {
				"str": 7,
				"dex": 4,
				"con": 5,
				"int": 2,
				"wis": 3,
				"cha": 3
			},
			"ac": {
				"std": 30
			},
			"savingThrows": {
				"fort": {
					"std": 22
				},
				"ref": {
					"std": 19
				},
				"will": {
					"std": 16
				}
			},
			"hp": [
				{
					"hp": 275,
					"abilities": null
				}
			],
			"speed": {
				"walk": 40
			},
			"attacks": [
				{
					"range": "Melee",
					"name": "jaws",
					"attack": 23,
					"traits": [
						"magical",
						"reach 15 feet"
					],
					"effects": [],
					"damage": "{@damage 2d10+11} piercing",
					"types": [
						"piercing"
					]
				},
				{
					"range": "Melee",
					"name": "claw",
					"attack": 23,
					"traits": [
						"agile",
						"fire",
						"magical",
						"reach 15 feet"
					],
					"effects": [],
					"damage": "{@damage 2d6+11} slashing plus {@damage 1d4} fire",
					"types": [
						"fire",
						"slashing"
					]
				},
				{
					"range": "Ranged",
					"name": "spit",
					"attack": 21,
					"traits": [
						"agile",
						"range increment 30 feet"
					],
					"effects": [
						"incendiary spit"
					],
					"damage": "incendiary spit",
					"types": []
				}
			],
			"abilities": {
				"bot": [
					{
						"activity": {
							"number": 1,
							"unit": "action"
						},
						"traits": [
							"auditory",
							"emotion",
							"fear",
							"mental"
						],
						"entries": [
							"The eberark utters crude insults and growls threateningly. Each creature within 30 feet must attempt a DC 27 Will save. The creature is then temporarily immune for 10 minutes.",
							{
								"type": "successDegree",
								"entries": {
									"Critical Success": "The creature is unaffected.",
									"Success": "The creature is {@condition frightened|CRB|frightened 1}.",
									"Failure": "The creature is {@condition frightened|CRB|frightened 2} and {@condition paralyzed} for 1 round.",
									"Critical Failure": "The creature is {@condition frightened|CRB|frightened 4} and {@condition paralyzed} for {@dice 1d4} rounds."
								}
							}
						],
						"name": "Arrogant Taunts"
					},
					{
						"entries": [
							"A creature hit by the eberark's spit becomes coated in a slippery, flammable oil. The creature must succeed at a DC 27 Reflex save or become {@condition clumsy|CRB|clumsy 2} for as long as they are coated in incendiary spit. Creatures affected by incendiary spit that take fire damage catch fire, taking {@damage 3d6} {@condition persistent damage ||persistent fire damage}. Once this {@condition persistent damage ||persistent fire damage} ends, the spit has burned away.",
							"The spit also wears off naturally after one hour or can be washed off with soap, water, and one minute of work."
						],
						"name": "Incendiary Spit"
					},
					{
						"activity": {
							"number": 2,
							"unit": "action"
						},
						"traits": [
							"fire"
						],
						"entries": [
							"The eberark {@action Stride||Strides} twice, leaving a trail of magical fire behind it as it moves. Squares the eberark moves through catch fire, creating a 5-foot-tall wall of flame that burns for 1 round. The wall of flame conceals creatures and objects on the other side of it. Any creature that enters or starts its turn in the wall of flame takes {@damage 6d6} fire damage (DC 27 basic Reflex save)."
						],
						"name": "Trail of Flame"
					}
				]
			}
		},
		{
			"name": "Franca Laurentz",
			"isNpc": false,
			"source": "AoE3",
			"page": 87,
			"level": 13,
			"traits": [
				"unique",
				"cn",
				"medium",
				"elf",
				"human",
				"humanoid"
			],
			"creatureType": [
				"Humanoid"
			],
			"perception": {
				"std": 26
			},
			"languages": {
				"languages": [
					"Common",
					"Hallit"
				]
			},
			"skills": {
				"Acrobatics": {
					"std": 26
				},
				"Deception": {
					"std": 22
				},
				"Intimidation": {
					"std": 22
				},
				"Society": {
					"std": 20
				},
				"Stealth": {
					"std": 28
				},
				"Thievery": {
					"std": 28
				},
				"Absalom Lore": {
					"std": 20
				}
			},
			"abilityMods": {
				"str": 3,
				"dex": 5,
				"con": 3,
				"int": 1,
				"wis": 2,
				"cha": 3
			},
			"ac": {
				"std": 35
			},
			"savingThrows": {
				"fort": {
					"std": 22
				},
				"ref": {
					"std": 26
				},
				"will": {
					"std": 19
				}
			},
			"hp": [
				{
					"hp": 195,
					"abilities": null
				}
			],
			"speed": {
				"walk": 30
			},
			"attacks": [
				{
					"range": "Melee",
					"name": "shortsword",
					"attack": 27,
					"traits": [
						"agile",
						"finesse",
						"magical",
						"versatile s"
					],
					"effects": [],
					"damage": "{@damage 2d6+9} piercing",
					"types": [
						"piercing"
					]
				},
				{
					"range": "Ranged",
					"name": "crossbow",
					"attack": 27,
					"traits": [
						"magical",
						"range 120 feet",
						"reload 1"
					],
					"effects": [],
					"damage": "{@damage 2d8} piercing",
					"types": [
						"piercing"
					]
				}
			],
			"abilities": {
				"top": [
					{
						"entries": [
							"+28, {@skill Thievery} +28 Str +3, Dex +5, Con +3, Int +1, Wis +2, Cha +3 Items blackfinger blight (2 doses; page 78), +1 striking crossbow (with 3 shining bolts and 2 explosive bolts), crowbar, greater darkvision elixir, moderate elixir of life, grappling hook, infiltrator thieves' tools, +1 leather armor, +1 striking shortsword, sunrods (3), 88 gp."
						],
						"name": "Stealth"
					}
				],
				"mid": [
					{
						"activity": {
							"number": 1,
							"unit": "reaction"
						},
						"trigger": "The attack roll for a {@action Strike} targeting Franca fails or critically fails",
						"entries": [
							"Franca can choose to either {@action Step} or redirect the attack to a creature that is adjacent to her and within the reach of the triggering attack. The attacker rerolls the {@action Strike}'s attack roll against the new target."
						],
						"name": "Deflective Dodge"
					}
				],
				"bot": [
					{
						"activity": {
							"number": 2,
							"unit": "action"
						},
						"entries": [
							"Franca quickly slashes at nearby foes, aiming to maim rather than disable. She makes up to three melee Strikes, each against a different creature within reach. These Strikes count toward Franca's multiple attack penalty, but the penalty doesn't increase until after all three Strikes are made. On a hit, the {@action Strike} deals 3 {@condition persistent damage ||persistent bleed damage} instead of its normal damage. On a critical hit, the creature is {@condition flat-footed} until the beginning of Franca's next turn or until they spend an action to remove the condition, whichever comes first."
						],
						"name": "Bloody Rebel"
					},
					{
						"activity": {
							"number": 1,
							"unit": "action"
						},
						"requirements": "Franca's last action was a melee {@action Strike} that dealt sneak attack damage to a {@condition flat-footed} target",
						"entries": [
							"Franca deals 6 {@condition persistent damage ||persistent bleed damage} to the target creature, and the target is {@condition slowed|CRB|slowed 1}."
						],
						"name": "Hamstring"
					},
					{
						"entries": [
							"Strikes deal an additional {@damage 3d6} precision damage to {@condition flat-footed} creatures."
						],
						"name": "Sneak Attack Franca's"
					},
					{
						"activity": {
							"number": 1,
							"unit": "action"
						},
						"entries": [
							"Franca uncorks and flings a dose of poison at a bleeding foe. She retrieves a poison from her inventory, then splashes it at a creature within 10 feet that is currently taking {@condition persistent damage ||persistent bleed damage}. The creature must succeed at a DC 32 Reflex save or be exposed to the poison."
						],
						"name": "Splash Poison"
					}
				]
			}
		},
		{
			"name": "Gage Carlyle",
			"isNpc": false,
			"source": "AoE3",
			"page": 89,
			"level": 11,
			"traits": [
				"unique",
				"n",
				"medium",
				"human",
				"humanoid"
			],
			"creatureType": [
				"Humanoid"
			],
			"perception": {
				"std": 24
			},
			"languages": {
				"languages": [
					"Common",
					"Dwarven",
					"Elven",
					"Gnomish,"
				]
			},
			"skills": {
				"Arcana": {
					"std": 19
				},
				"Deception": {
					"std": 24
				},
				"Diplomacy": {
					"std": 22
				},
				"Intimidation": {
					"std": 20
				},
				"Occultism": {
					"std": 19
				},
				"Performance": {
					"std": 22
				},
				"Society": {
					"std": 23
				},
				"Thievery": {
					"std": 21
				}
			},
			"abilityMods": {
				"str": 0,
				"dex": 2,
				"con": 1,
				"int": 4,
				"wis": 5,
				"cha": 5
			},
			"ac": {
				"std": 24
			},
			"savingThrows": {
				"fort": {
					"std": 18
				},
				"ref": {
					"std": 21
				},
				"will": {
					"std": 24
				}
			},
			"hp": [
				{
					"hp": 120,
					"abilities": null
				}
			],
			"speed": {
				"walk": 25
			},
			"attacks": [
				{
					"range": "Melee",
					"name": "dagger",
					"attack": 22,
					"traits": [
						"agile",
						"finesse",
						"magical",
						"thrown 10 feet",
						"versatile s"
					],
					"effects": [],
					"damage": "{@damage 3d4+3} piercing",
					"types": [
						"piercing"
					]
				},
				{
					"range": "Ranged",
					"name": "hand crossbow",
					"attack": 22,
					"traits": [
						"magical",
						"range 60 feet",
						"reload 1"
					],
					"effects": [],
					"damage": "{@damage 3d6} piercing",
					"types": [
						"piercing"
					]
				}
			],
			"abilities": {
				"top": [
					{
						"entries": [
							"Skills {@skill Arcana} +19, {@skill Deception} +24, {@skill Diplomacy} +22,"
						],
						"name": "Halfling"
					},
					{
						"entries": [
							"+23, {@skill Intimidation} +20, {@skill Occultism} +19,"
						],
						"name": "Games Lore"
					},
					{
						"entries": [
							"+22, {@skill Society} +23, {@skill Thievery} +21 Str +0, Dex +2, Con +1, Int +4, Wis +5, Cha +5 Items apartment key, +2 greater striking dagger, +2 greater striking hand crossbow with 10 bolts, +2 leather armor, vault key."
						],
						"name": "Performance"
					}
				],
				"bot": [
					{
						"activity": {
							"number": 1,
							"unit": "action"
						},
						"entries": [
							"{@damage 3d4+3} piercing Ranged hand crossbow +22 (magical, range 60 feet, reload 1), Damage {@damage 3d6} piercing."
						],
						"name": "S), Damage"
					},
					{
						"entries": [
							"Gage gets a critical success using the {@action Lie} action, the target's attitude toward him improves by one step, as though he'd succeeded at using {@skill Diplomacy}."
						],
						"name": "Charming Liar When"
					},
					{
						"entries": [
							"{@action Make an Impression}. This works only once per conversation, and if he critically succeeds against multiple targets using the same result, he chooses one creature's attitude to improve. To use this ability, Gage must be lying to impart seemingly important information, inflate his status, or ingratiate himself, which trivial or irrelevant lies can't achieve."
						],
						"name": "to"
					},
					{
						"entries": [
							"Gage meets a group of up to five people, he can immediately attempt a {@skill Diplomacy} check."
						],
						"name": "Smooth Operator When"
					},
					{
						"entries": [
							"{@action Make an Impression}, comparing the result to the Will DC of each target. He takes a \u20133 penalty on this check, and it is possible to get different degrees of success for each target. If he fails or critically fails, he can engage in 1 minute of conversation and attempt a new check at the end of that time rather than accepting the failure or critical failure result."
						],
						"name": "to"
					}
				]
			}
		},
		{
			"name": "Iroran Skeleton",
			"isNpc": false,
			"source": "AoE3",
			"page": 52,
			"level": 11,
			"traits": [
				"uncommon",
				"ne",
				"medium",
				"mindless",
				"skeleton",
				"undead"
			],
			"creatureType": [
				"Undead"
			],
			"perception": {
				"std": 18
			},
			"skills": {
				"Acrobatics": {
					"std": 24
				},
				"Athletics": {
					"std": 21
				},
				"Intimidation": {
					"std": 20
				}
			},
			"abilityMods": {
				"str": 6,
				"dex": 7,
				"con": 5,
				"int": -5,
				"wis": 4,
				"cha": 3
			},
			"ac": {
				"std": 31
			},
			"savingThrows": {
				"fort": {
					"std": 18
				},
				"ref": {
					"std": 24
				},
				"will": {
					"std": 17
				}
			},
			"hp": [
				{
					"hp": 210,
					"abilities": [
						"negative healing"
					]
				}
			],
			"immunities": [
				"death effects",
				"disease"
			],
			"resistances": [
				{
					"name": "cold"
				}
			],
			"speed": {
				"walk": 45
			},
			"attacks": [
				{
					"range": "Melee",
					"name": "claw",
					"attack": 24,
					"traits": [
						"agile",
						"finesse"
					],
					"effects": [],
					"damage": "{@damage 4d6+12} slashing",
					"types": [
						"slashing"
					]
				}
			],
			"abilities": {
				"mid": [
					{
						"activity": {
							"number": 1,
							"unit": "reaction"
						},
						"trigger": "The Iroran skeleton is critically hit",
						"entries": [],
						"name": "Collapse"
					},
					{
						"entries": [
							"Iroran skeleton collapses into a pile of bones and the attack deals damage for a hit, rather than a critical hit. The skeleton can reform in a standing position as an action, but until it does, it is {@condition immobilized} and {@condition flat-footed}."
						],
						"name": "The"
					}
				],
				"bot": [
					{
						"activity": {
							"number": 1,
							"unit": "action"
						},
						"traits": [
							"flourish"
						],
						"entries": [
							"As the monk's {@action Flurry of Blows} class feature. The Iroran skeleton makes two claw Strikes.",
							"If both hit the same creature, the damage is combined for the purpose of resistances and weaknesses. The multiple attack penalty applies to the Strikes as normal."
						],
						"name": "Flurry of Claws",
						"entries_as_xyz": "Ability not found: 'Flurry of Claws As the monk's {@action Flurry of Blows} class feature.' in Iroran Skeleton, p.52"
					},
					{
						"entries": [
							"As the monk feat. The Iroran skeleton can {@action Stride} along vertical surfaces, such as walls, as long as it begins and ends its movement on a horizontal surface."
						],
						"name": "Wall Run",
						"entries_as_xyz": "Ability not found: 'Wall Run As the monk feat.' in Iroran Skeleton, p.52"
					},
					{
						"entries": [
							"As the monk feat. The Iroran skeleton can {@action Stride} across liquid surfaces. If it ends its movement on a liquid surface, it falls in as normal."
						],
						"name": "Water Step",
						"entries_as_xyz": "Ability not found: 'Water {@action Step} As the monk feat.' in Iroran Skeleton, p.52"
					},
					{
						"activity": {
							"number": 2,
							"unit": "action"
						},
						"entries": [
							"The Iroran skeleton makes a single {@action Strike} and compares the result to the AC of all creatures within its reach, dealing damage to each creature hit."
						],
						"name": "Whirlwind Kick"
					}
				]
			}
		},
		{
			"name": "Maurrisa Jonne",
			"isNpc": false,
			"source": "AoE3",
			"page": 91,
			"level": 10,
			"traits": [
				"unique",
				"n",
				"medium",
				"human",
				"humanoid"
			],
			"creatureType": [
				"Humanoid"
			],
			"perception": {
				"std": 20
			},
			"languages": {
				"languages": [
					"Common"
				]
			},
			"skills": {
				"Acrobatics": {
					"std": 19
				},
				"Athletics": {
					"std": 22
				},
				"Deception": {
					"std": 18
				},
				"Diplomacy": {
					"std": 18
				},
				"Intimidation": {
					"std": 18
				},
				"Gang Lore": {
					"std": 16
				}
			},
			"abilityMods": {
				"str": 4,
				"dex": 3,
				"con": 4,
				"int": 0,
				"wis": 2,
				"cha": 2
			},
			"ac": {
				"std": 29
			},
			"savingThrows": {
				"fort": {
					"std": 20
				},
				"ref": {
					"std": 19
				},
				"will": {
					"std": 18
				}
			},
			"hp": [
				{
					"hp": 230,
					"abilities": null
				}
			],
			"speed": {
				"walk": 25
			},
			"attacks": [
				{
					"range": "Melee",
					"name": "fist",
					"attack": 22,
					"traits": [
						"agile",
						"finesse",
						"unarmed"
					],
					"effects": [
						"Grab"
					],
					"damage": "{@damage 2d6+10} bludgeoning plus Grab",
					"types": [
						"bludgeoning"
					]
				}
			],
			"abilities": {
				"top": [
					{
						"entries": [
							"+18, {@skill Lore||Gang Lore} +16, {@skill Intimidation} +18, Sports."
						],
						"name": "Diplomacy"
					},
					{
						"entries": [
							"+16 Str +4, Dex +3, Con +4, Int +0, Wis +2, Cha +2 Items +1 striking handwraps of mighty blows, +1 studded leather."
						],
						"name": "Lore"
					}
				],
				"mid": [
					{
						"entries": [
							"HP 230."
						],
						"name": "Shove and Trip"
					},
					{
						"activity": {
							"number": 1,
							"unit": "reaction"
						},
						"entries": [],
						"name": "Attack of Opportunity",
						"generic": {
							"tag": "ability"
						}
					},
					{
						"activity": {
							"number": 1,
							"unit": "reaction"
						},
						"trigger": "A creature misses two consecutive melee Strikes against Maurrisa",
						"entries": [
							"Maurrisa takes advantage of a flailing foe's opening. She can either {@action Step} 5 feet or make a melee {@action Strike} against the triggering creature."
						],
						"name": "Duck and Weave"
					},
					{
						"activity": {
							"number": 1,
							"unit": "reaction"
						},
						"traits": [
							"incapacitation"
						],
						"trigger": "Maurrisa can make an {@action Attack of Opportunity}",
						"entries": [
							"Maurrisa chops her opponent on the back of the head or neck, possibly concussing them. The target must attempt a DC 26 Fortitude save. On a failure, the creature takes damage as if hit by Maurrisa's fist {@action Strike}, and is {@condition stunned|CRB|stunned 1}. On a critical failure, the creature is {@condition stunned|CRB|stunned 3} instead."
						],
						"name": "Rabbit Punch"
					}
				]
			}
		},
		{
			"name": "Ravenile Rager",
			"isNpc": false,
			"source": "AoE3",
			"page": 84,
			"level": 14,
			"traits": [
				"rare",
				"ne",
				"large",
				"humanoid",
				"lizardfolk"
			],
			"creatureType": [
				"Humanoid"
			],
			"perception": {
				"std": 25
			},
			"languages": {
				"languages": [
					"Common",
					"Draconic",
					"Iruxi"
				]
			},
			"skills": {
				"Acrobatics": {
					"std": 25
				},
				"Athletics": {
					"std": 28
				},
				"Intimidation": {
					"std": 28
				},
				"Survival": {
					"std": 23
				}
			},
			"abilityMods": {
				"str": 8,
				"dex": 4,
				"con": 5,
				"int": -1,
				"wis": 1,
				"cha": 0
			},
			"items": [
				"+1 resilient studded leather"
			],
			"ac": {
				"std": 24
			},
			"savingThrows": {
				"fort": {
					"std": 29
				},
				"ref": {
					"std": 26
				},
				"will": {
					"std": 23
				}
			},
			"hp": [
				{
					"hp": 306,
					"abilities": [
						"{@ability regeneration} 20 (deactivated by fire"
					]
				}
			],
			"weaknesses": [
				{
					"amount": 10,
					"name": "fire"
				}
			],
			"speed": {
				"walk": 20,
				"swim": 10
			},
			"attacks": [
				{
					"range": "Melee",
					"name": "jaws",
					"attack": 29,
					"traits": [
						"reach 10 feet"
					],
					"effects": [],
					"damage": "{@damage 3d10+12} piercing",
					"types": [
						"piercing"
					]
				},
				{
					"range": "Melee",
					"name": "claw",
					"attack": 29,
					"traits": [
						"agile",
						"reach 10 feet"
					],
					"effects": [],
					"damage": "{@damage 3d8+8} slashing",
					"types": [
						"slashing"
					]
				}
			],
			"abilities": {
				"top": [
					{
						"entries": [
							"A ravenile can hold their breath for 20 minutes."
						],
						"name": "Deep Breath"
					}
				],
				"mid": [
					{
						"activity": {
							"number": 1,
							"unit": "reaction"
						},
						"entries": [],
						"name": "Attack of Opportunity",
						"generic": {
							"tag": "ability"
						}
					}
				],
				"bot": [
					{
						"activity": {
							"number": 1,
							"unit": "action"
						},
						"traits": [
							"concentrate"
						],
						"requirements": "The ravenile's regeneration is currently active",
						"entries": [
							"The ravenile regains 20 HP."
						],
						"name": "Forced Regeneration"
					},
					{
						"activity": {
							"number": 2,
							"unit": "action"
						},
						"requirements": "The ravenile's regeneration is currently deactivated",
						"entries": [
							"The ravenile makes a melee {@action Strike}. This counts as two attacks for the ravenile's multiple attack penalty. If this {@action Strike} hits, the ravenile deals an extra die of weapon damage and the target falls {@condition prone}."
						],
						"name": "Furious Wallop"
					},
					{
						"activity": {
							"number": 1,
							"unit": "action"
						},
						"traits": [
							"claw"
						],
						"entries": [],
						"name": "Rend",
						"generic": {
							"tag": "ability"
						}
					}
				]
			}
		},
		{
			"name": "Scathka",
			"isNpc": false,
			"source": "AoE3",
			"page": 43,
			"level": 12,
			"traits": [
				"unique",
				"ne",
				"medium",
				"elf",
				"human",
				"humanoid"
			],
			"creatureType": [
				"Humanoid"
			],
			"perception": {
				"std": 23
			},
			"languages": {
				"languages": [
					"Common",
					"Draconic",
					"Elven",
					"Shadowtongue"
				]
			},
			"skills": {
				"Arcana": {
					"std": 25
				},
				"Deception": {
					"std": 20
				},
				"Diplomacy": {
					"std": 20
				},
				"Occultism": {
					"std": 25
				},
				"Society": {
					"std": 23
				},
				"Stealth": {
					"std": 22
				}
			},
			"abilityMods": {
				"str": 1,
				"dex": 4,
				"con": 0,
				"int": 5,
				"wis": 4,
				"cha": 2
			},
			"ac": {
				"std": 31
			},
			"savingThrows": {
				"fort": {
					"std": 16
				},
				"ref": {
					"std": 22
				},
				"will": {
					"std": 24
				}
			},
			"hp": [
				{
					"hp": 210,
					"abilities": null
				}
			],
			"speed": {
				"walk": 25
			},
			"attacks": [
				{
					"range": "Melee",
					"name": "dagger",
					"attack": 23,
					"traits": [
						"agile",
						"finesse",
						"magical",
						"versatile s"
					],
					"effects": [],
					"damage": "{@damage 2d4+1} piercing",
					"types": [
						"piercing"
					]
				},
				{
					"range": "Ranged",
					"name": "dagger",
					"attack": 23,
					"traits": [
						"agile",
						"magical",
						"thrown 10 feet"
					],
					"effects": [],
					"damage": "{@damage 2d4+1} piercing",
					"types": [
						"piercing"
					]
				}
			],
			"spellcasting": [
				{
					"name": "Arcane Prepared",
					"type": "Prepared",
					"tradition": "Arcane",
					"DC": 33,
					"attack": 25,
					"entry": {
						"1": {
							"spells": [
								{
									"name": "grim tendrils"
								},
								{
									"name": "magic missile",
									"amount": 2
								},
								{
									"name": "ray of enfeeblement"
								}
							]
						},
						"2": {
							"spells": [
								{
									"name": "mirror image"
								},
								{
									"name": "see invisibility"
								},
								{
									"name": "spectral hand",
									"amount": 2
								}
							]
						},
						"3": {
							"spells": [
								{
									"name": "blindness"
								},
								{
									"name": "ghostly weapon"
								},
								{
									"name": "paralyze"
								},
								{
									"name": "vampiric touch"
								}
							]
						},
						"4": {
							"spells": [
								{
									"name": "blink"
								},
								{
									"name": "phantasmal killer"
								},
								{
									"name": "spell immunity"
								},
								{
									"name": "weapon storm"
								}
							]
						},
						"5": {
							"spells": [
								{
									"name": "black tentacles"
								},
								{
									"name": "cone of cold"
								},
								{
									"name": "shadow siphon"
								},
								{
									"name": "shadow walk"
								}
							]
						},
						"6": {
							"spells": [
								{
									"name": "mislead"
								},
								{
									"name": "phantasmal calamity"
								},
								{
									"name": "vampiric exsanguination"
								}
							]
						}
					}
				}
			],
			"abilities": {
				"top": [
					{
						"entries": [
							"+25, {@skill Society} +23, {@skill Stealth} +22 Str +1, Dex +4, Con +0, Int +5, Wis +4, Cha +2 Items +1 striking dagger, +1 leather armor, spellbook, wand of manifold missiles (3rd level)"
						],
						"name": "Occultism"
					}
				],
				"bot": [
					{
						"traits": [
							"6th"
						],
						"entries": [
							"daze, ghost sound, ray of frost, shield."
						],
						"name": "Cantrips"
					},
					{
						"activity": {
							"number": 1,
							"unit": "free"
						},
						"frequency": {
							"unit": "day",
							"freq": 1
						},
						"entries": [
							"Requirements Scathka hasn't acted yet on their turn; On their turn, Scathka casts one spell they've prepared and already cast this day without spending a spell slot. Scathka must still {@action Cast a Spell||Cast the Spell} and meet the spell's other requirements."
						],
						"name": "Drain Wand"
					},
					{
						"activity": {
							"number": 2,
							"unit": "action"
						},
						"traits": [
							"cold",
							"manipulate",
							"occult",
							"shadow"
						],
						"requirements": "Scathka is wielding a dagger",
						"entries": [
							"Scathka draws a shadowy glyph on the dagger's blade and flings it at a nearby foe. Scathka makes a ranged {@action Strike} with the dagger with the range increment increased to 30 feet. If the {@action Strike} hits, it deals {@damage 8d6} cold damage (double damage on a critical success) and the target must succeed at a DC 32 Fortitude save or be {@condition slowed|CRB|slowed 1} until the end of its next turn (or {@dice 1d4} rounds on a critical failure). The dagger loses its shadowy magic as soon as the attack is resolved."
						],
						"name": "Throw Shadow Blade"
					}
				]
			}
		},
		{
			"name": "Shikwashim Mercenary",
			"isNpc": false,
			"source": "AoE3",
			"page": 52,
			"level": 9,
			"traits": [
				"uncommon",
				"ne",
				"medium",
				"humanoid",
				"lizardfolk"
			],
			"creatureType": [
				"Humanoid"
			],
			"perception": {
				"std": 18
			},
			"languages": {
				"languages": [
					"Common",
					"Draconic",
					"Iruxi"
				]
			},
			"skills": {
				"Acrobatics": {
					"std": 19
				},
				"Athletics": {
					"std": 19
				},
				"Stealth": {
					"std": 19
				},
				"Survival": {
					"std": 17
				}
			},
			"abilityMods": {
				"str": 4,
				"dex": 4,
				"con": 3,
				"int": 1,
				"wis": 2,
				"cha": 0
			},
			"ac": {
				"std": 27,
				"with shield raised": 29
			},
			"savingThrows": {
				"fort": {
					"std": 20
				},
				"ref": {
					"std": 19
				},
				"will": {
					"std": 15
				}
			},
			"hp": [
				{
					"hp": 155,
					"abilities": null
				}
			],
			"speed": {
				"walk": 25,
				"swim": 15
			},
			"attacks": [
				{
					"range": "Melee",
					"name": "scimitar",
					"attack": 20,
					"traits": [
						"forceful",
						"magical",
						"sweep"
					],
					"effects": [],
					"damage": "{@damage 2d6+10} slashing",
					"types": [
						"slashing"
					]
				},
				{
					"range": "Melee",
					"name": "jaws",
					"attack": 19,
					"effects": [],
					"damage": "{@damage 1d6+10} piercing",
					"types": [
						"piercing"
					]
				},
				{
					"range": "Melee",
					"name": "tail",
					"attack": 19,
					"traits": [
						"agile"
					],
					"effects": [],
					"damage": "{@damage 1d4+10} bludgeoning",
					"types": [
						"bludgeoning"
					]
				},
				{
					"range": "Ranged",
					"name": "javelin",
					"attack": 19,
					"traits": [
						"thrown 30 feet"
					],
					"effects": [],
					"damage": "{@damage 1d6+10} piercing",
					"types": [
						"piercing"
					]
				}
			],
			"abilities": {
				"top": [
					{
						"entries": [
							"Shikwashim mercenary can hold their breath for 20 minutes."
						],
						"name": "Deep Breath A"
					}
				],
				"mid": [
					{
						"activity": {
							"number": 1,
							"unit": "reaction"
						},
						"entries": [],
						"name": "Attack of Opportunity",
						"generic": {
							"tag": "ability"
						}
					},
					{
						"activity": {
							"number": 1,
							"unit": "reaction"
						},
						"entries": [],
						"name": "Shield Block",
						"generic": {
							"tag": "ability"
						}
					}
				],
				"bot": [
					{
						"activity": {
							"number": 1,
							"unit": "action"
						},
						"traits": [
							"auditory or visual",
							"concentrate"
						],
						"entries": [
							"With a sharp whistle or wave of their hand, the mercenary distracts an opponent so one of the mercenary's allies can land a clean blow. The mercenary chooses a target and an ally, both of whom must be within 30 feet of the mercenary. The target is {@condition flat-footed} against the first {@action Strike} the mercenary's ally makes on its next turn; if the ally doesn't {@action Strike} that target, the effect is lost. Depending on how the mercenary distracts their foe, this action gains either the {@trait auditory} or {@trait visual} trait."
						],
						"name": "Coordinated Distraction"
					},
					{
						"entries": [
							"Shikwashim mercenary's multiple attack penalty for attacks against humans is \u20133 (\u20132 with an agile weapon) on their second attack per turn or \u20136 (\u20134 with an agile weapon) on their third or subsequent attack per turn."
						],
						"name": "Human Hunter A"
					},
					{
						"activity": {
							"number": 2,
							"unit": "action"
						},
						"entries": [
							"The Shikwashim mercenary makes a melee {@action Strike}. If it hits, it deals an extra die of damage.",
							"This counts as two attacks for the mercenary's multiple attack penalty."
						],
						"name": "Powerful Swipe"
					},
					{
						"entries": [
							"Non-lizardfolk creatures in difficult terrain and non-lizardfolk creatures that are in water and lack a {@action Swim} speed are {@condition flat-footed} to a Shikwashim mercenary."
						],
						"name": "Terrain Advantage"
					}
				]
			}
		},
		{
			"name": "Svartalfar Killer",
			"isNpc": false,
			"source": "AoE3",
			"page": 85,
			"level": 8,
			"traits": [
				"uncommon",
				"le",
				"medium",
				"fey"
			],
			"creatureType": [
				"Fey"
			],
			"perception": {
				"std": 16
			},
			"senses": [
				{
					"name": "darkvision"
				}
			],
			"languages": {
				"languages": [
					"Aklo",
					"Common",
					"Elven",
					"Sylvan"
				]
			},
			"skills": {
				"Acrobatics": {
					"std": 18
				},
				"Arcana": {
					"std": 16
				},
				"Deception": {
					"std": 18
				},
				"Occultism": {
					"std": 16
				},
				"Stealth": {
					"std": 18
				},
				"Thievery": {
					"std": 14
				}
			},
			"abilityMods": {
				"str": 1,
				"dex": 6,
				"con": 2,
				"int": 4,
				"wis": 2,
				"cha": 3
			},
			"ac": {
				"std": 27
			},
			"savingThrows": {
				"fort": {
					"std": 11
				},
				"ref": {
					"std": 19
				},
				"will": {
					"std": 16
				}
			},
			"hp": [
				{
					"hp": 135,
					"abilities": null
				}
			],
			"speed": {
				"walk": 25
			},
			"attacks": [
				{
					"range": "Melee",
					"name": "elven curve blade",
					"attack": 21,
					"traits": [
						"finesse",
						"forceful"
					],
					"effects": [],
					"damage": "{@damage 2d8+5} slashing",
					"types": [
						"slashing"
					]
				},
				{
					"range": "Ranged",
					"name": "crossbow",
					"attack": 20,
					"traits": [
						"range increment 120 feet",
						"reload 1"
					],
					"effects": [],
					"damage": "{@damage 1d8+4} piercing",
					"types": [
						"piercing"
					]
				}
			],
			"spellcasting": [
				{
					"name": "Arcane Innate",
					"type": "Innate",
					"tradition": "Arcane",
					"DC": 26,
					"attack": 18,
					"entry": {
						"0": {
							"level": 4,
							"spells": [
								{
									"name": "acid splash"
								},
								{
									"name": "chill touch"
								},
								{
									"name": "electric arc"
								},
								{
									"name": "produce flame"
								}
							]
						},
						"1": {
							"spells": [
								{
									"name": "ray of enfeeblement"
								},
								{
									"name": "true strike"
								}
							]
						},
						"2": {
							"spells": [
								{
									"name": "invisibility",
									"amount": 2
								}
							]
						},
						"3": {
							"spells": [
								{
									"name": "shocking grasp"
								}
							]
						}
					}
				}
			],
			"abilities": {
				"top": [
					{
						"entries": [
							"+18, {@skill Occultism} +16, {@skill Stealth} +18, {@skill Thievery} +14 Str +1, Dex +6, Con +2, Int +4, Wis +2, Cha +3 Items crossbow with 20 bolts, +1 striking elven curve blade, graveroot (2), leather armor."
						],
						"name": "Intimidate"
					}
				],
				"bot": [
					{
						"activity": {
							"number": 2,
							"unit": "action"
						},
						"entries": [
							"The svartalfar killer fades into shadow, {@action Stride||Strides} up to twice its Speed, and reforms. This movement doesn't trigger reactions, but the svartalfar killer must begin and end in an area of dim light or darkness."
						],
						"name": "Shadow Step"
					},
					{
						"entries": [
							"A svartalfar killer deals an extra {@damage 2d6} precision damage to {@condition flat-footed} creatures."
						],
						"name": "Sneak Attack",
						"generic": {
							"tag": "ability"
						}
					},
					{
						"activity": {
							"number": 2,
							"unit": "action"
						},
						"entries": [
							"The svartalfar killer chooses acid splash, produce flame, ray of enfeeblement, or shocking grasp and makes a melee {@action Strike}. If the svartalfar killer hits, they cast the chosen spell through the weapon at the same target. The spell's attack roll is the same result as the {@action Strike}."
						],
						"name": "Spell-Imbued Blade"
					}
				]
			}
		},
		{
			"name": "Tonla And Yvelle",
			"isNpc": false,
			"source": "AoE3",
			"page": 17,
			"level": 9,
			"traits": [
				"uncommon",
				"ne",
				"medium",
				"human",
				"humanoid"
			],
			"creatureType": [
				"Humanoid"
			],
			"perception": {
				"std": 21
			},
			"languages": {
				"languages": [
					"Common",
					"Gnomish",
					"Halfling"
				]
			},
			"skills": {
				"Crafting": {
					"std": 21
				},
				"Deception": {
					"std": 16
				},
				"Stealth": {
					"std": 19
				},
				"Alchemy Lore": {
					"std": 21
				}
			},
			"abilityMods": {
				"str": 2,
				"dex": 4,
				"con": 3,
				"int": 4,
				"wis": 0,
				"cha": 1
			},
			"ac": {
				"std": 27
			},
			"savingThrows": {
				"fort": {
					"std": 20
				},
				"ref": {
					"std": 21
				},
				"will": {
					"std": 15
				}
			},
			"hp": [
				{
					"hp": 155,
					"abilities": null
				}
			],
			"speed": {
				"walk": 25
			},
			"attacks": [
				{
					"range": "Melee",
					"name": "sickle",
					"attack": 20,
					"traits": [
						"agile",
						"finesse",
						"trip"
					],
					"effects": [],
					"damage": "{@damage 2d4+8} slashing",
					"types": [
						"slashing"
					]
				},
				{
					"range": "Ranged",
					"name": "moderate acid flask",
					"attack": 22,
					"traits": [
						"acid",
						"alchemical",
						"bomb",
						"consumable",
						"range increment 20 feet",
						"splash"
					],
					"effects": [],
					"damage": "{@damage 2d6} {@condition persistent damage ||persistent acid} plus 2 acid splash",
					"types": [
						"acid",
						"persistent"
					]
				},
				{
					"range": "Ranged",
					"name": "moderate alchemist's fire",
					"attack": 22,
					"traits": [
						"alchemical",
						"bomb",
						"consumable",
						"fire",
						"range increment 20 feet",
						"splash"
					],
					"effects": [],
					"damage": "{@damage 2d8} fire plus 2 {@condition persistent damage ||persistent fire} and 2 fire splash",
					"types": [
						"fire",
						"persistent"
					]
				}
			],
			"abilities": {
				"top": [
					{
						"entries": [
							"+19 Str +2, Dex +4, Con +3, Int +4, Wis +0, Cha +1 Items moderate acid flasks (3), moderate alchemist's fires (3), alchemist's tools, formula book, +1 striking sickle, +1 studded leather."
						],
						"name": "Stealth"
					}
				],
				"bot": [
					{
						"activity": {
							"number": 2,
							"unit": "action"
						},
						"traits": [
							"manipulate"
						],
						"requirements": "The chemist has at least one bomb in their possession",
						"entries": [
							"The chemist adds a hasty mix of noxious substances to the bomb and makes a ranged {@action Strike} with it. If it hits and deals damage, the target must attempt a DC 27 Fortitude save or become {@condition stupefied|CRB|stupefied 2} for {@dice 1d6} rounds; if the result of the save is a critical failure, this increases to {@condition stupefied|CRB|stupefied 3}. For the next 24 hours, the affected target takes a \u20132 circumstance penalty (\u20133 on a critical failure) to additional Fortitude saving throws against the same chemist's Crude Bombs."
						],
						"name": "Dirty Bomb"
					},
					{
						"activity": {
							"number": 1,
							"unit": "action"
						},
						"requirements": "The chemist has their alchemist's tools, formula book, and a free hand",
						"entries": [
							"The chemist creates a moderate acid flask or alchemist's fire that they must use before the end of their next turn or else it becomes inert."
						],
						"name": "Quick Brew"
					}
				]
			}
		},
		{
			"name": "Washboard Dog Tough",
			"isNpc": false,
			"source": "AoE3",
			"page": 8,
			"level": 7,
			"traits": [
				"uncommon",
				"n",
				"medium",
				"human",
				"humanoid"
			],
			"creatureType": [
				"Humanoid"
			],
			"perception": {
				"std": 17
			},
			"languages": {
				"languages": [
					"Common"
				]
			},
			"skills": {
				"Athletics": {
					"std": 17
				},
				"Intimidation": {
					"std": 13
				},
				"Gang Lore": {
					"std": 13
				}
			},
			"abilityMods": {
				"str": 4,
				"dex": 3,
				"con": 4,
				"int": 0,
				"wis": 2,
				"cha": 0
			},
			"items": [
				"+1 morningstar",
				"chain shirt",
				"heavy crossbow with 10 bolts",
				"steel shield"
			],
			"ac": {
				"std": 25
			},
			"savingThrows": {
				"fort": {
					"std": 17
				},
				"ref": {
					"std": 16
				},
				"will": {
					"std": 13
				}
			},
			"hp": [
				{
					"hp": 125,
					"abilities": null
				}
			],
			"speed": {
				"walk": 25
			},
			"attacks": [
				{
					"range": "Melee",
					"name": "morningstar",
					"attack": 18,
					"traits": [
						"magical",
						"versatile p"
					],
					"effects": [],
					"damage": "{@damage 1d6+8} bludgeoning",
					"types": [
						"bludgeoning"
					]
				},
				{
					"range": "Melee",
					"name": "shield bash",
					"attack": 18,
					"effects": [],
					"damage": "{@damage 1d4+6} bludgeoning",
					"types": [
						"bludgeoning"
					]
				},
				{
					"range": "Ranged",
					"name": "heavy crossbow",
					"attack": 16,
					"traits": [
						"range increment 120 feet",
						"reload 2"
					],
					"effects": [],
					"damage": "{@damage 1d10} piercing",
					"types": [
						"piercing"
					]
				}
			],
			"abilities": {
				"mid": [
					{
						"activity": {
							"number": 1,
							"unit": "reaction"
						},
						"entries": [],
						"name": "Shield Block",
						"generic": {
							"tag": "ability"
						}
					}
				],
				"bot": [
					{
						"entries": [
							"Whenever the gang tough makes a successful melee {@action Strike} against a {@condition frightened} creature, the {@action Strike} deals an extra weapon die of damage."
						],
						"name": "Bullyrag Beatdown"
					},
					{
						"entries": [
							"When the gang tough's {@action Strike} with a bludgeoning weapon is a critical hit and deals damage, the target becomes {@condition frightened|CRB|frightened 1}."
						],
						"name": "Frightening Critical"
					},
					{
						"activity": {
							"number": 1,
							"unit": "action"
						},
						"traits": [
							"auditory",
							"manipulate"
						],
						"entries": [
							"The Washboard Dog scrapes their weapon up and down their washboard shield, making such a clatter that it's hard to hear anything over the din. Until the beginning of the Washboard Dog tough's next turn, all creatures within 30 feet gain a +1 circumstance bonus to any saves to resist auditory spells or abilities."
						],
						"name": "Scraping Clamor"
					}
				]
			}
		}
	]
}
