{
	"creatureFluff": [
		{
			"images": [
				"https://2e.aonprd.com/Images/Monsters/Shanrigol_ShanrigolHeap.png"
			],
			"source": "AV2",
			"name": "Shanrigol Heap",
			"entries": []
		},
		{
			"images": [
				"https://2e.aonprd.com/Images/Monsters/Gibtas_Gibtanius.png"
			],
			"source": "AV2",
			"name": "Gibtanius",
			"entries": []
		},
		{
			"images": [
				"https://2e.aonprd.com/Images/Monsters/Fleshwarp_Dreshkan.png"
			],
			"source": "AV2",
			"name": "Dreshkan",
			"entries": []
		},
		{
			"images": [
				"https://2e.aonprd.com/Images/Monsters/Seugathi_SeugathiServant.png"
			],
			"source": "AV2",
			"name": "Seugathi Servant",
			"entries": []
		},
		{
			"images": [
				"https://2e.aonprd.com/Images/Monsters/Fleshwarp_Mulventok.png"
			],
			"source": "AV2",
			"name": "Mulventok",
			"entries": []
		},
		{
			"images": [
				"https://2e.aonprd.com/Images/Monsters/Shanrigol_ShanrigolBehemoth.png"
			],
			"source": "AV2",
			"name": "Shanrigol Behemoth",
			"entries": []
		},
		{
			"images": [
				"https://2e.aonprd.com/Images/Monsters/Gibtas_GibtasBounder.png"
			],
			"source": "AV2",
			"name": "Gibtas Bounder",
			"entries": []
		}
	]
}
