{
	"ancestry": [
		{
			"name": "Gnoll",
			"source": "LOME",
			"page": 110,
			"rarity": "uncommon",
			"hp": 8,
			"size": [
				"Medium"
			],
			"speed": {
				"walk": 25
			},
			"boosts": [
				"strength",
				"intelligence",
				"free"
			],
			"flaw": [
				"wisdom"
			],
			"languages": [
				"{@language Common}",
				"{@language Gnoll}",
				"Additional languages equal to your Intelligence modifier (if it's positive). Choose from {@language Draconic}, {@language Elven}, {@language Iruxi|Bst}, {@language Necril}, {@language Orcish}, {@language Sylvan}, and any other languages to which you have access (such as the languages prevalent in your region)."
			],
			"traits": [
				"gnoll",
				"humanoid"
			],
			"features": [
				{
					"name": "Bite",
					"entries": [
						"Your sharp teeth and powerful jaws are fearsome weapons. You have a jaws unarmed attack that deals {@dice 1d6} piercing damage. Your jaws are in the {@group brawling} group."
					]
				},
				{
					"name": "Low-Light Vision",
					"entries": [
						"You can see in dim light as though it were bright light, and you ignore the {@condition concealed} condition due to dim light."
					]
				}
			],
			"flavor": [
				"Powerfully-built humanoids that resemble hyenas, gnolls are cunning warriors and hunters. Their frightening visage and efficient tactics have given them an ill-starred reputation."
			],
			"info": [
				"In lands to the east, such as Katapesh, gnolls have earned themselves well-deserved reputations as brutal slavers and demon-worshippers. Even in the Mwangi Expanse, many outsiders believe that gnolls are witches, cannibals, and worse. The truth is more complex.",
				"Mwangi gnolls, known to themselves as \"kholo,\" are eminently practical and pragmatic hunters and raiders. To gnolls, honor is just another word for pointless risk. Any loss of a gnoll affects not just the individual, but their packmates and kin as well. Wasting time on anything but victory, whether it's mercy or cruelty, is seen as little shy of immoral. Gnolls see effectiveness as a cardinal virtue and believe that the best fight is one that never gives the opponent a chance to strike back. Mwangi gnolls are masters of ambushes, tactical feints, and psychological warfare\u2014none of which endears them to their neighbors.",
				"Equally misunderstood is the gnoll practice of ancestor worship and endocannibalism. Gnolls consume their dead as a sign of reverence, holding a grand feast and transforming the bones of the fallen into art or weapons. Gnolls extend this honor to respected foes, hoping to bring their enemy's cunning or strength into the clan. While it's a sign of admiration, not everyone sees it that way.",
				{
					"type": "pf2-h3",
					"page": 110,
					"name": "You Might...",
					"entries": [
						{
							"type": "list",
							"items": [
								"Always try to work smarter, not harder.",
								"Be very physically demonstrative\u2014often hugging, punching, or licking your friends.",
								"Keep a bone from a favorite relative to ask for advice."
							]
						}
					]
				},
				{
					"type": "pf2-h3",
					"page": 110,
					"name": "Others Probably...",
					"entries": [
						{
							"type": "list",
							"items": [
								"Are intimidated by your size, teeth, and eerie laugh.",
								"Assume that you are dishonorable or worse.",
								"Respect the brutal efficiency of your hunting style."
							]
						}
					]
				},
				{
					"type": "pf2-h3",
					"page": 110,
					"name": "Physical Description",
					"entries": [
						"Gnolls are large, hyena-like humanoids with short muzzles, sharp teeth, and large and expressive round ears. Their bodies are covered in shaggy fur, rougher on the back and softer and lighter on the stomach and throat, usually in an off-white, tan, or brown shade\u2014spots and stripes are both common. Gnolls typically stand between six and seven feet tall. Women are usually about a head taller than men, and correspondingly stronger. Gnolls are considered adults at fifteen, and live about 60 years on average, though some can reach a hundred or more in good health."
					]
				},
				{
					"type": "pf2-h3",
					"page": 110,
					"name": "Society",
					"entries": [
						"Kholo generally live in clans of 10 to 20 interrelated family groups, containing between 100 to 200 gnolls. They are ruled by a council of female gnolls, typically selected from the oldest members of each family. This council of elders selects one of their number as a Chief Elder, who is essentially the first among equals and sets the agenda. The council is advised by the clan's bonekeeper and storyteller, as well as one or more younger gnolls who lead hunting and raiding packs.",
						"Bonekeepers focus on tending to the wishes of gnoll ancestors and gods\u2014 they take their name from the ancestral bones that festoon their clothing and homes. Storytellers serve as teachers and sages, and are expected to have an encyclopedic knowledge of clan history, regional lore, and anything else relevant to the clan. They usually speak several languages.",
						"Kholo women typically work as hunters, warriors, and leaders, while men become artisans, caretakers, and gatherers. However, adherence to gender roles varies from clan to clan. Members of either gender can become bonekeepers or storytellers, and these positions often routes to authority for male gnolls."
					]
				},
				{
					"type": "pf2-h3",
					"page": 111,
					"name": "Alignment and Religion",
					"entries": [
						"Mwangi gnolls have an unsentimental, matter-of-fact approach to life, and prioritize results over methods. They are usually loyal and generous to their people and ruthless toward outsiders\u2014gnolls are typically chaotic neutral but can skew good or evil depending on who they view as \"their people.\"",
						"Gnolls appeal to their ancestors on a day-to-day basis, invoking their kin to bless cubs, ward off disease, or grant luck on hunts. Gnolls call upon the gods on special occasions or in times of great crisis. Most kholo give homage to Calistria and Shelyn as the Elder and Younger Sisters, twin goddesses of power and beauty. Nethys, the Brother, is the patron of bonekeepers, and Lamashtu, while a popular deity in other gnoll societies, is propitiated as the Old Mother, a goddess called upon only as a very last resort, and otherwise begged to stay away."
					]
				},
				{
					"type": "pf2-h3",
					"page": 111,
					"name": "Names",
					"entries": [
						"Newborn kholo are given a root name, typically that of a bone, plant, or animal (though never Hyena, as this is considered narcissistic and arrogant). As a gnoll reaches certain milestones in life, they add descriptors to their name. Root names are often passed down through families, while descriptors are chosen to fit the gnoll's personality, usually in raucous ceremonies."
					]
				},
				{
					"type": "pf2-h4",
					"page": 111,
					"name": "Sample Names",
					"entries": [
						"Baobab, Jackal, Onyx Elephant in Shadows, Red Thorn, Unbent Iron Reed, White Acacia, Wistful Tooth, Woodpecker"
					]
				},
				{
					"type": "pf2-sidebar",
					"page": 112,
					"name": "Gnoll Adventurers",
					"entries": [
						"Some gnolls leave their clans to work as mercenaries and adventurers, learning new skills, earning wealth, and gaining allies that will one day benefit their people. Other adventuring gnolls are without clans, left orphaned by some disaster or exiled, fairly or not, for some crime. All gnolls are strongly pack-minded and tend to adopt their friends as honorary gnolls and packmates.",
						"Gnolls usually hail from the {@background animal whisperer}, {@background entertainer}, {@background herbalist}, {@background hunter}, {@background nomad}, {@background scout}, and {@background warrior} backgrounds. The {@class ranger} is the archetypal gnoll class, a cunning warrior of the wilderness, but gnolls also make excellent {@class barbarian||barbarians} and {@class fighter||fighters}, and their love of clever tricks make them outstanding {@class rogue||rogues}. Bonekeepers are usually {@class witch|apg|witches}, treating ancestral spirits more like squabbling colleagues than objects of worship, while storytellers are typically {@class bard||bards}."
					]
				},
				{
					"type": "pf2-sidebar",
					"page": 113,
					"name": "Gnoll Enclaves",
					"entries": [
						"Kholo mostly live in semi-nomadic clans in the plains south of the Mwangi Jungle, moving between a handful of permanent camps near watering holes or good hunting grounds. Gnoll clans hold impromptu festivals when their routes intersect, and gatherings of two dozen clans or more happen every few years. While clan leaders discuss matters of war and politics at such gatherings, most prefer to trade, celebrate, or mingle while the elders chatter."
					]
				}
			],
			"heritageInfo": [
				"Gnoll physiology can vary greatly across the vast swaths of the Mwangi Expanse. Choose one of the following gnoll heritages at 1st level."
			],
			"heritage": [
				{
					"name": "Ant Gnoll",
					"shortName": "Ant",
					"source": "LOME",
					"page": 111,
					"entries": [
						"You're a sharp-featured, big-eared gnoll about three feet tall. Many are skeptical that you are in fact a gnoll. Your size is {@trait Small} instead of {@trait Medium}. You are trained in {@skill Deception} (or another skill if you were already trained in {@skill Deception}). You gain a +1 circumstance bonus to {@skill Deception} checks to {@action Lie} when specifically claiming innocence, to {@skill Deception} DCs against {@action Sense Motive} checks to uncover such lies, and to initiative checks when you roll {@skill Deception} for initiative."
					]
				},
				{
					"name": "Great Gnoll",
					"shortName": "Great",
					"source": "LOME",
					"page": 111,
					"entries": [
						"You're a large, powerful gnoll, with tawny fur and brown spots on your hide. You gain 10 Hit Points from your ancestry instead of 8 and gain a +1 circumstance bonus to {@skill Athletics} checks to {@action Shove} or {@action Trip} foes."
					]
				},
				{
					"name": "Sweetbreath Gnoll",
					"shortName": "Sweetbreath",
					"source": "LOME",
					"page": 111,
					"entries": [
						"You're a striped, pale-furred gnoll with oddly pleasant breath, which you can use to entrance your prey. You are trained in {@skill Diplomacy} (or another skill if you were already trained in {@skill Diplomacy}). You also gain a +1 circumstance bonus to checks to {@spell Make an Impression} if the target can smell your breath."
					]
				},
				{
					"name": "Witch Gnoll",
					"shortName": "Witch",
					"source": "LOME",
					"page": 112,
					"entries": [
						"You're a shaggy, dark-furred gnoll capable of making some truly uncanny sounds. You can cast the {@spell ghost sound} cantrip as an occult innate spell at will. A cantrip is heightened to a spell level equal to half your level rounded up. In addition, you gain a +1 circumstance bonus to checks to {@action Impersonate} and {@action Create a Diversion} when using only your voice."
					]
				}
			],
			"summary": {
				"text": "Powerfully-built humanoids that resemble hyenas, gnolls are cunning warriors and hunters. Their frightening visage and efficient tactics have given them an ill-starred reputation.",
				"images": [
					"https://2e.aonprd.com/Images/Ancestries/Gnoll01.png",
					"https://2e.aonprd.com/Images/Ancestries/Gnoll02.png"
				]
			}
		}
	]
}
