{
	"ancestry": [
		{
			"name": "Shoony",
			"source": "EC3",
			"page": 72,
			"rarity": "rare",
			"hp": 6,
			"size": [
				"Small"
			],
			"speed": {
				"walk": 25
			},
			"boosts": [
				"dexterity",
				"charisma",
				"free"
			],
			"flaw": [
				"constitution"
			],
			"languages": [
				"{@language Common}",
				"{@language Shoony}",
				"Additional languages equal to your Intelligence modifier (if it's positive). Choose from {@language Dwarven}, {@language Gnomish}, {@language Goblin}, {@language Halfling}, {@language Terran}, and any other languages to which you have access (such as the languages prevalent in your region)."
			],
			"traits": [
				"humanoid",
				"shoony"
			],
			"features": [
				{
					"name": "Low-Light Vision",
					"entries": [
						"You can see in dim light as though it were bright light, and you ignore the {@condition concealed} condition due to dim light."
					]
				},
				{
					"name": "Blunt Snout",
					"entries": [
						"Your small, blunt snout and labyrinthine sinus system make you resistant to phenomena that assail the nose. When you roll a saving throw against inhaled threats (such as inhaled poisons) and olfactory effects (such as xulgath stench), you get the outcome one degree of success better than the result of your roll."
					]
				}
			],
			"flavor": [
				"Diminutive humanoids who resemble squat, bipedal dogs, shoonies are sometimes mistaken for weak and insular pacifists. However, their sheer perseverance, incredible work ethic, and resourceful use of diplomacy make shoonies far from helpless."
			],
			"info": [
				"According to shoonies, Aroden created their kind to provide him with pleasant company soon after he created the Isle of Kortos. Shoony culture is rooted in this myth and its implications, which help to explain the ancestry's long reputation for hospitality, good will, and pacifism. War is antithetical to the shoony way of life; shoonies rely on cooperation and persistence to make their way through a world that can seem at times hellbent on destroying them. Shoonies are unflappable in their optimism and always see the best in others, even when faced with frequent subjugation and exploitation that might create bitterness or xenophobia among other societies. To shoonies, peace is a goal always worth striving for, and no villain is beyond redemption, so they aim to resolve problems with peaceful solutions.",
				{
					"type": "pf2-h3",
					"page": 72,
					"name": "You Might...",
					"entries": [
						{
							"type": "list",
							"items": [
								"Fight to protect those you care about and strive to do the right thing.",
								"Work hard for long hours in a focused pursuit of distant goals.",
								"Provide comfort, necessities such as food, and a sense of kinship to those in distress."
							]
						}
					]
				},
				{
					"type": "pf2-h3",
					"page": 72,
					"name": "Others Probably...",
					"entries": [
						{
							"type": "list",
							"items": [
								"Involuntarily fawn over (or recoil from) your physical appearance.",
								"Protect you from scary situations or terrifying phenomena, out of either friendship or overprotectiveness.",
								"Appreciate your pragmatism and natural ability to care for others."
							]
						}
					]
				},
				{
					"type": "pf2-h3",
					"page": 72,
					"name": "Physical Description",
					"entries": [
						"Shoonies are squat, furry humanoids with flattened canid faces and wet, black eyes. Their fur can be a variety of hues and patterns, with the most common colors being fawn or black, and their loose skin gives even the fittest shoony a pudgy appearance. Shoonies have short, curly tails that sometimes wag involuntarily when the shoony is content or particularly excited or pleased. Like canines, shoonies cannot sweat; they pant to mitigate heat and exertion, and it is not uncommon to see a shoony with a perpetually lolling tongue.",
						"A shoony reaches maturity after just 8 to 10 years, and the elders of their villages rarely reach the age of 50. Little differentiates male and female shoonies except during the late stages of pregnancy, and as they age, both sexes develop graying facial fur, wrinkled skin, and frail joints. The average shoony is 3-1/2 feet tall and weighs 100 pounds."
					]
				},
				{
					"type": "pf2-h3",
					"page": 72,
					"name": "Society",
					"entries": [
						"Despite the shoony drive toward communal living, most shoony settlements are farming villages with populations of no more than a hundred. Shoonies work hard to make their lands bountiful and recognize that large, dense populations can negatively affect the ecosystem. Monster attacks, natural disasters, and exploitation from stronger cultures have all also limited the spread of shoonies across the Inner Sea region.",
						"Despite their short lifespans, shoonies are happy-go-lucky people with an irrepressible love for the land and their fellow shoonies, and remain optimistic even under the worst circumstances. The simple pleasures of living on this beautiful world, engaging in hard work, and surrounding themselves with loved ones motivate shoonies to push through the hardships that all too often befall their people."
					]
				},
				{
					"type": "pf2-h3",
					"page": 72,
					"name": "Alignment and Religion",
					"entries": [
						"Most shoony societies encourage empathy and loyalty, so they're rarely evil, but they're also practical, traditional, and timid. Most shoony adventurers are neutral good or lawful good. Religion is a cornerstone of shoony village life; shoonies primarily worshipped Aroden until his apparent death. In his absence, many shoonies have adopted {@deity Erastil} as their patron deity because his emphasis on family, community, and living off the land naturally meshes with typical shoony values. Noble shoonies\u2014especially warriors\u2014sometimes look to {@deity Iomedae} as an exemplar of integrity, hard work, and sacrifice."
					]
				},
				{
					"type": "pf2-h3",
					"page": 72,
					"name": "Adventurers",
					"entries": [
						"Few shoonies willingly choose to leave their homeland and friends in favor of facing the unknown, and the circumstances that lead a shoony to adventure are often dramatic and life-altering, if not tragic. That said, some shoonies do travel the world in search of riches to bring back to their village or to avenge their kinfolk, and shoony adventurers who show bravery or ingenuity are sure to earn a place in the legends of their people.",
						"Typical shoonies have the {@background acolyte}, {@background farmhand}, {@background hunter}, {@background laborer}, or {@background warrior} backgrounds from the Core Rulebook, or the {@background animal wrangler|EC3} or {@background rigger|EC3} backgrounds from the Extinction Curse Player's Guide. Many shoony adventurers are {@class fighter|CRB|fighters} who hone their skills to become stalwart defenders of their friends. Some shoonies pursue religious study and become {@class cleric|CRB|clerics} or {@class champion|CRB|champions}, while others develop their foraging and hunting skills as talented {@class druid|CRB|druids} and {@class ranger|CRB|rangers}."
					]
				},
				{
					"type": "pf2-h3",
					"page": 72,
					"name": "Names",
					"entries": [
						"With their strong family values and emphasis on found friends, it's no wonder that shoonies take particular pride in naming their children after other loved ones. Shoony names are short, guttural, and often sound like loose strings of unassociated vowels and soft consonants to people of other ancestries. Shoonies value names and take great care to learn and speak the correct pronunciations of their friends' names."
					]
				},
				{
					"type": "pf2-h4",
					"page": 72,
					"name": "Sample Names",
					"entries": [
						"Ahogo, Arnbin, Bighmor, Bondin, Domwurd, Ebmeur, Gopor, Gurna, Hiemgur, Mufurlo, Oriog, Pulumar, Raliamar, Ruggion, Uhulrig, Ungrin."
					]
				}
			],
			"heritageInfo": [
				"Shoonies have developed a variety of physiological traits to account for their various roles in shoony society. Choose one of the following shoony heritages at 1st level."
			],
			"heritage": [
				{
					"name": "Bloodhound Shoony",
					"shortName": "Bloodhound",
					"source": "EC3",
					"page": 71,
					"entries": [
						"Your ancestors were famous trackers, and you carry in your blood that same gift of the hunt. You gain a special sense: imprecise {@ability scent} with a range of 30 feet. This means you can use your sense of smell to determine the location of a creature, but it remains hidden. In addition, you gain a +2 circumstance bonus to {@skill Survival} checks to {@action Track} creatures that you have previously sensed with your {@ability scent}."
					]
				},
				{
					"name": "Fishseeker Shoony",
					"shortName": "Fishseeker",
					"source": "EC3",
					"page": 71,
					"entries": [
						"You come from a long line of fisherfolk and have inherited the quick reflexes necessary to nab and reel in big game. If you roll a success on an attempt to {@action Grab an Edge}, you get a critical success instead; if you roll a critical failure, you get a failure instead. A creature that rolls a failure on a check to {@action Disarm} you gets a critical failure instead."
					]
				},
				{
					"name": "Paddler Shoony",
					"shortName": "Paddler",
					"source": "EC3",
					"page": 71,
					"entries": [
						"You hail from shoonies who have lived long and successfully among the reeds and cattails of swamps and marshes, and have adapted to the challenges of living near waterlogged areas. You ignore {@quickref difficult terrain||3|terrain} and {@quickref greater difficult terrain||3|terrain} from bogs. When you roll a success to {@action Swim}, you get a critical success instead."
					]
				},
				{
					"name": "Thickcoat Shoony",
					"shortName": "Thickcoat",
					"source": "EC3",
					"page": 71,
					"entries": [
						"You are a rare shoony who hails from colder climes. You gain cold resistance equal to half your level (minimum 1), and you treat environmental cold effects as if they were one step less extreme (incredible cold becomes extreme, extreme cold becomes severe, and so on). You don't need to succeed at a flat check to target a {@condition concealed} creature if that creature is concealed only by snow. Unless you wear protective gear or take shelter, environmental heat effects are one step more extreme for you."
					]
				}
			],
			"summary": {
				"images": [
					"https://2e.aonprd.com/Images/Ancestries/Shoony01.png",
					"https://2e.aonprd.com/Images/Ancestries/Shoony02.png"
				]
			}
		}
	]
}
