{
	"CRB": "feats-crb.json",
	"APG": "feats-apg.json",
	"LOWG": "feats-lowg.json",
	"LOCG": "feats-locg.json",
	"LOGM": "feats-logm.json",
	"LOL": "feats-lol.json",
	"LOIL": "feats-loil.json",
	"LOPSG": "feats-lopsg.json",
	"LOAG": "feats-loag.json",
	"EC3": "feats-ec3.json",
	"GMG": "feats-gmg.json",
	"LOME": "feats-lome.json",
	"LOMM": "feats-lomm.json",
	"SoM": "feats-som.json",
	"G&G": "feats-g&g.json",
	"LOTGB": "feats-lotgb.json",
	"AoA3": "feats-aoa3.json",
	"AoA4": "feats-aoa4.json",
	"AoA5": "feats-aoa5.json",
	"AoA6": "feats-aoa6.json",
	"AoE1": "feats-aoe1.json",
	"AoE2": "feats-aoe2.json",
	"AoE3": "feats-aoe3.json",
	"OoA1": "feats-ooa1.json",
	"AV1": "feats-av1.json",
	"AV2": "feats-av2.json",
	"AV3": "feats-av3.json",
	"EC1": "feats-ec1.json",
	"EC2": "feats-ec2.json",
	"EC6": "feats-ec6.json",
	"fop": "feats-fop.json",
	"FRP1": "feats-frp1.json",
	"FRP2": "feats-frp2.json",
	"FRP3": "feats-frp3.json",
	"Sli": "feats-sli.json",
	"SoT2": "feats-sot2.json",
	"BotD": "feats-botd.json",
	"SoT3": "feats-sot3.json",
	"SoT4": "feats-sot4.json",
	"SoT6": "feats-sot6.json",
	"DA": "feats-da.json",
	"OoA3": "feats-ooa3.json",
	"NGD": "feats-ngd.json",
	"AAWS": "feats-aaws.json",
	"LOKL": "feats-lokl.json",
	"TV": "feats-tv.json",
	"GW1": "feats-gw1.json",
	"GW2": "feats-gw2.json",
	"GW3": "feats-gw3.json",
	"RoE": "feats-roe.json",
	"PC1": "feats-pc1.json",
	"SoG2": "feats-sog2.json",
	"SoG4": "feats-sog4.json",
	"WtD2": "feats-wtd2.json",
	"WtD3": "feats-wtd3.json",
	"WtD4": "feats-wtd4.json",
	"LOACLO": "feats-loaclo.json",
	"SF0": "feats-sf0.json"
}
