{
	"item": [
		{
			"name": "Flaying Knife",
			"source": "Sli",
			"page": 60,
			"type": "Item",
			"level": 8,
			"traits": [
				"uncommon",
				"magical",
				"necromancy"
			],
			"price": {
				"coin": "gp",
				"amount": 480
			},
			"usage": "held in 1 hand",
			"bulk": 1,
			"category": "Held",
			"entries": [
				"This long, thin +1 striking wounding dagger has a smooth edge on one side and a serrated edge on the other. Its {@condition persistent damage||persistent bleed damage} comes from slicing away long strips of the target's flesh, and it deals {@damage 1d8} {@condition persistent damage||persistent bleed damage} on a hit instead of {@dice 1d6}. A creature takes a \u20132 status penalty to saving throws against diseases for as long as it has {@condition persistent damage||persistent bleed damage} from this knife."
			]
		},
		{
			"name": "Gluttonous Spear",
			"source": "Sli",
			"page": 60,
			"type": "Item",
			"level": 6,
			"traits": [
				"uncommon",
				"magical",
				"necromancy"
			],
			"price": {
				"coin": "gp",
				"amount": 250
			},
			"usage": "held in 1 hand",
			"bulk": 1,
			"category": "Held",
			"entries": [
				"The head of this +1 striking returning spear is wrapped in greasy hide, and its head resembles a thick, clawed finger.",
				"On a critical hit, the target is {@condition enfeebled|CRB|enfeebled 1} for 1 minute, and you gain {@dice 1d8} temporary Hit Points that last for 1 minute."
			]
		},
		{
			"name": "Oily Button",
			"source": "Sli",
			"page": 60,
			"type": "Item",
			"level": 5,
			"traits": [
				"uncommon",
				"conjuration",
				"consumable",
				"magical",
				"talisman"
			],
			"price": {
				"coin": "gp",
				"amount": 30
			},
			"usage": "affixed to armor",
			"activate": {
				"activity": {
					"number": 1,
					"unit": "free"
				},
				"components": [
					"envision"
				],
				"requirements": "You are an expert in {@skill Athletics}",
				"trigger": "You succeed at an {@skill Athletics} check to {@action Disarm}"
			},
			"category": "Talisman",
			"entries": [
				"A thin sheen of slick oil covers this gaudy button. When you activate the oily button, your attempts to {@action Disarm} your opponent of an item before the start of the opponent's next turn gain a +4 circumstance bonus instead of +2, and the \u20132 circumstance penalty to attacks with the item or other checks requiring a firm grasp on the item lasts until the end of its next turn or until it uses an {@action Interact} action to adjust its grip."
			]
		},
		{
			"name": "Putrescent Glob",
			"source": "Sli",
			"page": 61,
			"type": "Item",
			"level": 7,
			"traits": [
				"uncommon",
				"conjuration",
				"consumable",
				"magical",
				"talisman"
			],
			"price": {
				"coin": "gp",
				"amount": 65
			},
			"usage": "affixed to a weapon",
			"activate": {
				"activity": {
					"number": 1,
					"unit": "free"
				},
				"components": [
					"envision"
				],
				"requirements": "You are an expert with the affixed weapon.",
				"trigger": "You damage a creature that is {@condition sickened|CRB|sickened 1} with a {@action Strike} using the affixed weapon"
			},
			"category": "Talisman",
			"entries": [
				"This repulsive, hairy glob dangles from the end of your weapon. When you activate the putrescent glob, the creature you damaged must succeed at a DC 23 Fortitude save or its {@condition sickened} condition increases to {@condition sickened|CRB|sickened 2}, and it can't reduce its {@condition sickened} condition until the end of its next turn. On a critical failure, it's also {@condition slowed|CRB|slowed 1} until the end of its next turn."
			]
		},
		{
			"name": "Sixfingers Elixir",
			"source": "Sli",
			"page": 61,
			"type": "Item",
			"level": "5+",
			"traits": [
				"uncommon",
				"alchemical",
				"consumable",
				"elixir",
				"polymorph"
			],
			"usage": "held in 1 hand",
			"bulk": "L",
			"activate": {
				"activity": {
					"number": 1,
					"unit": "action"
				},
				"components": [
					"{@action Interact}"
				]
			},
			"category": "Elixir",
			"entries": [
				"This gritty, spicy fluid causes you to grow a sixth finger on each hand and gives you a spiderlike grip.",
				"You gain a +2 item bonus to your Reflex DC to keep from being Disarmed and a climb Speed of 20 feet for the listed duration."
			],
			"generic": "G",
			"variants": [
				{
					"variantType": "lesser",
					"level": 5,
					"price": {
						"coin": "gp",
						"amount": 25
					},
					"entries": [
						"The duration is 10 minutes."
					]
				},
				{
					"variantType": "moderate",
					"level": 11,
					"price": {
						"coin": "gp",
						"amount": 250
					},
					"entries": [
						"The duration is 1 hour."
					]
				},
				{
					"variantType": "greater",
					"level": 17,
					"price": {
						"coin": "gp",
						"amount": 2500
					},
					"entries": [
						"The duration is 8 hours."
					]
				}
			]
		},
		{
			"name": "Slime Whip",
			"source": "Sli",
			"page": 61,
			"type": "Item",
			"level": 7,
			"traits": [
				"uncommon",
				"magical",
				"transmutation"
			],
			"price": {
				"coin": "gp",
				"amount": 360
			},
			"usage": "held in 1 hand",
			"bulk": 1,
			"category": "Held",
			"entries": [
				"This thick, greasy +1 striking shifting whip is made from a slimy pseudopod. You don't take the usual \u20132 circumstance penalty to your attack rolls when using the slime whip to make a lethal attack. The whip's form can be changed just like any weapon with the shifting rune, but it reverts to its original form as soon as it isn't wielded. When in its whip form, you can use the following action.",
				{
					"type": "ability",
					"activity": {
						"number": 1,
						"unit": "action"
					},
					"components": [
						"command",
						"{@action Interact}"
					],
					"frequency": {
						"unit": "hour",
						"number": 1
					},
					"entries": [
						"For 1 round, the slime whip deals acid damage rather than slashing damage. If the attack deals {@condition persistent damage}, the {@condition persistent damage} is also acid damage instead of its usual type."
					]
				}
			]
		},
		{
			"name": "Slippery Ribbon",
			"source": "Sli",
			"page": 61,
			"type": "Item",
			"level": 1,
			"traits": [
				"uncommon",
				"consumable",
				"magical",
				"talisman",
				"transmutation"
			],
			"price": {
				"coin": "gp",
				"amount": 12
			},
			"usage": "affixed to armor",
			"activate": {
				"activity": {
					"number": 1,
					"unit": "free"
				},
				"components": [
					"envision"
				],
				"requirements": "You are an expert in {@skill Acrobatics}",
				"trigger": "You succeed at an {@skill Acrobatics} check to {@action Tumble Through}, but you don't have enough Speed to move all the way through the enemy's space"
			},
			"category": "Talisman",
			"entries": [
				"This ribbon is constantly greasy to the touch and stains the armor it's affixed to. When you activate the slippery ribbon, your Speed increases by an amount necessary for you to move all the way through the enemy's space."
			]
		},
		{
			"name": "Wand of Noisome Acid",
			"source": "Sli",
			"page": 61,
			"type": "Item",
			"level": "6+",
			"traits": [
				"uncommon",
				"acid",
				"evocation",
				"magical",
				"wand"
			],
			"usage": "held in 1 hand",
			"bulk": "L",
			"category": "Wand",
			"entries": [
				"This greasy stick emits a stomach-churning scent when held in a hand.",
				{
					"type": "ability",
					"components": [
						"{@action Cast a Spell}"
					],
					"frequency": {
						"number": 1,
						"unit": "day",
						"overcharge": true
					},
					"entries": [
						"You cast {@spell acid arrow} of the indicated level. A creature that takes acid damage from this spell must succeed at a Fortitude save against your spell DC or become {@condition sickened|CRB|sickened 1}."
					]
				}
			],
			"craftReq": [
				"Supply a casting of acid arrow of the appropriate level."
			],
			"generic": "G",
			"variants": [
				{
					"level": 6,
					"price": {
						"coin": "gp",
						"amount": 250
					},
					"entries": [],
					"variantType": "2nd-level spell"
				},
				{
					"level": 10,
					"price": {
						"coin": "gp",
						"amount": 1000
					},
					"entries": [],
					"variantType": "4th-level spell"
				},
				{
					"level": 14,
					"price": {
						"coin": "gp",
						"amount": 4500
					},
					"entries": [],
					"variantType": "6th-level spell"
				},
				{
					"level": 18,
					"price": {
						"coin": "gp",
						"amount": 24000
					},
					"entries": [],
					"variantType": "8th-level spell"
				}
			]
		},
		{
			"name": "Wand of Teeming Ghosts",
			"source": "Sli",
			"page": 61,
			"type": "Item",
			"level": "6+",
			"traits": [
				"uncommon",
				"magical",
				"necromancy",
				"wand"
			],
			"usage": "held in 1 hand",
			"bulk": "L",
			"category": "Wand",
			"entries": [
				"This pale wooden wand is carved to resemble a thigh bone with metal caps at each end. Ghostly tendrils seem to swirl around it every so often.",
				{
					"type": "ability",
					"components": [
						"{@action Cast a Spell}"
					],
					"frequency": {
						"number": 1,
						"unit": "day",
						"overcharge": true
					},
					"entries": [
						"You cast {@spell false life} of the indicated level. During the duration of the spell, wisps that resemble spirits flit around you as long as you have any temporary Hit Points from false life, and you can use the following action."
					]
				},
				{
					"type": "ability",
					"activity": {
						"number": 1,
						"unit": "free"
					},
					"components": [
						"envision"
					],
					"trigger": "You successfully impart the {@condition frightened|CRB|frightened 1} condition to a creature",
					"entries": [
						"You end false life and increase the creature's {@condition frightened} condition value to 2."
					]
				}
			],
			"craftReq": [
				"Supply a casting of false life of the appropriate level."
			],
			"generic": "G",
			"variants": [
				{
					"level": 6,
					"price": {
						"coin": "gp",
						"amount": 250
					},
					"entries": [],
					"variantType": "2nd-level spell"
				},
				{
					"level": 8,
					"price": {
						"coin": "gp",
						"amount": 500
					},
					"entries": [],
					"variantType": "3rd-level spell"
				},
				{
					"level": 10,
					"price": {
						"coin": "gp",
						"amount": 1000
					},
					"entries": [],
					"variantType": "4th-level spell"
				},
				{
					"level": 12,
					"price": {
						"coin": "gp",
						"amount": 2000
					},
					"entries": [],
					"variantType": "5th-level spell"
				},
				{
					"level": 14,
					"price": {
						"coin": "gp",
						"amount": 4500
					},
					"entries": [],
					"variantType": "6th-level spell"
				},
				{
					"level": 16,
					"price": {
						"coin": "gp",
						"amount": 10000
					},
					"entries": [],
					"variantType": "7th-level spell"
				},
				{
					"level": 18,
					"price": {
						"coin": "gp",
						"amount": 24000
					},
					"entries": [],
					"variantType": "8th-level spell"
				},
				{
					"level": 20,
					"price": {
						"coin": "gp",
						"amount": 70000
					},
					"entries": [],
					"variantType": "9th-level spell"
				}
			]
		}
	]
}
