{
	"item": [
		{
			"name": "Crimson Fulcrum Lens",
			"source": "AV3",
			"page": 75,
			"type": "Item",
			"level": 9,
			"traits": [
				"unique",
				"enchantment",
				"invested",
				"occult"
			],
			"price": {
				"coin": "gp",
				"amount": 700
			},
			"bulk": 1,
			"category": "Other",
			"entries": [
				"This concave lens has a drifting crimson cloud resembling slowly swirling blood within it. While you have the Crimson Fulcrum Lens invested, you seethe with malevolent fury you can barely contain. You gain a +2 item bonus to saving throws against {@trait fear} effects and a +2 item bonus to your melee {@action Strike} damage (this increases to a +4 item bonus to damage if the melee {@action Strike} is a jaws attack). You can also activate the lens in the following ways.",
				{
					"type": "ability",
					"activity": {
						"number": 2,
						"unit": "action"
					},
					"components": [
						"Interact"
					],
					"entries": [
						"You grasp the Crimson Fulcrum Lens in one hand and make a {@action Strike} that doesn't require that hand. The {@action Strike} deals an additional {@damage 1d8} precision damage (or {@damage 2d8} precision damage if you make a jaws {@action Strike}) and doesn't count toward your multiple attack penalty."
					]
				},
				{
					"type": "ability",
					"activity": {
						"number": 2,
						"unit": "action"
					},
					"components": [
						"Interact"
					],
					"traits": [
						"attack",
						"possession"
					],
					"entries": [
						"While grasping the lens, make a melee spell attack roll with a modifier of +18. On a hit, you force the splinter of {@deity Nhimbaloth|LOGM}'s essence from the lens to possess the target. You're no longer invested in the lens, and the target gains the benefits as though it had invested the lens but can't activate the lens's other abilities. This effect is permanent, but it can be ended by {@trait any} effect that removes a {@trait possession} effect. The lens doesn't have any magical abilities until the {@trait possession} effect ends; when it does, the essence returns to the lens."
					]
				}
			]
		},
		{
			"name": "Ebon Fulcrum Lens",
			"source": "AV3",
			"page": 76,
			"type": "Item",
			"level": 12,
			"traits": [
				"unique",
				"invested",
				"necromancy",
				"occult"
			],
			"price": {
				"coin": "gp",
				"amount": 2000
			},
			"bulk": "L",
			"category": "Other",
			"entries": [
				"This strangest and most powerful of the fulcrum lenses resembles a chip of smooth obsidian containing three dark glimmers of {@deity Nhimbaloth|LOGM}'s essence. Incorporeal creatures can touch and hold the Ebon Fulcrum Lens. While you have the Ebon Fulcrum Lens invested, and you're a corporeal creature, you become insubstantial, gain the {@trait incorporeal} trait, and are {@condition drained|CRB|drained 2}. Your {@condition drained} condition can't be reduced below 2 as long as you have the lens invested. You can activate the lens in the following ways. Both require expenditures of glimmers within the lens; once the lens is depleted of its three glimmers, it retains its ability to make corporeal creatures insubstantial but can't be used for its other abilities until its glimmers are restored (which generally requires a ritual or being steeped in an area of {@deity Nhimbaloth|LOGM}'s power).",
				{
					"type": "ability",
					"activity": {
						"number": 1,
						"unit": "reaction"
					},
					"components": [
						"envision"
					],
					"frequency": {
						"unit": "day",
						"freq": 1
					},
					"trigger": "you would be destroyed and are able to rejuvenate",
					"requirements": "At least one glimmer remains in the Ebon Fulcrum Lens",
					"entries": [
						"For the first 24 hours after you rejuvenate, you gain a +1 item bonus to attack rolls, saving throws, and DCs. Reduce the number of glimmers remaining in the lens by 1."
					]
				},
				{
					"type": "ability",
					"activity": {
						"number": 2,
						"unit": "action"
					},
					"components": [
						"Interact"
					],
					"frequency": {
						"unit": "day",
						"freq": 1
					},
					"requirements": "At least one glimmer remains in the Ebon Fulcrum Lens",
					"entries": [
						"You draw upon a glimmer of {@deity Nhimbaloth|LOGM}'s essence for power; reduce the number of glimmers remaining in the lens by 1. You're {@condition quickened} for 1 minute and gain a +1 item bonus to attack rolls, saving throws, and DCs. You can use this extra action to {@action Stride} or {@action Step}, or for an action in a special ghost ability you have."
					]
				}
			]
		},
		{
			"name": "Emerald Fulcrum Lens",
			"source": "AV3",
			"page": 76,
			"type": "Item",
			"level": 10,
			"traits": [
				"unique",
				"invested",
				"necromancy",
				"negative",
				"occult"
			],
			"price": {
				"coin": "gp",
				"amount": 1000
			},
			"bulk": 3,
			"category": "Other",
			"entries": [
				"This concave green lens is pitted and flawed; its jagged edges can cut those who don't handle it with care. While you have the Emerald Fulcrum Lens invested, your flesh appears waxen and pallid. You gain negative healing and {@spell harm} spells gain a +4 status bonus to the Hit Points they restore to you.",
				"You can also activate the lens in the following ways.",
				{
					"type": "ability",
					"activity": {
						"number": 2,
						"unit": "action"
					},
					"components": [
						"Interact"
					],
					"traits": [
						"healing"
					],
					"frequency": {
						"unit": "day",
						"freq": 1
					},
					"entries": [
						"You grasp the Emerald Fulcrum Lens in one hand, regain 30 Hit Points, and gain a +2 item bonus to saving throws against magic for 1 round."
					]
				},
				{
					"type": "ability",
					"activity": {
						"number": 2,
						"unit": "action"
					},
					"components": [
						"Interact"
					],
					"traits": [
						"attack",
						"possession"
					],
					"entries": [
						"as Crimson Fulcrum Lens, but the melee spell attack modifier is +20."
					]
				}
			]
		},
		{
			"name": "Fulcrum Lattice",
			"source": "AV3",
			"page": 76,
			"type": "Item",
			"level": 11,
			"traits": [
				"unique",
				"occult",
				"transmutation"
			],
			"price": {
				"coin": "gp",
				"amount": 1200
			},
			"usage": "held in 2 hands",
			"bulk": 2,
			"category": "Held",
			"entries": [
				"This silver and copper framework is shaped to hold four focusing lenses, one behind the other, from smallest to largest. It has a socketed base to be mounted into a stand, such as that found in a lighthouse lantern. The Fulcrum Lattice was specifically designed to hold the four fulcrum lenses from smallest to largest (ebon, crimson, ochre, emerald), and it hums slightly while within 10 feet of any fulcrum lens. A fulcrum lens slotted into the Fulcrum Lattice has no Bulk; the lattice remains at 1 Bulk and can be carried easily. Inserting or removing a lens from the Fulcrum Lattice requires a single {@action Interact} action.",
				"The Fulcrum Lattice channels the power of fulcrum lenses joined with it. While you hold the Fulcrum Lattice, lenses socketed into it are considered to be in your hand for the purpose of activating their abilities. When you make a melee spell attack with a lens in the Fulcrum Lattice, you use the highest melee spell attack modifier of any lens in the lattice, or you can use your melee attack modifier with simple weapons if it's greater."
			]
		},
		{
			"name": "Fungal Walk Musk",
			"source": "AV3",
			"page": 74,
			"type": "Item",
			"level": 5,
			"traits": [
				"alchemical",
				"consumable",
				"olfactory"
			],
			"price": {
				"coin": "gp",
				"amount": 21
			},
			"usage": "Held in 1 hand",
			"bulk": "L",
			"activate": {
				"activity": {
					"number": 1,
					"unit": "action"
				},
				"components": [
					"Interact"
				]
			},
			"category": "Consumable",
			"entries": [
				"This foul-smelling unguent dulls the odors and traces that fungus creatures detect. For 1 day after you slather this musk on your body, fungus creatures take a \u20134 penalty to {@skill Perception} checks to {@action Seek} you or otherwise notice you. If a fungus creature is mindless, it instead has a \u20136 penalty.",
				"The musk also grants you a +1 item bonus to AC against melee attacks from fungus creatures with no vision for the same period of time. The effects of fungal walk musk end immediately if you're submerged in water or subject to another olfactory effect."
			]
		},
		{
			"name": "Necrotic Bomb",
			"source": "AV3",
			"page": 74,
			"type": "Item",
			"level": "1+",
			"traits": [
				"alchemical",
				"bomb",
				"consumable",
				"negative",
				"splash"
			],
			"usage": "held in 1 hand",
			"bulk": "L",
			"activate": {
				"activity": {
					"number": 1,
					"unit": "action"
				},
				"components": [
					"Strike"
				]
			},
			"category": "Bomb",
			"entries": [
				"Necrotic bombs combine reagents most people consider disgusting at best and unholy at worst, creating a life-sucking miasma upon contact with air. A necrotic bomb deals the listed negative damage and splash damage, and it sickens the primary target on a critical hit. This damage harms only living creatures.",
				"Many types grant an item bonus to attack rolls."
			],
			"generic": "G",
			"variants": [
				{
					"type": "lesser",
					"level": 1,
					"price": {
						"coin": "gp",
						"amount": 3
					},
					"entries": [
						"The bomb deals {@damage 1d6} negative damage and 1 negative splash damage. On a critical hit, the target is {@condition sickened|CRB|sickened 1}."
					]
				},
				{
					"type": "moderate",
					"level": 3,
					"price": {
						"coin": "gp",
						"amount": 10
					},
					"entries": [
						"You gain a +1 item bonus to attack rolls. The bomb deals {@damage 2d6} negative damage and 2 negative splash damage. On a critical hit, the target is {@condition sickened|CRB|sickened 2}."
					]
				},
				{
					"type": "greater",
					"level": 11,
					"price": {
						"coin": "gp",
						"amount": 250
					},
					"entries": [
						"You gain a +2 bonus to attack rolls. The bomb deals {@damage 3d6} negative damage and 3 negative splash damage. On a critical hit, the target is {@condition sickened|CRB|sickened 3}."
					]
				},
				{
					"type": "major",
					"level": 17,
					"price": {
						"coin": "gp",
						"amount": 2500
					},
					"entries": [
						"You gain a +3 bonus to attack rolls. The bomb deals {@damage 4d6} negative damage and 4 negative splash damage. On a critical hit, the target is {@condition sickened|CRB|sickened 4}."
					]
				}
			]
		},
		{
			"name": "Ochre Fulcrum Lens",
			"source": "AV3",
			"page": 76,
			"type": "Item",
			"level": 11,
			"traits": [
				"unique",
				"enchantment",
				"invested",
				"occult"
			],
			"price": {
				"coin": "gp",
				"amount": 1400
			},
			"bulk": 2,
			"category": "Other",
			"entries": [
				"This brownish-orange lens always seems dusty and gritty, even when wet. While you have the Ochre Fulcrum Lens invested, lassitude grips you. You gain resistance 10 to mental damage and a +2 status bonus to saves against {@trait emotion} effects. You can also activate the lens in the following ways.",
				{
					"type": "ability",
					"activity": {
						"number": 2,
						"unit": "action"
					},
					"components": [
						"Interact"
					],
					"frequency": {
						"unit": "day",
						"freq": 1
					},
					"entries": [
						"You hold up the Ochre Fulcrum Lens in your hand and the item casts crushing despair (DC 31 Will save)."
					]
				},
				{
					"type": "ability",
					"activity": {
						"number": 2,
						"unit": "action"
					},
					"components": [
						"Interact (attack",
						"possession)"
					],
					"entries": [
						"as Crimson Fulcrum Lens, but the melee spell attack modifier is +21."
					]
				}
			]
		},
		{
			"name": "Stupor Poison",
			"source": "AV3",
			"page": 74,
			"type": "Item",
			"level": 4,
			"traits": [
				"uncommon",
				"alchemical",
				"consumable",
				"incapacitation",
				"injury",
				"poison",
				"sleep"
			],
			"price": {
				"coin": "gp",
				"amount": 16
			},
			"usage": "held in 2 hands",
			"bulk": "L",
			"activate": {
				"activity": {
					"number": 2,
					"unit": "action"
				},
				"components": [
					"Interact"
				]
			},
			"category": "Poison",
			"entries": [
				"Stupor poison is a more potent distillation of lethargy poison. Further exposure to stupor poison doesn't require the target to attempt additional saving throws; only failing a saving throw against an ongoing exposure can progress its stage.",
				{
					"type": "affliction",
					"traits": [],
					"DC": 20,
					"savingThrow": "Fortitude",
					"maxDuration": "6\nhours",
					"stages": [
						{
							"stage": 1,
							"entry": "{@condition slowed|CRB|slowed 1} and {@condition flat-footed}",
							"duration": "1 round"
						},
						{
							"stage": 2,
							"entry": "{@condition slowed|CRB|slowed 2} and {@condition flat-footed}",
							"duration": "1 round"
						},
						{
							"stage": 3,
							"entry": "{@condition unconscious} with no {@skill Perception} check to wake up",
							"duration": "1 round"
						},
						{
							"stage": 4,
							"entry": "{@condition unconscious} with no {@skill Perception} check to wake up",
							"duration": "{@dice 1d6} hours"
						}
					]
				}
			]
		},
		{
			"name": "Shootist Bandolier",
			"source": "AV3",
			"page": 73,
			"type": "Item",
			"price": {
				"coin": "gp",
				"amount": 1
			},
			"traits": [
				"uncommon"
			],
			"category": "Adventuring Gear",
			"entries": [
				"This leather bandolier holds up to three {@item repeating hand crossbow magazine|G&G|repeating hand crossbow magazines} in leather pockets that pop open with the quick flick of a thumb. You reduce the reload time for a {@item repeating hand crossbow magazine|G&G} from the bandolier by 1, to a total of 2 actions. You can wear only one shootist bandolier at a time."
			]
		}
	]
}
