{
	"ancestry": [
		{
			"name": "Orc",
			"source": "APG",
			"page": 16,
			"otherSources": {
				"Expanded": [
					"LOAG|48"
				]
			},
			"rarity": "uncommon",
			"hp": 10,
			"size": [
				"medium"
			],
			"speed": {
				"walk": 25
			},
			"boosts": [
				"strength",
				"free"
			],
			"languages": [
				"{@language Common}",
				"{@language Orcish}",
				"Additional languages equal to your Intelligence modifier (if it's positive). Choose from {@language Goblin}, {@language Jotun}, {@language Terran}, {@language Undercommon}, and any other languages to which you have access (such as the languages prevalent in your region)."
			],
			"traits": [
				"orc",
				"humanoid"
			],
			"features": [
				{
					"name": "Darkvision",
					"entries": [
						"You can see in darkness and dim light just as well as you can see in bright light, though your vision in darkness is in black and white."
					]
				}
			],
			"flavor": [
				"Orcs are forged in the fires of violence and conflict, often from the moment they are born. As they live lives that are frequently cut brutally short, orcs revel in testing their strength against worthy foes, whether by challenging a higher-ranking member of their community for dominance or raiding a neighboring settlement. Many orcs seek glory as soon as they can walk and carry a blade or club, taming wild beasts or hunting deadly monsters."
			],
			"info": [
				"Orcs often struggle to gain acceptance among other communities, who frequently see them as brutes. Those who earn the loyalty of an orc friend, however, soon learn that an orc's fidelity and honesty are unparalleled. Orc barbarians, fighters, and rangers are prized as gladiators and mercenaries. While some human settlements might be hesitant to accept an entire orc community into their midst, a small handful of orc mercenaries can do the job of an entire squad of human conscripts, so long as the orcs are well fed and well paid. Though the belief that orcs are only suited for battle is pervasive among other humanoids, the harsh orc mentality comes from a long history of conflict rather than a lack of ability in other areas.",
				"Orc culture teaches that they are shaped by the challenges they survive, and the most worthy survive the most hardships. Orcs who attain both a long life and great triumphs command immense respect.",
				"If you want a character who is hardy, fearsome, and excels at feats of physical prowess, you should play an orc.",
				{
					"type": "pf2-h3",
					"page": 16,
					"name": "You Might...",
					"entries": [
						{
							"type": "list",
							"items": [
								"Eagerly meet any chance to prove your strength in a physical contest.",
								"Believe that lies and treachery are for those who lack the strength to seize what they want.",
								"View dying in glorious combat as preferable to a mundane death from old age or illness."
							]
						}
					]
				},
				{
					"type": "pf2-h3",
					"page": 16,
					"name": "Others Probably...",
					"entries": [
						{
							"type": "list",
							"items": [
								"See you as violent or lacking in discipline.",
								"Underestimate your intellect, cunning, and knowledge.",
								"Admire your forthrightness and blunt honesty."
							]
						}
					]
				},
				{
					"type": "pf2-h3",
					"page": 16,
					"name": "Physical Description",
					"entries": [
						"Orcs are tall and powerfully built, with long arms and stocky legs. Many orcs top 7 feet in height, though they tend to adopt broad, almost bow-legged stances and slouch forward at the shoulders. The combination makes for a seeming contradiction, sharing an eye level with most humanoids while simultaneously towering over them. Orcs have rough skin, thick bones, and rockhard muscles, making them suited to war and other physically demanding tasks. Despite the roughness of their skin, orcs scar easily, and most orcs take great pride in the scars they have accumulated. Orc skin color is typically green and occasionally gray, though some orcs have other skin colors that reflect adaptations to their environments.",
						"Orcs consider powerful builds and heavily scarred skin attractive, regardless of gender. A powerful orc makes the hold stronger, and scars are signs of victories won or hardships survived. Similarly, many orcs consider large, jutting tusks to be more attractive than smaller tusks, since the former make more effective weapons. Many orcs also find tattoos to be attractive, particularly large or painful ones that cover a significant amount of skin."
					]
				},
				{
					"type": "pf2-h3",
					"page": 17,
					"name": "Society",
					"entries": [
						"Most orc communities define themselves through two things: pain and glory. Each earns respect in near equal measure, so long as the pain is borne with stoicism. An orc with many scars who walks uncomplaining with a broken leg draws as much admiration as one who wins a great victory on the battlefield.",
						"Power in an orc hold comes from strength or family lineage. The structure tends to be feudal, with weaker orcs working at the behest of the strong. The Hold of Belkzen is the largest such society, and power changes hands there quickly. One mighty orc dying in battle can shake up an entire power structure, leading to squabbling and duels to decide control. Many orcs who tire of being subservient split off to form their own warbands, traveling to new territory.",
						"Young orcs are typically raised by the entire community. Indeed, it would be almost impossible for orcs to raise their young any other way, since twins, triplets, and even quadruplets are quite common in orc families, as are deaths among orcs in their child-rearing years. Many orc holds conduct ceremonies when a young orc comes of age, typically around their tenth or eleventh birthday, during which the new adults are told what their role in the hold will be. For communities that practice ritual scarification or tattooing, this is often when the young orcs receive their first hold-scar or tattoo as well.",
						"Orcs fear very little, but most distrust magic. Magic is seen as a tool that bypasses the physical and allows the weak to contend with the strong, a belief that runs at odds with orc values. While they respect the physical might of Gorumite warpriests, and even druids who take on the forms of great beasts, they find arcane and occult magic questionable at best and unethical on the whole. All but the most depraved orc communities see necromancy as a foul art that steals glory from the dead, and their growing struggles against the undead have given them newfound common ground with their humanoid neighbors."
					]
				},
				{
					"type": "pf2-h3",
					"page": 17,
					"name": "Alignment and Religion",
					"entries": [
						"A common orc saying is, \"You are the scars that shape you.\" Violent, chaotic lives in violent, chaotic lands mean that most orcs tend heavily toward chaotic alignments. Gorum, Lamashtu, and Rovagug are all commonly worshiped among orc communities, though less violent holds worship nature deities like Gozreh or gods like Sarenrae, whose tenets of fire, redemption, and glory all hold some appeal to orc sensibilities.",
						"While there are orc deities, their worship is surprisingly uncommon among orcs. Orcs believe that if a creature has a face and a name, it can be killed, and so their own deities are targets, rather than objects of reverence. Some orc holds teach that the greatest members of the hold can earn a chance to challenge the orc deities for a place amid the pantheon. Most orcs don't waste their dying moments praising the divine or praying for a place in the afterlife, but spitting a bloodflecked warning at their deities, promising a new challenger through broken teeth."
					]
				},
				{
					"type": "pf2-h3",
					"page": 17,
					"name": "Names",
					"entries": [
						"Orcs have a harsh, guttural language, and their naming conventions are no exception. Many orc names are simply the Orcish word for a particularly desirable trait, such as great strength, height, or ferocity. Orcs commonly use either their hold name or a name referencing a particularly memorable accomplishment as their surname."
					]
				},
				{
					"type": "pf2-h4",
					"page": 18,
					"name": "Sample Names",
					"entries": [
						"Arkus, Ausk, Durra, Grask, Grillgiss, Krugga, Mahja, Murdut, Ollak, Onyat, Thurk, Uirch, Unach"
					]
				},
				{
					"type": "pf2-sidebar",
					"page": 19,
					"name": "Orc Adventurers",
					"entries": [
						"An orc's drive to overcome challenges and prove themself spurs many orcs to become adventurers, though orcs are more likely to set out on their own or with other orcs than alongside adventurers of other ancestries.",
						"Common orc backgrounds include {@background gladiator}, {@background hunter}, {@background martial disciple}, {@background nomad}, and {@background warrior} from the Core Rulebook, plus {@background bandit|APG}, {@background outrider|APG}, and {@background refugee|APG} from this book. Orcs thrive in martial classes like {@class barbarian} and {@class fighter}."
					]
				},
				{
					"type": "pf2-sidebar",
					"page": 49,
					"source": "LOAG",
					"name": "Orc Settlements",
					"entries": [
						"Orc settlements rapidly rise and fall, but a few have stood the test of time.",
						"{@indentFirst {@b Garaguum:} In the Darklands, orcs inhabit a ruin built by their ancestors: the final battleground of their people's last stand against the dwarf invaders.}",
						"{@indentFirst {@b Scarwall:} When the curse lifted from this haunted castle within the Hold of Belkzen, the local orc holds rushed to make their claim. The castle's lingering magic warped the minds and bodies of the orcs, who now call themselves the Spirit Skull Hold.}"
					]
				},
				{
					"type": "pf2-sidebar",
					"page": 50,
					"reference": {
						"auto": true
					},
					"source": "LOAG",
					"name": "Orc History",
					"entries": []
				},
				{
					"type": "pf2-sidebar",
					"page": 50,
					"source": "LOAG",
					"name": "Orc Holds",
					"entries": [
						"Orc holds are large groups of orcs bound together by family, values, and loyalty.",
						"{@indentFirst {@b Burning Sun:} Armed with their faith in {@deity Sarenrae}, the Burning Sun hold is dedicated to directing orc culture toward a more righteous path.}",
						"{@indentFirst {@b Empty Hand:} The Empty Hand hold collects taxes from trade in Urgir to acquire top-quality weapons and armor. The hold's renown reached new heights after they led a recent victory over the Whispering Tyrant's undead forces.}"
					]
				},
				{
					"type": "entriesOtherSource",
					"page": 48,
					"source": "LOAG",
					"reference": {
						"auto": true
					},
					"entries": [
						{
							"type": "pf2-h3",
							"name": "Enshrak",
							"page": 48,
							"source": "LOAG",
							"entries": [
								"Enshrak orcs returned to their homeland after being driven skyward. They feel a deep connection to their people's past and search the Darklands for relics left by ancient orcs. They practice traditional rituals and cultivate Darklands root vegetables (rather than the surface's sun-poisoned produce). Enshraks believe orcs were never meant to leave the Darklands and hold fierce superstitions concerning the blinding sun and their surface kin.",
								"Enshraks maintain their hatred of dwarves, seeing the Quest for Sky as a genocide. Many holds dig deep into the Darklands, trying to reclaim their ancestral home, and some even seek to eventually free Rovagug, in a movement known as the Quest for the Cage.",
								"Enshraks usually have the {@ancestry orc|apg|battle-ready|battle-ready|loag} or {@ancestry orc|apg|deep orc|deep} heritage."
							]
						},
						{
							"type": "pf2-h3",
							"name": "Kharmaja",
							"source": "LOAG",
							"page": 48,
							"entries": [
								"Living among Golarion's lofty peaks has instilled a reckless bravado in the orcs who call them home. Kharmaja orcs learn to jump and climb before they can walk. Great honor is thrust upon mountain orcs capable of death-defying leaps over deadly chasms\u2014tales of these deeds are sung across Kharmaja holds for generations in their expansive oral tradition. Most Kharmajas live among the Kodar and Mindspin Mountains, though some have expanded as far south as the Menador Mountains.",
								"Wrangling a drake into servitude is one of the greatest feats of bravery recognized by the mountain holds. Kharmaja children memorize the names of their favorite drake riders and their fearsome mounts.",
								"Kharmajas usually have the {@ancestry orc|apg|battle-ready|battle-ready|loag} or {@ancestry orc|apg|hold-scarred orc|hold-scarred} heritage."
							]
						},
						{
							"type": "pf2-h3",
							"name": "Khuldar",
							"page": 49,
							"source": "LOAG",
							"entries": [
								"Even sun-baked deserts contain hidden orc holds. Entirely nocturnal, Khuldar orcs disguise their collapsible wooden homes under mounds of sand to escape the harsh light of day. Young Khuldars prove themselves by standing watch during the day while the remainder of the hold sleeps. Many reside in Belkzen's Dirt Sea, a massive expanse of fine silt. They create large, innovative barges pulled by beasts or giants to traverse the sunken terrain.",
								"Khuldars most often have the {@ancestry orc|apg|badlands|badlands} or {@ancestry orc|apg|grave orc|grave|loag} heritage."
							]
						},
						{
							"type": "pf2-h3",
							"name": "Matanji",
							"page": 49,
							"source": "LOAG",
							"entries": [
								"The jungle holds no secrets for rain orcs. Matanjis defend their territory from the demons of the Mwangi Expanse, their ancestral enemies. They carve protective runes in trees to mark their territories; more extreme holds display macabre trophies from defeated fiends. Other Mwangi residents greatly respect Matanjis for their fiend-hunting prowess, and Mualijae elves often ally with them against fiendish cults and other nefarious forces.",
								"Matanjis often cover their bodies with intricate warding tattoos. They show off their strength in intense martial dances performed by small groups. Completing a dance with passion and precision gains respect for the entire group.",
								"Matanjis mostly have the {@ancestry orc|apg|hold-scarred|hold-scarred} or {@ancestry orc|apg|rainfall orc|rainfall} heritage."
							]
						},
						{
							"type": "pf2-h3",
							"name": "Namathkar",
							"page": 49,
							"source": "LOAG",
							"entries": [
								"Solitary orcs are highly rare, especially on the plains. Utterly communal, the Namathkar orcs of the Hold of Belkzen and the plains beyond are most comfortable when surrounded by those they trust. Their skin tones range from dazzling greens to earthy browns, and they dress in simple clothing that doesn't hinder them in combat, leaving them ready to fight at a moment's notice.",
								"Namathkars are the most populous orc ethnicity in Avistan. As scions of the orc armies that clashed most with neighboring nations, they have fraught relationships and reputations. However, they've proven most likely to peaceably interact with other cultures, and the transformation of the orc city of Urgir into a trading hub has facilitated this cooperation.",
								"Namathkars often have the {@ancestry orc|apg|badlands|badlands} or {@ancestry orc|apg|hold-scarred|hold-scarred} heritage."
							]
						},
						{
							"type": "pf2-h3",
							"name": "Nanut",
							"source": "LOAG",
							"page": 49,
							"entries": [
								"The biting cold of Golarion's frozen corners shapes the lives of Nanuts, also known as arctic orcs. Most reside in the Land of the Linnorm Kings, but they find homes in all arctic realms. Their skin tones range from cold greens and frosty blues to dark purples, and they dress in dyed animal furs. Nanut orcs hibernate during the times of year when the sun never sets; when it finally does, they return to activity.",
								"Living in large, nonmonogamous family units, Nanuts teach their children to hunt communally. They're less likely to resort to interpersonal violence than other orcs, believing their energy too precious to waste. Nanut orcs instead prove their dominance through hunting\u2014orcs who brave the cold and best the creatures of the arctic to provide for their kin prove both their strength and value to their people.",
								"Nanuts largely have the {@ancestry orc|apg|battle-ready|battle-ready|loag} or {@ancestry orc|apg|winter orc|winter|loag} heritage."
							]
						}
					]
				}
			],
			"heritageInfo": [
				"Orcs have a long history on the surface of the world, and a far longer history underground. Their hardy physiques and demanding lifestyles have led to various adaptations. Choose one of the following orc heritages at 1st level."
			],
			"heritage": [
				{
					"name": "Badlands Orc",
					"shortName": "Badlands",
					"source": "APG",
					"page": 18,
					"entries": [
						"You come from sun-scorched badlands, where long legs and an ability to withstand the elements helped you thrive. You can {@action Hustle} twice as long while exploring before you have to stop, and you treat environmental heat effects as if they were one step less extreme (incredible heat becomes extreme, extreme heat becomes severe, and so on)."
					]
				},
				{
					"name": "Deep Orc",
					"shortName": "Deep",
					"source": "APG",
					"page": 18,
					"entries": [
						"Your calloused hands and red eyes speak to a life spent in the deep darkness of mountain caverns, where you learned to battle on rocky cliffs and survive with minimal resources. You gain the {@feat Terrain Expertise} skill feat for underground terrain and the {@feat Combat Climber} skill feat."
					]
				},
				{
					"name": "Hold-Scarred Orc",
					"shortName": "Hold-Scarred",
					"source": "APG",
					"page": 18,
					"entries": [
						"You are part of an orc community that participates in ritual scarification or tattooing. The marks on your skin show your exceptional hardiness and vitality. You gain 12 Hit Points from your ancestry instead of 10. You also gain the {@feat Diehard} feat."
					]
				},
				{
					"name": "Rainfall Orc",
					"shortName": "Rainfall",
					"source": "APG",
					"page": 18,
					"entries": [
						"You were born in a rain forest with only tangles of trees providing protection from torrential rainstorms and flash floods. You've learned to move adeptly through jungle terrain and resist the various ailments common in humid environs. You gain a +2 circumstance bonus to {@skill Athletics} checks to {@action Climb} or {@action Swim} and a +1 circumstance bonus to saving throws against diseases."
					]
				},
				{
					"name": "Battle-Ready Orc",
					"shortName": "Battle-Ready",
					"source": "LOAG",
					"page": 49,
					"entries": [
						"You descend from a line of terrifying battlefield commanders. You become trained in {@skill Intimidation}, and you gain the {@feat Intimidating Glare} skill feat."
					]
				},
				{
					"name": "Grave Orc",
					"shortName": "Grave",
					"source": "LOAG",
					"page": 50,
					"entries": [
						"You were exposed to powerful necromantic energies that should have killed you\u2014but you survived. Your skin is cold, clammy, and gray. You gain resistance to negative damage equal to half your level (minimum 1). You also gain a +1 circumstance bonus to saving throws against {@trait necromancy} effects."
					]
				},
				{
					"name": "Winter Orc",
					"shortName": "Winter",
					"source": "LOAG",
					"page": 50,
					"entries": [
						"Your ancestors survived in cold climates. You become trained in {@skill Survival}, and you treat environmental cold effects as if they were one step less extreme (incredible cold becomes extreme, extreme cold becomes severe, and so on)."
					]
				}
			],
			"summary": {
				"text": "Orcs are proud, strong people with hardened physiques who value physical might and glory in combat.",
				"images": [
					"https://2e.aonprd.com/Images/Ancestries/Orc01.png",
					"https://2e.aonprd.com/Images/Ancestries/Orc02.png"
				]
			}
		}
	]
}
