{
	"class": [
		{
			"name": "Wizard",
			"source": "CRB",
			"page": 203,
			"keyAbility": "Intelligence",
			"hp": 6,
			"initialProficiencies": {
				"perception": "T",
				"fort": "T",
				"ref": "T",
				"will": "E",
				"skills": {
					"t": [
						{
							"skill": [
								"Arcana"
							]
						}
					],
					"add": 2
				},
				"attacks": {
					"t": [
						"the club, crossbow, dagger, heavy crossbow, and staff",
						"unarmed attacks"
					]
				},
				"defenses": {
					"u": [
						"all armor"
					],
					"t": [
						"unarmored defense"
					]
				},
				"spells": {
					"t": [
						"arcane spell attacks",
						"arcane spell DCs"
					]
				}
			},
			"advancement": {
				"classFeats": [
					2,
					4,
					6,
					8,
					10,
					12,
					14,
					16,
					18,
					20
				],
				"skillFeats": [
					2,
					4,
					6,
					8,
					10,
					12,
					14,
					16,
					18,
					20
				],
				"generalFeats": [
					3,
					7,
					11,
					15,
					19
				],
				"ancestryFeats": [
					5,
					9,
					13,
					17
				],
				"skillIncrease": [
					3,
					5,
					7,
					9,
					11,
					13,
					15,
					17,
					19
				],
				"abilityBoosts": [
					5,
					10,
					15,
					20
				]
			},
			"classFeatures": [
				"Ancestry and Background|Wizard|CRB|1",
				"Initial Proficiencies|Wizard|CRB|1",
				"Arcane Spellcasting|Wizard|CRB|1",
				{
					"classFeature": "Arcane School|Wizard|CRB|1",
					"gainSubclassFeature": true
				},
				"Arcane Bond|Wizard|CRB|1",
				{
					"classFeature": "Arcane Thesis|Wizard|CRB|1",
					"gainSubclassFeature": true
				},
				"Skill Feats|Wizard|CRB|2",
				"Wizard Feats|Wizard|CRB|2",
				"General Feats|Wizard|CRB|3",
				"Skill Increases|Wizard|CRB|3",
				"Ability Boosts|Wizard|CRB|5",
				"Ancestry Feats|Wizard|CRB|5",
				"Lightning Reflexes|Wizard|CRB|5",
				"Expert Spellcaster|Wizard|CRB|7",
				"Magical Fortitude|Wizard|CRB|9",
				"Alertness|Wizard|CRB|11",
				"Wizard Weapon Expertise|Wizard|CRB|11",
				"Defensive Robes|Wizard|CRB|13",
				"Weapon Specialization|Wizard|CRB|13",
				"Master Spellcaster|Wizard|CRB|15",
				"Resolve|Wizard|CRB|17",
				"Archwizard's Spellcraft|Wizard|CRB|19",
				"Legendary Spellcaster|Wizard|CRB|19"
			],
			"subclasses": [
				{
					"name": "Abjuration",
					"type": "Arcane School",
					"shortName": "Abjuration",
					"source": "CRB",
					"page": 207,
					"subclassFeatures": [
						"Arcane School|Wizard|CRB|Abjuration|CRB|1"
					]
				},
				{
					"name": "Conjuration",
					"type": "Arcane School",
					"shortName": "Conjuration",
					"source": "CRB",
					"page": 207,
					"subclassFeatures": [
						"Arcane School|Wizard|CRB|Conjuration|CRB|1"
					]
				},
				{
					"name": "Divination",
					"type": "Arcane School",
					"shortName": "Divination",
					"source": "CRB",
					"page": 208,
					"subclassFeatures": [
						"Arcane School|Wizard|CRB|Divination|CRB|1"
					]
				},
				{
					"name": "Enchantment",
					"type": "Arcane School",
					"shortName": "Enchantment",
					"source": "CRB",
					"page": 208,
					"subclassFeatures": [
						"Arcane School|Wizard|CRB|Enchantment|CRB|1"
					]
				},
				{
					"name": "Evocation",
					"type": "Arcane School",
					"shortName": "Evocation",
					"source": "CRB",
					"page": 208,
					"subclassFeatures": [
						"Arcane School|Wizard|CRB|Evocation|CRB|1"
					]
				},
				{
					"name": "Illusion",
					"type": "Arcane School",
					"shortName": "Illusion",
					"source": "CRB",
					"page": 208,
					"subclassFeatures": [
						"Arcane School|Wizard|CRB|Illusion|CRB|1"
					]
				},
				{
					"name": "Necromancy",
					"type": "Arcane School",
					"shortName": "Necromancy",
					"source": "CRB",
					"page": 208,
					"subclassFeatures": [
						"Arcane School|Wizard|CRB|Necromancy|CRB|1"
					]
				},
				{
					"name": "Transmutation",
					"type": "Arcane School",
					"shortName": "Transmutation",
					"source": "CRB",
					"page": 208,
					"subclassFeatures": [
						"Arcane School|Wizard|CRB|Transmutation|CRB|1"
					]
				},
				{
					"name": "Universalist",
					"type": "Arcane School",
					"shortName": "Universalist",
					"source": "CRB",
					"page": 209,
					"subclassFeatures": [
						"Arcane School|Wizard|CRB|Universalist|CRB|1"
					]
				},
				{
					"name": "Improved Familiar Attunement",
					"type": "Arcane Thesis",
					"shortName": "Improved Familiar Attunement",
					"source": "CRB",
					"page": 205,
					"subclassFeatures": [
						"Arcane Thesis|Wizard|CRB|Improved Familiar Attunement|CRB|1"
					]
				},
				{
					"name": "Metamagical Experimentation",
					"type": "Arcane Thesis",
					"shortName": "Metamagical Experimentation",
					"source": "CRB",
					"page": 205,
					"subclassFeatures": [
						"Arcane Thesis|Wizard|CRB|Metamagical Experimentation|CRB|1"
					]
				},
				{
					"name": "Spell Blending",
					"type": "Arcane Thesis",
					"shortName": "Spell Blending",
					"source": "CRB",
					"page": 206,
					"subclassFeatures": [
						"Arcane Thesis|Wizard|CRB|Spell Blending|CRB|1"
					]
				},
				{
					"name": "Spell Substitution",
					"type": "Arcane Thesis",
					"shortName": "Spell Substitution",
					"source": "CRB",
					"page": 206,
					"subclassFeatures": [
						"Arcane Thesis|Wizard|CRB|Spell Substitution|CRB|1"
					]
				},
				{
					"name": "Staff Nexus",
					"type": "Arcane Thesis",
					"shortName": "Staff Nexus",
					"source": "APG",
					"page": 142,
					"subclassFeatures": [
						"Arcane Thesis|Wizard|CRB|Staff Nexus|APG|1"
					]
				}
			],
			"classFeaturesIntro": [
				{
					"type": "pf2-h2",
					"page": 204,
					"name": "Class Features",
					"entries": [
						"You gain these abilities as a wizard. Abilities gained at higher levels list the levels next to their names."
					]
				}
			],
			"flavor": [
				"You are an eternal student of the arcane secrets of the universe, using your mastery of magic to cast powerful and devastating spells. You treat magic like a science, cross-referencing the latest texts on practical spellcraft with ancient esoteric tomes to discover and understand how magic works. Yet magical theory is vast, and there's no way you can study it all. You either specialize in one of the eight schools of magic, gaining deeper understanding of the nuances of those spells above all others, or favor a broader approach that emphasizes the way all magic comes together at the expense of depth."
			],
			"fluff": [
				{
					"type": "pf2-h3",
					"page": 203,
					"name": "During combat Encounters...",
					"entries": [
						"You likely try to stay out of the fray, carefully judging when to use your spells. You save your most powerful magic to incapacitate threatening foes and use your cantrips when only weaker foes remain. When enemies pull out tricks like invisibility or flight, you answer with spells like {@spell glitterdust} or {@spell earthbind}, leveling the field for your allies."
					]
				},
				{
					"type": "pf2-h3",
					"page": 203,
					"name": "During social encounters...",
					"entries": [
						"You provide a well of knowledge about arcane matters and solve arguments with logic."
					]
				},
				{
					"type": "pf2-h3",
					"page": 203,
					"name": "While exploring...",
					"entries": [
						"You locate magical auras and determine the arcane significance of magical writing or phenomena you uncover. When you run across an unusual obstacle to further exploration, you probably have a scroll that will make it easier to overcome."
					]
				},
				{
					"type": "pf2-h3",
					"page": 203,
					"name": "In downtime...",
					"entries": [
						"You learn new spells, craft magic items, or scribe scrolls for your party, and seek out new and exciting formulas in addition to spells. You might even forge scholarly connections and establish a school or guild of your own."
					]
				},
				{
					"type": "pf2-h3",
					"page": 203,
					"name": "You Might...",
					"entries": [
						{
							"type": "list",
							"items": [
								"Have an unquenchable intellectual curiosity about how everything in the world around you works\u2014magic in particular.",
								"Believe fervently that your school of magic is superior (if you're a specialist) or that true mastery of magic requires knowledge of all schools (if you're a universalist).",
								"Use esoteric jargon and technical terms to precisely describe the minutiae of magical effects, even though the difference is probably lost on other people."
							]
						}
					]
				},
				{
					"type": "pf2-h3",
					"page": 203,
					"name": "Others Probably...",
					"entries": [
						{
							"type": "list",
							"items": [
								"Consider you to be incredibly powerful and potentially dangerous.",
								"Fear what your magic can do to their minds, bodies, and souls, and ask that you avoid casting spells in polite company, as few can identify whether one of your spells is harmless or malevolent until it's too late.",
								"Assume you can easily solve all their problems, from dangerous weather to poor crop yields, and ask you for spells that can help them get whatever they desire."
							]
						}
					]
				}
			],
			"summary": {
				"text": "The wizard is a scholar whose reservoirs of arcane knowledge powers their wondrous spells and abilities.",
				"images": [
					"https://2e.aonprd.com/Images/Classes/Iconic_Ezren.png"
				],
				"keyAbility": "Intelligence",
				"sndAbility": "Dexterity, Constitution"
			}
		}
	],
	"classFeature": [
		{
			"name": "Ancestry and Background",
			"source": "CRB",
			"page": 204,
			"className": "Wizard",
			"classSource": "CRB",
			"level": 1,
			"entries": [
				"In addition to the abilities provided by your class at 1st level, you have the benefits of your selected ancestry and background, as described in Chapter 2."
			]
		},
		{
			"name": "Initial Proficiencies",
			"source": "CRB",
			"page": 204,
			"className": "Wizard",
			"classSource": "CRB",
			"level": 1,
			"entries": [
				"At 1st level, you gain a number of proficiencies that represent your basic training. These proficiencies are noted at the start of this class."
			]
		},
		{
			"name": "Arcane Spellcasting",
			"source": "CRB",
			"page": 204,
			"className": "Wizard",
			"classSource": "CRB",
			"level": 1,
			"entries": [
				"Through dedicated study and practice, you can harness arcane power to cast spells. You can cast arcane spells using the {@action Cast a Spell} activity, and you can supply material, somatic, and verbal components when casting spells .",
				"At 1st level, you can prepare up to two 1st-level spells and five cantrips each morning from the spells in your spellbook (see below), plus one extra cantrip and spell of your chosen school of each level you can cast if you are a specialist wizard. Prepared spells remain available to you until you cast them or until you prepare your spells again. The number of spells you can prepare is called your spell slots.",
				"As you increase in level as a wizard, your number of spell slots and the highest level of spells you can cast from spell slots increase, shown in Table 3\u201319: Wizard Spells per Day below.",
				"Some of your spells require you to attempt a spell attack roll to see how effective they are, or have your enemies roll against your spell DC (typically by attempting a saving throw). Since your key ability is Intelligence, your spell attack rolls and spell DCs use your Intelligence modifier.",
				"Details on calculating these statistics appear {@quickref here|CRB|3|Spell Attack Rolls}.",
				{
					"type": "pf2-h4",
					"page": 204,
					"name": "Heightening Spells",
					"entries": [
						"When you get spell slots of 2nd level and higher, you can fill those slots with stronger versions of lower-level spells.",
						"This increases the spell's level, heightening it to match the spell slot. Many spells have specific improvements when they are heightened to certain levels."
					]
				},
				{
					"type": "pf2-h4",
					"page": 204,
					"name": "Cantrips",
					"entries": [
						"A cantrip is a special type of spell that doesn't use spell slots. You can cast a cantrip at will, any number of times per day. A cantrip is always automatically heightened to half your level rounded up\u2014this is usually equal to the highest level of wizard spell slot you have. For example, as a 1st-level wizard, your cantrips are 1st-level spells, and as a 5th-level wizard, your cantrips are 3rd-level spells."
					]
				},
				{
					"type": "pf2-h4",
					"page": 204,
					"name": "Spellbook",
					"entries": [
						"Every arcane spell has a written version, usually recorded in a spellbook. You start with a {@item spellbook} worth 10 sp or less, which you receive for free and must study to prepare your spells each day. The spellbook contains your choice of 10 {@filter arcane cantrips|spells||spell type=cantrip|tradition & spell list=arcane|rarity=common} and five {@filter 1st-level arcane spells|spells||spell type=spell;!cantrip|level=1|tradition & spell list=arcane|rarity=common}. You choose these from the common spells on the arcane spell list or from other arcane spells you gain access to.",
						"Your spellbook's form and name are up to you. It might be a musty, leather-bound tome or an assortment of thin metal disks connected to a brass ring; its name might be {@i esoteric, like The Crimson Libram, or something more academic, like A Field Study in Practical Transmutation.}",
						"Each time you gain a level, you add two more arcane spells to your spellbook, of any level of spell you can cast.",
						"You can also use the {@skill Arcana} skill to add other spells that you find in your adventures, as described in the {@action Learn a Spell} and {@action Borrow an Arcane Spell} activities."
					]
				},
				{
					"type": "table",
					"minimizeTo": [
						0,
						1
					],
					"name": "Wizard Spells per Day",
					"id": "3-19",
					"spans": [
						[
							[
								1,
								2
							],
							[
								2,
								13
							]
						]
					],
					"labelRowIdx": [
						0,
						1
					],
					"cellStyles": [
						{
							"row": 0,
							"col": 1,
							"style": "text-center"
						}
					],
					"colStyles": [
						"",
						"text-center",
						"text-center",
						"text-center",
						"text-center",
						"text-center",
						"text-center",
						"text-center",
						"text-center",
						"text-center",
						"text-center",
						"text-center"
					],
					"footnotes": [
						"* The archwizard's spellcraft class feature gives you a 10th-level spell slot that works a bit differently from other spell slots."
					],
					"rows": [
						[
							"Your",
							"Spell Level"
						],
						[
							"Level",
							"Cantrips",
							"1st",
							"2nd",
							"3rd",
							"4th",
							"5th",
							"6th",
							"7th",
							"8th",
							"9th",
							"10th"
						],
						[
							1,
							5,
							2,
							"\u2014",
							"\u2014",
							"\u2014",
							"\u2014",
							"\u2014",
							"\u2014",
							"\u2014",
							"\u2014",
							"\u2014"
						],
						[
							2,
							5,
							3,
							"\u2014",
							"\u2014",
							"\u2014",
							"\u2014",
							"\u2014",
							"\u2014",
							"\u2014",
							"\u2014",
							"\u2014"
						],
						[
							3,
							5,
							3,
							2,
							"\u2014",
							"\u2014",
							"\u2014",
							"\u2014",
							"\u2014",
							"\u2014",
							"\u2014",
							"\u2014"
						],
						[
							4,
							5,
							3,
							3,
							"\u2014",
							"\u2014",
							"\u2014",
							"\u2014",
							"\u2014",
							"\u2014",
							"\u2014",
							"\u2014"
						],
						[
							5,
							5,
							3,
							3,
							2,
							"\u2014",
							"\u2014",
							"\u2014",
							"\u2014",
							"\u2014",
							"\u2014",
							"\u2014"
						],
						[
							6,
							5,
							3,
							3,
							3,
							"\u2014",
							"\u2014",
							"\u2014",
							"\u2014",
							"\u2014",
							"\u2014",
							"\u2014"
						],
						[
							7,
							5,
							3,
							3,
							3,
							2,
							"\u2014",
							"\u2014",
							"\u2014",
							"\u2014",
							"\u2014",
							"\u2014"
						],
						[
							8,
							5,
							3,
							3,
							3,
							3,
							"\u2014",
							"\u2014",
							"\u2014",
							"\u2014",
							"\u2014",
							"\u2014"
						],
						[
							9,
							5,
							3,
							3,
							3,
							3,
							2,
							"\u2014",
							"\u2014",
							"\u2014",
							"\u2014",
							"\u2014"
						],
						[
							10,
							5,
							3,
							3,
							3,
							3,
							3,
							"\u2014",
							"\u2014",
							"\u2014",
							"\u2014",
							"\u2014"
						],
						[
							11,
							5,
							3,
							3,
							3,
							3,
							3,
							2,
							"\u2014",
							"\u2014",
							"\u2014",
							"\u2014"
						],
						[
							12,
							5,
							3,
							3,
							3,
							3,
							3,
							3,
							"\u2014",
							"\u2014",
							"\u2014",
							"\u2014"
						],
						[
							13,
							5,
							3,
							3,
							3,
							3,
							3,
							3,
							2,
							"\u2014",
							"\u2014",
							"\u2014"
						],
						[
							14,
							5,
							3,
							3,
							3,
							3,
							3,
							3,
							3,
							"\u2014",
							"\u2014",
							"\u2014"
						],
						[
							15,
							5,
							3,
							3,
							3,
							3,
							3,
							3,
							3,
							2,
							"\u2014",
							"\u2014"
						],
						[
							16,
							5,
							3,
							3,
							3,
							3,
							3,
							3,
							3,
							3,
							"\u2014",
							"\u2014"
						],
						[
							17,
							5,
							3,
							3,
							3,
							3,
							3,
							3,
							3,
							3,
							2,
							"\u2014"
						],
						[
							18,
							5,
							3,
							3,
							3,
							3,
							3,
							3,
							3,
							3,
							3,
							"\u2014"
						],
						[
							19,
							5,
							3,
							3,
							3,
							3,
							3,
							3,
							3,
							3,
							3,
							"1*"
						],
						[
							20,
							5,
							3,
							3,
							3,
							3,
							3,
							3,
							3,
							3,
							3,
							"1*"
						]
					]
				}
			]
		},
		{
			"name": "Arcane School",
			"source": "CRB",
			"page": 204,
			"className": "Wizard",
			"classSource": "CRB",
			"subclasses": "Arcane School",
			"level": 1,
			"type": "Arcane School",
			"entries": [
				"Many arcane spellcasters delve deeply into a single school of magic in an attempt to master its secrets. If you want to be a specialist wizard, choose a school in which to specialize. You gain additional spells and spell slots for spells of your school.",
				"If you don't choose a school, you're a universalist, a wizard who believes that the path to true knowledge of magic requires a multidisciplinary understanding of all eight schools working together. Though a universalist lacks the focus of a specialist wizard, they have greater flexibility.",
				{
					"type": "pf2-brown-box",
					"name": "Arcane Schools",
					"entries": [
						"If you specialize in an arcane school, rather than studying each school equally (as {@class Wizard||universalists|Universalist} do), you gain an extra spell slot at each spell level for which you have wizard spell slots. You can prepare only spells of your chosen arcane school in these extra slots. In addition, you can prepare an extra cantrip of your chosen school. You also add another arcane spell of your chosen school to your spellbook.",
						"You learn a school spell, a special type of spell unique to your arcane school. School spells are a type of focus spell. It costs 1 Focus Point to cast a focus spell, and you start with a focus pool of 1 Focus Point. You refill your focus pool during your daily preparations, and you can regain 1 Focus Point by spending 10 minutes using the {@action Refocus} activity to study your spellbook or conduct arcane research.",
						"Focus spells are automatically heightened to half your level rounded up. Focus spells don't require spell slots, nor can you cast them using spell slots. Certain feats can give you more focus spells and increase the size of your focus pool, though your focus pool can never hold more than 3 Focus Points. The full rules for focus spells appear {@quickref here|crb|2|focus spells}."
					]
				}
			]
		},
		{
			"name": "Arcane Bond",
			"source": "CRB",
			"page": 205,
			"className": "Wizard",
			"classSource": "CRB",
			"level": 1,
			"entries": [
				"You place some of your magical power in a bonded item.",
				"Each day when you prepare your spells, you can designate a single item you own as your bonded item. This is typically an item associated with spellcasting, such as a wand, ring, or staff, but you are free to designate a weapon or other item. You gain the {@action Drain Bonded Item} free action.",
				{
					"type": "data",
					"tag": "action",
					"name": "Drain Bonded Item",
					"source": "CRB"
				}
			]
		},
		{
			"name": "Arcane Thesis",
			"source": "CRB",
			"page": 205,
			"className": "Wizard",
			"classSource": "CRB",
			"subclasses": "Arcane Thesis",
			"level": 1,
			"type": "Arcane Thesis",
			"entries": [
				"During your studies to become a full-fledged wizard, you produced a thesis of unique magical research on one of a variety of topics. You gain a special benefit depending on the topic of your thesis research. The arcane thesis topics presented in this book are below; your specific thesis probably has a much longer and more technical title like \"On the Methods of Spell Interpolation and the Genesis of a New Understanding of the Building Blocks of Magic.\""
			]
		},
		{
			"name": "Skill Feats",
			"page": 206,
			"source": "CRB",
			"className": "Wizard",
			"classSource": "CRB",
			"level": 2,
			"entries": [
				"At 2nd level and every 2 levels thereafter, you gain a {@filter skill feat|feats||type=skill;!archetype}. You must be trained or better in the corresponding skill to select a skill feat."
			]
		},
		{
			"name": "Wizard Feats",
			"page": 206,
			"source": "CRB",
			"className": "Wizard",
			"classSource": "CRB",
			"level": 2,
			"entries": [
				"At 2nd level and every even-numbered level thereafter, you gain a {@filter wizard class feat|feats||type=class|Class=wizard|level=[1;2]}."
			]
		},
		{
			"name": "General Feats",
			"page": 206,
			"source": "CRB",
			"className": "Wizard",
			"classSource": "CRB",
			"level": 3,
			"entries": [
				"At 3rd level and every 4 levels thereafter, you gain a {@filter general feat|feats||type=general|level=[1;3]}."
			]
		},
		{
			"name": "Skill Increases",
			"page": 206,
			"source": "CRB",
			"className": "Wizard",
			"classSource": "CRB",
			"level": 3,
			"entries": [
				"At 3rd level and every 2 levels thereafter, you gain a skill increase. You can use this increase either to increase your proficiency rank to trained in one skill you're untrained in, or to increase your proficiency rank in one skill in which you're already trained to expert.",
				"At 7th level, you can use skill increases to increase your proficiency rank to master in a skill in which you're already an expert, and at 15th level, you can use them to increase your proficiency rank to legendary in a skill in which you're already a master."
			]
		},
		{
			"name": "Ability Boosts",
			"source": "CRB",
			"page": 207,
			"className": "Wizard",
			"classSource": "CRB",
			"level": 5,
			"entries": [
				"At 5th level and every 5 levels thereafter, you boost four different ability scores. You can use these ability boosts to increase your ability scores above 18. Boosting an ability score increases it by 1 if it's already 18 or above, or by 2 if it starts out below 18."
			]
		},
		{
			"name": "Ancestry Feats",
			"source": "CRB",
			"page": 207,
			"className": "Wizard",
			"classSource": "CRB",
			"level": 5,
			"entries": [
				"In addition to the ancestry feat you started with, you gain an {@filter ancestry feat|feats||type=ancestry} at 5th level and every 4 levels thereafter.",
				"The list of ancestry feats available to you can be found in your ancestry's entry in Chapter 2."
			]
		},
		{
			"name": "Lightning Reflexes",
			"source": "CRB",
			"page": 207,
			"className": "Wizard",
			"classSource": "CRB",
			"level": 5,
			"entries": [
				"Your reflexes are lightning fast. Your proficiency rank for Reflex saves increases to expert."
			]
		},
		{
			"name": "Expert Spellcaster",
			"source": "CRB",
			"page": 207,
			"className": "Wizard",
			"classSource": "CRB",
			"level": 7,
			"entries": [
				"Extended practice of the arcane has improved your capabilities. Your proficiency ranks for arcane spell attack rolls and spell DCs increase to expert."
			]
		},
		{
			"name": "Magical Fortitude",
			"source": "CRB",
			"page": 207,
			"className": "Wizard",
			"classSource": "CRB",
			"level": 9,
			"entries": [
				"Magical power has improved your body's resiliency. Your proficiency rank for Fortitude saves increases to expert."
			]
		},
		{
			"name": "Alertness",
			"source": "CRB",
			"page": 207,
			"className": "Wizard",
			"classSource": "CRB",
			"level": 11,
			"entries": [
				"You remain alert to threats around you. Your proficiency rank for {@skill Perception} increases to expert."
			]
		},
		{
			"name": "Wizard Weapon Expertise",
			"source": "CRB",
			"page": 207,
			"className": "Wizard",
			"classSource": "CRB",
			"level": 11,
			"entries": [
				"Through a combination of magic and training, you've learned how to wield wizard weapons more effectively.",
				"You gain expert proficiency in the club, crossbow, dagger, heavy crossbow, and staff."
			]
		},
		{
			"name": "Defensive Robes",
			"source": "CRB",
			"page": 207,
			"className": "Wizard",
			"classSource": "CRB",
			"level": 13,
			"entries": [
				"The flow of magic and your training combine to help you avoid attacks. Your proficiency rank in unarmored defense increases to expert."
			]
		},
		{
			"name": "Weapon Specialization",
			"source": "CRB",
			"page": 207,
			"className": "Wizard",
			"classSource": "CRB",
			"level": 13,
			"entries": [
				"You've learned how to inflict greater injuries with the weapons you know best. You deal an additional 2 damage with weapons and unarmed attacks in which you are an expert. This damage increases to 3 if you're a master, and 4 if you're legendary."
			]
		},
		{
			"name": "Master Spellcaster",
			"source": "CRB",
			"page": 207,
			"className": "Wizard",
			"classSource": "CRB",
			"level": 15,
			"entries": [
				"You command superlative spellcasting ability. Your proficiency ranks for arcane spell attack rolls and spell DCs increase to master."
			]
		},
		{
			"name": "Resolve",
			"source": "CRB",
			"page": 207,
			"className": "Wizard",
			"classSource": "CRB",
			"level": 17,
			"entries": [
				"You've steeled your mind with resolve. Your proficiency rank for Will saves increases to master. When you roll a success at a Will save, you get a critical success instead."
			]
		},
		{
			"name": "Archwizard's Spellcraft",
			"source": "CRB",
			"page": 207,
			"className": "Wizard",
			"classSource": "CRB",
			"level": 19,
			"entries": [
				"You command the most potent arcane magic and can {@action Cast a Spell} of truly incredible power. You gain a single 10th-level spell slot and can prepare a spell in that slot using arcane spellcasting. You can't use this spell slot for abilities that let you cast spells without expending spell slots or that give you more spell slots. Unlike with other spell slots, you don't gain more 10th-level spells as you level up, though you can take the {@feat Archwizard's Might} feat to gain a second slot."
			]
		},
		{
			"name": "Legendary Spellcaster",
			"page": 207,
			"source": "CRB",
			"className": "Wizard",
			"classSource": "CRB",
			"level": 19,
			"entries": [
				"You are a consummate spellcaster, with a comprehensive understanding of both arcane theory and practical spellcraft. Your proficiency ranks for arcane spell attack rolls and spell DCs increase to legendary."
			]
		}
	],
	"subclassFeature": [
		{
			"name": "Arcane School",
			"page": 207,
			"source": "CRB",
			"className": "Wizard",
			"classSource": "CRB",
			"subclassShortName": "Abjuration",
			"subclassSource": "CRB",
			"level": 1,
			"entries": [
				{
					"name": "Abjuration",
					"type": "pf2-h4",
					"entries": [
						"As an abjurer, you master the art of protection, strengthening defenses, preventing attacks, and even turning magic against itself. You understand that an ounce of prevention is worth a pound of cure. You add one {@filter 1st-level abjuration spell|spells||tradition & spell list=arcane|school=a|level=1} (such as {@i {@spell feather fall}}) to your spellbook. You learn the {@spell protective ward} school spell."
					]
				}
			]
		},
		{
			"name": "Arcane School",
			"source": "CRB",
			"page": 207,
			"className": "Wizard",
			"classSource": "CRB",
			"subclassShortName": "Conjuration",
			"subclassSource": "CRB",
			"level": 1,
			"entries": [
				{
					"type": "pf2-h4",
					"name": "Conjuration",
					"entries": [
						"As a conjurer, you summon creatures and objects from places beyond, and use magic to transport to distant locales. You understand that the true key to victory is strength in numbers. You add one {@filter 1st-level conjuration spell|spells||tradition & spell list=arcane|school=c|level=1} (such as {@i {@spell summon animal}}) to your spellbook. You learn the {@spell augment summoning} school spell."
					]
				}
			]
		},
		{
			"name": "Arcane School",
			"source": "CRB",
			"page": 208,
			"className": "Wizard",
			"classSource": "CRB",
			"subclassShortName": "Divination",
			"subclassSource": "CRB",
			"level": 1,
			"entries": [
				{
					"type": "pf2-h4",
					"name": "Divination",
					"entries": [
						"As a diviner, you master remote viewing and prescience, learning information that can transform investigations, research, and battle strategies. You understand that knowledge is power. You add one {@filter 1st-level divination spell|spells||tradition & spell list=arcane|school=d|level=1} spell (such as {@i {@spell true strike}}) to your spellbook. You learn the {@spell diviner's sight} school spell."
					]
				}
			]
		},
		{
			"name": "Arcane School",
			"source": "CRB",
			"page": 208,
			"className": "Wizard",
			"classSource": "CRB",
			"subclassShortName": "Enchantment",
			"subclassSource": "CRB",
			"level": 1,
			"entries": [
				{
					"type": "pf2-h4",
					"name": "Enchantment",
					"entries": [
						"As an enchanter, you use magic to manipulate others' minds. You might use your abilities to subtly influence others or seize control over them. You understand that the mind surpasses matter. You add one {@filter 1st-level enchantment spell|spells||tradition & spell list=arcane|school=e|level=1} (such as {@i {@spell charm}}) to your spellbook. You learn the {@spell charming words} school spell."
					]
				}
			]
		},
		{
			"name": "Arcane School",
			"source": "CRB",
			"page": 208,
			"className": "Wizard",
			"classSource": "CRB",
			"subclassShortName": "Evocation",
			"subclassSource": "CRB",
			"level": 1,
			"entries": [
				{
					"type": "pf2-h4",
					"name": "Evocation",
					"entries": [
						"As an evoker, you revel in the raw power of magic, using it to create and destroy with ease.",
						"You can call forth elements, forces, and energy to devastate your foes or to assist you in other ways. You understand that the most direct approach is the most elegant. You add one {@filter 1st-level evocation spell|spells||tradition & spell list=arcane|school=v|level=1} (such as {@i {@spell shocking grasp}}) to your spellbook. You learn the {@spell force bolt} school spell."
					]
				}
			]
		},
		{
			"name": "Arcane School",
			"source": "CRB",
			"page": 208,
			"className": "Wizard",
			"classSource": "CRB",
			"subclassShortName": "Illusion",
			"subclassSource": "CRB",
			"level": 1,
			"entries": [
				{
					"type": "pf2-h4",
					"name": "Illusion",
					"entries": [
						"As an illusionist, you use magic to create images, figments, and phantasms to baffle your enemies. You understand that perception is reality. You add one {@filter 1st-level illusion spell|spells||tradition & spell list=arcane|school=i|level=1} (such as {@i {@spell illusory object}}) to your spellbook. You learn the {@spell warped terrain} school spell."
					]
				}
			]
		},
		{
			"name": "Arcane School",
			"source": "CRB",
			"page": 208,
			"className": "Wizard",
			"classSource": "CRB",
			"subclassShortName": "Necromancy",
			"subclassSource": "CRB",
			"level": 1,
			"entries": [
				{
					"type": "pf2-h4",
					"name": "Necromancy",
					"entries": [
						"As a necromancer, you call upon the powers of life and death. While your school is often vilified for its association with raising the undead, you understand that control over life also means control over healing. You add one {@filter 1st-level necromancy spell|spells||tradition & spell list=arcane|school=n|level=1} (such as {@i {@spell grim tendrils}}) to your spellbook. You learn the {@spell call of the grave} school spell."
					]
				}
			]
		},
		{
			"name": "Arcane School",
			"source": "CRB",
			"page": 208,
			"className": "Wizard",
			"classSource": "CRB",
			"subclassShortName": "Transmutation",
			"subclassSource": "CRB",
			"level": 1,
			"entries": [
				{
					"type": "pf2-h4",
					"name": "Transmutation",
					"entries": [
						"As a transmuter, you alter the physical properties of things, transforming creatures, objects, the natural world, and even yourself at your whim. You understand that change is inevitable. You add one {@filter 1st-level transmutation spell|spells||tradition & spell list=arcane|school=t|level=1} (such as {@i {@spell magic weapon}}) to your spellbook. You learn the {@spell physical boost} school spell."
					]
				}
			]
		},
		{
			"name": "Arcane School",
			"source": "CRB",
			"page": 209,
			"className": "Wizard",
			"classSource": "CRB",
			"subclassShortName": "Universalist",
			"subclassSource": "CRB",
			"level": 1,
			"entries": [
				{
					"type": "pf2-h2",
					"name": "Universalist",
					"entries": [
						"Instead of specializing narrowly in an arcane school, you can become a universalist wizard\u2014by studying all the schools equally, you devote yourself to understanding the full breadth of the arcane arts. For each level of spell you can cast, you can use {@action Drain Bonded item} once per day to recall a spell of that level (instead of using it only once per day in total). You gain an extra {@filter wizard class feat|feats||type=class|Class=wizard|level=[1;1]}, and you add one {@filter 1st-level spell|spells||tradition & spell list=arcane|level=1} of your choice to your spellbook."
					]
				}
			]
		},
		{
			"name": "Arcane Thesis",
			"source": "CRB",
			"page": 205,
			"className": "Wizard",
			"classSource": "CRB",
			"subclassShortName": "Improved Familiar Attunement",
			"subclassSource": "CRB",
			"level": 1,
			"entries": [
				{
					"type": "pf2-h4",
					"name": "Improved Familiar Attunement",
					"entries": [
						"You've long held that fine-tuning the magic that bonds wizard and familiar can improve the mystic connection, compared to the safe yet generic bond most wizards currently use. You've formed such a pact with your familiar, gaining more advantages from it than most wizards. You gain the {@feat Familiar (Wizard)|CRB|Familiar} wizard feat as a bonus feat. Your familiar gains an extra ability, and it gains an additional extra ability when you reach 6th, 12th, and 18th levels.",
						"Your connection with your familiar alters your arcane bond class feature so that you store your magical energy in your familiar, rather than an item you own; you also gain the Drain Familiar free action instead of {@action Drain Bonded Item}. Drain Familiar can be used any time an ability would allow you to use {@action Drain Bonded Item} and functions identically, except that you draw magic from your familiar instead of an item."
					]
				}
			]
		},
		{
			"name": "Arcane Thesis",
			"source": "CRB",
			"page": 205,
			"className": "Wizard",
			"classSource": "CRB",
			"subclassShortName": "Metamagical Experimentation",
			"subclassSource": "CRB",
			"level": 1,
			"entries": [
				{
					"type": "pf2-h4",
					"name": "Metamagical Experimentation",
					"entries": [
						"You've realized that the practice known as metamagic is a holdover from a time long ago, when wizards had to work out their own spells and variations rather than rely on spells recorded by others and passed down over the years. This allows you efficient access to various metamagic effects.",
						"You gain a {@filter 1st-level metamagic wizard feat|feats||general=metamagic|Class=wizard|level=[1;1]} as a bonus feat. Starting at 4th level, during your daily preparations, you can gain a metamagic wizard feat of your choice that has a level requirement of no more than half your level, which you can use until your next daily preparations."
					]
				}
			]
		},
		{
			"name": "Arcane Thesis",
			"source": "CRB",
			"page": 206,
			"className": "Wizard",
			"classSource": "CRB",
			"subclassShortName": "Spell Blending",
			"subclassSource": "CRB",
			"level": 1,
			"entries": [
				{
					"type": "pf2-h4",
					"name": "Spell Blending",
					"entries": [
						"You theorize that spell slots are a shorthand for an underlying energy that powers all spellcasting, and you've found a way to tinker with the hierarchy of spell slots, combining them to fuel more powerful spells.",
						"When you make your daily preparations, you can trade two spell slots of the same level for a bonus spell slot of up to 2 levels higher than the traded spell slots. You can exchange as many spell slots as you have available.",
						"Bonus spell slots must be of a level you can normally cast, and each bonus spell slot must be of a different spell level. You can also trade any spell slot for two additional cantrips, though you cannot trade more than one spell slot at a time for additional cantrips in this way."
					]
				}
			]
		},
		{
			"name": "Arcane Thesis",
			"source": "CRB",
			"page": 206,
			"className": "Wizard",
			"classSource": "CRB",
			"subclassShortName": "Spell Substitution",
			"subclassSource": "CRB",
			"level": 1,
			"entries": [
				{
					"type": "pf2-h4",
					"name": "Spell Substitution",
					"entries": [
						"You don't accept the fact that once spells are prepared, they can't be changed until your next daily preparation, and you have uncovered a shortcut allowing you to substitute new spells for those you originally prepared.",
						"You can spend 10 minutes to empty one of your prepared spell slots and prepare a different spell from your spellbook in its place. If you are interrupted during such a swap, the original spell remains prepared and can still be cast. You can try again to swap out the spell later, but you must start the process over again."
					]
				}
			]
		},
		{
			"name": "Arcane Thesis",
			"source": "APG",
			"page": 142,
			"className": "Wizard",
			"classSource": "CRB",
			"subclassShortName": "Staff Nexus",
			"subclassSource": "APG",
			"level": 1,
			"entries": [
				{
					"type": "pf2-h4",
					"name": "Staff Nexus",
					"entries": [
						"Your thesis maintains that early and intense adoption of staves from the first days of study can create a symbiotic bond between spellcaster and staff, allowing them to create remarkable magic together. You've formed such a connection with a makeshift staff you built, and you are ready to infuse any staff you encounter with greater power.",
						"You begin play with a makeshift staff of your own invention. It contains one cantrip and one 1st-level spell, both from your spellbook, but it gains no charges normally during your preparations; you must expend a spell slot to grant it charges in the same way you would add additional charges to a normal staff. You can {@action Craft} your makeshift staff into any other type of staff for the new staff's usual cost, adding the two spells you originally chose to the staff you {@action Craft}.",
						"At 8th level, you can expend two spells instead of one when preparing your staff, adding additional charges equal to the combined levels of the expended spells. At 16th level, you can expend up to a total of three spells to add charges to the staff, adding additional charges equal to the combined levels of all three spells."
					]
				}
			]
		}
	]
}
