{
	"creature": [
		{
			"name": "Aigamuxa",
			"source": "LOME",
			"page": 293,
			"level": 8,
			"traits": [
				"uncommon",
				"ce",
				"large",
				"giant",
				"humanoid"
			],
			"perception": {
				"std": 19
			},
			"senses": [
				{
					"type": "imprecise",
					"name": "scent",
					"range": 30
				}
			],
			"languages": {
				"languages": [
					"mwangi"
				]
			},
			"skills": {
				"athletics": {
					"std": 18
				},
				"intimidation": {
					"std": 16
				},
				"stealth": {
					"std": 14,
					"in deserts": 18
				}
			},
			"abilityMods": {
				"str": 6,
				"dex": 4,
				"con": 6,
				"int": -2,
				"wis": 3,
				"cha": 0
			},
			"speed": {
				"walk": 30
			},
			"attacks": [
				{
					"range": "Melee",
					"name": "claw",
					"attack": 20,
					"traits": [
						"agile",
						"reach <10 feet>"
					],
					"effects": [
						"Grab"
					],
					"damage": "{@damage 2d8+9} slashing plus Grab",
					"types": [
						"slashing"
					]
				},
				{
					"range": "Melee",
					"name": "jaws",
					"attack": 20,
					"damage": "{@damage 2d12+9} piercing",
					"types": [
						"piercing"
					]
				}
			],
			"abilities": {
				"top": [
					{
						"entries": [
							"An aigamuxa's eyes are located on the bottom of their feet, making it difficult for them to see.",
							"An aigamuxa is typically blind. If they {@action Seek}, they can see normally until the end of their turn."
						],
						"name": "Limited Vision"
					},
					{
						"entries": [
							"If an aigamuxa takes damage from {@action Stride||Striding} or {@action Step||Stepping} into hazardous terrain or a square with similar grounded hazards (such as caltrops), they can't {@action Seek} until the end of their next turn."
						],
						"name": "Weak Feet"
					}
				],
				"bot": [
					{
						"activity": {
							"number": 2,
							"unit": "action"
						},
						"requirements": "The aigamuxa is Hiding in dirt, sand, or another soft surface",
						"entries": [
							"The aigamuxa makes a claw {@action Strike} against a creature within reach. On a hit, the aigamuxa automatically Grabs the creature. Whether or not they hit, the aigamuxa then {@action Stride||Strides}. If they have a creature {@condition grabbed}, the creature moves with the aigamuxa."
						],
						"name": "Burrowed Ambush"
					},
					{
						"activity": {
							"number": 2,
							"unit": "action"
						},
						"requirements": "The aigamuxa is standing on dirt, sand, or another soft surface",
						"entries": [
							"The aigamuxa quickly digs into the surface and Hides. They leave their feet partially exposed, allowing them to see out from the surface. The aigamuxa can hold their breath for up to 10 minutes while hiding in this way."
						],
						"name": "Burrowing Concealment"
					},
					{
						"activity": {
							"number": 1,
							"unit": "action"
						},
						"traits": [
							"attack"
						],
						"entries": [
							"Small, {@damage 2d12+4} bludgeoning, Rupture 22."
						],
						"name": "Swallow Whole",
						"generic": {
							"tag": "ability"
						}
					},
					{
						"entries": [
							"Stories say aigamuxas were once giants who entered into a wager with Lamashtu, claiming they could stand on their hands longer than any other creature. Lamashtu produced a simple chimpanzee, pointed to its feet and called them hands. The giants could not hold their positions and fell. Lamashtu moved their eyes to their feet and told them, \"If you wish to boast of your ability, let this be your blessing.\""
						],
						"name": "The First Aigamuxas"
					}
				]
			},
			"defenses": {
				"ac": {
					"std": 27
				},
				"savingThrows": {
					"fort": {
						"std": 19
					},
					"ref": {
						"std": 16
					},
					"will": {
						"std": 13
					}
				},
				"hp": [
					{
						"hp": 140
					}
				]
			},
			"hasImages": true
		},
		{
			"name": "Anadi Elder",
			"source": "LOME",
			"page": 292,
			"level": 6,
			"traits": [
				"uncommon",
				"cg",
				"medium",
				"anadi",
				"humanoid"
			],
			"perception": {
				"std": 15
			},
			"languages": {
				"languages": [
					"anadi",
					"mwangi"
				]
			},
			"skills": {
				"athletics": {
					"std": 15,
					"to Climb in hybrid or spider form": 17
				},
				"crafting": {
					"std": 13
				},
				"deception": {
					"std": 13
				},
				"diplomacy": {
					"std": 11
				},
				"nature": {
					"std": 15
				},
				"society": {
					"std": 11
				},
				"survival": {
					"std": 13
				}
			},
			"abilityMods": {
				"str": 2,
				"dex": 4,
				"con": 0,
				"int": 1,
				"wis": 4,
				"cha": 2
			},
			"items": [
				"composite longbow (20 arrows)",
				"hide armor",
				"shortsword"
			],
			"speed": {
				"walk": 25,
				"climb": 25
			},
			"attacks": [
				{
					"range": "Melee",
					"name": "shortsword",
					"attack": 15,
					"traits": [
						"agile",
						"finesse",
						"versatile <s>"
					],
					"damage": "{@damage 2d6+6} piercing",
					"types": [
						"piercing"
					]
				},
				{
					"range": "Melee",
					"name": "fangs",
					"attack": 16,
					"traits": [
						"finesse"
					],
					"effects": [
						"anadi venom"
					],
					"damage": "{@damage 2d6+6} piercing plus anadi venom",
					"types": [
						"piercing"
					]
				},
				{
					"range": "Ranged",
					"name": "composite longbow",
					"attack": 16,
					"traits": [
						"deadly <d10>",
						"propulsive",
						"range increment <100 feet>",
						"reload <0>",
						"volley <30 feet>"
					],
					"damage": "{@damage 1d8+1} piercing",
					"types": [
						"piercing"
					]
				}
			],
			"spellcasting": [
				{
					"type": "Innate",
					"tradition": "arcane",
					"DC": 24,
					"attack": 16,
					"entry": {
						"0": {
							"level": 3,
							"spells": [
								{
									"name": "detect magic"
								},
								{
									"name": "electric arc"
								},
								{
									"name": "ghost sound"
								},
								{
									"name": "mage hand"
								},
								{
									"name": "message"
								}
							]
						},
						"1": {
							"spells": [
								{
									"name": "color spray"
								},
								{
									"name": "illusory disguise"
								},
								{
									"name": "illusory object"
								}
							]
						},
						"2": {
							"spells": [
								{
									"name": "blur"
								},
								{
									"name": "invisibility"
								},
								{
									"name": "mirror image"
								}
							]
						},
						"3": {
							"spells": [
								{
									"name": "hypnotic pattern"
								},
								{
									"name": "invisibility sphere"
								}
							]
						}
					}
				}
			],
			"abilities": {
				"bot": [
					{
						"type": "affliction",
						"traits": [
							"poison"
						],
						"DC": 22,
						"savingThrow": "Fortitude",
						"maxDuration": "6 rounds",
						"stages": [
							{
								"stage": 1,
								"entry": "{@damage 2d6} poison damage and {@condition flat-footed}",
								"duration": "1 round"
							},
							{
								"stage": 2,
								"entry": "{@damage 2d6} poison damage, {@condition flat-footed}, and {@condition clumsy 1}",
								"duration": "1 round"
							}
						],
						"name": "Anadi Venom"
					},
					{
						"activity": {
							"number": 1,
							"unit": "action"
						},
						"traits": [
							"arcane",
							"concentrate",
							"polymorph",
							"transmutation"
						],
						"entries": [
							"The anadi changes into their hybrid form, spider form, or human form. The above statistics assume the anadi is in their hybrid form. While in their human form, the anadi hunter can't use their fangs attack and loses their climb Speed. When in spider form, they can't use weapons."
						],
						"name": "Change Shape",
						"generic": {
							"tag": "ability"
						}
					},
					{
						"entries": [
							"By spending several minutes, an anadi can produce silk to craft items made of cloth. A single anadi can produce enough silk in a day to craft a single garment."
						],
						"name": "Spin Silk",
						"traits": [
							"concentrate",
							"exploration",
							"manipulate"
						]
					}
				]
			},
			"defenses": {
				"ac": {
					"std": 23
				},
				"savingThrows": {
					"fort": {
						"std": 11
					},
					"ref": {
						"std": 14
					},
					"will": {
						"std": 17
					}
				},
				"hp": [
					{
						"hp": 95
					}
				]
			},
			"hasImages": true
		},
		{
			"name": "Anadi Hunter",
			"source": "LOME",
			"page": 291,
			"level": 2,
			"traits": [
				"uncommon",
				"cg",
				"medium",
				"anadi",
				"humanoid"
			],
			"perception": {
				"std": 9
			},
			"languages": {
				"languages": [
					"anadi",
					"mwangi"
				]
			},
			"skills": {
				"acrobatics": {
					"std": 8
				},
				"athletics": {
					"std": 6
				},
				"crafting": {
					"std": 6,
					"to weaving": 10
				},
				"nature": {
					"std": 5
				},
				"stealth": {
					"std": 8
				}
			},
			"abilityMods": {
				"str": 2,
				"dex": 4,
				"con": 2,
				"int": 0,
				"wis": 1,
				"cha": 0
			},
			"items": [
				"composite shortbow (20 arrows)",
				"leather armor",
				"shortsword"
			],
			"speed": {
				"walk": 25,
				"climb": 25
			},
			"attacks": [
				{
					"range": "Melee",
					"name": "shortsword",
					"attack": 9,
					"traits": [
						"agile",
						"finesse",
						"versatile <s>"
					],
					"damage": "{@damage 1d6+4} piercing",
					"types": [
						"piercing"
					]
				},
				{
					"range": "Melee",
					"name": "fangs",
					"attack": 9,
					"traits": [
						"finesse"
					],
					"effects": [
						"anadi venom"
					],
					"damage": "{@damage 1d8+4} piercing plus anadi venom",
					"types": [
						"piercing"
					]
				},
				{
					"range": "Ranged",
					"name": "composite shortbow",
					"attack": 9,
					"traits": [
						"deadly <d10>",
						"propulsive",
						"range increment <60 feet>",
						"reload <0>"
					],
					"damage": "{@damage 1d6+4} piercing",
					"types": [
						"piercing"
					]
				}
			],
			"abilities": {
				"bot": [
					{
						"type": "affliction",
						"traits": [
							"poison"
						],
						"DC": 15,
						"savingThrow": "Fortitude",
						"maxDuration": "4 rounds",
						"stages": [
							{
								"stage": 1,
								"entry": "{@damage 1d6} poison damage and {@condition flat-footed}",
								"duration": "1 round"
							},
							{
								"stage": 2,
								"entry": "{@damage 1d6} poison damage, {@condition flat-footed}, and {@condition clumsy 1}",
								"duration": "1 round"
							}
						],
						"name": "Anadi Venom"
					},
					{
						"activity": {
							"number": 1,
							"unit": "action"
						},
						"traits": [
							"arcane",
							"concentrate",
							"polymorph",
							"transmutation"
						],
						"entries": [
							"The anadi changes into their hybrid form, spider form, or human form. The above statistics assume the anadi is in their hybrid form. While in their human form, the anadi hunter can't use their fangs attack and loses their climb Speed. When in spider form, they can't use weapons."
						],
						"name": "Change Shape",
						"generic": {
							"tag": "ability"
						}
					},
					{
						"traits": [
							"concentrate",
							"exploration",
							"manipulate"
						],
						"entries": [
							"By spending several minutes, an anadi can produce silk to craft items made of cloth. A single anadi can produce enough silk in a day to craft a single garment."
						],
						"name": "Spin Silk"
					}
				]
			},
			"defenses": {
				"ac": {
					"std": 17
				},
				"savingThrows": {
					"fort": {
						"std": 4
					},
					"ref": {
						"std": 10
					},
					"will": {
						"std": 7
					}
				},
				"hp": [
					{
						"hp": 27
					}
				]
			},
			"hasImages": true
		},
		{
			"name": "Anadi Sage",
			"source": "LOME",
			"page": 292,
			"level": 4,
			"traits": [
				"uncommon",
				"cg",
				"medium",
				"anadi",
				"humanoid"
			],
			"perception": {
				"std": 12
			},
			"languages": {
				"languages": [
					"anadi",
					"mwangi"
				]
			},
			"skills": {
				"athletics": {
					"std": 12,
					"to Climb in hybrid or spider form": 14
				},
				"crafting": {
					"std": 10
				},
				"deception": {
					"std": 8
				},
				"diplomacy": {
					"std": 10
				},
				"nature": {
					"std": 12
				},
				"survival": {
					"std": 10
				}
			},
			"abilityMods": {
				"str": 0,
				"dex": 2,
				"con": 0,
				"int": 1,
				"wis": 4,
				"cha": 2
			},
			"items": [
				"hide armor",
				"shortsword"
			],
			"speed": {
				"walk": 25,
				"climb": 25
			},
			"attacks": [
				{
					"range": "Melee",
					"name": "shortsword",
					"attack": 12,
					"traits": [
						"agile",
						"finesse",
						"versatile <s>"
					],
					"damage": "{@damage 1d6+3} piercing",
					"types": [
						"piercing"
					]
				},
				{
					"range": "Melee",
					"name": "fangs",
					"attack": 12,
					"traits": [
						"finesse"
					],
					"effects": [
						"anadi venom"
					],
					"damage": "{@damage 2d6+3} piercing plus anadi venom",
					"types": [
						"piercing"
					]
				}
			],
			"spellcasting": [
				{
					"type": "Innate",
					"tradition": "arcane",
					"DC": 21,
					"entry": {
						"0": {
							"level": 2,
							"spells": [
								{
									"name": "detect magic"
								},
								{
									"name": "ghost sound"
								},
								{
									"name": "mage hand"
								},
								{
									"name": "message"
								}
							]
						},
						"1": {
							"spells": [
								{
									"name": "color spray"
								},
								{
									"name": "illusory disguise"
								},
								{
									"name": "illusory object"
								}
							]
						},
						"2": {
							"spells": [
								{
									"name": "blur"
								},
								{
									"name": "illusory creature"
								}
							]
						}
					}
				}
			],
			"abilities": {
				"bot": [
					{
						"type": "affliction",
						"traits": [
							"poison"
						],
						"DC": 19,
						"savingThrow": "Fortitude",
						"maxDuration": "4 rounds",
						"stages": [
							{
								"stage": 1,
								"entry": "{@damage 1d6} poison damage and {@condition flat-footed}",
								"duration": "1 round"
							},
							{
								"stage": 2,
								"entry": "{@damage 1d6} poison damage, {@condition flat-footed}, and {@condition clumsy 1}",
								"duration": "1 round"
							}
						],
						"name": "Anadi Venom"
					},
					{
						"activity": {
							"number": 1,
							"unit": "action"
						},
						"traits": [
							"arcane",
							"concentrate",
							"polymorph",
							"transmutation"
						],
						"entries": [
							"The anadi changes into their hybrid form, spider form, or human form. The above statistics assume the anadi is in their hybrid form. While in their human form, the anadi hunter can't use their fangs attack and loses their climb Speed. When in spider form, they can't use weapons."
						],
						"name": "Change Shape",
						"generic": {
							"tag": "ability"
						}
					},
					{
						"entries": [
							"By spending several minutes, an anadi can produce silk to craft items made of cloth. A single anadi can produce enough silk in a day to craft a single garment."
						],
						"name": "Spin Silk",
						"traits": [
							"concentrate",
							"exploration",
							"manipulate"
						]
					}
				]
			},
			"defenses": {
				"ac": {
					"std": 20
				},
				"savingThrows": {
					"fort": {
						"std": 8
					},
					"ref": {
						"std": 11
					},
					"will": {
						"std": 14
					}
				},
				"hp": [
					{
						"hp": 58
					}
				]
			},
			"hasImages": true
		},
		{
			"name": "Asanbosam",
			"source": "LOME",
			"page": 294,
			"level": 6,
			"traits": [
				"ce",
				"large",
				"humanoid"
			],
			"perception": {
				"std": 17
			},
			"senses": [
				{
					"name": "darkvision"
				}
			],
			"languages": {
				"languages": [
					"mwangi"
				]
			},
			"skills": {
				"acrobatics": {
					"std": 13
				},
				"athletics": {
					"std": 16
				},
				"intimidation": {
					"std": 11
				},
				"stealth": {
					"std": 15
				},
				"survival": {
					"std": 13
				}
			},
			"abilityMods": {
				"str": 5,
				"dex": 4,
				"con": 2,
				"int": -3,
				"wis": 1,
				"cha": -2
			},
			"speed": {
				"walk": 35,
				"climb": 20
			},
			"attacks": [
				{
					"range": "Melee",
					"name": "cold iron jaws",
					"attack": 17,
					"traits": [
						"deadly <d8>"
					],
					"damage": "{@damage 2d8+7} piercing",
					"types": [
						"piercing"
					]
				},
				{
					"range": "Melee",
					"name": "claw",
					"attack": 17,
					"traits": [
						"agile",
						"reach <10 feet>"
					],
					"effects": [
						"Grab"
					],
					"damage": "{@damage 2d6+5} slashing plus Grab",
					"types": [
						"slashing"
					]
				}
			],
			"abilities": {
				"bot": [
					{
						"activity": {
							"number": 1,
							"unit": "action"
						},
						"requirements": "A {@condition grabbed}, {@condition paralyzed}, {@condition restrained}, {@condition unconscious}, or willing creature is within reach of the asanbosam's jaws",
						"entries": [
							"The asanbosam sinks its teeth into the creature to drink its blood. If the victim is {@condition grabbed}, this is automatic; otherwise, the asanbosam must succeed at an {@skill Athletics} check against the victim's Fortitude DC. The victim becomes {@condition drained 1} and the asanbosam regains 10 HP, gaining any excess Hit Points beyond its maximum as temporary Hit Points.",
							"These temporary Hit Points remain for 1 minute. Drinking Blood from a creature that's already {@condition drained} increases the victim's {@condition drained} value by 1 to a maximum of {@condition drained 3}, but doesn't restore any HP to the asanbosam.",
							"A victim's {@condition drained} condition decreases by 1 each week.",
							"A blood transfusion, which requires a successful DC 20 {@skill Medicine} check and a blood donor or sufficient blood, reduces the {@condition drained} value by 1 after 10 minutes."
						],
						"name": "Drink Blood"
					}
				]
			},
			"defenses": {
				"ac": {
					"std": 24
				},
				"savingThrows": {
					"fort": {
						"std": 15
					},
					"ref": {
						"std": 17
					},
					"will": {
						"std": 10
					}
				},
				"hp": [
					{
						"hp": 95
					}
				]
			},
			"hasImages": true
		},
		{
			"name": "Biloko Veteran",
			"source": "LOME",
			"page": 296,
			"level": 4,
			"traits": [
				"ne",
				"small",
				"fey"
			],
			"perception": {
				"std": 11
			},
			"senses": [
				{
					"name": "low-light vision"
				},
				{
					"type": "imprecise",
					"name": "scent",
					"range": 30
				}
			],
			"languages": {
				"languages": [
					"mwangi",
					"sylvan"
				]
			},
			"skills": {
				"athletics": {
					"std": 10
				},
				"crafting": {
					"std": 10
				},
				"intimidation": {
					"std": 12
				},
				"nature": {
					"std": 9
				},
				"stealth": {
					"std": 13
				},
				"survival": {
					"std": 11
				}
			},
			"abilityMods": {
				"str": 4,
				"dex": 4,
				"con": 0,
				"int": 0,
				"wis": 3,
				"cha": 2
			},
			"items": [
				"longspear",
				"shortbow (20 arrows)"
			],
			"speed": {
				"walk": 20
			},
			"attacks": [
				{
					"range": "Melee",
					"name": "jaws",
					"attack": 12,
					"damage": "{@damage 2d8+4} piercing",
					"types": [
						"piercing"
					]
				},
				{
					"range": "Melee",
					"name": "longspear",
					"attack": 12,
					"traits": [
						"reach <10 feet>"
					],
					"damage": "{@damage 1d8+4} piercing",
					"types": [
						"piercing"
					]
				},
				{
					"range": "Ranged",
					"name": "shortbow",
					"attack": 12,
					"traits": [
						"deadly <d10>",
						"range increment <60 feet>",
						"reload <0>"
					],
					"damage": "{@damage 1d6+4} piercing",
					"types": [
						"piercing"
					]
				}
			],
			"spellcasting": [
				{
					"type": "Innate",
					"tradition": "primal",
					"DC": 18,
					"entry": {
						"1": {
							"spells": [
								{
									"name": "charm"
								}
							]
						}
					}
				}
			],
			"abilities": {
				"mid": [
					{
						"activity": {
							"number": 1,
							"unit": "reaction"
						},
						"name": "Attack of Opportunity",
						"generic": {
							"tag": "ability"
						}
					}
				],
				"bot": [
					{
						"traits": [
							"emotion",
							"mental"
						],
						"entries": [
							"If a biloko feasts on a human corpse for 1 minute or more, they gain a +1 status bonus to attack rolls and a +2 status bonus to damage rolls for 1 hour."
						],
						"name": "Inspired Feast"
					},
					{
						"activity": {
							"number": 2,
							"unit": "action"
						},
						"entries": [
							"The veteran makes a melee {@action Strike} and compares the attack roll result to the AC of up to two foes, each of whom must be within their melee reach and adjacent to each other. Roll damage only once and apply it to each creature hit. A Swipe counts as two attacks for the biloko veteran's multiple attack penalty."
						],
						"name": "Swipe"
					}
				]
			},
			"defenses": {
				"ac": {
					"std": 21
				},
				"savingThrows": {
					"fort": {
						"std": 8
					},
					"ref": {
						"std": 14
					},
					"will": {
						"std": 11
					}
				},
				"hp": [
					{
						"hp": 58
					}
				]
			},
			"hasImages": true
		},
		{
			"name": "Biloko Warrior",
			"source": "LOME",
			"page": 296,
			"level": 1,
			"traits": [
				"ne",
				"small",
				"fey"
			],
			"perception": {
				"std": 7
			},
			"senses": [
				{
					"name": "low-light vision"
				},
				{
					"type": "imprecise",
					"name": "scent",
					"range": 30
				}
			],
			"languages": {
				"languages": [
					"mwangi",
					"sylvan"
				]
			},
			"skills": {
				"athletics": {
					"std": 7
				},
				"crafting": {
					"std": 7
				},
				"nature": {
					"std": 5
				},
				"stealth": {
					"std": 6
				},
				"survival": {
					"std": 6
				}
			},
			"abilityMods": {
				"str": 3,
				"dex": 2,
				"con": -1,
				"int": 0,
				"wis": 2,
				"cha": 1
			},
			"items": [
				"spear",
				"wooden shield (Hardness 3, HP 12, BT 6)"
			],
			"speed": {
				"walk": 20
			},
			"attacks": [
				{
					"range": "Melee",
					"name": "jaws",
					"attack": 7,
					"damage": "{@damage 1d8+3} piercing",
					"types": [
						"piercing"
					]
				},
				{
					"range": "Melee",
					"name": "spear",
					"attack": 7,
					"damage": "{@damage 1d6+3} piercing",
					"types": [
						"piercing"
					]
				},
				{
					"range": "Ranged",
					"name": "spear",
					"attack": 6,
					"traits": [
						"thrown <20 feet>"
					],
					"damage": "{@damage 1d6+3} piercing",
					"types": [
						"piercing"
					]
				}
			],
			"spellcasting": [
				{
					"type": "Innate",
					"tradition": "primal",
					"DC": 14,
					"entry": {
						"1": {
							"spells": [
								{
									"name": "charm"
								}
							]
						}
					}
				}
			],
			"abilities": {
				"mid": [
					{
						"activity": {
							"number": 1,
							"unit": "reaction"
						},
						"name": "Shield Block",
						"generic": {
							"tag": "ability"
						}
					}
				],
				"bot": [
					{
						"traits": [
							"emotion",
							"mental"
						],
						"entries": [
							"If a biloko feasts on a human corpse for 1 minute or more, they gain a +1 status bonus to attack rolls and a +2 status bonus to damage rolls for 1 hour."
						],
						"name": "Inspired Feast"
					}
				]
			},
			"defenses": {
				"ac": {
					"std": 16,
					"with shield raised": 18
				},
				"savingThrows": {
					"fort": {
						"std": 4
					},
					"ref": {
						"std": 7
					},
					"will": {
						"std": 7
					}
				},
				"hp": [
					{
						"hp": 19
					}
				]
			},
			"hasImages": true
		},
		{
			"name": "Charau-ka Acolyte Of Angazhan",
			"source": "LOME",
			"page": 298,
			"level": 3,
			"traits": [
				"ne",
				"small",
				"charau-ka",
				"humanoid"
			],
			"perception": {
				"std": 8
			},
			"senses": [
				{
					"name": "darkvision"
				},
				{
					"type": "imprecise",
					"name": "scent",
					"range": 30
				}
			],
			"languages": {
				"languages": [
					"abyssal",
					"draconic",
					"mwangi"
				]
			},
			"skills": {
				"athletics": {
					"std": 7
				},
				"intimidation": {
					"std": 7
				},
				"nature": {
					"std": 9
				},
				"religion": {
					"std": 11
				},
				"stealth": {
					"std": 7
				}
			},
			"abilityMods": {
				"str": 2,
				"dex": 2,
				"con": 1,
				"int": 0,
				"wis": 4,
				"cha": 2
			},
			"items": [
				"hide armor",
				"spear"
			],
			"speed": {
				"walk": 25,
				"climb": 25
			},
			"attacks": [
				{
					"range": "Melee",
					"name": "spear",
					"attack": 10,
					"traits": [
						"thrown <20 feet>"
					],
					"damage": "{@damage 1d6+5} piercing",
					"types": [
						"piercing"
					]
				},
				{
					"range": "Melee",
					"name": "fist",
					"attack": 10,
					"traits": [
						"agile",
						"nonlethal"
					],
					"damage": "{@damage 1d4+5} bludgeoning",
					"types": [
						"bludgeoning"
					]
				},
				{
					"range": "Ranged",
					"name": "spear",
					"attack": 10,
					"traits": [
						"deadly <d6>",
						"thrown <20 feet>"
					],
					"damage": "{@damage 1d6+5} piercing",
					"types": [
						"piercing"
					]
				},
				{
					"range": "Ranged",
					"name": "thrown debris",
					"attack": 10,
					"traits": [
						"deadly <d6>",
						"thrown <20 feet>"
					],
					"damage": "{@damage 1d6+5} bludgeoning",
					"types": [
						"bludgeoning"
					]
				}
			],
			"spellcasting": [
				{
					"type": "Prepared",
					"tradition": "divine",
					"DC": 17,
					"attack": 11,
					"entry": {
						"0": {
							"level": 2,
							"spells": [
								{
									"name": "daze"
								},
								{
									"name": "detect magic"
								},
								{
									"name": "divine lance"
								},
								{
									"name": "guidance"
								},
								{
									"name": "message"
								}
							]
						},
						"1": {
							"spells": [
								{
									"name": "fear"
								},
								{
									"name": "heal"
								},
								{
									"name": "ray of enfeeblement"
								}
							]
						},
						"2": {
							"spells": [
								{
									"name": "entangle"
								},
								{
									"name": "sound burst"
								}
							]
						}
					}
				}
			],
			"abilities": {
				"bot": [
					{
						"activity": {
							"number": 1,
							"unit": "free"
						},
						"traits": [
							"primal",
							"transmutation"
						],
						"entries": [
							"The charau-ka is {@condition quickened} until the end of their turn and can use the extra action only to {@action Stride} or {@action Strike}. While in the frenzy, the charau-ka can't speak and automatically critically fails {@skill Stealth} checks, due to their loud wailing."
						],
						"name": "Shrieking Frenzy",
						"trigger": "The charau-ka's turn begins",
						"frequency": {
							"unit": "hour",
							"number": 1
						}
					},
					{
						"entries": [
							"Any weapon a charau-ka throws gains the {@trait deadly <d6>} weapon trait. Furthermore, when a charau-ka throws an improvised weapon, they do not take the \u20132 penalty for doing so, nor does they take a penalty for using a thrown improvised weapon with the {@trait nonlethal} trait to make a lethal attack.",
							"Charau-ka aColyte of angazhan Even with the Gorilla King's fall, many charau-ka still worship the terrible might of the god Angazhan (page 133). The strongest of these acolytes guard the steps of the High Throne in Usaro, ensuring that no one without Angazhan's favor or suitable physical prowess can approach the top of the massive stone step pyramid."
						],
						"name": "Thrown Weapon Mastery"
					}
				]
			},
			"defenses": {
				"ac": {
					"std": 19
				},
				"savingThrows": {
					"fort": {
						"std": 8
					},
					"ref": {
						"std": 7
					},
					"will": {
						"std": 11
					}
				},
				"hp": [
					{
						"hp": 45
					}
				]
			},
			"hasImages": true
		},
		{
			"name": "Charau-ka Butcher",
			"source": "LOME",
			"page": 298,
			"level": 6,
			"traits": [
				"ne",
				"small",
				"charau-ka",
				"humanoid"
			],
			"perception": {
				"std": 13
			},
			"senses": [
				{
					"name": "darkvision"
				},
				{
					"type": "imprecise",
					"name": "scent",
					"range": 30
				}
			],
			"languages": {
				"languages": [
					"draconic",
					"mwangi"
				]
			},
			"skills": {
				"acrobatics": {
					"std": 11
				},
				"athletics": {
					"std": 15
				},
				"intimidation": {
					"std": 14
				},
				"religion": {
					"std": 9
				},
				"stealth": {
					"std": 13
				}
			},
			"abilityMods": {
				"str": 5,
				"dex": 3,
				"con": 3,
				"int": 0,
				"wis": 1,
				"cha": 2
			},
			"items": [
				"hide armor",
				"+1 striking trident"
			],
			"speed": {
				"walk": 25,
				"climb": 25
			},
			"attacks": [
				{
					"range": "Melee",
					"name": "trident",
					"attack": 17,
					"traits": [
						"magical"
					],
					"damage": "{@damage 2d8+8} slashing",
					"types": [
						"slashing"
					]
				},
				{
					"range": "Melee",
					"name": "fist",
					"attack": 15,
					"traits": [
						"agile",
						"nonlethal"
					],
					"damage": "{@damage 1d4+8} bludgeoning",
					"types": [
						"bludgeoning"
					]
				},
				{
					"range": "Ranged",
					"name": "trident",
					"attack": 16,
					"traits": [
						"deadly <d6>",
						"magical",
						"thrown <20 feet>"
					],
					"damage": "{@damage 2d8+6} piercing",
					"types": [
						"piercing"
					]
				},
				{
					"range": "Ranged",
					"name": "thrown debris",
					"attack": 15,
					"traits": [
						"deadly <d6>",
						"thrown <20 feet>"
					],
					"damage": "{@damage 2d6+8} bludgeoning",
					"types": [
						"bludgeoning"
					]
				}
			],
			"abilities": {
				"mid": [
					{
						"activity": {
							"number": 1,
							"unit": "reaction"
						},
						"name": "Attack of Opportunity",
						"generic": {
							"tag": "ability"
						}
					},
					{
						"activity": {
							"number": 1,
							"unit": "reaction"
						},
						"traits": [
							"manipulate"
						],
						"trigger": "The charau-ka butcher deals bleed damage to a creature",
						"entries": [
							"The charau-ka licks blood from their weapon, becoming furious. They regain 5 Hit Points and gains a +1 status bonus to attack rolls until the end of their turn."
						],
						"name": "Blood Fury"
					}
				],
				"bot": [
					{
						"entries": [
							"While the charau-ka butcher is raging, their melee {@action Strike||Strikes} deal an additional {@damage 1d4} {@condition persistent damage||persistent bleed damage}."
						],
						"name": "Mauler"
					},
					{
						"activity": {
							"number": 1,
							"unit": "action"
						},
						"entries": [
							"As the barbarian class ability; AC 22, +9 Hit Points, +2 melee damage."
						],
						"name": "Rage"
					},
					{
						"activity": {
							"number": 1,
							"unit": "free"
						},
						"traits": [
							"primal",
							"transmutation"
						],
						"entries": [
							"The charau-ka is {@condition quickened} until the end of their turn and can use the extra action only to {@action Stride} or {@action Strike}. While in the frenzy, the charau-ka can't speak and automatically critically fails {@skill Stealth} checks, due to their loud wailing."
						],
						"name": "Shrieking Frenzy",
						"trigger": "The charau-ka's turn begins",
						"frequency": {
							"unit": "hour",
							"number": 1
						}
					},
					{
						"entries": [
							"Any weapon a charau-ka throws gains the {@trait deadly <d6>} weapon trait. Furthermore, when a charau-ka throws an improvised weapon, they do not take the \u20132 penalty for doing so, nor does they take a penalty for using a thrown improvised weapon with the {@trait nonlethal} trait to make a lethal attack.",
							"Charau-ka aColyte of angazhan Even with the Gorilla King's fall, many charau-ka still worship the terrible might of the god Angazhan (page 133). The strongest of these acolytes guard the steps of the High Throne in Usaro, ensuring that no one without Angazhan's favor or suitable physical prowess can approach the top of the massive stone step pyramid."
						],
						"name": "Thrown Weapon Mastery"
					}
				]
			},
			"defenses": {
				"ac": {
					"std": 21
				},
				"savingThrows": {
					"fort": {
						"std": 16
					},
					"ref": {
						"std": 12
					},
					"will": {
						"std": 13
					}
				},
				"hp": [
					{
						"hp": 95
					}
				]
			},
			"hasImages": true
		},
		{
			"name": "Charau-ka Warrior",
			"source": "LOME",
			"page": 229977,
			"level": 1,
			"traits": [
				"ne",
				"small",
				"charau-ka",
				"humanoid"
			],
			"perception": {
				"std": 6
			},
			"senses": [
				{
					"name": "darkvision"
				},
				{
					"type": "imprecise",
					"name": "scent",
					"range": 30
				}
			],
			"languages": {
				"languages": [
					"draconic",
					"mwangi"
				]
			},
			"skills": {
				"athletics": {
					"std": 6
				},
				"religion": {
					"std": 4
				},
				"stealth": {
					"std": 6
				}
			},
			"abilityMods": {
				"str": 3,
				"dex": 3,
				"con": 2,
				"int": -1,
				"wis": 1,
				"cha": 0
			},
			"items": [
				"dagger",
				"hatchet",
				"hide armor"
			],
			"speed": {
				"walk": 25,
				"climb": 25
			},
			"attacks": [
				{
					"range": "Melee",
					"name": "hatchet",
					"attack": 7,
					"traits": [
						"agile",
						"sweep"
					],
					"damage": "{@damage 1d6+3} slashing",
					"types": [
						"slashing"
					]
				},
				{
					"range": "Melee",
					"name": "dagger",
					"attack": 7,
					"traits": [
						"agile",
						"finesse",
						"versatile <s>"
					],
					"damage": "{@damage 1d4+3} piercing",
					"types": [
						"piercing"
					]
				},
				{
					"range": "Melee",
					"name": "fist",
					"attack": 7,
					"traits": [
						"agile",
						"nonlethal"
					],
					"damage": "{@damage 1d4+3} bludgeoning",
					"types": [
						"bludgeoning"
					]
				},
				{
					"range": "Ranged",
					"name": "hatchet",
					"attack": 7,
					"traits": [
						"agile",
						"deadly <d6>",
						"sweep",
						"thrown <10 feet>"
					],
					"damage": "{@damage 1d6+3} slashing",
					"types": [
						"slashing"
					]
				},
				{
					"range": "Ranged",
					"name": "dagger",
					"attack": 7,
					"traits": [
						"agile",
						"deadly <d6>",
						"thrown <10 feet>",
						"versatile <s>"
					],
					"damage": "{@damage 1d4+3} piercing",
					"types": [
						"piercing"
					]
				},
				{
					"range": "Ranged",
					"name": "thrown debris",
					"attack": 7,
					"traits": [
						"deadly <d6>",
						"thrown <20 feet>"
					],
					"damage": "{@damage 1d6+3} bludgeoning",
					"types": [
						"bludgeoning"
					]
				}
			],
			"abilities": {
				"bot": [
					{
						"activity": {
							"number": 1,
							"unit": "free"
						},
						"traits": [
							"primal",
							"transmutation"
						],
						"trigger": "The charau-ka's turn begins",
						"frequency": {
							"unit": "hour",
							"number": 1
						},
						"entries": [
							"The charau-ka is {@condition quickened} until the end of their turn and can use the extra action only to {@action Stride} or {@action Strike}. While in the frenzy, the charau-ka can't speak and automatically critically fails {@skill Stealth} checks, due to their loud wailing."
						],
						"name": "Shrieking Frenzy"
					},
					{
						"entries": [
							"Any weapon a charau-ka throws gains the {@trait deadly <d6>} weapon trait. Furthermore, when a charau-ka throws an improvised weapon, they do not take the \u20132 penalty for doing so, nor does they take a penalty for using a thrown improvised weapon with the {@trait nonlethal} trait to make a lethal attack.",
							"Charau-ka aColyte of angazhan Even with the Gorilla King's fall, many charau-ka still worship the terrible might of the god Angazhan (page 133). The strongest of these acolytes guard the steps of the High Throne in Usaro, ensuring that no one without Angazhan's favor or suitable physical prowess can approach the top of the massive stone step pyramid."
						],
						"name": "Thrown Weapon Mastery"
					}
				]
			},
			"defenses": {
				"ac": {
					"std": 16
				},
				"savingThrows": {
					"fort": {
						"std": 7
					},
					"ref": {
						"std": 8
					},
					"will": {
						"std": 4
					}
				},
				"hp": [
					{
						"hp": 20
					}
				]
			},
			"hasImages": true
		},
		{
			"name": "Eloko",
			"source": "LOME",
			"page": 296,
			"level": 7,
			"traits": [
				"ne",
				"small",
				"fey"
			],
			"perception": {
				"std": 15
			},
			"senses": [
				{
					"name": "low-light vision"
				},
				{
					"type": "imprecise",
					"name": "scent",
					"range": 30
				}
			],
			"languages": {
				"languages": [
					"aklo",
					"mwangi",
					"sylvan"
				]
			},
			"skills": {
				"athletics": {
					"std": 18
				},
				"crafting": {
					"std": 13
				},
				"nature": {
					"std": 13
				},
				"survival": {
					"std": 13
				}
			},
			"abilityMods": {
				"str": 6,
				"dex": 5,
				"con": 1,
				"int": 0,
				"wis": 4,
				"cha": 1
			},
			"speed": {
				"walk": 20
			},
			"attacks": [
				{
					"range": "Melee",
					"name": "jaws",
					"attack": 16,
					"damage": "{@damage 2d8+6} piercing",
					"types": [
						"piercing"
					]
				},
				{
					"range": "Melee",
					"name": "dagger",
					"attack": 16,
					"traits": [
						"agile",
						"magical",
						"versatile <s>"
					],
					"damage": "{@damage 1d4+8} piercing",
					"types": [
						"piercing"
					]
				},
				{
					"range": "Ranged",
					"name": "blowgun",
					"attack": 16,
					"traits": [
						"agile",
						"nonlethal",
						"range increment <20 feet>",
						"reload <1>"
					],
					"damage": "1 piercing plus {@damage 2d4} {@condition persistent damage||persistent poison}",
					"types": [
						"persistent",
						"piercing"
					]
				},
				{
					"range": "Ranged",
					"name": "dagger",
					"attack": 16,
					"traits": [
						"agile",
						"magical",
						"thrown <10 feet>",
						"versatile <s>"
					],
					"damage": "{@damage 1d4+8} piercing",
					"types": [
						"piercing"
					]
				}
			],
			"spellcasting": [
				{
					"type": "Innate",
					"tradition": "primal",
					"DC": 22,
					"entry": {
						"1": {
							"spells": [
								{
									"name": "charm"
								}
							]
						}
					}
				}
			],
			"abilities": {
				"bot": [
					{
						"traits": [
							"emotion",
							"mental"
						],
						"entries": [
							"If a biloko feasts on a human corpse for 1 minute or more, they gain a +1 status bonus to attack rolls and a +2 status bonus to damage rolls for 1 hour."
						],
						"name": "Inspired Feast"
					},
					{
						"activity": {
							"number": 2,
							"unit": "action"
						},
						"traits": [
							"polymorph",
							"primal",
							"transmutation"
						],
						"entries": [
							"The eloko is affected by a 4th-level {@spell enlarge} spell. This lasts for 1 minute, and the eloko can {@action Dismiss} the Spell."
						],
						"name": "Size Alteration"
					},
					{
						"traits": [
							"precision"
						],
						"entries": [
							"The eloko deals {@dice 2d6} extra precision damage to {@condition flat-footed} creatures."
						],
						"name": "Sneak Attack",
						"generic": {
							"tag": "ability"
						}
					}
				]
			},
			"defenses": {
				"ac": {
					"std": 25
				},
				"savingThrows": {
					"fort": {
						"std": 12
					},
					"ref": {
						"std": 18
					},
					"will": {
						"std": 15
					}
				},
				"hp": [
					{
						"hp": 115
					}
				]
			},
			"hasImages": true
		},
		{
			"name": "Grootslang",
			"source": "LOME",
			"page": 298,
			"level": 16,
			"traits": [
				"uncommon",
				"ce",
				"gargantuan",
				"beast"
			],
			"perception": {
				"std": 28
			},
			"senses": [
				{
					"name": "darkvision"
				},
				{
					"type": "imprecise",
					"name": "scent",
					"range": 60
				}
			],
			"languages": {
				"languages": [
					"aquan",
					"draconic",
					"mwangi"
				]
			},
			"skills": {
				"athletics": {
					"std": 34
				},
				"intimidation": {
					"std": 28
				},
				"nature": {
					"std": 26
				},
				"stealth": {
					"std": 23
				}
			},
			"abilityMods": {
				"str": 9,
				"dex": 5,
				"con": 8,
				"int": 5,
				"wis": 6,
				"cha": 0
			},
			"speed": {
				"walk": 40,
				"swim": 30
			},
			"attacks": [
				{
					"range": "Melee",
					"name": "foot",
					"attack": 30,
					"traits": [
						"magical",
						"reach <20 feet>"
					],
					"damage": "{@damage 3d12+15} bludgeoning",
					"types": [
						"bludgeoning"
					]
				},
				{
					"range": "Melee",
					"name": "jaws",
					"attack": 28,
					"traits": [
						"agile",
						"magical",
						"reach <15 feet>"
					],
					"effects": [
						"Improved Grab"
					],
					"damage": "{@damage 3d10+15} piercing plus {@ability Improved Grab}",
					"types": [
						"piercing"
					]
				},
				{
					"range": "Melee",
					"name": "tail",
					"attack": 28,
					"traits": [
						"agile",
						"magical",
						"reach <30 feet>"
					],
					"effects": [
						"Grab"
					],
					"damage": "{@damage 3d10+15} bludgeoning plus Grab",
					"types": [
						"bludgeoning"
					]
				},
				{
					"range": "Melee",
					"name": "tusk",
					"attack": 30,
					"traits": [
						"magical",
						"reach <20 feet>"
					],
					"damage": "{@damage 3d12+15} piercing",
					"types": [
						"piercing"
					]
				}
			],
			"abilities": {
				"top": [
					{
						"entries": [
							"A grootslang can hold its breath for 1 hour."
						],
						"name": "Deep Breath"
					}
				],
				"mid": [
					{
						"activity": {
							"number": 1,
							"unit": "reaction"
						},
						"name": "Attack of Opportunity",
						"generic": {
							"tag": "ability"
						}
					}
				],
				"bot": [
					{
						"activity": {
							"number": 2,
							"unit": "action"
						},
						"traits": [
							"concentrate",
							"conjuration",
							"teleportation",
							"primal"
						],
						"requirements": "The grootslang is fully immersed in water",
						"entries": [
							"The grootslang teleports to another body of water within 1 mile that is wide enough to hold the grootslang."
						],
						"name": "Aquatic Elusion"
					},
					{
						"activity": {
							"number": 2,
							"unit": "action"
						},
						"entries": [
							"The grootslang coils its body. It gains 20 resistance against physical attacks until the start of its next turn."
						],
						"name": "Defensive Coil"
					},
					{
						"activity": {
							"number": 1,
							"unit": "action"
						},
						"entries": [
							"tail only, {@damage 2d12+12} bludgeoning, DC 34"
						],
						"name": "Greater Constrict",
						"generic": {
							"tag": "ability"
						}
					},
					{
						"activity": {
							"number": 1,
							"unit": "action"
						},
						"entries": [
							"jaws only, Huge, {@damage 3d12+10} bludgeoning, Rupture 37."
						],
						"name": "Swallow Whole",
						"generic": {
							"tag": "ability"
						}
					},
					{
						"activity": {
							"number": 3,
							"unit": "action"
						},
						"entries": [
							"The grootslang makes a foot {@action Strike} against a creature in reach. Whether or not the {@action Strike} hits, all creatures within 10 feet of the grootslang must attempt a DC 37 Reflex save.",
							{
								"type": "successDegree",
								"entries": {
									"Critical Success": "The creature is unaffected.",
									"Success": "The creature is {@condition flat-footed} until the end of its turn.",
									"Failure": "The creature is knocked {@condition prone} and takes {@damage 2d8} bludgeoning damage.",
									"Critical Failure": "As failure, except the creature takes {@damage 4d8} bludgeoning damage."
								}
							}
						],
						"name": "Thunderous Slam"
					}
				]
			},
			"defenses": {
				"ac": {
					"std": 38
				},
				"savingThrows": {
					"fort": {
						"std": 30
					},
					"ref": {
						"std": 27
					},
					"will": {
						"std": 26
					}
				},
				"hp": [
					{
						"hp": 370
					}
				]
			},
			"hasImages": true
		},
		{
			"name": "K'nonna",
			"source": "LOME",
			"page": 300,
			"level": 8,
			"traits": [
				"ne",
				"medium",
				"aberration"
			],
			"perception": {
				"std": 16
			},
			"senses": [
				{
					"name": "darkvision"
				},
				{
					"type": "imprecise",
					"name": "scent",
					"range": 60
				}
			],
			"languages": {
				"languages": [
					"mwangi (half; see half speaker)"
				]
			},
			"skills": {
				"athletics": {
					"std": 21
				},
				"stealth": {
					"std": 16
				}
			},
			"abilityMods": {
				"str": 7,
				"dex": 4,
				"con": 6,
				"int": 3,
				"wis": 4,
				"cha": 3
			},
			"speed": {
				"walk": 30
			},
			"attacks": [
				{
					"range": "Melee",
					"name": "fist",
					"attack": 20,
					"traits": [
						"agile"
					],
					"damage": "{@damage 2d10+8} bludgeoning",
					"types": [
						"bludgeoning"
					]
				},
				{
					"range": "Melee",
					"name": "jaws",
					"attack": 20,
					"effects": [
						"Grab"
					],
					"damage": "{@damage 2d8+8} piercing plus Grab",
					"types": [
						"piercing"
					]
				}
			],
			"abilities": {
				"mid": [
					{
						"entries": [
							"When offered a gift worth at least 50 gp, the k'nonna must attempt a DC 20 Will saving throw; if the gift is worth at least 100 gp, the DC is instead 25. If they fail the save, the k'nonna accepts the gift, becomes {@condition fascinated} until the end of their next turn, and cannot attack while {@condition fascinated}. On a critical failure, the fascination lasts for 1 minute. Offering a gift is an {@action Interact} action, and offering multiple gifts in the same round has no additional effect."
						],
						"name": "Gilded Fascination"
					},
					{
						"entries": [
							"A k'nonna can communicate easily with other k'nonna, but when communicating with other creatures, only half of the spoken words make sense. In order to convey information to a k'nonna or understand what they're saying, a non-k'nonna must succeed at a DC 20 {@skill Perception} check."
						],
						"name": "Half-Speaker"
					},
					{
						"entries": [
							"Even though k'nonna are split in half, they still move and {@action Stride} as though they have two arms and legs. However, binding just one wrist or ankle leaves them incapable of using that limb, as if it were bound to another."
						],
						"name": "Half Steps"
					}
				],
				"bot": [
					{
						"activity": {
							"number": 1,
							"unit": "action"
						},
						"entries": [
							"The k'nonna {@action Stride||Strides} and makes a {@action Strike} at the end of that movement. If the k'nonna began this action {@condition hidden}, they remain {@condition hidden} until after this ability's {@action Strike}."
						],
						"name": "Pounce"
					}
				]
			},
			"defenses": {
				"ac": {
					"std": 26
				},
				"savingThrows": {
					"fort": {
						"std": 19
					},
					"ref": {
						"std": 11
					},
					"will": {
						"std": 11
					}
				},
				"hp": [
					{
						"hp": 140
					}
				]
			},
			"hasImages": true
		},
		{
			"name": "Kaava Stalker",
			"source": "LOME",
			"page": 301,
			"level": 1,
			"traits": [
				"n",
				"small",
				"humanoid"
			],
			"perception": {
				"std": 7
			},
			"senses": [
				{
					"name": "low-light vision"
				}
			],
			"languages": {
				"languages": [
					"kaava",
					"mwangi"
				]
			},
			"skills": {
				"acrobatics": {
					"std": 7
				},
				"athletics": {
					"std": 6
				},
				"intimidation": {
					"std": 5
				},
				"stealth": {
					"std": 9,
					"in forests or jungles": 11
				},
				"survival": {
					"std": 7
				}
			},
			"abilityMods": {
				"str": 3,
				"dex": 4,
				"con": 0,
				"int": 0,
				"wis": 2,
				"cha": 0
			},
			"items": [
				"obsidian sickle",
				"spear (3)"
			],
			"speed": {
				"walk": 30
			},
			"attacks": [
				{
					"range": "Melee",
					"name": "sickle",
					"attack": 9,
					"traits": [
						"agile",
						"finesse",
						"trip"
					],
					"damage": "{@damage 1d4+3} slashing",
					"types": [
						"slashing"
					]
				},
				{
					"range": "Melee",
					"name": "jaws",
					"attack": 8,
					"damage": "{@damage 1d6+3} piercing",
					"types": [
						"piercing"
					]
				},
				{
					"range": "Ranged",
					"name": "spear",
					"attack": 9,
					"traits": [
						"thrown <20 feet>"
					],
					"damage": "{@damage 1d6+3} piercing",
					"types": [
						"piercing"
					]
				}
			],
			"abilities": {
				"top": [
					{
						"entries": [
							"A kaava moving at half their Speed or less steps so lightly that they leave virtually no trace. The DCs of checks to {@action Track} a kaava are increased by 10."
						],
						"name": "Trackless"
					}
				],
				"bot": [
					{
						"entries": [
							"If a kaava stalker starts their turn {@condition hidden} from or {@condition undetected} by a creature, that creature is {@condition flat-footed} against the kaava's attacks until the end of the turn."
						],
						"name": "Skulking Attack"
					}
				]
			},
			"defenses": {
				"ac": {
					"std": 16
				},
				"savingThrows": {
					"fort": {
						"std": 5
					},
					"ref": {
						"std": 9
					},
					"will": {
						"std": 7
					}
				},
				"hp": [
					{
						"hp": 20
					}
				],
				"resistances": [
					{
						"amount": 3,
						"name": "poison"
					}
				]
			},
			"hasImages": true
		},
		{
			"name": "Karina",
			"source": "LOME",
			"page": 302,
			"level": 5,
			"traits": [
				"ne",
				"large",
				"beast",
				"fiend"
			],
			"perception": {
				"std": 12
			},
			"senses": [
				{
					"name": "darkvision"
				}
			],
			"languages": {
				"languages": [
					"mwangi (can't speak any language)"
				]
			},
			"skills": {
				"acrobatics": {
					"std": 13
				},
				"athletics": {
					"std": 12
				},
				"deception": {
					"std": 12
				},
				"stealth": {
					"std": 15
				}
			},
			"abilityMods": {
				"str": 3,
				"dex": 5,
				"con": 3,
				"int": -2,
				"wis": 1,
				"cha": 6
			},
			"speed": {
				"walk": 10,
				"fly": 40
			},
			"attacks": [
				{
					"range": "Melee",
					"name": "beak",
					"attack": 15,
					"traits": [
						"magical",
						"reach <10 feet>"
					],
					"effects": [
						"grave blight"
					],
					"damage": "{@damage 2d8+7} piercing plus grave blight",
					"types": [
						"piercing"
					]
				},
				{
					"range": "Melee",
					"name": "claws",
					"attack": 13,
					"traits": [
						"agile",
						"magical"
					],
					"effects": [
						"grave blight"
					],
					"damage": "{@damage 2d6+5} slashing plus grave blight",
					"types": [
						"slashing"
					]
				},
				{
					"range": "Melee",
					"name": "talons",
					"attack": 15,
					"traits": [
						"magical"
					],
					"effects": [
						"Grab"
					],
					"damage": "{@damage 1d10+5} piercing plus Grab",
					"types": [
						"piercing"
					]
				}
			],
			"abilities": {
				"top": [
					{
						"entries": [
							"A karina who succeeds at a {@skill Deception} check to {@action Lie} can mimic any voice they have heard. They have a +4 circumstance bonus to this check."
						],
						"name": "Sound Imitation"
					}
				],
				"bot": [
					{
						"type": "affliction",
						"traits": [
							"disease"
						],
						"DC": 19,
						"savingThrow": "Fortitude",
						"stages": [
							{
								"stage": 1,
								"entry": "carrier with no ill effect",
								"duration": "1 day"
							},
							{
								"stage": 2,
								"entry": "{@damage 1d6} poison damage, {@condition sickened 1}",
								"duration": "1 day"
							},
							{
								"stage": 3,
								"entry": "{@damage 1d8} poison damage, every hour the victim must succeed at another Fortitude save or be {@condition confused} for 1 minute, {@condition sickened 2}",
								"duration": "1 day"
							}
						],
						"name": "Grave Blight"
					},
					{
						"activity": {
							"number": 1,
							"unit": "action"
						},
						"traits": [
							"auditory"
						],
						"entries": [
							"The karina mimics a voice and mocks a creature within 30 feet. They attempt a {@skill Deception} check to {@action Demoralize} the creature. Regardless of whether the check succeeds, the target creature is temporarily immune to the karina's Mocking Cry for 1 hour."
						],
						"name": "Mocking Cry"
					}
				]
			},
			"defenses": {
				"ac": {
					"std": 21
				},
				"savingThrows": {
					"fort": {
						"std": 12
					},
					"ref": {
						"std": 15
					},
					"will": {
						"std": 10
					}
				},
				"hp": [
					{
						"hp": 95
					}
				]
			},
			"hasImages": true
		},
		{
			"name": "Maliadi",
			"source": "LOME",
			"page": 302,
			"level": 17,
			"traits": [
				"uncommon",
				"le",
				"gargantuan",
				"beast"
			],
			"perception": {
				"std": 29
			},
			"senses": [
				{
					"name": "darkvision"
				},
				{
					"type": "imprecise",
					"name": "scent",
					"range": 60
				},
				{
					"name": "true seeing"
				}
			],
			"languages": {
				"languages": [
					"aklo",
					"common",
					"draconic",
					"mwangi"
				]
			},
			"skills": {
				"athletics": {
					"std": 36
				},
				"deception": {
					"std": 28
				},
				"intimidation": {
					"std": 28
				},
				"nature": {
					"std": 29
				},
				"survival": {
					"std": 29
				}
			},
			"abilityMods": {
				"str": 9,
				"dex": 3,
				"con": 9,
				"int": 1,
				"wis": 6,
				"cha": 3
			},
			"speed": {
				"abilities": [
					"freedom of movement"
				],
				"walk": 30,
				"swim": 20
			},
			"attacks": [
				{
					"range": "Melee",
					"name": "jaws",
					"attack": 35,
					"traits": [
						"deadly <d12>",
						"magical",
						"reach <20 feet>"
					],
					"damage": "{@damage 3d12+19} piercing plus",
					"types": [
						"piercing"
					]
				},
				{
					"range": "Melee",
					"name": "foot",
					"attack": 35,
					"traits": [
						"agile",
						"magical",
						"reach <20 feet>"
					],
					"damage": "{@damage 3d10+17} bludgeoning",
					"types": [
						"bludgeoning"
					]
				}
			],
			"spellcasting": [
				{
					"type": "Innate",
					"tradition": "primal",
					"DC": 38,
					"attack": 30,
					"entry": {
						"0": {
							"level": 9,
							"spells": [
								{
									"name": "detect magic"
								},
								{
									"name": "produce flame"
								}
							]
						},
						"4": {
							"spells": [
								{
									"name": "air walk"
								},
								{
									"name": "gaseous form"
								}
							]
						},
						"8": {
							"spells": [
								{
									"name": "fire shield"
								},
								{
									"name": "volcanic eruption"
								}
							]
						},
						"9": {
							"spells": [
								{
									"name": "wall of fire",
									"amount": 3
								},
								{
									"name": "wall of stone",
									"amount": 3
								}
							]
						},
						"constant": {
							"7": {
								"spells": [
									{
										"name": "true seeing"
									}
								]
							},
							"8": {
								"spells": [
									{
										"name": "freedom of movement"
									}
								]
							}
						}
					}
				}
			],
			"abilities": {
				"top": [
					{
						"entries": [
							"The maliadi can hold its breath for 1 day."
						],
						"name": "Deep Breath"
					}
				],
				"mid": [
					{
						"traits": [
							"abjuration",
							"fire",
							"primal"
						],
						"entries": [
							"The maliadi has resistance 20 to physical ranged attacks, such as arrows, bolts, javelins, and thrown rocks, as such attacks are magically diverted through its collar of fire. Nonmagical weapons and ammunition affected by this ability are incinerated and destroyed."
						],
						"name": "Collar of Fire"
					},
					{
						"activity": {
							"number": 1,
							"unit": "reaction"
						},
						"traits": [
							"evocation",
							"fire",
							"primal"
						],
						"trigger": "A creature within 100 feet of the maliadi that the maliadi can see {@action Cast a Spell||Casts a Spell} that targets the maliadi",
						"entries": [
							"The maliadi casts one of its innate {@spell wall of fire} spells, with a duration of 1 round. If the spell that triggered this reaction passes through the wall of fire, the wall attempts to counteract it, with a counteract modifier of +28."
						],
						"name": "Counterspelling Wall"
					}
				],
				"bot": [
					{
						"activity": {
							"number": 1,
							"unit": "action"
						},
						"name": "Improved Grab",
						"generic": {
							"tag": "ability"
						}
					},
					{
						"activity": {
							"number": 1,
							"unit": "action"
						},
						"entries": [
							"The maliadi tries to capsize an adjacent aquatic vessel of its size or smaller. The maliadi must succeed at a DC 35 {@skill Athletics} check (reduced by 5 for each size smaller the vessel is than the maliadi) or the pilot's {@skill Lore||Sailing Lore} DC, whichever is higher."
						],
						"name": "Capsize"
					},
					{
						"activity": {
							"number": 1,
							"unit": "action"
						},
						"entries": [
							"The maliadi can take on the appearance of any Large, Huge, or Gargantuan animal. This doesn't change its."
						],
						"name": "Change Shape",
						"generic": {
							"tag": "ability"
						}
					}
				]
			},
			"defenses": {
				"ac": {
					"std": 40
				},
				"savingThrows": {
					"fort": {
						"std": 34
					},
					"ref": {
						"std": 25
					},
					"will": {
						"std": 28
					}
				},
				"hp": [
					{
						"hp": 285
					}
				],
				"immunities": [
					"fire",
					"death effects"
				]
			},
			"hasImages": true
		},
		{
			"name": "Mamlambo",
			"source": "LOME",
			"page": 304,
			"level": 9,
			"traits": [
				"uncommon",
				"ne",
				"huge",
				"aquatic",
				"beast"
			],
			"perception": {
				"std": 19
			},
			"senses": [
				{
					"name": "darkvision"
				}
			],
			"skills": {
				"athletics": {
					"std": 21
				},
				"stealth": {
					"std": 19
				},
				"survival": {
					"std": 17,
					"to Track": 19
				}
			},
			"abilityMods": {
				"str": 7,
				"dex": 4,
				"con": 5,
				"int": -3,
				"wis": 4,
				"cha": 0
			},
			"speed": {
				"walk": 10,
				"swim": 40
			},
			"attacks": [
				{
					"range": "Melee",
					"name": "jaws",
					"attack": 21,
					"traits": [
						"reach <10 feet>"
					],
					"effects": [
						"Improved Grab"
					],
					"damage": "{@damage 2d8+11} piercing plus {@ability Improved Grab}",
					"types": [
						"piercing"
					]
				},
				{
					"range": "Melee",
					"name": "tail",
					"attack": 21,
					"traits": [
						"agile",
						"reach <15 feet>"
					],
					"damage": "{@damage 2d6+11} bludgeoning",
					"types": [
						"bludgeoning"
					]
				}
			],
			"abilities": {
				"top": [
					{
						"traits": [
							"aura",
							"emotion",
							"enchantment",
							"incapacitation",
							"light",
							"mental",
							"primal"
						],
						"entries": [
							"30 feet. The mamlambo emits dim light from its skin. A creature that enters or begins its turn in the aura must attempt a DC 23 Will save. Humanoids take a \u20132 penalty to this saving throw. Regardless of the save's result, the creature is temporarily immune for 10 minutes.",
							{
								"type": "successDegree",
								"entries": {
									"Critical Success": "The creature is unaffected.",
									"Success": "The creature is {@condition slowed 1} for 1 round.",
									"Failure": "The creature is {@condition fascinated}, and for as long as it is in the aura it must spend at least 1 of its actions on each of its turns to move closer to the mamlambo as expediently as possible, while avoiding obvious dangers. If the creature ends its movement or turn adjacent to the mamlambo, it is {@condition slowed 1} until it is out of the aura or until the mamlambo makes a {@action Strike} against it. The target can attempt a new Will save at the beginning of each of their subsequent turns, and on a success, the effect ends.",
									"Critical Failure": "As failure, but the creature must spend each of its actions moving closer to the mamlambo, and if it ends its movement or turn adjacent to the mamlambo, it is {@condition paralyzed} until it is out of the aura or until the mamlambo makes a {@action Strike} against it."
								}
							}
						],
						"name": "Luminous Lure"
					}
				],
				"mid": [
					{
						"activity": {
							"number": 1,
							"unit": "reaction"
						},
						"entries": [
							"Tail only."
						],
						"name": "Attack of Opportunity",
						"generic": {
							"tag": "ability"
						}
					}
				],
				"bot": [
					{
						"activity": {
							"number": 1,
							"unit": "action"
						},
						"name": "Aquatic Ambush",
						"generic": {
							"tag": "ability"
						}
					},
					{
						"activity": {
							"number": 1,
							"unit": "action"
						},
						"requirements": "The mamlambo has a creature {@condition grabbed} or {@condition restrained}, or there is a {@condition dying}, {@condition immobilized}, or {@condition unconscious} creature within the mamlambo's reach",
						"entries": [
							"The mamlambo deals {@damage 2d8+11} piercing damage to the creature (DC 28 basic Fortitude save). On a failure, the creature also takes an additional {@damage 2d6} {@condition persistent damage||persistent bleed damage}, or {@damage 4d6} {@condition persistent damage||persistent bleed damage} on a critical failure."
						],
						"name": "Face Eater"
					},
					{
						"entries": [
							"Mamlambos have an unusually strong aversion to river otters, despite being much larger and more dangerous.",
							"Since mamlambos rarely remain in an area inhabited by otters for long, river-dwelling people in the Mwangi Expanse often keep trained otters to aid in fishing and to ward off the potential presence of a mamlambo."
						],
						"name": "An Unusual Phobia"
					}
				]
			},
			"defenses": {
				"ac": {
					"std": 28
				},
				"savingThrows": {
					"fort": {
						"std": 19
					},
					"ref": {
						"std": 20
					},
					"will": {
						"std": 15
					}
				},
				"hp": [
					{
						"hp": 155
					}
				]
			},
			"hasImages": true
		},
		{
			"name": "Pygmy Kaava",
			"source": "LOME",
			"page": 301,
			"level": 0,
			"traits": [
				"n",
				"small",
				"humanoid"
			],
			"perception": {
				"std": 6
			},
			"senses": [
				{
					"name": "low-light vision"
				}
			],
			"languages": {
				"languages": [
					"kaava",
					"mwangi"
				]
			},
			"skills": {
				"acrobatics": {
					"std": 5
				},
				"intimidation": {
					"std": 4
				},
				"stealth": {
					"std": 7,
					"in forests or jungles": 9
				},
				"survival": {
					"std": 6
				}
			},
			"abilityMods": {
				"str": 2,
				"dex": 3,
				"con": 1,
				"int": 1,
				"wis": 2,
				"cha": 0
			},
			"items": [
				"obsidian sickle",
				"spear"
			],
			"speed": {
				"walk": 30
			},
			"attacks": [
				{
					"range": "Melee",
					"name": "sickle",
					"attack": 8,
					"traits": [
						"agile",
						"finesse",
						"trip"
					],
					"damage": "{@damage 1d4+2} slashing",
					"types": [
						"slashing"
					]
				},
				{
					"range": "Melee",
					"name": "jaws",
					"attack": 7,
					"damage": "{@damage 1d6+2} piercing",
					"types": [
						"piercing"
					]
				},
				{
					"range": "Ranged",
					"name": "spear",
					"attack": 8,
					"traits": [
						"thrown <20 feet>"
					],
					"damage": "{@damage 1d6+2} piercing",
					"types": [
						"piercing"
					]
				}
			],
			"abilities": {
				"top": [
					{
						"entries": [
							"A kaava moving at half their Speed or less steps so lightly that they leave virtually no trace. The DCs of checks to {@action Track} a kaava are increased by 10."
						],
						"name": "Trackless"
					}
				],
				"bot": [
					{
						"entries": [
							"A kaava ignores {@quickref difficult terrain||3|terrain} and {@quickref greater difficult terrain||3|terrain} from non-magical foliage."
						],
						"name": "Woodland Stride"
					}
				]
			},
			"defenses": {
				"ac": {
					"std": 15
				},
				"savingThrows": {
					"fort": {
						"std": 5
					},
					"ref": {
						"std": 7
					},
					"will": {
						"std": 6
					}
				},
				"hp": [
					{
						"hp": 15
					}
				],
				"resistances": [
					{
						"amount": 2,
						"name": "poison"
					}
				]
			},
			"hasImages": true
		},
		{
			"name": "Rompo",
			"source": "LOME",
			"page": 305,
			"level": 5,
			"traits": [
				"n",
				"medium",
				"beast"
			],
			"perception": {
				"std": 15
			},
			"senses": [
				{
					"name": "darkvision"
				},
				{
					"type": "imprecise",
					"name": "scent",
					"range": 30
				}
			],
			"skills": {
				"athletics": {
					"std": 13
				},
				"stealth": {
					"std": 12
				},
				"survival": {
					"std": 12
				}
			},
			"abilityMods": {
				"str": 5,
				"dex": 2,
				"con": 2,
				"int": -3,
				"wis": 2,
				"cha": 0
			},
			"speed": {
				"walk": 30,
				"climb": 25
			},
			"attacks": [
				{
					"range": "Melee",
					"name": "jaws",
					"attack": 15,
					"effects": [
						"rompo chills"
					],
					"damage": "{@damage 2d8+5} piercing plus rompo chills",
					"types": [
						"piercing"
					]
				},
				{
					"range": "Melee",
					"name": "claws",
					"attack": 13,
					"traits": [
						"agile"
					],
					"damage": "{@damage 2d6+5} slashing",
					"types": [
						"slashing"
					]
				}
			],
			"abilities": {
				"top": [
					{
						"entries": [
							"The rompo can change its coloration to match its surroundings. It doesn't need cover to attempt to {@action Hide} with a {@skill Stealth} check."
						],
						"name": "Camouflage"
					}
				],
				"bot": [
					{
						"activity": {
							"number": 2,
							"unit": "action"
						},
						"traits": [
							"enchantment",
							"incapacitation",
							"mental",
							"primal"
						],
						"entries": [
							"60 feet. The rompo hums in a low voice. Each creature within the emanation must succeed at a DC 19 Will save or become {@condition fascinated} and compelled to move away from the rompo, traveling to the furthest edge of the emanation.",
							"{@condition Fascinated} creatures are also {@condition flat-footed}. The effect lasts for 1 round, but if the rompo spends a single action on subsequent rounds, it can extend the duration by 1 round for all affected creatures. If the rompo attacks, the {@condition fascinated} condition ends only for the creature that is attacked. On a successful save, a creature is temporarily immune to Crooning Cry for 24 hours."
						],
						"name": "Crooning Cry"
					},
					{
						"type": "affliction",
						"traits": [
							"disease"
						],
						"note": "The target can't reduce its {@condition sickened} condition while affected by rompo chills",
						"DC": 19,
						"savingThrow": "Fortitude",
						"onset": "1 day",
						"stages": [
							{
								"stage": 1,
								"entry": "{@condition clumsy 1}",
								"duration": "1 day"
							},
							{
								"stage": 2,
								"entry": "{@condition clumsy 1} and {@condition sickened 1}",
								"duration": "1 day"
							},
							{
								"stage": 3,
								"entry": "{@condition clumsy 2} and {@condition sickened 2}",
								"duration": "1 day"
							},
							{
								"stage": 4,
								"entry": "{@condition unconscious} ",
								"duration": "1 day"
							}
						],
						"name": "Rompo Chills"
					}
				]
			},
			"defenses": {
				"ac": {
					"std": 21
				},
				"savingThrows": {
					"fort": {
						"std": 15
					},
					"ref": {
						"std": 9
					},
					"will": {
						"std": 11
					}
				},
				"hp": [
					{
						"hp": 80
					}
				]
			},
			"hasImages": true
		},
		{
			"name": "Sié Goluo",
			"source": "LOME",
			"page": 306,
			"level": 14,
			"hasImages": true,
			"traits": [
				"unique",
				"ng",
				"huge",
				"beast",
				"incorporeal",
				"spirit"
			],
			"perception": {
				"std": 25
			},
			"senses": [
				{
					"name": "imprecise scent",
					"range": 60
				}
			],
			"languages": {
				"languages": [
					"mwangi (can't speak any language)"
				]
			},
			"skills": {
				"athletics": {
					"std": 31
				},
				"diplomacy": {
					"std": 28
				},
				"nature": {
					"std": 31
				},
				"survival": {
					"std": 28
				}
			},
			"abilityMods": {
				"str": 9,
				"dex": 5,
				"con": 8,
				"int": 1,
				"wis": 8,
				"cha": 4
			},
			"speed": {
				"walk": 40
			},
			"attacks": [
				{
					"range": "Melee",
					"name": "horn",
					"attack": 31,
					"traits": [
						"reach <10 feet>"
					],
					"damage": "{@damage 2d10+16} piercing damage plus {@damage 1d12} force damage",
					"types": [
						"force",
						"piercing"
					]
				}
			],
			"spellcasting": [
				{
					"type": "Innate",
					"tradition": "primal",
					"DC": 34,
					"entry": {
						"3": {
							"spells": [
								{
									"name": "humanoid form",
									"amount": "at will"
								}
							]
						},
						"constant": {
							"1": {
								"spells": [
									{
										"name": "pass without trace"
									}
								]
							}
						}
					}
				}
			],
			"abilities": {
				"mid": [
					{
						"traits": [
							"divine",
							"necromancy"
						],
						"entries": [
							"When Sié Goluo is destroyed, he reforms, fully healed, at a location of his choosing anywhere on the Material Plane after {@dice 2d4} days. If every person of Mwangi descent rejects belief in Sié Goluo, the spirit is permanently destroyed."
						],
						"name": "Rejuvenation",
						"generic": {
							"tag": "ability",
							"add_hash": "Ghost"
						}
					},
					{
						"activity": {
							"number": 1,
							"unit": "free"
						},
						"trigger": "A creature on the Material Plane calls out for Sié Goluo",
						"entries": [
							"Sié Goluo instantaneously appears in an unoccupied space within 30 feet of the triggering creature and heals {@dice 8d8} hit points on all allies that can see him within 60 feet.",
							"Allies healed this way gain a +2 circumstance bonus on saving throws for 1 minute. Creatures that receive these benefits become temporarily immune to them for 1 year."
						],
						"name": "Ancestral Response"
					},
					{
						"activity": {
							"number": 1,
							"unit": "reaction"
						},
						"name": "Ferocity",
						"generic": {
							"tag": "ability"
						}
					}
				],
				"bot": [
					{
						"activity": {
							"number": 2,
							"unit": "action"
						},
						"entries": [
							"Sié Goluo {@action Stride||Strides} twice, then makes a horn {@action Strike}. On a hit, Sié Goluo creates a shock wave that deals {@damage 4d12} force damage in a 30-foot cone (DC 34 basic Reflex save). Creatures that fail their save are pushed away 5 feet (10 feet on a critical failure)."
						],
						"name": "Spirit Charge"
					},
					{
						"entries": [
							"Sié Goluo ignores {@quickref difficult terrain||3|terrain} and doesn't trigger traps with his movement."
						],
						"name": "Spirit Steps"
					}
				]
			},
			"defenses": {
				"ac": {
					"std": 36
				},
				"savingThrows": {
					"fort": {
						"std": 28
					},
					"ref": {
						"std": 20
					},
					"will": {
						"std": 28
					}
				},
				"hp": [
					{
						"hp": 320,
						"abilities": [
							"rejuvenation"
						]
					}
				],
				"resistances": [
					{
						"amount": 10,
						"name": "all damage"
					}
				]
			}
		},
		{
			"name": "Solar Ibis",
			"source": "LOME",
			"page": 307,
			"level": 7,
			"traits": [
				"ng",
				"medium",
				"beast"
			],
			"perception": {
				"std": 17
			},
			"senses": [
				{
					"name": "darkvision"
				},
				{
					"name": "low-light vision"
				}
			],
			"languages": {
				"languages": [
					"mwangi",
					"sylvan (can't speak any"
				]
			},
			"skills": {
				"acrobatics": {
					"std": 18
				},
				"athletics": {
					"std": 14
				}
			},
			"abilityMods": {
				"str": 4,
				"dex": 6,
				"con": 2,
				"int": 0,
				"wis": 3,
				"cha": 3
			},
			"speed": {
				"walk": 10,
				"fly": 60
			},
			"attacks": [
				{
					"range": "Melee",
					"name": "beak",
					"attack": 18,
					"damage": "{@damage 2d10+11} piercing",
					"types": [
						"piercing"
					]
				},
				{
					"range": "Melee",
					"name": "talon",
					"attack": 18,
					"traits": [
						"agile"
					],
					"effects": [
						"Grab"
					],
					"damage": "{@damage 2d8+9} slashing plus Grab",
					"types": [
						"slashing"
					]
				}
			],
			"abilities": {
				"mid": [
					{
						"traits": [
							"arcane",
							"aura",
							"light"
						],
						"entries": [
							"30 feet. The solar ibis's halo sheds bright light. Creatures that start their turn in the aura must succeed at a DC 22 Fortitude save or be {@condition dazzled} for 1 minute. A creature that critically fails its save is instead {@condition blinded} for 1 minute. Creatures who successfully save are temporarily immune to this effect for 24 hours. The solar ibis can extinguish or resume the halo's light as a single action, which has the {@trait concentrate} trait."
						],
						"name": "Blinding Halo"
					},
					{
						"entries": [
							"When a solar ibis succeeds at a Reflex save, it gets a critical success instead."
						],
						"name": "Evasion"
					}
				],
				"bot": [
					{
						"activity": {
							"number": 2,
							"unit": "action"
						},
						"entries": [
							"The solar ibis Flies up to double its fly Speed in a straight line, descends at least 10 feet, and then makes a talon {@action Strike}."
						],
						"name": "Ibis Dive"
					},
					{
						"activity": {
							"number": 2,
							"unit": "action"
						},
						"traits": [
							"arcane",
							"evocation",
							"fire",
							"good",
							"light"
						],
						"entries": [
							"The solar ibis detonates its halo, sending shards of burning light in all directions that deal {@damage 6d8} fire damage to all creatures in a 20-foot emanation (DC 22 basic Reflex save). The shards deal an extra {@damage 6d8} good damage against fiends and undead. The solar ibis can't use Light Shatter again for {@dice 1d4} rounds, and its Blinding Halo is extinguished during this time. The halo is restored automatically once the {@dice 1d4} rounds have passed."
						],
						"name": "Light Shatter"
					}
				]
			},
			"defenses": {
				"ac": {
					"std": 25
				},
				"savingThrows": {
					"fort": {
						"std": 12
					},
					"ref": {
						"std": 17
					},
					"will": {
						"std": 15
					}
				},
				"hp": [
					{
						"hp": 45
					}
				]
			},
			"hasImages": true
		},
		{
			"name": "Zinba",
			"source": "LOME",
			"page": 308,
			"level": 10,
			"traits": [
				"rare",
				"n",
				"large",
				"amphibious",
				"beast"
			],
			"perception": {
				"std": 20
			},
			"senses": [
				{
					"name": "low-light vision"
				},
				{
					"type": "imprecise",
					"name": "scent",
					"range": 60
				}
			],
			"languages": {
				"languages": [
					"sylvan (can't speak any language)"
				]
			},
			"skills": {
				"acrobatics": {
					"std": 18
				},
				"athletics": {
					"std": 25
				},
				"stealth": {
					"std": 18
				},
				"survival": {
					"std": 18
				}
			},
			"abilityMods": {
				"str": 8,
				"dex": 3,
				"con": 7,
				"int": -3,
				"wis": 3,
				"cha": 0
			},
			"speed": {
				"walk": 30,
				"burrow": 10,
				"climb": 30,
				"swim": 30
			},
			"attacks": [
				{
					"range": "Melee",
					"name": "jaws",
					"attack": 21,
					"damage": "{@damage 2d10+11} piercing plus",
					"types": [
						"piercing"
					]
				},
				{
					"range": "Melee",
					"name": "tail",
					"attack": 21,
					"traits": [
						"agile",
						"reach <10 feet>"
					],
					"damage": "{@damage 2d8+9} bludgeoning plus Push 10 feet",
					"types": [
						"bludgeoning"
					]
				}
			],
			"abilities": {
				"mid": [
					{
						"activity": {
							"number": 1,
							"unit": "reaction"
						},
						"trigger": "A creature {@condition grabbed} or {@condition restrained} by the zinba attempts to {@action Escape}",
						"entries": [
							"The DC of the {@action Escape} check is increased by 2."
						],
						"name": "Tighten Coils"
					}
				],
				"bot": [
					{
						"activity": {
							"number": 1,
							"unit": "action"
						},
						"entries": [
							"{@damage 2d10+6} bludgeoning, DC 29"
						],
						"name": "Greater Constrict",
						"generic": {
							"tag": "ability"
						}
					},
					{
						"activity": {
							"number": 1,
							"unit": "action"
						},
						"entries": [
							"The zinba {@action Stride||Strides}, Climbs, or Swims up to half its Speed, pulling any creatures it has {@condition grabbed} with it."
						],
						"name": "Slither"
					},
					{
						"activity": {
							"number": 1,
							"unit": "action"
						},
						"traits": [
							"attack"
						],
						"entries": [
							"Medium, {@damage 2d10+6} bludgeoning, Rupture 23."
						],
						"name": "Swallow Whole",
						"generic": {
							"tag": "ability"
						}
					},
					{
						"activity": {
							"number": 1,
							"unit": "action"
						},
						"traits": [
							"necromancy",
							"positive"
						],
						"entries": [
							"The zinba bites a creature within reach and delivers a restorative healing remedy instead of its venom. The creature takes 1 point of piercing damage, but then gains fast healing 5 for 1 minute. In addition, the restorative attempts a counteract check against any poison or disease affecting the creature with a counteract modifier of +22. A creature that receives the restorative is temporarily immune to the zinba's restorative for 24 hours."
						],
						"name": "Zinba Restoration"
					},
					{
						"type": "affliction",
						"traits": [
							"poison"
						],
						"DC": 29,
						"savingThrow": "Fortitude",
						"maxDuration": "6 rounds",
						"stages": [
							{
								"stage": 1,
								"entry": "{@damage 3d6} poison ",
								"duration": "1 round"
							}
						],
						"name": "Zinba Venom"
					}
				]
			},
			"defenses": {
				"ac": {
					"std": 28
				},
				"savingThrows": {
					"fort": {
						"std": 23
					},
					"ref": {
						"std": 20
					},
					"will": {
						"std": 18
					}
				},
				"hp": [
					{
						"hp": 220
					}
				]
			},
			"hasImages": true
		}
	]
}
