{
	"creatureFluff": [
		{
			"images": [
				"https://2e.aonprd.com/Images/Monsters/Oni_ShadowYai.png"
			],
			"source": "FRP2",
			"name": "Shadow Yai",
			"entries": []
		},
		{
			"images": [
				"https://2e.aonprd.com/Images/Monsters/Vampire_JiangMinister.png"
			],
			"source": "FRP2",
			"name": "Minister Of Tumult",
			"entries": []
		},
		{
			"images": [
				"https://2e.aonprd.com/Images/Monsters/Vampire_JiangShi.png"
			],
			"source": "FRP2",
			"name": "Provincial Jiang-Shi",
			"entries": []
		},
		{
			"images": [
				"https://2e.aonprd.com/Images/Monsters/Oni_TaigaYai.png"
			],
			"source": "FRP2",
			"name": "Taiga Yai",
			"entries": []
		},
		{
			"images": [
				"https://2e.aonprd.com/Images/Monsters/Kun.png"
			],
			"source": "FRP2",
			"name": "Kun",
			"entries": []
		},
		{
			"images": [
				"https://2e.aonprd.com/Images/Monsters/Angoyang.png"
			],
			"source": "FRP2",
			"name": "Angoyang",
			"entries": []
		},
		{
			"images": [
				"https://2e.aonprd.com/Images/Monsters/Peng.png"
			],
			"source": "FRP2",
			"name": "Peng",
			"entries": []
		},
		{
			"images": [
				"https://2e.aonprd.com/Images/Monsters/Rivka.png"
			],
			"source": "FRP2",
			"name": "Rivka",
			"entries": []
		},
		{
			"images": [
				"https://2e.aonprd.com/Images/Monsters/Razu.png"
			],
			"source": "FRP2",
			"name": "Razu",
			"entries": []
		}
	]
}
