{
	"class": [
		{
			"name": "Kineticist",
			"source": "RoE",
			"page": 13,
			"keyAbility": "Constitution",
			"hp": 8,
			"initialProficiencies": {
				"perception": "T",
				"fort": "E",
				"ref": "E",
				"will": "T",
				"skills": {
					"t": [
						{
							"skill": [
								"Nature"
							]
						}
					],
					"add": 3
				},
				"attacks": {
					"t": [
						"simple weapons",
						"unarmed attacks"
					]
				},
				"defenses": {
					"t": [
						"light armor",
						"unarmored defense"
					]
				},
				"classDc": {
					"prof": "T",
					"entry": "Trained in kineticist class DC"
				}
			},
			"advancement": {
				"classFeats": [
					2,
					4,
					6,
					8,
					10,
					12,
					14,
					16,
					18,
					20
				],
				"skillFeats": [
					2,
					4,
					6,
					8,
					10,
					12,
					14,
					16,
					18,
					20
				],
				"generalFeats": [
					3,
					7,
					11,
					15,
					19
				],
				"ancestryFeats": [
					5,
					9,
					13,
					17
				],
				"skillIncrease": [
					3,
					5,
					7,
					9,
					11,
					13,
					15,
					17,
					19
				],
				"abilityBoosts": [
					5,
					10,
					15,
					20
				]
			},
			"classFeatures": [
				"Ancestry and Background|Kineticist|RoE|1",
				"Initial Proficiencies|Kineticist|RoE|1",
				"Attribute Boosts|Kineticist|RoE|1",
				{
					"classFeature": "Kinetic Gate|Kineticist|RoE|1",
					"gainSubclassFeature": true
				},
				"Kinetic Aura|Kineticist|RoE|1",
				"Impulses|Kineticist|RoE|1",
				"Kineticist Feats|Kineticist|RoE|1",
				"Skill Feats|Kineticist|RoE|2",
				"Extract Element|Kineticist|RoE|3",
				"General Feats|Kineticist|RoE|3",
				"Skill Increases|Kineticist|RoE|3",
				"Will Expertise|Kineticist|RoE|3",
				"Ancestry Feats|Kineticist|RoE|5",
				"Gate's Threshold|Kineticist|RoE|5",
				"Kinetic Durability|Kineticist|RoE|7",
				"Kinetic Expertise|Kineticist|RoE|7",
				"Perception Expertise|Kineticist|RoE|9",
				"Kinetic Quickness|Kineticist|RoE|11",
				"Reflow Elements|Kineticist|RoE|11",
				"Weapon Expertise|Kineticist|RoE|11",
				"Light Armor Expertise|Kineticist|RoE|13",
				"Weapon Specialization|Kineticist|RoE|13",
				"Greater Kinetic Durability|Kineticist|RoE|15",
				"Kinetic Mastery|Kineticist|RoE|15",
				"Double Reflow|Kineticist|RoE|17",
				"Final Gate|Kineticist|RoE|19",
				"Kinetic Legend|Kineticist|RoE|19",
				"Light Armor Mastery|Kineticist|RoE|19"
			],
			"subclasses": [
				{
					"name": "Single Gate",
					"type": "Gate",
					"shortName": "Single",
					"source": "RoE",
					"page": 14,
					"subclassFeatures": [
						"Kinetic Gate|Kineticist|RoE|Single|RoE|1"
					]
				},
				{
					"name": "Dual Gate",
					"type": "Gate",
					"shortName": "Dual",
					"source": "RoE",
					"page": 15,
					"subclassFeatures": [
						"Kinetic Gate|Kineticist|RoE|Dual|RoE|1"
					]
				}
			],
			"classFeaturesIntro": [
				{
					"type": "pf2-h2",
					"page": 14,
					"name": "Class Features",
					"entries": [
						"You gain these abilities as a kineticist. Abilities gained at higher levels list the level at which you gain them next to the features' names."
					]
				}
			],
			"flavor": [
				"You are an eternal student of the arcane secrets of the universe, using your mastery of magic to cast powerful and devastating spells. You treat magic like a science, cross-referencing the latest texts on practical spellcraft with ancient esoteric tomes to discover and understand how magic works. Yet magical theory is vast, and there's no way you can study it all. You either specialize in one of the eight schools of magic, gaining deeper understanding of the nuances of those spells above all others, or favor a broader approach that emphasizes the way all magic comes together at the expense of depth."
			],
			"fluff": [
				{
					"type": "pf2-h3",
					"page": 13,
					"name": "During combat Encounters...",
					"entries": [
						"Elemental magic surges from you throughout the fight. Without any restrictions on how often you can use your abilities, you become a reliable slinger of magic. You can develop powers you can use in a variety of situations... or you can choose just a few favorite attacks you use repeatedly."
					]
				},
				{
					"type": "pf2-h3",
					"page": 13,
					"name": "During social encounters...",
					"entries": [
						"The elements you channel might guide or even influence how you carry yourself in social situations. You might leap to anger like a raging fire, stand your ground as solid as a mountain, keep your motives elusive as the wind, go with the flow like water, make cutting remarks sharp as metal, or exhibit the slow patience of the forest."
					]
				},
				{
					"type": "pf2-h3",
					"page": 13,
					"name": "While exploring...",
					"entries": [
						"Your innate connection to the elements hones your awareness of the natural world. In an environment full of an element you can channel, you're unparalleled, with the ability to repeatedly manipulate the element around you."
					]
				},
				{
					"type": "pf2-h3",
					"page": 13,
					"name": "In downtime...",
					"entries": [
						"You could commune with the elements or practice your control over your kineticist powers. Through retraining, you can realign the flow of your kinetic gate to perfect different manifestations of your element."
					]
				},
				{
					"type": "pf2-h3",
					"page": 13,
					"name": "You Might...",
					"entries": [
						{
							"type": "list",
							"items": [
								"Have a conflicted relationship with the kinetic gate that fuels your kineticist magic, possibly because it manifested at a traumatic point in your past.",
								"Struggle with controlling and understanding your elemental powers.",
								"Form a kinship with elemental creatures or feel at home in areas strong with your element."
							]
						}
					]
				},
				{
					"type": "pf2-h3",
					"page": 13,
					"name": "Others Probably...",
					"entries": [
						{
							"type": "list",
							"items": [
								"Find your ability to keep calling on more and more elemental power truly astonishing.",
								"Defer to you in all matters related to your element, from the smallest tasks to the politics of the elemental planes.",
								"Worry you'll consume yourself with elemental magic or lose control of its primal forces."
							]
						}
					]
				}
			],
			"summary": {
				"images": [
					"https://2e.aonprd.com/Images/Classes/Iconic_Yoon.png"
				],
				"keyAbility": "Constitution"
			}
		}
	],
	"classFeature": [
		{
			"name": "Ancestry and Background",
			"source": "RoE",
			"page": 14,
			"className": "Kineticist",
			"classSource": "RoE",
			"level": 1,
			"entries": [
				"In addition to what you get from your class at 1st level, you have the benefits of your selected ancestry and background."
			]
		},
		{
			"name": "Attribute Boosts",
			"source": "RoE",
			"page": 14,
			"className": "Kineticist",
			"classSource": "RoE",
			"level": 1,
			"entries": [
				"In addition to what you get from your class at 1st level, you have four free boosts to different attribute modifiers.",
				"At 5th level and every 5 levels thereafter, you get four free boosts to different attribute modifiers. If an attribute modifier is already +4 or higher, it takes two boosts to increase it; you get a partial boost, and you must boost that attribute again at a later level to increase it by 1."
			]
		},
		{
			"name": "Initial Proficiencies",
			"source": "RoE",
			"page": 14,
			"className": "Kineticist",
			"classSource": "RoE",
			"level": 1,
			"entries": [
				"At 1st level, you gain a number of proficiencies that represent your basic training. These are noted at the start of this class."
			]
		},
		{
			"name": "Kinetic Gate",
			"source": "RoE",
			"page": 14,
			"className": "Kineticist",
			"classSource": "RoE",
			"subclasses": "Gate",
			"level": 1,
			"entries": [
				"As a kineticist, you've awakened or opened a kinetic gate, a supernatural conduit within your body that can channel elemental forces straight from the elemental planes. You can choose either a  {@subclassFeature Kinetic Gate|Kineticist|RoE|Single|RoE|1||single gate} (one element) or  {@subclassFeature Kinetic Gate|Kineticist|RoE|Dual|RoE|1||dual gate} (two elements) at 1st level.",
				"When selecting an element for your kinetic gate, you can pick from six elements\u2014{@trait air}, {@trait earth}, {@trait fire}, {@trait metal}, {@trait water}, and {@trait wood}. Elements you can channel are referred to as your kinetic elements. Your kinetic elements function even in environments where they normally wouldn't. For example, you could use fire actions underwater even though that's normally not possible, and you could create air in a vacuum.",
				"Your kinetic gate gives you impulse feats, magical actions that let you shape and control your elements in awesome ways. You can select more impulse feats using your kineticist class feats, as described under Impulses on page 15. At higher levels, the gate's threshold class feature gives you more impulse feats and lets you choose whether to improve with one element or access new kinetic elements."
			]
		},
		{
			"name": "Kinetic Aura",
			"source": "RoE",
			"page": 15,
			"className": "Kineticist",
			"classSource": "RoE",
			"level": 1,
			"entries": [
				"Through your kinetic gate, elements flow from an elemental plane to orbit your person. The form and appearance of this kinetic aura are unique to you. Examples include a chaotic wind orbiting the body, fragments of floating gravel, colorful wicks of flame, stars of raw metal always changing shape, floating snowflakes, or splinters dancing in the air. If you can channel more than one element, pieces of all your kinetic elements appear in the aura.",
				"You have the {@action Channel Elements|RoE} action, which lets you activate your kinetic aura.",
				{
					"type": "data",
					"tag": "action",
					"name": "Channel Elements",
					"source": "RoE"
				}
			]
		},
		{
			"name": "Impulses",
			"source": "RoE",
			"page": 15,
			"className": "Kineticist",
			"classSource": "RoE",
			"level": 1,
			"entries": [
				"An impulse is a special type of magical action available to kineticists, allowing them to wield or shape their element into diverse and powerful forms. To wield an element, you must have your kinetic aura active and have a free hand, as described in the {@trait impulse} trait. You automatically gain the Elemental Blast and Base Kinesis impulses, and your kinetic gate selection gives you additional impulse feats. You can select more impulse feats with kineticist class feats, and at higher levels, you'll automatically get more with the gate's threshold class feature. You can select an impulse feat only if it matches one of your kinetic elements.",
				"Impulses are {@trait magical}, and though they aren't spells, some things that affect spells also affect impulses.",
				"Abilities that restrict you from casting spells (such as being polymorphed into a battle form) or protect against spells (such as a spell that protects against other spells or a creature's bonus to saves against spells) also apply to impulses.",
				{
					"type": "pf2-h4",
					"name": "Impulse Levels",
					"entries": [
						"Any impulse you use is the same level you are. For instance, if you're 5th level, your {@action Elemental Blast|RoE} would be 5th level (and its counteract rank would be 3rd rank), even though you gained the action at 1st level.",
						"Similar to spells, many impulses get more powerful as you increase in level. In these cases, the impulse ends with one or more \"Level\" entries. This either lists the levels at which the impulse gets an upgrade or has an entry with a plus sign that describes a benefit that increases on a regular basis. For instance, a 1st-level impulse with a \"Level (+4)\" entry would get stronger at 5th, 9th, 13th, and 17th levels."
					]
				},
				{
					"type": "pf2-h4",
					"name": "Impulse Attacks and DCs",
					"entries": [
						"An impulse that requires a saving throw uses your kineticist class DC. Some of your impulses require you to attempt an {@b impulse attack roll} to see how effective they are. Your impulse attack roll uses the same proficiency and attribute modifier as your kineticist class DC. Like a spell attack modifier, your impulse attack modifier uses the following formula: d20 roll + attribute modifier + proficiency bonus + other bonuses + penalties. This means your impulse attack roll is typically 10 lower than your class DC. The {@condition drained} condition can reduce your impulse attack rolls and class DCs. You can acquire a {@item gate attenuator|RoE} to gain a bonus to your impulse attack modifier."
					]
				},
				{
					"type": "pf2-h4",
					"name": "Elemental Blast",
					"entries": [
						"The {@action Elemental Blast|RoE} impulse is a simple expression of your power, allowing you to attack with the pure matter of your kinetic element. Though each element has its own strengths and weaknesses, the basic principles to using them are the same. You can customize the appearance of your {@action Elemental Blast|RoE} and can even choose a different form each time you use the impulse.",
						{
							"type": "data",
							"tag": "action",
							"name": "Elemental Blast",
							"source": "RoE"
						}
					]
				},
				{
					"type": "pf2-h4",
					"name": "Base Kinesis",
					"entries": [
						"The {@action Base Kinesis|RoE} impulse lets you perform simple alterations to an element.",
						{
							"type": "data",
							"tag": "action",
							"name": "Base Kinesis",
							"source": "RoE"
						}
					]
				}
			]
		},
		{
			"name": "Kineticist Feats",
			"source": "RoE",
			"page": 17,
			"className": "Kineticist",
			"classSource": "RoE",
			"level": 1,
			"entries": [
				"At 1st level and every even-numbered level, you gain a {@filter kineticist class feat|feats||type=class|Class=kineticist;!impulse|level=[1]}."
			]
		},
		{
			"name": "Skill Feats",
			"source": "RoE",
			"page": 17,
			"className": "Kineticist",
			"classSource": "RoE",
			"level": 2,
			"entries": [
				"At 2nd level and every 2 levels thereafter, you gain a {@filter skill feat|feats||type=skill;!archetype}. You must be trained or better in the corresponding skill to select a skill feat."
			]
		},
		{
			"name": "Extract Element",
			"source": "RoE",
			"page": 17,
			"className": "Kineticist",
			"classSource": "RoE",
			"level": 3,
			"entries": [
				"Creatures with a strong tie to your element might be troublesome for you to deal with, at least until you've learned to turn their elemental nature to your advantage. You gain the {@action Extract Element|RoE} action.",
				{
					"type": "data",
					"tag": "action",
					"name": "Extract Element",
					"source": "RoE"
				}
			]
		},
		{
			"name": "General Feats",
			"source": "RoE",
			"page": 17,
			"className": "Kineticist",
			"classSource": "RoE",
			"level": 3,
			"entries": [
				"At 3rd level and every 4 levels thereafter, you gain a {@filter general feat|feats||type=general|level=[1;3]}."
			]
		},
		{
			"name": "Skill Increases",
			"source": "RoE",
			"page": 17,
			"className": "Kineticist",
			"classSource": "RoE",
			"level": 3,
			"entries": [
				"At 3rd level and every 2 levels thereafter, you gain a skill increase. You can use this increase to either become trained in one skill you're untrained in or become an expert in one skill in which you're already trained.",
				"At 7th level, you can use skill increases to become a master in a skill in which you're already an expert, and at 15th level, you can use them to become legendary in a skill in which you're already a master."
			]
		},
		{
			"name": "Will Expertise",
			"source": "RoE",
			"page": 17,
			"className": "Kineticist",
			"classSource": "RoE",
			"level": 3,
			"entries": [
				"Your mental defenses grow stronger. Your proficiency rank for Will saves increases to expert."
			]
		},
		{
			"name": "Ancestry Feats",
			"source": "RoE",
			"page": 18,
			"className": "Kineticist",
			"classSource": "RoE",
			"level": 5,
			"entries": [
				"In addition to the ancestry feat you started with, you gain an {@filter ancestry feat|feats||type=ancestry} at 5th level and every 4 levels thereafter."
			]
		},
		{
			"name": "Gate's Threshold",
			"source": "RoE",
			"page": 18,
			"className": "Kineticist",
			"classSource": "RoE",
			"level": 5,
			"entries": [
				"You reach a new milestone in your odyssey to become in tune with your kinetic gate and must decide how to expand the gate's power. At 5th level and every 4 levels thereafter, you choose to either expand the portal or fork the path.",
				{
					"type": "list",
					"items": [
						{
							"type": "item",
							"name": "Expand the Portal:",
							"entries": [
								"Your gate attunes more precisely to one of your elements. Gain an {@filter impulse feat|feats||type=class|Class=impulse|level=[1;5]} of your level or lower for one of your kinetic elements; if you have more than one element, you can choose a {@filter composite feat|feats||type=class|Class=impulse;composite|level=[1;5]}. You also gain a gate junction for one of your kinetic elements. If you have no valid options for the feat\u2014typically because you have one kinetic element and devoted your class feats to gaining that element's impulses\u2014you can instead select any kineticist class feat of your level or lower for which you meet the prerequisites."
							]
						},
						{
							"type": "item",
							"name": "Fork the Path:",
							"entries": [
								"Your gate reaches to another elemental plane. Add a new element of your choice to your kinetic elements. Gain an {@filter impulse feat|feats||type=class|Class=impulse|level=[1;5]} of your level or lower with the trait of that element. You can't select a composite impulse feat with this feat selection."
							]
						}
					]
				},
				{
					"type": "refClassFeature",
					"classFeature": "Gate Junctions|Kineticist|RoE|5"
				}
			]
		},
		{
			"name": "Gate Junctions",
			"source": "RoE",
			"page": 18,
			"className": "Kineticist",
			"classSource": "RoE",
			"level": 5,
			"entries": [
				"When you gain a gate junction, you develop a specialized kinetic technique. Choose one benefit from the gate junction table for one of your kinetic elements.",
				{
					"type": "list",
					"items": [
						"A {@b critical blast} junction happens when you get a critical success with an {@action Elemental Blast|RoE} of the kinetic element.",
						"An {@b elemental resistance} grants you resistance to damage while your kinetic aura is active. This resistance is equal to your level, and it applies to damage of any listed type or that comes from a creature or effect that has any of the listed traits. At 17th level, you gain immunity to effects with any of the listed traits. This doesn't make you immune to creatures with such a trait. You can voluntarily forgo this resistance, immunity, or both if you want an effect to work on you.",
						"You can choose an {@b impulse junction} instead of one of the listed junctions. Impulse junctions are listed under {@subclassFeature Kinetic Gate|Kineticist|RoE|Single|RoE|1||Single Gate}.",
						"An {@b aura junction} adds an effect to your kinetic aura when you {@action Channel Elements|RoE}.",
						"A {@b skill junction} makes you trained in the listed skill and grants you the listed skill feat. If you were already trained in the listed skill, you instead become trained in a skill of your choice. While your kinetic aura is active, you gain a +1 status bonus to the listed skill; the bonus increases to +2 at 10th level and +3 at 17th level."
					]
				},
				"You can select each gate junction only once, unless noted otherwise, but you can have the same type of junction for multiple elements. You can always choose not to use a gate junction when it would normally occur. If you have multiple junctions that would apply at the same time\u2014 such as kinetic aura junctions for different elements\u2014you can apply any number of them. (Though note that you can use only one impulse junction per round.)",
				{
					"type": "data",
					"tag": "table",
					"name": "Gate Junction",
					"source": "RoE"
				}
			]
		},
		{
			"name": "Kinetic Durability",
			"source": "RoE",
			"page": 19,
			"className": "Kineticist",
			"classSource": "RoE",
			"level": 7,
			"entries": [
				"The sustenance of your inner gate counters harm that would come to your body. Your proficiency rank for Fortitude saves increases to master. When you roll a success on a Fortitude save, you get a critical success instead."
			]
		},
		{
			"name": "Kinetic Expertise",
			"source": "RoE",
			"page": 19,
			"className": "Kineticist",
			"classSource": "RoE",
			"level": 7,
			"entries": [
				"Your kinetic gate grows stronger, making your elements harder to resist. The power flowing from you is even harder to resist. Your proficiency rank for your kineticist class DC increases to expert."
			]
		},
		{
			"name": "Perception Expertise",
			"source": "RoE",
			"page": 19,
			"className": "Kineticist",
			"classSource": "RoE",
			"level": 9,
			"entries": [
				"You remain alert to threats around you. Your proficiency rank for Perception increases to expert."
			]
		},
		{
			"name": "Kinetic Quickness",
			"source": "RoE",
			"page": 19,
			"className": "Kineticist",
			"classSource": "RoE",
			"level": 11,
			"entries": [
				"Your body flows with the elegance of a flame, a wave, a breeze. Your proficiency rank for Reflex saves increases to master. When you roll a success on a Reflex save, you get a critical success instead."
			]
		},
		{
			"name": "Reflow Elements",
			"source": "RoE",
			"page": 19,
			"className": "Kineticist",
			"classSource": "RoE",
			"level": 11,
			"entries": [
				"You twist one of the impulses you've learned into a different but still similar magic. When you make your daily preparations, you can replace one of your {@filter impulse feats|feats||type=class|Class=impulse|level=[1;11]} with a different {@filter impulse feat|feats||type=class|Class=impulse|level=[1;11]} that has the same elemental trait. You can reflow only impulse feats that have exactly one elemental trait, not composite impulse feats or feats that vary by element. This follows the same rules as retraining; you can replace impulse feats gained through your class feats or through class features that grant you impulse feats."
			]
		},
		{
			"name": "Weapon Expertise",
			"source": "RoE",
			"page": 19,
			"className": "Kineticist",
			"classSource": "RoE",
			"level": 11,
			"entries": [
				"You've improved your combat skill. Your proficiency rank for simple weapons and unarmed attacks increase to expert."
			]
		},
		{
			"name": "Light Armor Expertise",
			"source": "RoE",
			"page": 19,
			"className": "Kineticist",
			"classSource": "RoE",
			"level": 13,
			"entries": [
				"You've learned how to dodge while wearing light or no armor. Your proficiency ranks for light armor and unarmored defense increase to expert."
			]
		},
		{
			"name": "Greater Kinetic Durability",
			"source": "RoE",
			"page": 19,
			"className": "Kineticist",
			"classSource": "RoE",
			"level": 15,
			"entries": [
				"Your gate protects you even more. Your proficiency rank for Fortitude saves increases to legendary. When you roll a critical failure on a Fortitude save, you get a failure instead. When you fail a Fortitude save against an effect that deals damage, you halve the damage you take."
			]
		},
		{
			"name": "Weapon Specialization",
			"source": "RoE",
			"page": 19,
			"className": "Kineticist",
			"classSource": "RoE",
			"level": 13,
			"entries": [
				"You've learned how to inflict greater injuries with the weapons you know best. You deal 2 additional damage with weapons and unarmed attacks in which you're an expert. This damage increases to 3 if you're a master, and 4 if you're legendary."
			]
		},
		{
			"name": "Kinetic Mastery",
			"source": "RoE",
			"page": 20,
			"className": "Kineticist",
			"classSource": "RoE",
			"level": 15,
			"entries": [
				"The power flowing from you grows even difficult to resist. Your proficiency rank for your kineticist class DC increases to master."
			]
		},
		{
			"name": "Double Reflow",
			"source": "RoE",
			"page": 20,
			"className": "Kineticist",
			"classSource": "RoE",
			"level": 17,
			"entries": [
				"Your kinetic gate becomes even more adaptable. When you use {@classFeature reflow elements|kineticist|RoE|11}, you can replace two impulse feats instead of one."
			]
		},
		{
			"name": "Final Gate",
			"source": "RoE",
			"page": 20,
			"className": "Kineticist",
			"classSource": "RoE",
			"level": 19,
			"entries": [
				"Your kinetic gate reaches a perfect form, its power constantly fighting to be released. If your kinetic aura is inactive, you automatically use the first action of your turn to {@action Channel Elements|RoE} as a free action. You can deliberately suppress the effect. If you're unable to act, final gate still functions, but you don't get to use the {@action Elemental Blast|RoE} or stance impulse you normally do from using {@action Channel Elements|RoE}."
			]
		},
		{
			"name": "Kinetic Legend",
			"source": "RoE",
			"page": 20,
			"className": "Kineticist",
			"classSource": "RoE",
			"level": 19,
			"entries": [
				"Your elements become almost impossible to resist. Your proficiency rank for your kineticist class DC increases to legendary."
			]
		},
		{
			"name": "Light Armor Mastery",
			"source": "RoE",
			"page": 20,
			"className": "Kineticist",
			"classSource": "RoE",
			"level": 19,
			"entries": [
				"Your skill with light armor improves, increasing your ability to dodge blows. Your proficiency ranks for light armor and unarmored defense increase to master."
			]
		}
	],
	"subclassFeature": [
		{
			"name": "Kinetic Gate",
			"source": "RoE",
			"page": 15,
			"className": "Kineticist",
			"classSource": "RoE",
			"subclassShortName": "Dual",
			"subclassSource": "RoE",
			"level": 1,
			"entries": [
				{
					"type": "pf2-h4",
					"name": "Dual Gate",
					"entries": [
						"Your kinetic gate is a harmonious conduit between two planes, allowing you to combine their elements to give you a versatile set of abilities. Select two elements to be your kinetic elements. Then, select two {@filter 1st-level impulse feats|feats||type=class|Class=impulse|level=[1]}, one with the trait of the first element and one with the trait of the other."
					]
				}
			]
		},
		{
			"name": "Kinetic Gate",
			"source": "RoE",
			"page": 14,
			"className": "Kineticist",
			"classSource": "RoE",
			"subclassShortName": "Single",
			"subclassSource": "RoE",
			"level": 1,
			"entries": [
				{
					"type": "pf2-h4",
					"name": "Single Gate",
					"entries": [
						"Your kinetic gate links to a single elemental plane, starting you with a single element but giving you greater power with it. Choose one element to be your kinetic element, and select two {@filter 1st-level impulse feats|feats||type=class|Class=impulse|level=[1]} that have that element's trait.",
						"In addition, you gain an impulse junction, a benefit that occurs when you use an impulse of the chosen element that takes 2 actions or more. This happens before the other effects of the impulse, unless noted otherwise. You can gain only one impulse junction per round; they are described in full below.",
						{
							"type": "list",
							"items": [
								{
									"type": "item",
									"name": "Air",
									"entries": [
										"Before or after the other effects of the impulse, you can either {@action Stride} up to half your Speed or {@action Step}. If you have a fly Speed, you can {@action Fly} up to half your fly Speed instead."
									]
								},
								{
									"type": "item",
									"name": "Earth",
									"entries": [
										"Fragments of stone float around you, granting you a +1 circumstance bonus to AC until the start of your next turn."
									]
								},
								{
									"type": "item",
									"name": "Fire",
									"entries": [
										"Increase the damage die size of fire damage dealt by the impulse by one step."
									]
								},
								{
									"type": "item",
									"name": "Metal",
									"entries": [
										"Choose acid, electricity, or piercing. Until the start of your next turn, each time a creature touches you or damages you with an unarmed melee attack or non- reach melee weapon, it takes damage of the chosen type equal to half your level (minimum 1 damage)."
									]
								},
								{
									"type": "item",
									"name": "Water",
									"entries": [
										"After the impulse's other effects, you can move one creature targeted by the impulse or in its area 5 feet in any direction, or 10 feet if it's in a body of water. This can't move the creature into the air. You can choose only a creature that's willing to be moved, that failed its save against the impulse, or that you succeeded at an impulse attack roll against."
									]
								},
								{
									"type": "item",
									"name": "Wood",
									"entries": [
										"You gain temporary Hit Points equal to your level that last until the start of your next turn."
									]
								}
							]
						}
					]
				}
			]
		}
	]
}
