{
	"creature": [
		{
			"name": "Almiraj",
			"isNpc": false,
			"source": "AoE1",
			"page": 16,
			"level": 1,
			"traits": [
				"uncommon",
				"n",
				"small",
				"beast"
			],
			"creatureType": [
				"Beast"
			],
			"perception": {
				"std": 8
			},
			"senses": [
				{
					"name": "darkvision"
				},
				{
					"type": "imprecise",
					"name": "scent",
					"range": 30
				}
			],
			"languages": {
				"languages": [
					"Sylvan (can't speak any language)"
				],
				"languageAbilities": []
			},
			"skills": {
				"Acrobatics": {
					"std": 7
				},
				"Occultism": {
					"std": 7
				},
				"Stealth": {
					"std": 7
				},
				"Survival": {
					"std": 5
				}
			},
			"abilityMods": {
				"str": 2,
				"dex": 4,
				"con": 1,
				"int": -3,
				"wis": 2,
				"cha": 3
			},
			"ac": {
				"std": 16
			},
			"savingThrows": {
				"fort": {
					"std": 6
				},
				"ref": {
					"std": 11
				},
				"will": {
					"std": 5
				}
			},
			"hp": [
				{
					"hp": 20,
					"abilities": null
				}
			],
			"speed": {
				"walk": 20,
				"burrow": 10
			},
			"attacks": [
				{
					"range": "Melee",
					"name": "horn",
					"attack": 9,
					"traits": [
						"finesse",
						"magical"
					],
					"effects": [],
					"damage": "{@damage 1d6+2} piercing",
					"types": [
						"piercing"
					]
				}
			],
			"abilities": {
				"mid": [
					{
						"entries": [
							"An almiraj takes a \u20132 status penalty to saving throws against occult spells. Any beneficial occult spells with a duration of 1 round or longer cast on the almiraj last twice as long."
						],
						"name": "Magic Susceptibility"
					}
				],
				"bot": [
					{
						"entries": [
							"Any living creature slain by the almiraj's horn {@action Strike} immediately becomes {@condition petrified} with no saving throw, in addition to {@condition dying}. A severed almiraj horn retains a wisp of its former magic; in combat, the horn can be wielded as a +1 dagger or, if affixed to a shaft, a +1 spear."
						],
						"name": "Magic Horn"
					}
				]
			}
		},
		{
			"name": "Antaro Boldblade",
			"isNpc": false,
			"source": "AoE1",
			"page": 8,
			"level": -1,
			"traits": [
				"cg",
				"medium",
				"human",
				"humanoid"
			],
			"creatureType": [
				"Humanoid"
			],
			"perception": {
				"std": 4
			},
			"languages": {
				"languages": [
					"Common",
					"Dwarven"
				],
				"languageAbilities": []
			},
			"skills": {
				"Athletics": {
					"std": 4
				},
				"Diplomacy": {
					"std": 6
				},
				"Religion": {
					"std": 4
				}
			},
			"abilityMods": {
				"str": 2,
				"dex": 0,
				"con": 1,
				"int": 0,
				"wis": 2,
				"cha": 2
			},
			"items": [
				"rapier",
				"wooden shield",
				"splint mail"
			],
			"ac": {
				"std": 15,
				"with Shield Raised": 17
			},
			"savingThrows": {
				"fort": {
					"std": 5
				},
				"ref": {
					"std": 2
				},
				"will": {
					"std": 8
				}
			},
			"hp": [
				{
					"hp": 9,
					"abilities": null
				}
			],
			"speed": {
				"walk": 15
			},
			"attacks": [
				{
					"range": "Melee",
					"name": "rapier",
					"attack": 5,
					"traits": [
						"deadly 1d8",
						"disarm",
						"finesse"
					],
					"effects": [],
					"damage": "{@damage 1d6+2} piercing",
					"types": [
						"piercing"
					]
				}
			],
			"spellcasting": [
				{
					"name": "Divine Prepared",
					"type": "Prepared",
					"tradition": "Divine",
					"DC": 16,
					"entry": {
						"0": {
							"level": 1,
							"spells": [
								{
									"name": "light"
								},
								{
									"name": "stabilize"
								}
							]
						},
						"1": {
							"spells": [
								{
									"name": "heal"
								}
							]
						}
					}
				}
			]
		},
		{
			"name": "Battle Leader Rekarek",
			"isNpc": false,
			"source": "AoE1",
			"page": 27,
			"level": 2,
			"traits": [
				"unique",
				"le",
				"small",
				"humanoid",
				"kobold"
			],
			"creatureType": [
				"Humanoid"
			],
			"perception": {
				"std": 10
			},
			"senses": [
				{
					"name": "darkvision"
				}
			],
			"languages": {
				"languages": [
					"Draconic"
				],
				"languageAbilities": []
			},
			"skills": {
				"Athletics": {
					"std": 9
				},
				"Intimidation": {
					"std": 7
				},
				"Stealth": {
					"std": 6
				}
			},
			"abilityMods": {
				"str": 3,
				"dex": 2,
				"con": 4,
				"int": -1,
				"wis": 1,
				"cha": 1
			},
			"ac": {
				"std": 17
			},
			"savingThrows": {
				"fort": {
					"std": 12
				},
				"ref": {
					"std": 8
				},
				"will": {
					"std": 5
				}
			},
			"hp": [
				{
					"hp": 40,
					"abilities": null
				}
			],
			"speed": {
				"walk": 20
			},
			"attacks": [
				{
					"range": "Melee",
					"name": "greatpick",
					"attack": 12,
					"traits": [
						"fatal d12"
					],
					"effects": [],
					"damage": "{@damage 1d10+3} piercing",
					"types": [
						"piercing"
					]
				},
				{
					"range": "Melee",
					"name": "longspear",
					"attack": 9,
					"traits": [
						"reach"
					],
					"effects": [],
					"damage": "{@damage 1d8+3} piercing",
					"types": [
						"piercing"
					]
				},
				{
					"range": "Ranged",
					"name": "sling",
					"attack": 10,
					"traits": [
						"propulsive",
						"range increment 50 feet",
						"reload 1"
					],
					"effects": [],
					"damage": "{@damage 1d6+1} bludgeoning",
					"types": [
						"bludgeoning"
					]
				}
			],
			"abilities": {
				"bot": [
					{
						"activity": {
							"number": 2,
							"unit": "action"
						},
						"requirements": "Rekarek is adjacent to two or more enemies",
						"entries": [
							"Rekarek makes three melee weapon Strikes, two of which must be against different enemies. These attacks count toward her multiple attack penalty, but only after all three Strikes have been made. After taking this activity, Rekarek is {@condition flat-footed} until the beginning of her next turn."
						],
						"name": "Haphazard Hack"
					}
				]
			}
		},
		{
			"name": "Binumir",
			"isNpc": false,
			"source": "AoE1",
			"page": 82,
			"level": 3,
			"traits": [
				"le",
				"medium",
				"incorporeal",
				"spirit",
				"undead"
			],
			"creatureType": [
				"Spirit",
				"Undead"
			],
			"perception": {
				"std": 10
			},
			"senses": [
				{
					"name": "darkvision"
				}
			],
			"languages": {
				"languages": [
					"Common"
				],
				"languageAbilities": []
			},
			"skills": {
				"Society": {
					"std": 10
				}
			},
			"abilityMods": {
				"str": -4,
				"dex": 4,
				"con": 3,
				"int": 0,
				"wis": 1,
				"cha": 0
			},
			"ac": {
				"std": 19
			},
			"savingThrows": {
				"fort": {
					"std": 9
				},
				"ref": {
					"std": 12
				},
				"will": {
					"std": 8
				}
			},
			"hp": [
				{
					"hp": 25,
					"abilities": [
						"negative healing"
					]
				}
			],
			"immunities": [
				"death effects",
				"disease"
			],
			"resistances": [
				{
					"name": "all"
				}
			],
			"speed": {
				"fly": 25
			},
			"attacks": [
				{
					"range": "Melee",
					"name": "ghostly hand",
					"attack": 12,
					"traits": [
						"agile",
						"finesse",
						"magical"
					],
					"effects": [],
					"damage": "{@damage 1d8+4} negative",
					"types": [
						"negative"
					]
				}
			],
			"abilities": {
				"mid": [
					{
						"entries": [
							"The binumir's dual spirit takes longer to be affected by detrimental effects. When the binumir is the target of an effect that imparts the {@condition confused}, {@condition controlled}, {@condition fascinated}, {@condition frightened}, {@condition sickened}, {@condition slowed}, or {@condition stunned} condition, the condition is automatically suppressed until the end of the binumir's next turn."
						],
						"name": "Delay Condition"
					}
				],
				"bot": [
					{
						"activity": {
							"number": 2,
							"unit": "action"
						},
						"traits": [
							"auditory",
							"concentrate"
						],
						"entries": [
							"The binumir unleashes a distressing cry that fills others with wrenching sadness. Creatures within 30 feet must attempt a DC 17 Will save.",
							{
								"type": "successDegree",
								"entries": {
									"Critical Success": "The target is unaffected and is temporarily immune to"
								}
							}
						],
						"name": "Agonizing Wail"
					},
					{
						"entries": [
							"Wail for 1 minute.",
							{
								"type": "successDegree",
								"entries": {
									"Success": "The target can't use reactions for 1 round.",
									"Failure": "The target is {@condition slowed|CRB|slowed 1} and can't use reactions for 1 minute as it sobs uncontrollably. It can attempt a new Will save to end the effect at the end of each of its turns.",
									"Critical Failure": "As failure, but the target can't make saves to end the effect."
								}
							}
						],
						"name": "Agonizing"
					},
					{
						"activity": {
							"number": 3,
							"unit": "action"
						},
						"entries": [
							"The binumir makes four Strikes; no more than two can be against the same target. These attacks count toward the binumir's multiple attack penalty, but the penalty doesn't increase until after all the attacks have been made."
						],
						"name": "Dual Assault"
					}
				]
			}
		},
		{
			"name": "Bolar Of Stonemoor",
			"isNpc": false,
			"source": "AoE1",
			"page": 8,
			"level": -1,
			"traits": [
				"cn",
				"medium",
				"dwarf",
				"humanoid"
			],
			"creatureType": [
				"Humanoid"
			],
			"perception": {
				"std": 3
			},
			"senses": [
				{
					"name": "darkvision"
				}
			],
			"languages": {
				"languages": [
					"Common",
					"Dwarven"
				],
				"languageAbilities": []
			},
			"skills": {
				"Acrobatics": {
					"std": 4
				},
				"Athletics": {
					"std": 6
				},
				"Intimidation": {
					"std": 2
				}
			},
			"abilityMods": {
				"str": 4,
				"dex": 2,
				"con": 3,
				"int": -1,
				"wis": 1,
				"cha": -2
			},
			"items": [
				"battle axe",
				"studded leather armor"
			],
			"ac": {
				"std": 14
			},
			"savingThrows": {
				"fort": {
					"std": 7
				},
				"ref": {
					"std": 6
				},
				"will": {
					"std": 3
				}
			},
			"hp": [
				{
					"hp": 13,
					"abilities": null
				}
			],
			"speed": {
				"walk": 20
			},
			"attacks": [
				{
					"range": "Melee",
					"name": "battle axe",
					"attack": 6,
					"traits": [
						"sweep"
					],
					"effects": [],
					"damage": "{@damage 1d8+4} slashing",
					"types": [
						"slashing"
					]
				}
			],
			"abilities": {
				"bot": [
					{
						"activity": {
							"number": 1,
							"unit": "action"
						},
						"traits": [
							"concentrate",
							"emotion",
							"mental"
						],
						"requirements": "Bolar isn't {@condition fatigued} or raging",
						"entries": [
							"Bolar gains 3 temporary Hit Points that last until the rage ends. While raging, he deals 2 additional damage with melee attacks and takes a \u20131 penalty to AC. The rage lasts for 1 minute, until there are no enemies Bolar can perceive, or until Bolar falls {@condition unconscious}. Once the rage ends, Bolar can't {@action Rage} again for 1 minute."
						],
						"name": "Rage"
					}
				]
			}
		},
		{
			"name": "Cobbleswarm",
			"isNpc": false,
			"source": "AoE1",
			"page": 83,
			"level": 2,
			"traits": [
				"n",
				"large",
				"aberration",
				"earth",
				"swarm"
			],
			"creatureType": [
				"Aberration"
			],
			"perception": {
				"std": 9
			},
			"senses": [
				{
					"type": "precise",
					"name": "{@ability tremorsense}",
					"range": 40
				}
			],
			"skills": {
				"Athletics": {
					"std": 10
				},
				"Stealth": {
					"std": 13
				}
			},
			"abilityMods": {
				"str": 1,
				"dex": 4,
				"con": 2,
				"int": -3,
				"wis": 3,
				"cha": 0
			},
			"ac": {
				"std": 17
			},
			"savingThrows": {
				"fort": {
					"std": 10
				},
				"ref": {
					"std": 12
				},
				"will": {
					"std": 7
				}
			},
			"hp": [
				{
					"hp": 20,
					"abilities": null
				}
			],
			"immunities": [
				"precision",
				"swarm mind"
			],
			"weaknesses": [
				{
					"amount": 3,
					"name": "area damage"
				},
				{
					"amount": 3,
					"name": "splash damage"
				}
			],
			"speed": {
				"walk": 20,
				"burrow": 10
			},
			"attacks": [],
			"abilities": {
				"top": [
					{
						"entries": [
							"The cobbleswarm's space is difficult terrain."
						],
						"name": "Clutching Cobbles"
					},
					{
						"entries": [
							"The cobbleswarm's {@ability tremorsense} is a precise sense out to 40 feet and an imprecise sense out to 80 feet. The cobbleswarm can't sense anything beyond the range of its {@ability tremorsense}."
						],
						"name": "Precise Tremorsense"
					}
				],
				"bot": [
					{
						"activity": {
							"number": 2,
							"unit": "action"
						},
						"traits": [
							"attack"
						],
						"entries": [
							"The cobbleswarm attempts an {@skill Athletics} check and compares the result to the Fortitude DC of all creatures in its space.",
							{
								"type": "successDegree",
								"entries": {
									"Critical Success": "The creature falls {@condition prone} and takes {@damage 1d6} bludgeoning damage, and is {@condition restrained} by the cobbleswarm until the end of the cobbleswarm's next turn.",
									"Success": "The creature falls {@condition prone}, and is {@condition grabbed} by the cobbleswarm until the creature until the end of the cobbleswarm's next turn."
								}
							}
						],
						"name": "Grasping Bites"
					},
					{
						"activity": {
							"number": 1,
							"unit": "action"
						},
						"entries": [
							"Each enemy in the cobbleswarm's space takes {@damage 2d4} bludgeoning damage (DC 17 basic Reflex save)."
						],
						"name": "Pummeling Assault"
					}
				]
			}
		},
		{
			"name": "Eunice",
			"isNpc": false,
			"source": "AoE1",
			"page": 12,
			"level": 0,
			"traits": [
				"cg",
				"medium",
				"human",
				"humanoid"
			],
			"creatureType": [
				"Humanoid"
			],
			"perception": {
				"std": 7
			},
			"languages": {
				"languages": [
					"Common",
					"Draconic"
				],
				"languageAbilities": []
			},
			"skills": {
				"Arcana": {
					"std": 7
				},
				"Occultism": {
					"std": 6
				},
				"Farming Lore": {
					"std": 5
				}
			},
			"abilityMods": {
				"str": 0,
				"dex": 4,
				"con": 0,
				"int": 4,
				"wis": -1,
				"cha": -1
			},
			"items": [
				"dagger",
				"spellbook"
			],
			"ac": {
				"std": 15
			},
			"savingThrows": {
				"fort": {
					"std": 4
				},
				"ref": {
					"std": 8
				},
				"will": {
					"std": 10
				}
			},
			"hp": [
				{
					"hp": 20,
					"abilities": null
				}
			],
			"speed": {
				"walk": 25
			},
			"attacks": [
				{
					"range": "Melee",
					"name": "dagger",
					"attack": 8,
					"traits": [
						"agile",
						"finesse",
						"thrown 10 feet",
						"versatile s"
					],
					"effects": [],
					"damage": "{@damage 1d4} piercing",
					"types": [
						"piercing"
					]
				}
			]
		},
		{
			"name": "Gref",
			"isNpc": false,
			"source": "AoE1",
			"page": 34,
			"level": 2,
			"traits": [
				"unique",
				"le",
				"small",
				"humanoid",
				"ratfolk"
			],
			"creatureType": [
				"Humanoid"
			],
			"perception": {
				"std": 9
			},
			"senses": [
				{
					"name": "darkvision"
				}
			],
			"languages": {
				"languages": [
					"Common",
					"Undercommon"
				],
				"languageAbilities": []
			},
			"skills": {
				"Acrobatics": {
					"std": 8
				},
				"Deception": {
					"std": 6
				},
				"Stealth": {
					"std": 8
				},
				"Thievery": {
					"std": 8
				}
			},
			"abilityMods": {
				"str": 2,
				"dex": 4,
				"con": 2,
				"int": -1,
				"wis": 2,
				"cha": 0
			},
			"ac": {
				"std": 17
			},
			"savingThrows": {
				"fort": {
					"std": 9
				},
				"ref": {
					"std": 12
				},
				"will": {
					"std": 4
				}
			},
			"hp": [
				{
					"hp": 40,
					"abilities": null
				}
			],
			"speed": {
				"walk": 25
			},
			"attacks": [
				{
					"range": "Melee",
					"name": "fangs",
					"attack": 8,
					"traits": [
						"agile",
						"finesse"
					],
					"effects": [],
					"damage": "{@damage 1d4+2} piercing",
					"types": [
						"piercing"
					]
				},
				{
					"range": "Melee",
					"name": "katar",
					"attack": 10,
					"traits": [
						"agile",
						"deadly d6",
						"finesse",
						"monk"
					],
					"effects": [],
					"damage": "{@damage 1d4+2} piercing",
					"types": [
						"piercing"
					]
				},
				{
					"range": "Ranged",
					"name": "crossbow",
					"attack": 10,
					"traits": [
						"range increment 120 feet",
						"reload 1"
					],
					"effects": [],
					"damage": "{@damage 1d8} piercing",
					"types": [
						"piercing"
					]
				}
			],
			"abilities": {
				"bot": [
					{
						"entries": [
							"277."
						],
						"name": "Cheek Pouches See Pathfinder Bestiary"
					},
					{
						"entries": [
							"The smugglers have trained extensively with the katar blade. Any katar they wield gains the {@trait finesse} trait."
						],
						"name": "Katar Specialist"
					},
					{
						"activity": {
							"number": 1,
							"unit": "free"
						},
						"entries": [
							"See Pathfinder Bestiary 277."
						],
						"name": "Quick Stow"
					},
					{
						"entries": [
							"277."
						],
						"name": "Swarming See Pathfinder Bestiary"
					}
				]
			}
		},
		{
			"name": "Grick",
			"isNpc": false,
			"source": "AoE1",
			"page": 35,
			"level": 3,
			"traits": [
				"n",
				"medium",
				"aberration"
			],
			"creatureType": [
				"Aberration"
			],
			"perception": {
				"std": 12
			},
			"senses": [
				{
					"name": "darkvision"
				},
				{
					"type": "imprecise",
					"name": "scent",
					"range": 30
				}
			],
			"languages": {
				"languages": [
					"Aklo (can't speak any language)"
				],
				"languageAbilities": []
			},
			"skills": {
				"Acrobatics": {
					"std": 11
				},
				"Athletics": {
					"std": 10
				},
				"Stealth": {
					"std": 10
				},
				"Survival": {
					"std": 8
				}
			},
			"abilityMods": {
				"str": 3,
				"dex": 4,
				"con": 1,
				"int": -3,
				"wis": 3,
				"cha": -1
			},
			"ac": {
				"std": 19
			},
			"savingThrows": {
				"fort": {
					"std": 10
				},
				"ref": {
					"std": 11
				},
				"will": {
					"std": 12
				}
			},
			"hp": [
				{
					"hp": 40,
					"abilities": null
				}
			],
			"resistances": [
				{
					"amount": 3,
					"name": "physical"
				}
			],
			"speed": {
				"walk": 30,
				"climb": 20
			},
			"attacks": [
				{
					"range": "Melee",
					"name": "jaws",
					"attack": 12,
					"effects": [],
					"damage": "{@damage 1d8+6} piercing",
					"types": [
						"piercing"
					]
				},
				{
					"range": "Melee",
					"name": "tentacle",
					"attack": 11,
					"traits": [
						"agile",
						"finesse"
					],
					"effects": [],
					"damage": "{@damage 1d6+6} slashing",
					"types": [
						"slashing"
					]
				}
			],
			"abilities": {
				"mid": [
					{
						"activity": {
							"number": 1,
							"unit": "reaction"
						},
						"entries": [],
						"name": "Attack of Opportunity",
						"generic": {
							"tag": "ability"
						}
					}
				],
				"bot": [
					{
						"entries": [
							"Any creature a grick critically hits is {@condition flat-footed} against its attacks until the end of the grick's next turn."
						],
						"name": "Unbalancing Blow"
					},
					{
						"entries": [
							"When a grick takes a {@action Stride} action to move half its Speed or less, that movement doesn't trigger reactions."
						],
						"name": "Vermicular Movement"
					}
				]
			}
		},
		{
			"name": "Grospek Lavarsus",
			"isNpc": false,
			"source": "AoE1",
			"page": 87,
			"level": 7,
			"traits": [
				"unique",
				"ln",
				"medium",
				"human",
				"humanoid"
			],
			"creatureType": [
				"Humanoid"
			],
			"perception": {
				"std": 17
			},
			"languages": {
				"languages": [
					"Common",
					"Kelish"
				],
				"languageAbilities": []
			},
			"skills": {
				"Acrobatics": {
					"std": 12
				},
				"Athletics": {
					"std": 17
				},
				"Diplomacy": {
					"std": 16
				},
				"Intimidation": {
					"std": 18
				},
				"Society": {
					"std": 15
				},
				"Absalom Lore": {
					"std": 15
				},
				"Legal Lore": {
					"std": 15
				}
			},
			"abilityMods": {
				"str": 4,
				"dex": 1,
				"con": 5,
				"int": 2,
				"wis": 1,
				"cha": 3
			},
			"ac": {
				"std": 24
			},
			"savingThrows": {
				"fort": {
					"std": 18
				},
				"ref": {
					"std": 12
				},
				"will": {
					"std": 16
				}
			},
			"hp": [
				{
					"hp": 140,
					"abilities": null
				}
			],
			"speed": {
				"walk": 25
			},
			"attacks": [
				{
					"range": "Melee",
					"name": "Lawkeeper",
					"attack": 19,
					"traits": [
						"nonlethal",
						"thrown 10 feet"
					],
					"effects": [],
					"damage": "{@damage 1d6+13} bludgeoning",
					"types": [
						"bludgeoning"
					]
				},
				{
					"range": "Ranged",
					"name": "hand crossbow",
					"attack": 16,
					"traits": [
						"range increment 60 feet",
						"reload 1"
					],
					"effects": [],
					"damage": "{@damage 1d6} piercing",
					"types": [
						"piercing"
					]
				}
			],
			"abilities": {
				"top": [
					{
						"entries": [
							"+16, {@skill Intimidation} +18, {@skill Lore||Legal Lore} +15,"
						],
						"name": "Diplomacy"
					},
					{
						"entries": [
							"+15 Str +4, Dex +1, Con +5, Int +2, Wis +1, Cha +3 Items breastplate, hand crossbow with 10 bolts, good handcuffs (page 77), lesser healing potion, Lawkeeper (+1 striking pacifying club; page 78)"
						],
						"name": "Society"
					}
				],
				"bot": [
					{
						"entries": [
							"Lavarsus adds double his Strength modifier to any nonlethal melee Strikes he makes with a bludgeoning weapon."
						],
						"name": "Furious Pacifier"
					},
					{
						"entries": [
							"Lavarsus has trained to take down suspects without killing them. He can choose to make nonlethal attacks with any bludgeoning weapon without taking the usual penalty to his attack roll."
						],
						"name": "Nonlethal Training"
					}
				]
			}
		},
		{
			"name": "Hendrid Pratchett",
			"isNpc": false,
			"source": "AoE1",
			"page": 89,
			"level": 6,
			"traits": [
				"unique",
				"ce",
				"medium",
				"elf",
				"human",
				"humanoid"
			],
			"creatureType": [
				"Humanoid"
			],
			"perception": {
				"std": 17
			},
			"senses": [
				{
					"name": "low-light vision"
				}
			],
			"languages": {
				"languages": [
					"Common",
					"Elven",
					"Infernal"
				],
				"languageAbilities": []
			},
			"skills": {
				"Acrobatics": {
					"std": 14
				},
				"Arcana": {
					"std": 12
				},
				"Deception": {
					"std": 15
				},
				"Medicine": {
					"std": 14
				},
				"Occultism": {
					"std": 12
				},
				"Religion": {
					"std": 13
				},
				"Society": {
					"std": 14
				},
				"Stealth": {
					"std": 14
				}
			},
			"abilityMods": {
				"str": 3,
				"dex": 4,
				"con": 0,
				"int": 2,
				"wis": 1,
				"cha": 5
			},
			"ac": {
				"std": 24
			},
			"savingThrows": {
				"fort": {
					"std": 12
				},
				"ref": {
					"std": 16
				},
				"will": {
					"std": 15
				}
			},
			"hp": [
				{
					"hp": 100,
					"abilities": null
				}
			],
			"speed": {
				"walk": 30
			},
			"attacks": [
				{
					"range": "Melee",
					"name": "Reaper's Lancet blade",
					"attack": 17,
					"traits": [
						"deadly 1d8",
						"finesse"
					],
					"effects": [
						"hunting spider venom (Core Rulebook 552)"
					],
					"damage": "{@damage 2d6+7} piercing plus hunting spider venom (Core Rulebook 552)",
					"types": [
						"piercing"
					]
				},
				{
					"range": "Melee",
					"name": "Reaper's Lancet sheath",
					"attack": 17,
					"traits": [
						"agile",
						"finesse",
						"shove"
					],
					"effects": [],
					"damage": "{@damage 2d4+7} bludgeoning",
					"types": [
						"bludgeoning"
					]
				}
			],
			"spellcasting": [
				{
					"name": "Arcane Prepared",
					"type": "Prepared",
					"tradition": "Arcane",
					"DC": 22,
					"attack": 14,
					"entry": {
						"0": {
							"level": 1,
							"spells": [
								{
									"name": "chill touch"
								},
								{
									"name": "daze"
								},
								{
									"name": "light"
								},
								{
									"name": "mage hand"
								},
								{
									"name": "prestidigitation"
								},
								{
									"name": "shield"
								}
							]
						},
						"1": {
							"spells": [
								{
									"name": "ray of enfeeblement"
								},
								{
									"name": "true strike",
									"amount": 2
								}
							]
						}
					}
				}
			],
			"abilities": {
				"top": [
					{
						"entries": [
							"+14 Str +3, Dex +4, Con +0, Int +2, Wis +1, Cha +5 Items armored coat (as leather armor), corpseward pendant (page 80), lesser healing potions (3), hunting spider venom (3 doses, in Reaper's Lancet), Reaper's Lancet (page 81; bonded item)"
						],
						"name": "Stealth"
					}
				],
				"bot": [
					{
						"entries": [
							"Each round, Pratchett can {@action Strike} once with each component of a sword cane without incurring the usual multiple attack penalty. Subsequent attacks incur the multiple attack penalty as usual."
						],
						"name": "Sword Cane Duelist"
					}
				]
			}
		},
		{
			"name": "Kekker",
			"isNpc": false,
			"source": "AoE1",
			"page": 34,
			"level": 2,
			"traits": [
				"unique",
				"le",
				"small",
				"humanoid",
				"ratfolk"
			],
			"creatureType": [
				"Humanoid"
			],
			"perception": {
				"std": 9
			},
			"senses": [
				{
					"name": "darkvision"
				}
			],
			"languages": {
				"languages": [
					"Common",
					"Undercommon"
				],
				"languageAbilities": []
			},
			"skills": {
				"Acrobatics": {
					"std": 8
				},
				"Deception": {
					"std": 6
				},
				"Stealth": {
					"std": 8
				},
				"Thievery": {
					"std": 8
				}
			},
			"abilityMods": {
				"str": 2,
				"dex": 4,
				"con": 2,
				"int": -1,
				"wis": 2,
				"cha": 0
			},
			"ac": {
				"std": 17
			},
			"savingThrows": {
				"fort": {
					"std": 9
				},
				"ref": {
					"std": 12
				},
				"will": {
					"std": 4
				}
			},
			"hp": [
				{
					"hp": 40,
					"abilities": null
				}
			],
			"speed": {
				"walk": 25
			},
			"attacks": [
				{
					"range": "Melee",
					"name": "fangs",
					"attack": 8,
					"traits": [
						"agile",
						"finesse"
					],
					"effects": [],
					"damage": "{@damage 1d4+2} piercing",
					"types": [
						"piercing"
					]
				},
				{
					"range": "Melee",
					"name": "katar",
					"attack": 10,
					"traits": [
						"agile",
						"deadly d6",
						"finesse",
						"monk"
					],
					"effects": [],
					"damage": "{@damage 1d4+2} piercing",
					"types": [
						"piercing"
					]
				},
				{
					"range": "Ranged",
					"name": "crossbow",
					"attack": 10,
					"traits": [
						"range increment 120 feet",
						"reload 1"
					],
					"effects": [],
					"damage": "{@damage 1d8} piercing",
					"types": [
						"piercing"
					]
				}
			],
			"abilities": {
				"bot": [
					{
						"entries": [
							"277."
						],
						"name": "Cheek Pouches See Pathfinder Bestiary"
					},
					{
						"entries": [
							"The smugglers have trained extensively with the katar blade. Any katar they wield gains the {@trait finesse} trait."
						],
						"name": "Katar Specialist"
					},
					{
						"activity": {
							"number": 1,
							"unit": "free"
						},
						"entries": [
							"See Pathfinder Bestiary 277."
						],
						"name": "Quick Stow"
					},
					{
						"entries": [
							"277."
						],
						"name": "Swarming See Pathfinder Bestiary"
					}
				]
			}
		},
		{
			"name": "Kemeneles",
			"isNpc": false,
			"source": "AoE1",
			"page": 53,
			"level": 2,
			"traits": [
				"ng",
				"medium",
				"human",
				"humanoid"
			],
			"creatureType": [
				"Humanoid"
			],
			"perception": {
				"std": 9
			},
			"languages": {
				"languages": [
					"Celestial",
					"Common",
					"Elven",
					"Draconic",
					"Dwarven"
				],
				"languageAbilities": []
			},
			"skills": {
				"Arcana": {
					"std": 8
				},
				"Crafting": {
					"std": 8
				},
				"Occultism": {
					"std": 8
				}
			},
			"abilityMods": {
				"str": 0,
				"dex": 4,
				"con": -2,
				"int": 4,
				"wis": 3,
				"cha": 1
			},
			"ac": {
				"std": 15,
				"without mage armor": 14
			},
			"savingThrows": {
				"fort": {
					"std": 3
				},
				"ref": {
					"std": 8
				},
				"will": {
					"std": 11
				}
			},
			"hp": [
				{
					"hp": 30,
					"abilities": null
				}
			],
			"speed": {
				"walk": 25
			},
			"attacks": [
				{
					"range": "Melee",
					"name": "fist",
					"attack": 6,
					"traits": [
						"agile",
						"finesse",
						"nonlethal",
						"unarmed"
					],
					"effects": [],
					"damage": "{@damage 1d4} bludgeoning",
					"types": [
						"bludgeoning"
					]
				}
			],
			"spellcasting": [
				{
					"name": "Arcane Prepared",
					"type": "Prepared",
					"tradition": "Arcane",
					"DC": 18,
					"attack": 12,
					"entry": {
						"0": {
							"level": 1,
							"spells": [
								{
									"name": "acid splash"
								},
								{
									"name": "detect magic"
								},
								{
									"name": "mage hand"
								},
								{
									"name": "prestidigitation"
								},
								{
									"name": "ray of frost"
								}
							]
						},
						"1": {
							"spells": [
								{
									"name": "burning hands"
								},
								{
									"name": "mage armor",
									"notes": [
										"already cast"
									]
								},
								{
									"name": "magic missile"
								},
								{
									"name": "shocking grasp"
								}
							]
						}
					}
				}
			],
			"abilities": {
				"bot": [
					{
						"name": "Eschew Materials",
						"entries": [],
						"generic": {
							"tag": "feat"
						}
					}
				]
			}
		},
		{
			"name": "Lyrma Swampwalker",
			"isNpc": false,
			"source": "AoE1",
			"page": 54,
			"level": 2,
			"traits": [
				"cg",
				"small",
				"gnome",
				"humanoid"
			],
			"creatureType": [
				"Humanoid"
			],
			"perception": {
				"std": 11
			},
			"senses": [
				{
					"name": "low-light vision"
				}
			],
			"languages": {
				"languages": [
					"Common",
					"Gnomish",
					"Sylvan"
				],
				"languageAbilities": []
			},
			"skills": {
				"Acrobatics": {
					"std": 8
				},
				"Athletics": {
					"std": 9
				},
				"Medicine": {
					"std": 9
				},
				"Nature": {
					"std": 7
				},
				"Stealth": {
					"std": 8
				},
				"Survival": {
					"std": 9
				}
			},
			"abilityMods": {
				"str": 3,
				"dex": 4,
				"con": 1,
				"int": -1,
				"wis": 3,
				"cha": 0
			},
			"items": [
				"trident"
			],
			"ac": {
				"std": 14
			},
			"savingThrows": {
				"fort": {
					"std": 7
				},
				"ref": {
					"std": 10
				},
				"will": {
					"std": 9
				}
			},
			"hp": [
				{
					"hp": 38,
					"abilities": null
				}
			],
			"speed": {
				"walk": 25
			},
			"attacks": [
				{
					"range": "Melee",
					"name": "trident",
					"attack": 11,
					"traits": [
						"thrown 20 feet"
					],
					"effects": [],
					"damage": "{@damage 1d8+6} piercing",
					"types": [
						"piercing"
					]
				}
			],
			"abilities": {
				"top": [
					{
						"entries": [
							"+8, {@skill Survival} +9 Str +3, Dex +4, Con +1, Int \u20131, Wis +3, Cha +0 Items trident."
						],
						"name": "Stealth"
					}
				]
			}
		},
		{
			"name": "Miriel Grayleaf",
			"isNpc": false,
			"source": "AoE1",
			"page": 7,
			"level": -1,
			"traits": [
				"cg",
				"medium",
				"elf",
				"humanoid"
			],
			"creatureType": [
				"Humanoid"
			],
			"perception": {
				"std": 2
			},
			"senses": [
				{
					"name": "low-light vision"
				}
			],
			"languages": {
				"languages": [
					"Common",
					"Elven"
				],
				"languageAbilities": []
			},
			"skills": {
				"Arcana": {
					"std": 5
				},
				"Occultism": {
					"std": 5
				},
				"Library Lore": {
					"std": 5
				}
			},
			"abilityMods": {
				"str": 0,
				"dex": 3,
				"con": -1,
				"int": 3,
				"wis": 0,
				"cha": 2
			},
			"items": [
				"crossbow with 10 bolts",
				"dagger"
			],
			"ac": {
				"std": 13
			},
			"savingThrows": {
				"fort": {
					"std": 1
				},
				"ref": {
					"std": 7
				},
				"will": {
					"std": 4
				}
			},
			"hp": [
				{
					"hp": 5,
					"abilities": null
				}
			],
			"speed": {
				"walk": 30
			},
			"attacks": [
				{
					"range": "Melee",
					"name": "dagger",
					"attack": 2,
					"traits": [
						"agile",
						"finesse",
						"thrown 10 feet",
						"versatile s"
					],
					"effects": [],
					"damage": "{@damage 1d4} piercing",
					"types": [
						"piercing"
					]
				},
				{
					"range": "Ranged",
					"name": "crossbow",
					"attack": 5,
					"traits": [
						"range 120 feet",
						"reload 1"
					],
					"effects": [],
					"damage": "{@damage 1d8} piercing",
					"types": [
						"piercing"
					]
				}
			],
			"abilities": {
				"bot": [
					{
						"traits": [
							"1st"
						],
						"entries": [
							"mage hand, tanglefoot."
						],
						"name": "Cantrips"
					}
				]
			}
		},
		{
			"name": "Pickled Punk",
			"isNpc": false,
			"source": "AoE1",
			"page": 59,
			"level": 1,
			"traits": [
				"ne",
				"tiny",
				"undead"
			],
			"creatureType": [
				"Undead"
			],
			"perception": {
				"std": 8
			},
			"senses": [
				{
					"name": "darkvision"
				}
			],
			"languages": {
				"languages": [
					"Common"
				],
				"languageAbilities": []
			},
			"skills": {
				"Acrobatics": {
					"std": 7
				},
				"Athletics": {
					"std": 5
				},
				"Stealth": {
					"std": 7
				}
			},
			"abilityMods": {
				"str": 2,
				"dex": 4,
				"con": 3,
				"int": -3,
				"wis": 0,
				"cha": -3
			},
			"ac": {
				"std": 16
			},
			"savingThrows": {
				"fort": {
					"std": 8
				},
				"ref": {
					"std": 9
				},
				"will": {
					"std": 3
				}
			},
			"hp": [
				{
					"hp": 20,
					"abilities": null
				}
			],
			"immunities": [
				"death effects",
				"disease",
				"paralyzed"
			],
			"weaknesses": [
				{
					"amount": 2,
					"name": "fire"
				}
			],
			"speed": {
				"walk": 20
			},
			"attacks": [],
			"abilities": {
				"top": [
					{
						"entries": [
							"+7 Languages Common Str +2, Dex +4, Con +3, Int \u20133, Wis +0, Cha \u20133."
						],
						"name": "Stealth"
					}
				],
				"mid": [
					{
						"entries": [
							"The first time each round that a pickled punk takes fire damage, its fumes combust, dealing 5 fire damage to all other creatures within the area of its Suffocating Fumes aura."
						],
						"name": "Combustible"
					},
					{
						"traits": [
							"aura",
							"inhaled",
							"poison"
						],
						"entries": [
							"5 feet. A creature that enters or begins its turn within the aura must attempt a DC 14 Fortitude save, or DC 17 if the pickled punk is attached to the creature. On a failed save, the creature is {@condition sickened|CRB|sickened 1}, and on a critical failure, it's also {@condition enfeebled|CRB|enfeebled 1} for 1 minute."
						],
						"name": "Suffocating Fumes"
					}
				],
				"bot": [
					{
						"entries": [
							"When a pickled punk hits a target larger than itself, it uses bizarre excretions to adhere to that creature. This is similar to Grabbing the creature, but the pickled punk is not {@condition flat-footed}, and it moves with that creature rather than holding it in place. Each turn while attached, the pickled punk automatically deals the damage from its jaws {@action Strike} to the creature to which it's attached. It also wriggles about, gaining a +2 circumstance bonus to AC as long as it's not also {@condition grabbed} or {@condition restrained}."
						],
						"name": "Attach"
					}
				]
			}
		},
		{
			"name": "Ralso",
			"isNpc": false,
			"source": "AoE1",
			"page": 91,
			"level": 4,
			"traits": [
				"unique",
				"ne",
				"medium",
				"human",
				"humanoid",
				"orc"
			],
			"creatureType": [
				"Humanoid"
			],
			"perception": {
				"std": 14
			},
			"senses": [
				{
					"name": "darkvision"
				}
			],
			"languages": {
				"languages": [
					"Common"
				],
				"languageAbilities": []
			},
			"skills": {
				"Acrobatics": {
					"std": 12
				},
				"Deception": {
					"std": 12
				},
				"Diplomacy": {
					"std": 10
				},
				"Intimidation": {
					"std": 12
				},
				"Society": {
					"std": 7
				},
				"Stealth": {
					"std": 12
				},
				"Thievery": {
					"std": 12
				}
			},
			"abilityMods": {
				"str": 3,
				"dex": 4,
				"con": 2,
				"int": -1,
				"wis": 1,
				"cha": 2
			},
			"ac": {
				"std": 22
			},
			"savingThrows": {
				"fort": {
					"std": 8
				},
				"ref": {
					"std": 14
				},
				"will": {
					"std": 9
				}
			},
			"hp": [
				{
					"hp": 55,
					"abilities": null
				}
			],
			"speed": {
				"walk": 25
			},
			"attacks": [
				{
					"range": "Melee",
					"name": "shortsword",
					"attack": 14,
					"traits": [
						"agile",
						"finesse",
						"versatile s"
					],
					"effects": [],
					"damage": "{@damage 1d6+7} piercing",
					"types": [
						"piercing"
					]
				},
				{
					"range": "Ranged",
					"name": "dagger",
					"attack": 14,
					"traits": [
						"agile",
						"finesse",
						"thrown 10 feet",
						"versatile s"
					],
					"effects": [],
					"damage": "{@damage 1d4+7} piercing",
					"types": [
						"piercing"
					]
				}
			],
			"abilities": {
				"top": [
					{
						"entries": [
							"+12, {@skill Society} +7, {@skill Stealth} +12, {@skill Thievery} +12 Str +3, Dex +4, Con +2, Int \u20131, Wis +1, Cha +2 Items caltrops, daggers (2), lesser healing potion, ring of discretion (page 80), shortswords (2), studded leather armor."
						],
						"name": "Intimidation"
					}
				],
				"bot": [
					{
						"activity": {
							"number": 1,
							"unit": "action"
						},
						"requirements": "Ralso is wielding two piercing weapons",
						"frequency": {
							"unit": "round",
							"freq": 1
						},
						"entries": [
							"Ralso makes two Strikes against a single creature within reach, one {@action Strike} per weapon. These attacks count toward Ralso's multiple attack penalty, but the penalty doesn't increase until after both attacks."
						],
						"name": "Double Stab"
					},
					{
						"entries": [
							"Attack Ralso deals an extra {@damage 1d6} precision damage to {@condition flat-footed} creatures."
						],
						"name": "Sneak"
					}
				]
			}
		},
		{
			"name": "Shredskin",
			"isNpc": false,
			"source": "AoE1",
			"page": 60,
			"level": 2,
			"traits": [
				"ne",
				"tiny",
				"undead"
			],
			"creatureType": [
				"Undead"
			],
			"perception": {
				"std": 11
			},
			"senses": [
				{
					"name": "darkvision"
				}
			],
			"languages": {
				"languages": [
					"Common (can't speak any language)"
				],
				"languageAbilities": []
			},
			"skills": {
				"Acrobatics": {
					"std": 10
				},
				"Athletics": {
					"std": 8
				},
				"Deception": {
					"std": 8
				},
				"Stealth": {
					"std": 8
				}
			},
			"abilityMods": {
				"str": 2,
				"dex": 4,
				"con": 0,
				"int": -1,
				"wis": 0,
				"cha": 2
			},
			"ac": {
				"std": 18
			},
			"savingThrows": {
				"fort": {
					"std": 6
				},
				"ref": {
					"std": 10
				},
				"will": {
					"std": 8
				}
			},
			"hp": [
				{
					"hp": 30,
					"abilities": null
				}
			],
			"immunities": [
				"critical hits (except slashing)",
				"death effects"
			],
			"speed": {
				"fly": 30
			},
			"attacks": [
				{
					"range": "Melee",
					"name": "claws",
					"attack": 10,
					"traits": [
						"agile"
					],
					"effects": [
						"Grab"
					],
					"damage": "{@damage 1d6+4} slashing plus Grab",
					"types": [
						"slashing"
					]
				},
				{
					"range": "Melee",
					"name": "jaws",
					"attack": 11,
					"effects": [],
					"damage": "{@damage 1d8+4} piercing",
					"types": [
						"piercing"
					]
				}
			],
			"abilities": {
				"bot": [
					{
						"activity": {
							"number": 1,
							"unit": "action"
						},
						"entries": [
							"{@damage 1d4+4} bludgeoning, DC 16."
						],
						"name": "Constrict",
						"generic": {
							"tag": "ability"
						}
					},
					{
						"entries": [
							"When a shredskin successfully Squeezes, it moves through the tight space at full speed. Narrow confines are not difficult terrain for a shredskin."
						],
						"name": "Compression"
					},
					{
						"activity": {
							"number": 1,
							"unit": "action"
						},
						"requirements": "The shredskin is adjacent to a Medium or Small humanoidshaped corpse",
						"entries": [
							"The shredskin wraps itself around the corpse and takes control of the host body. While controlling a host, the shredskin uses the host's Speed but its own attacks, and it loses its Grab and Enshroud abilities. Attacks that target the shredskin while it controls a body deal half of the damage to the shredskin and half of the damage to the host body. Attacks that target an area deal damage to both the shredskin and host body normally. The shredskin can release the host body as a free action at the start of its turn. If the host is destroyed, the shredskin automatically releases the body and is {@condition flat-footed} for 1 round. A Medium corpse typically has 15 Hit Points, while a Small corpse typically has 10 Hit Points. Creatures can notice that a corpse is {@condition controlled} by a shredskin by succeeding a."
						],
						"name": "Control Body"
					}
				]
			}
		},
		{
			"name": "Siege Shard",
			"isNpc": false,
			"source": "AoE1",
			"page": 84,
			"level": 3,
			"traits": [
				"uncommon",
				"n",
				"tiny",
				"construct"
			],
			"creatureType": [
				"Construct"
			],
			"perception": {
				"std": 9
			},
			"senses": [
				{
					"name": "darkvision"
				}
			],
			"skills": {
				"Athletics": {
					"std": 9
				},
				"Stealth": {
					"std": 10
				}
			},
			"abilityMods": {
				"str": 2,
				"dex": 3,
				"con": 2,
				"int": -4,
				"wis": 2,
				"cha": -4
			},
			"ac": {
				"std": 19,
				"when broken": 15
			},
			"savingThrows": {
				"fort": {
					"std": 12
				},
				"ref": {
					"std": 6
				},
				"will": {
					"std": 9
				}
			},
			"hp": [
				{
					"hp": 37,
					"abilities": null
				}
			],
			"hardness": 5,
			"immunities": [
				"bleed",
				"death effects",
				"disease"
			],
			"speed": {
				"fly": 25
			},
			"attacks": [
				{
					"range": "Melee",
					"name": "slam",
					"attack": 11,
					"effects": [],
					"damage": "{@damage 1d8+4} bludgeoning",
					"types": [
						"bludgeoning"
					]
				}
			],
			"spellcasting": [
				{
					"name": "Occult Innate",
					"type": "Innate",
					"tradition": "Occult",
					"DC": 20,
					"attack": 12,
					"entry": {
						"2": {
							"spells": [
								{
									"name": "telekinetic maneuver"
								}
							]
						},
						"3": {
							"spells": [
								{
									"name": "meld into stone",
									"amount": "at will"
								}
							]
						}
					}
				}
			],
			"abilities": {
				"mid": [
					{
						"entries": [
							"Mental damage ignores a siege shard's hardness. Additionally, proving the siege shard's generative conflict is over with the."
						],
						"name": "Exorcism"
					},
					{
						"entries": [
							"Peace activity reverts the creature to ordinary stone."
						],
						"name": "Prove"
					},
					{
						"entries": [
							"While a siege shard is embedded within a structure while using meld into stone, the structure and all objects within it take twice as long to repair."
						],
						"name": "Surreptitious Siege"
					}
				],
				"bot": [
					{
						"traits": [
							"2nd"
						],
						"entries": [
							"mage hand, telekinetic projectile."
						],
						"name": "Cantrips"
					},
					{
						"activity": {
							"number": 2,
							"unit": "action"
						},
						"traits": [
							"emotion",
							"enchantment",
							"mental",
							"occult"
						],
						"frequency": {
							"unit": "minute",
							"freq": 1
						},
						"entries": [
							"The siege shard emits a disorienting psychic blast. All creatures within a 15 feet take {@damage 4d6} mental damage (DC 20 basic Will save)."
						],
						"name": "Overwhelming Anguish"
					},
					{
						"traits": [
							"abjuration",
							"occult"
						],
						"entries": [
							"When a siege shard is destroyed within 100 feet of a structure, it reforms after {@dice 2d4} days within the nearest structure, fully healed. A siege shard within a structure can be permanently destroyed by the Prove Peace activity."
						],
						"name": "Rejuvenation"
					}
				]
			}
		},
		{
			"name": "Skebs",
			"isNpc": false,
			"source": "AoE1",
			"page": 8,
			"level": -1,
			"traits": [
				"cn",
				"small",
				"halfling",
				"humanoid"
			],
			"creatureType": [
				"Humanoid"
			],
			"perception": {
				"std": 4
			},
			"languages": {
				"languages": [
					"Common",
					"Halfling"
				],
				"languageAbilities": []
			},
			"skills": {
				"Acrobatics": {
					"std": 5
				},
				"Deception": {
					"std": 2
				},
				"Stealth": {
					"std": 5
				},
				"Thievery": {
					"std": 5
				}
			},
			"abilityMods": {
				"str": 0,
				"dex": 3,
				"con": 1,
				"int": 1,
				"wis": 2,
				"cha": 0
			},
			"items": [
				"daggers (4)",
				"studded leather armor"
			],
			"ac": {
				"std": 15
			},
			"savingThrows": {
				"fort": {
					"std": 3
				},
				"ref": {
					"std": 7
				},
				"will": {
					"std": 4
				}
			},
			"hp": [
				{
					"hp": 7,
					"abilities": null
				}
			],
			"speed": {
				"walk": 25
			},
			"attacks": [
				{
					"range": "Melee",
					"name": "dagger",
					"attack": 8,
					"traits": [
						"agile",
						"finesse",
						"thrown 10 feet",
						"versatile s"
					],
					"effects": [],
					"damage": "{@damage 1d4} piercing",
					"types": [
						"piercing"
					]
				},
				{
					"range": "Ranged",
					"name": "dagger",
					"attack": 8,
					"traits": [
						"agile",
						"finesse",
						"thrown 10 feet",
						"versatile s"
					],
					"effects": [],
					"damage": "{@damage 1d4} piercing",
					"types": [
						"piercing"
					]
				}
			],
			"abilities": {
				"top": [
					{
						"entries": [
							"Shadows Skebs can use creatures that are at least one size larger than themself as cover for the {@action Hide}."
						],
						"name": "Distracting"
					},
					{
						"entries": [
							"{@action Sneak} actions."
						],
						"name": "and"
					}
				],
				"bot": [
					{
						"activity": {
							"number": 1,
							"unit": "action"
						},
						"entries": [
							"{@damage 1d4} piercing Ranged dagger +8 (agile, finesse, thrown 10 feet, versatile S), Damage {@damage 1d4} piercing."
						],
						"name": "S), Damage"
					},
					{
						"traits": [
							"precision"
						],
						"entries": [
							"Skebs deals {@dice 1d6} extra precision damage to {@condition flat-footed} creatures."
						],
						"name": "Sneak Attack",
						"generic": {
							"tag": "ability"
						}
					}
				]
			}
		},
		{
			"name": "Vargouille",
			"isNpc": false,
			"source": "AoE1",
			"page": 35,
			"level": 2,
			"traits": [
				"ne",
				"small",
				"beast",
				"fiend"
			],
			"creatureType": [
				"Fiend",
				"Beast"
			],
			"perception": {
				"std": 11
			},
			"senses": [
				{
					"name": "darkvision"
				}
			],
			"languages": {
				"languages": [
					"Infernal"
				],
				"languageAbilities": []
			},
			"skills": {
				"Acrobatics": {
					"std": 8
				},
				"Stealth": {
					"std": 8
				}
			},
			"abilityMods": {
				"str": 3,
				"dex": 4,
				"con": 4,
				"int": -2,
				"wis": 3,
				"cha": -1
			},
			"ac": {
				"std": 18
			},
			"savingThrows": {
				"fort": {
					"std": 10
				},
				"ref": {
					"std": 8
				},
				"will": {
					"std": 7
				}
			},
			"hp": [
				{
					"hp": 30,
					"abilities": null
				}
			],
			"speed": {
				"fly": 25
			},
			"attacks": [
				{
					"range": "Melee",
					"name": "fangs",
					"attack": 10,
					"traits": [
						"finesse"
					],
					"effects": [
						"vargouille venom"
					],
					"damage": "{@damage 1d8+3} piercing plus vargouille venom",
					"types": [
						"piercing"
					]
				}
			],
			"abilities": {
				"bot": [
					{
						"activity": {
							"number": 1,
							"unit": "action"
						},
						"entries": [
							"The vargouille kisses an adjacent creature that's asleep, {@condition paralyzed}, or {@condition unconscious}, exposing it to the vargouille transformation disease."
						],
						"name": "Kiss"
					},
					{
						"activity": {
							"number": 2,
							"unit": "action"
						},
						"traits": [
							"auditory",
							"concentrate",
							"visual"
						],
						"entries": [
							"The vargouille shrieks, its scream so terrible that all non-vargouilles within 60 feet must succeed at a DC 16 Fortitude save or be {@condition paralyzed} for 3 rounds. The effect ends early for a creature if the vargouille moves out of sight, moves farther than 60 feet from the creature, or attacks the creature with its fangs. After attempting its save, a creature is immune to that particular vargouille's Shriek for 24 hours."
						],
						"name": "Shriek"
					},
					{
						"type": "affliction",
						"name": "Vargouille Transformation",
						"traits": [
							"disease"
						],
						"note": " Exposing the victim\nto sunlight or any {@spell light} spell of 3rd level or higher\npauses the progression of the disease until the victim\nis no longer in light.",
						"DC": 18,
						"savingThrow": "Fortitude",
						"stages": [
							{
								"stage": 1,
								"entry": "carrier with no effect",
								"duration": "{@dice 1d6} hours"
							},
							{
								"stage": 2,
								"entry": "victim's hair falls out",
								"duration": "{@dice 1d6} hours"
							},
							{
								"stage": 3,
								"entry": "victim's ears grow into leathery wings, tentacles sprout on the chin and scalp, and the teeth become long, pointed fangs",
								"duration": "1 day"
							},
							{
								"stage": 4,
								"entry": "victim's mind regresses to a vicious and unintelligent shell of its former self",
								"duration": "{@dice 1d6} hours"
							},
							{
								"stage": 5,
								"entry": "victim's head breaks free of the body",
								"duration": "which dies"
							}
						]
					},
					{
						"type": "affliction",
						"name": "Vargouille Venom",
						"traits": [
							"poison"
						],
						"DC": 18,
						"savingThrow": "Fortitude",
						"stages": [
							{
								"stage": 1,
								"entry": "Damage the victim has taken from vargouille fangs can't be healed magically.",
								"duration": null
							}
						]
					}
				]
			}
		},
		{
			"name": "Zrukbat",
			"isNpc": false,
			"source": "AoE1",
			"page": 85,
			"level": 2,
			"traits": [
				"cn",
				"small",
				"fey"
			],
			"creatureType": [
				"Fey"
			],
			"perception": {
				"std": 7
			},
			"senses": [
				{
					"name": "darkvision"
				}
			],
			"languages": {
				"languages": [
					"Common",
					"Sylvan"
				],
				"languageAbilities": []
			},
			"skills": {
				"Acrobatics": {
					"std": 10
				},
				"Athletics": {
					"std": 9
				},
				"Deception": {
					"std": 5
				},
				"Stealth": {
					"std": 10
				}
			},
			"abilityMods": {
				"str": 3,
				"dex": 4,
				"con": 3,
				"int": 1,
				"wis": -1,
				"cha": -1
			},
			"ac": {
				"std": 18
			},
			"savingThrows": {
				"fort": {
					"std": 9
				},
				"ref": {
					"std": 10
				},
				"will": {
					"std": 5
				}
			},
			"hp": [
				{
					"hp": 30,
					"abilities": null
				}
			],
			"immunities": [
				"sleep"
			],
			"speed": {
				"walk": 20,
				"climb": 20,
				"fly": 20
			},
			"attacks": [
				{
					"range": "Melee",
					"name": "claw",
					"attack": 11,
					"effects": [],
					"damage": "{@damage 1d8+3} slashing",
					"types": [
						"slashing"
					]
				},
				{
					"range": "Melee",
					"name": "fangs",
					"attack": 11,
					"effects": [],
					"damage": "{@damage 1d6+3} piercing",
					"types": [
						"piercing"
					]
				}
			],
			"abilities": {
				"bot": [
					{
						"activity": {
							"number": 1,
							"unit": "action"
						},
						"traits": [
							"concentrate",
							"polymorph",
							"primal",
							"transmutation"
						],
						"entries": [
							"The zrukbat assumes the shape of any Small object or ornamentation, although the zrukbat's mimicked objects usually have unrealistic or suspicious quirks. This doesn't change the zrukbat's size but can alter their coloration and visual appearance. They have an automatic result of 23 on {@skill Deception} checks and DCs to pass as the mimicked object.",
							"Go for the Eyes {@as 2} The zrukbat flies up to its Speed and makes a claw {@action Strike} at the end of its move. If the claw attack hits, the target must succeed on a DC 15 Fortitude saving throw or be {@condition blinded} for 1 round (or {@condition blinded} for 1 minute on a critical failure). If the {@action Strike} was a critical hit, the target's save result is one degree of success worse."
						],
						"name": "Dubious Shifting"
					}
				]
			}
		}
	]
}
