{
	"spell": [
		{
			"name": "Lashunta's Life Bubble",
			"source": "GW1",
			"page": 81,
			"level": 5,
			"traits": [
				"uncommon",
				"abjuration",
				"air"
			],
			"traditions": [
				"arcane",
				"divine",
				"primal"
			],
			"cast": {
				"number": 1,
				"unit": "action"
			},
			"components": [
				[
					"V"
				]
			],
			"range": {
				"unit": "feet",
				"number": 30
			},
			"targets": "1 creature",
			"duration": {
				"number": 8,
				"unit": "hour"
			},
			"entries": [
				"You create a replenishing protective bubble of fresh, temperate air around the target. The shell of air enables the target to breathe even underwater or in a vacuum, protects from severe cold and heat, and grants a +1 status bonus to the target's saves against inhaled dangers such as inhaled poisons and cloudkill."
			],
			"heightened": {
				"X": {
					"6": [
						"The bubble lasts until your next preparation."
					],
					"8": [
						"The bubble lasts until your next preparation, protects against extreme cold and heat, and grants a +2 status bonus instead of +1."
					]
				}
			}
		}
	]
}
