{
	"book": [
		{
			"name": "Core Rulebook",
			"id": "CRB",
			"source": "CRB",
			"group": "core",
			"coverUrl": "img/covers/CRB.webp",
			"published": "2019-08-01",
			"author": "Paizo Inc.",
			"contents": [
				{
					"name": "Cover"
				},
				{
					"name": "Introduction",
					"headers": [
						"What is a Roleplaying Game?",
						"Basics of Play",
						"Playing the Game",
						"Example of Play",
						"Using This Book",
						"Format of Rules Elements",
						"Character Creation",
						"Sample Character",
						"Leveling Up"
					],
					"ordinal": {
						"type": "chapter",
						"identifier": 1
					}
				},
				{
					"name": "Ancestries & Backgrounds",
					"headers": [
						"Ancestry Entries",
						"Dwarf",
						"Elf",
						"Gnome",
						"Goblin",
						"Halfling",
						"Human",
						"Backgrounds",
						"Languages"
					],
					"ordinal": {
						"type": "chapter",
						"identifier": 2
					}
				},
				{
					"name": "Classes",
					"headers": [
						"Reading Class Entries",
						"Animal Companions and Familiars",
						"Archetypes"
					],
					"ordinal": {
						"type": "chapter",
						"identifier": 3
					}
				},
				{
					"name": "Skills",
					"headers": [
						"Key Ability",
						"Skill Actions",
						"Skill Checks and Skill DCs",
						"General Skill Actions",
						"Skill Descriptions"
					],
					"ordinal": {
						"type": "chapter",
						"identifier": 4
					}
				},
				{
					"name": "Feats",
					"ordinal": {
						"type": "chapter",
						"identifier": 5
					}
				},
				{
					"name": "Equipment",
					"headers": [
						"Coins and Currency",
						"Price",
						"Item Level",
						"Carrying and Using Items",
						"Item Damage",
						"Shoddy Items",
						"Armor",
						"Shields",
						"Weapons",
						"Gear"
					],
					"ordinal": {
						"type": "chapter",
						"identifier": 6
					}
				},
				{
					"name": "Spells",
					"headers": [
						"Tradition and School",
						"Magical Schools",
						"Spell Slots",
						"Cantrips",
						"Focus Spells",
						"Innate Spells",
						"Casting Spells",
						"Ranges, Areas, and Targets",
						"Durations",
						"Saving Throws",
						"Spell Attacks",
						"Identifying Spells",
						"Counteracting",
						"Hostile Actions",
						"Setting Triggers",
						"Walls",
						"Reading Spells",
						"Spell Lists",
						"Spell Descriptions",
						"Focus Spells",
						"Rituals"
					],
					"ordinal": {
						"type": "chapter",
						"identifier": 7
					}
				},
				{
					"name": "The Age of Lost Omens",
					"headers": [
						"Beyond the Inner Sea",
						"The Great Beyond",
						"The Inner Sea Region",
						"Absalom and Starstone Isle",
						"Broken Lands",
						"Eye of Dread",
						"Golden Road",
						"High Seas",
						"Impossible Lands",
						"Mwangi Expanse",
						"Old Cheliax",
						"Saga Lands",
						"Shining Kingdoms Cultures",
						"Creatures",
						"Factions",
						"Religion"
					],
					"ordinal": {
						"type": "chapter",
						"identifier": 8
					}
				},
				{
					"name": "Playing the Game",
					"headers": [
						"General Rules",
						"Making Choices",
						"Checks",
						"Specific Checks",
						"Special Checks",
						"Damage",
						"Conditions",
						"Effects",
						"Afflictions",
						"Counteracting",
						"Hit Points, Healing, and Dying",
						"Actions",
						"Movement",
						"Perception",
						"Hero Points",
						"Encounter Mode",
						"Exploration Mode",
						"Downtime Mode"
					],
					"ordinal": {
						"type": "chapter",
						"identifier": 9
					}
				},
				{
					"name": "Game Mastering",
					"headers": [
						"Planning a Campaign",
						"Preparing an Adventure",
						"Running a Game Session",
						"Pathfinder Society",
						"Running Modes of Play",
						"Difficulty Classes",
						"Rewards",
						"Environment",
						"Hazards"
					],
					"ordinal": {
						"type": "chapter",
						"identifier": 10
					}
				},
				{
					"name": "Crafting & Treasure",
					"headers": [
						"Using Items",
						"Constant Abilities",
						"Investing Magic Items",
						"Activating Magic Items",
						"Reading Items",
						"Alchemical Items",
						"Armor",
						"Consumables",
						"Held Items",
						"Materials",
						"Runes",
						"Shields",
						"Snares",
						"Staves",
						"Structures",
						"Wands",
						"Weapons",
						"Worn Items"
					],
					"ordinal": {
						"type": "chapter",
						"identifier": 11
					}
				},
				{
					"name": "Conditions Appendix",
					"ordinal": {
						"type": "appendix",
						"identifier": "A"
					}
				}
			]
		},
		{
			"name": "Gamemastery Guide",
			"id": "GMG",
			"source": "GMG",
			"group": "core",
			"coverUrl": "img/covers/GMG.webp",
			"published": "2020-02-26",
			"author": "Paizo Inc.",
			"contents": [
				{
					"name": "Cover"
				},
				{
					"name": "Introduction",
					"headers": [
						"The Game Master",
						"How to Use This Book",
						"Choosing Your Tools"
					]
				},
				{
					"name": "Gamemastery Basics",
					"headers": [
						"General Advice",
						"Running Encounters",
						"Running Exploration",
						"Running Downtime",
						"Adjudicating Rules",
						"Resolving Problems",
						"Narrative Collaboration",
						"Special Circumstances",
						"Rarity in Your Game",
						"Campaign Structure",
						"Adventure Design",
						"Encounter Design",
						"Drawing Maps"
					],
					"ordinal": {
						"type": "chapter",
						"identifier": 1
					}
				},
				{
					"name": "Tools",
					"headers": [
						"Building Creatures",
						"Building Hazards",
						"Building Items",
						"Item Quirks",
						"Intelligent Items",
						"Relics",
						"Artifacts",
						"Gems and Art Objects",
						"Afflictions",
						"Building Worlds",
						"Nations",
						"Settlements",
						"The Planes"
					],
					"ordinal": {
						"type": "chapter",
						"identifier": 2
					}
				},
				{
					"name": "Subsystems",
					"headers": [
						"Victory Points",
						"Influence",
						"Research",
						"Chases",
						"Infiltration",
						"Reputation",
						"Duels",
						"Leadership",
						"Hexploration",
						"Vehicles"
					],
					"ordinal": {
						"type": "chapter",
						"identifier": 3
					}
				},
				{
					"name": "Variant Rules",
					"headers": [
						"Ability Score Variants",
						"Alignment Variants",
						"Deep Backgrounds",
						"Feats and Features",
						"Level 0 Characters",
						"Magic Item Variants",
						"Proficiency Without Level",
						"Skill Points",
						"Stamina"
					],
					"ordinal": {
						"type": "chapter",
						"identifier": 4
					}
				},
				{
					"name": "Npc Gallery",
					"headers": [
						"Using the Npc Gallery"
					],
					"ordinal": {
						"type": "chapter",
						"identifier": 5
					}
				}
			]
		},
		{
			"name": "Lost Omens: World Guide",
			"id": "LOWG",
			"source": "LOWG",
			"group": "lost-omens",
			"coverUrl": "img/covers/LOWG.webp",
			"published": "2019-09-10",
			"author": "Paizo Inc.",
			"contents": [
				{
					"name": "Cover"
				},
				{
					"name": "Overview",
					"headers": [
						"The World of Golarion",
						"The Solar System",
						"The Great Beyond"
					],
					"ordinal": {
						"type": "chapter",
						"identifier": 1
					}
				},
				{
					"name": "Absalom and Starstone Isle",
					"headers": [
						"Starstone Isle",
						"Absalom",
						"Greater Kortos",
						"The Isle of Erran",
						"Backgrounds",
						"Pathfinder Agent"
					],
					"ordinal": {
						"type": "chapter",
						"identifier": 2
					}
				},
				{
					"name": "Broken Lands",
					"headers": [
						"Broken Lands",
						"Brevoy",
						"The Lake of Mists and Veils",
						"Mendev",
						"Numeria",
						"Razmiran",
						"The River Kingdoms",
						"Sarkoris Scar",
						"The Sellen River",
						"Backgrounds",
						"Aldori Duelist"
					],
					"ordinal": {
						"type": "chapter",
						"identifier": 3
					}
				},
				{
					"name": "Eye of Dread",
					"headers": [
						"Eye of Dread",
						"Belkzen",
						"Fangwood Forest",
						"The Gravelands",
						"Lake Encarthan and the Isle of Terror",
						"Molthune",
						"Nirmathas",
						"Oprak",
						"Ustalav",
						"Backgrounds",
						"Lastwall Sentry"
					],
					"ordinal": {
						"type": "chapter",
						"identifier": 4
					}
				},
				{
					"name": "Golden Road",
					"headers": [
						"Golden Road",
						"The Barrier Wall",
						"Katapesh",
						"Osirion",
						"Qadira",
						"Rahadoum",
						"Thuvia",
						"Backgrounds",
						"Living Monolith"
					],
					"ordinal": {
						"type": "chapter",
						"identifier": 5
					}
				},
				{
					"name": "High Seas",
					"headers": [
						"High Seas",
						"Azlanti Ruins",
						"Eye of Abendego",
						"Hermea",
						"Mediogalti Island",
						"Mordant Spire",
						"The Shackles",
						"Undersea Realms",
						"Backgrounds",
						"Red Mantis Assassin"
					],
					"ordinal": {
						"type": "chapter",
						"identifier": 6
					}
				},
				{
					"name": "Impossible Lands",
					"headers": [
						"Impossible Lands",
						"Alkenstar",
						"Geb",
						"Jalmeray",
						"Mana Wastes",
						"Nex",
						"Backgrounds",
						"Student of Perfection"
					],
					"ordinal": {
						"type": "chapter",
						"identifier": 7
					}
				},
				{
					"name": "Mwangi Expanse",
					"headers": [
						"Mwangi Expanse",
						"Bloodcove",
						"Kibwe",
						"Lake Ocota",
						"Mzali",
						"Nantambu",
						"Senghor",
						"Usaro",
						"Vidrian",
						"Other Mwangi Locations",
						"Backgrounds",
						"Magic Warrior"
					],
					"ordinal": {
						"type": "chapter",
						"identifier": 8
					}
				},
				{
					"name": "Old Cheliax",
					"headers": [
						"Old Cheliax",
						"Cheliax",
						"Isger",
						"Nidal",
						"Ravounel",
						"Backgrounds",
						"Hellknight Armiger"
					],
					"ordinal": {
						"type": "chapter",
						"identifier": 9
					}
				},
				{
					"name": "Saga Lands",
					"headers": [
						"Saga Lands",
						"Irrisen",
						"Lands of the Linnorm Kings",
						"New Thassilon",
						"Realm of the Mammoth Lords",
						"Varisia",
						"Backgrounds",
						"Runescarred"
					],
					"ordinal": {
						"type": "chapter",
						"identifier": 10
					}
				},
				{
					"name": "Shining Kingdoms",
					"headers": [
						"Shining Kingdoms",
						"Andoran",
						"Druma",
						"Five Kings Mountains",
						"Galt",
						"Kyonin",
						"Taldor",
						"Verduran Forest",
						"Backgrounds",
						"Lion Blade"
					],
					"ordinal": {
						"type": "chapter",
						"identifier": 11
					}
				}
			]
		},
		{
			"name": "Secrets of Magic",
			"id": "SoM",
			"group": "core",
			"source": "SoM",
			"coverUrl": "img/covers/SoM.webp",
			"published": "2021-08-25",
			"author": "Paizo Inc.",
			"contents": [
				{
					"name": "Cover"
				},
				{
					"name": "Introduction"
				},
				{
					"name": "Essentials of Magic",
					"headers": [],
					"ordinal": {
						"type": "chapter",
						"identifier": 1
					}
				}
			]
		}
	]
}
