{
	"creature": [
		{
			"name": "Unseen Servant",
			"source": "CRB",
			"page": 380,
			"level": -1,
			"traits": [
				"medium",
				"mindless"
			],
			"perception": {
				"std": 0
			},
			"languages": {
				"languages": [],
				"languageAbilities": [
					"(understands its creator)"
				]
			},
			"skills": {
				"Stealth": {
					"std": 8
				}
			},
			"abilityMods": {
				"str": -4,
				"dex": 2,
				"con": 0,
				"int": -5,
				"wis": 0,
				"cha": 0
			},
			"ac": {
				"std": 13
			},
			"savingThrows": {
				"fort": {
					"std": 0
				},
				"ref": {
					"std": 4
				},
				"will": {
					"std": 0
				}
			},
			"hp": [
				{
					"hp": 4,
					"abilities": null
				}
			],
			"immunities": [
				"disease",
				"mental",
				"non-magical attacks",
				"paralysis",
				"poison",
				"precision",
				"unconscious"
			],
			"resistances": [
				{
					"amount": 5,
					"name": "all damage",
					"note": "except force or {@item ghost touch}"
				}
			],
			"speed": {
				"fly": 30
			},
			"abilities": {
				"top": [
					{
						"entries": [
							"An unseen servant is {@condition invisible}, though it normally doesn't {@action Sneak}, so it is usually only {@condition hidden}."
						],
						"name": "Invisible"
					}
				],
				"bot": [
					{
						"entries": [
							"An unseen servant's physical body is made of force. It can't use {@trait attack} actions. It can move and use {@action Interact} actions to do things such as fetch objects, open unstuck or unlocked doors, hold chairs, and clean. It can't pass through solid objects."
						],
						"name": "Force Body"
					}
				]
			}
		}
	]
}
