{
	"background": [
		{
			"name": "Mortuarium Survivor",
			"source": "WtD5",
			"page": 25,
			"traits": [
				"rare"
			],
			"entries": [
				"You studied the necromantic arts in the clawed tower of the Mortuarium, the most prestigious university of necromancy in Yled. Although your training was grueling, you graduated\u2014or fled\u2014with your body and mind intact; many of your peers weren't so lucky. You might continue studying necromancy on your own, or your experience might have soured you on the field, but the Mortuarium instilled in you a thorough knowledge of necromantic principles and inured you to the energies that animate the dead.",
				"Choose two attribute boosts. One must be to Constitution or Intelligence, and one is a free attribute boost.",
				"You're trained in the {@skill Arcana} skill, and the {@skill lore||Necromancy Lore} skill. You gain the Inured to Death reaction.",
				{
					"type": "ability",
					"name": "Inured to Death",
					"activity": {
						"number": 1,
						"unit": "reaction"
					},
					"frequency": {
						"unit": "day",
						"number": 1
					},
					"trigger": "You take damage from an effect with the {@trait death} or {@trait negative} trait",
					"entries": [
						"You gain resistance to that damage equal to half your level (minimum 1)."
					]
				}
			],
			"boosts": [
				"constitution",
				"intelligence",
				"free"
			],
			"skills": [
				"arcana"
			],
			"lore": [
				"Necromancy"
			],
			"miscTags": [
				"ability"
			]
		}
	]
}
