{
	"changelog": [
		{
			"ver": "0.0.1",
			"title": "Homework",
			"date": "2021-11-29",
			"txt": "- \"⛏⛏⛏How long can this go on?⛏⛏⛏\" they said"
		},
		{
			"ver": "0.0.2",
			"date": "2021-11-29",
			"txt": "- Added <i>Guns & Gears</i>\n- Added fluff to <i>Bestiary</i> creatures\n- Added auto-tagging of specific variants in items\n- Fixed BUG-46, 48, 49, 51, 52, 54, 55, 56, 66, 67, 75, and 76\n- (Brew) Fixed a bug causing homebrew items not generating variant items correctly\n- Typos/tags"
		},
		{
			"ver": "0.1.0",
			"title": "Discovery",
			"date": "2021-12-07",
			"txt": "- Added CI/CD\n- Added content from:\n  - All of the <i>Age of Ashes</i> adventure path\n  - All of the <i>Extinction Curse</i> adventure path\n  - All of the <i>Agents of Edgewatch</i> adventure path\n  - All of the <i>Abomination Vaults</i> adventure path\n  - All of the <i>Fists of the Ruby Phoenix</i> adventure path\n  - <i>Strength of Thousands #1: Kindled Magic</i>\n  - <i>Strength of Thousands #2: Spoken on the Song Wind</i>\n- Fixed BUG-58, 59, and 60\n- Typos/tags)"
		},
		{
			"ver": "0.1.1",
			"date": "2021-12-07",
			"txt": "- Added a sitemap"
		},
		{
			"ver": "0.1.2",
			"date": "2021-12-28",
			"txt": "- Fixed Archetypes page feat list going out of bounds\n- Changed Images button to being a dropdown\n- Improved Sidebars\n- Added <i>Lost Omens: Ancestry Guide</i> Errata\n- Fixed BUG-62, 63, 64, 65, 66, 82, and 83\n- Added Halcyon Spells filter\n- Added Battle Form Filter to Deities page\n- Fixed Archetype hover pop-ups having wrong padding\n- Added feats SEO pages\n- Added automatic releases on GitHub\n- Added Optional Features\n- Typos/tags"
		},
		{
			"ver": "0.1.3",
			"date": "2022-01-12",
			"txt": "- Fixed Runebuilder buttons not rendering (sometimes)\n- Added MAP\n- Started Indexing Table IDs and add_hash strings\n- Moved Inventor modifications to Optional Features\n- Added more filters to the Optional Features page\n- Added GMG NPCs and G&G modifications\n- Typos/tags"
		},
		{
			"ver": "0.1.4",
			"date": "2022-01-16",
			"txt": "- Fixed some Runebuilder quirks\n- Transitioned from featType to trait-based filtering\n- Typos/tags"
		},
		{
			"ver": "0.1.5",
			"date": "2022-02-13",
			"txt": "- Fixed BUG-70, 71 and 72\n- Typos/tags"
		},
		{
			"ver": "0.1.6",
			"date": "2022-02-13",
			"txt": "- Fixed a bug causing the Archetypes page not loading\n- Fixed SHIFT+click on @damage tags\n- Added loading messages on some pages"
		},
		{
			"ver": "0.2.0",
			"title": "Human After All",
			"date": "2022-02-28",
			"txt": "- Added Organizations page\n- Added Open-Search\n- Added Privacy Policy\n- Fixed multiple CSS issues\n- Revamped Spells page to account for a different way spellcasting works from 5e\n- Fixed Prerequisites not showing on Optional Features page\n- Added domain/mystery tags to spells\n- Changed <kbd>frequency</kbd> to new format similar to <kbd>activity</kbd>\n- Added CTRL + click to deselect subclasses \n- Added Patreon Button\n- Added Companion Abilities\n- Removed Spell Lists from spell statblocks\n- Fixed duplicate tables in the Omnisearch\n- Fixed flatDC scaling while they should not\n- (Brew) Added CTRL + click to copy `@filter` tag to \"Copy link to filters\" button \n- Typos/tags"
		},
		{
			"ver": "0.2.1",
			"date": "2022-03-03",
			"txt": "- Remove unsupported on iOS regex that was breaking the site on those devices\n- Fixed Ability Rendering\n- Fixed Item Variant Rendering\n- Fixed Creature Scaling on GM Screen and Hover Windows\n- Typos/tags"
		},
		{
			"ver": "0.3.0",
			"title": "Random Access Memories",
			"date": "2022-03-23",
			"txt": "- Started Changelogs!\n- Removed nonsensical heightened data\n- Improved Initiative Tracker conditions menu\n- Added Combo Weapons from <i>Guns & Gears</i>\n- Converted all baseitems into new data structure\n- Changed the default Calendar in GM Screen to the Golarion calendar\n- Added full-page \"pf2-sidebar\" styles and \"entries\" entry\n- Added FEAT-96 and 102\n- Fixed archetype extra feats not being filtered correctly\n- Fixed the patreon banner loading half of Patreon with it\n- Fixed BUG-86 and 87\n- Added gtags analytics\n- Added <i>Lost Omens: World Guide</i> book text\n- Updated the navbar\n- Added a script to replace statblock references upon deployment\n- Typos/tags"
		},
		{
			"ver": "0.3.1",
			"date": "2022-03-23",
			"txt": "- Temporarily removed the cdn script until further notice"
		},
		{
			"ver": "0.3.2",
			"date": "2022-03-24",
			"txt": "- Updated Sorcerer with new subclasses and additions to existing subclasses\n- Added Sorcerer spells filter to the Spells page\n- Fixed cdn script\n- Expanded \"paper\" type\n- Fixed an issue regarding item groups and adding empty &lt;x&gt;Data objects to items\n- Removed Printer and Table View while Rune Builder is active\n- Typos/tags Restored the Equipment filter to what it should be (only specific items from the CRB)\n- Typos/tags Changed Heightened entries to actually be <kbd>entries</kbd> rather than <kbd>entry</kbd>\n- Typos/tags Fixed all \"no category found\" items\n- Typos/tags"
		},
		{
			"ver": "0.4.0",
			"date": "2022-06-04",
			"title": "After 3 months in development, hopefully it will be worth the wait",
			"txt": "- Added Text Converter\n- Revamped Planes & Places schema\n- Upgraded Rituals Xchecks schema and added 'Must be a Creature' filter\n- Revamped Deities 'avatar' schema, no longer relying on entries\n- Added \"L\" bulk filtering to Items\n- Revamped filters on Variant Rules page, now includes Rarity and approximated Category of it\n- Fixed Siege Weapon rendering\n- Added an <sup>[?]</sup> indicator when a filter has a tooltip\n- Moved spell domains to a separate array than subclasses\n- Fixed item Hands rendering\n- Fixed items page text: search\n- Added places page to Omnisearch\n- Added subclasses to summoner\n- Added 'Must be a Creature' filter to Rituals page, blacklisted by default\n- Fixed single-pixel deadzone in which the mobile-only \"Menu\" button was hidden, which happens to exactly match the pixel width of some iPads!\n- (Brew) Added \"AND/OR/XOR\" metadata to copied `@filter` tag parts, where appropriate\n- Typos/tags"
		},
		{
			"ver": "0.4.1",
			"date": "2022-06-04",
			"txt": "- Fixed a _copy bug"
		},
		{
			"ver": "0.4.2",
			"date": "2022-06-04",
			"txt": "- Fixed Items page price filter and expand it\n- Typos/tags"
		},
		{
			"ver": "0.5.0",
			"date": "2022-06-11",
			"txt": "- Overhauled caching and preloading system (big to @ isaac for all of this)\n    - Fixed (hopefully) caching hell/\"keep CTRL+F5-ing until it works\" by using a modern, robust service worker solution\n    - Fixed preloaded offline data being invalidated when a new site version is released\n    - Improved loading times by intelligently preloading common files/data\n    - Improved loading times by checking for updates on a per-file basis, and serving a file from cache when no update is required\n    - Broke down Preload Offline Data into a granular set of options, allowing faster preloads by avoiding unneeded data\n    - Reworked Preload Offline Data to avoid ever having hangs due to the background process being killed off by the browser\n    - Preloading offline data is now parallelized, making it significantly faster\n    - Preloading may now continue in the background when navigating between pages\n    - Added various notifications to better display the state of caching/preloading, including \"reload to see changes\" notifications\n- Typos/tags Added images to missing creatures in the Bst (@ Indy Techwisp) \n- Typos/tags"
		},
		{
			"ver": "0.5.1",
			"date": "2022-06-12",
			"txt": "- Fixed Text Converter breaking on Feats without any actions attached\n- Start work on Strength of Thousands: Hurricane's Howl\n- Typos/tags"
		},
		{
			"ver": "0.5.2",
			"date": "2022-06-12",
			"txt": "- Updated the production and release scripts with the mothersite, including Docker containers\n  - Hopefully fixes serviceworker on production"
		},
		{
			"ver": "0.5.3",
			"date": "2022-06-13",
			"txt": "- Added a \"Main Item\" footnote to specific variants, allowing you to go back to the generic variant straight from the specific item\n- Added \"exists\" boolean to variants, in an event where the item that you are referencing in a generic variant already exists (ex. Clothing => Explorer's Clothing)\n- Merged \"statblock\" into \"data\" entries\n- Typos/tags"
		},
		{
			"ver": "0.5.4",
			"date": "2022-06-13",
			"txt": "- Re-added the script that converts former \"statblock\", now \"data\" entries to not fetch the site data and instead have all of their data included in the entry"
		},
		{
			"ver": "0.5.5",
			"date": "2022-06-13",
			"txt": "- Fixed typo in production script"
		},
		{
			"ver": "0.5.6",
			"date": "2022-06-13",
			"txt": "- Fixed production script"
		},
		{
			"ver": "0.5.7",
			"date": "2022-06-13",
			"txt": "- Fixed data preparation script\n- Fixed service worker script"
		},
		{
			"ver": "0.5.8",
			"date": "2022-06-15",
			"txt": "- Fixed Ancestry Filters\n- Made copying traits more bearable, as they now include spaces\n- Typos/tags"
		},
		{
			"ver": "0.5.9",
			"date": "2022-06-17",
			"txt": "- Typos/tags"
		},
		{
			"ver": "0.5.10",
			"date": "2022-06-20",
			"txt": "- Added missing Vehicles\n- Typos/tags"
		},
		{
			"ver": "0.5.11",
			"date": "2022-06-21",
			"txt": "- Fixed adding creatures to Initiative Tracker on the GM Screen\n- Typos/tags"
		},
		{
			"ver": "0.5.12",
			"date": "2022-06-22",
			"txt": "- Added <i>Core Rulebook</i> 3rd printing errata\n- Typos/tags"
		},
		{
			"ver": "0.5.13",
			"date": "2022-06-23",
			"txt": "- Added rarity filters to Archetypes and Classes pages\n- Typos/tags"
		},
		{
			"ver": "0.5.14",
			"date": "2022-06-26",
			"txt": "- Made the errata changes reflect the 3rd-Print CRB\n- Fixed \"data\" tab in Companions/Familiars page\n- Fixed removing elements from a list\n- Typos/tags"
		},
		{
			"ver": "0.5.15",
			"date": "2022-07-02",
			"txt": "- Made all alignment filters lengthen the names of alignments by default (N -> Neutral)\n- (BUG-119) Hopefully fixed removing elements from a list properly\n- (BUG-118) Fixed class page filters removing all features\n- Typos/tags Tagged every dedication feat in it's archetypes feats (@ beelzebunny) \n- Typos/tags"
		},
		{
			"ver": "0.5.16",
			"date": "2022-07-03",
			"txt": "- Fixed items page having every item be considered Melee by the filters\n- Typos/tags"
		},
		{
			"ver": "0.5.17",
			"title": "Paizo Compliancy",
			"date": "2022-07-05",
			"txt": "- Removed book data until further notice\n- Fixed various CSS bugs relating to SEO pages\n- Typos/tags"
		},
		{
			"ver": "0.6.0",
			"title": "Paizo Compliancy 2.0",
			"date": "2022-07-25",
			"txt": "- Added back books, now modified to account for OGL\n  - Core Rulebook has had some of its flavor text removed\n  - Gamemastery Guide has been almost untouched\n  - Secrets of Magic has mainly had it's letters, research, and other on-paper entries removed\n  - Lost Omens: World Guide has lost majority of it's book content\n- Added new sources\n  - <i>Book of the Dead</i>\n  - <i>Strength of Thousands #3: Hurricane's Howl</i>\n  - <i>Strength of Thousands #4: Secrets of the Temple-City</i>\n  - <i>Strength of Thousands #5: Doorway to the Red Star</i>\n  - <i>Strength of Thousands #6: Shadows of the Ancients</i>\n- Added Creature Templates page\n- Simplified upcasting schema for spells\n- Changed <i>Bestiary</i> abbreviations to official versions: B1, B2, and B3\n- Fixed prominent issue with adding and subtracting from lists, including the Encounter Builder (@Zobody for the latter)\n- Updated Archetypes page with visible rarity traits\n- Typos/tags"
		},
		{
			"ver": "0.6.1",
			"date": "2022-07-26",
			"txt": "- Fixed item prices not adding up correctly\n- Typos/tags"
		},
		{
			"ver": "0.6.2",
			"date": "2022-07-27",
			"txt": "- Fixed the Companions & Familiars (& Eidolons & Beyond) page not loading\n- Fixed Spell Component filters not working in the Spells page\n- Turned some information on the ancestries page into book references\n- Typos/tags"
		},
		{
			"ver": "0.6.3",
			"date": "2022-07-31",
			"txt": "- (Text Converter) Updated to a match more of the sites schema and Improved dealing with edge cases and common typos, such as vestigial (or lack of) spaces\n- Fixed BUG-139 \"View this feat on the Feats page\" from not working\n- Typos/tags"
		},
		{
			"ver": "0.6.4",
			"date": "2022-08-02",
			"txt": "- Fixed Eidolons not rendering (BUG-145) \n- Added <i>Night of the Gray Death</i>\n- Fix alignment filtering on various pages\n- Typos/tags"
		},
		{
			"ver": "0.7.0",
			"date": "2022-09-26",
			"txt": "- (Text Converter) Added the ability to convert Hazards, along with improvements when converting spells\n- Added the following sources:\n  - <i>Dark Archive</i>\n  - <i>Pathfinder: FUMBUS!</i>\n  - <i>Lost Omens: Travel Guide</i>\n- Revamped Deities statblock rendering (@Spappz)\n- Reworked Hazards schema\n- Reworked creatures defensive stats schema to be more in-line with new Hazard schema\n- Fixed a bug in Variant Items \"Main Item\" footer not working with non-CRB sources\n- Improved filters in Organizations page\n- Started schema-compiler work (languages, traits)\n- Fixed Certain Creatures being unable to be scaled (BUG-148)\n- Fixed the Printer view on Bestiary page (BUG-149)\n- Fixed creatures having wrong stats due to creature scaler (BUG-150 and BUG-153)\n- Typos/tags"
		},
		{
			"ver": "0.7.1",
			"date": "2022-10-14",
			"txt": "- Added a source compiler and schema\n- Changed the spell and ritual duration schema\n- Fixed durations in spells and rituals not rendering\n- Fixed BotD spells not showing up\n- Typos/tags"
		},
		{
			"ver": "0.7.2",
			"date": "2022-10-18",
			"txt": "- Fixed various language-less BotD creatures breaking the renderer\n- Fixed breaking bug in Creature upscaler\n- Added <i>all</i> current familiar abilities to quick rules\n- Added <i>Outlaws of Alkenstar #1</i>\u2013<i>3</i>\n- Typos/tags"
		},
		{
			"ver": "0.7.3",
			"date": "2022-10-20",
			"title": "Spappz the Crit Believer",
			"txt": "- @Spappz pulled through for most of this update!\n  - Added <i>Lost Omens: Gods & Magic</i> book text\n  - Added <i>Lost Omens: Gods & Magic Web Supplement</i> data\n  - Updated deities data, schema, and rendering\n  - Added <i>Critical Hit</i> and <i>Fumble Decks</i> to Tables page\n  - Added optional Quick Rules tab in Tables page\n  - Expand the Traits categories\n- Fixed Hazards page\n- Fixed vertical spacing on traits\n  - Moved licenses page to use the <kbd>sources.json</kbd> data\n- Typos/tags"
		},
		{
			"ver": "0.7.4",
			"date": "2022-11-17",
			"txt": "- Rewritten how subclasses in spells are written, so now any subclass can be added and rendered\n- Fixed inability to add creatures in GM Screen's Initiative Tracker\n- Added Events page\n- Typos/tags"
		},
		{
			"ver": "0.7.5",
			"date": "2022-12-05",
			"txt": "- Added <i>Lost Omens: Impossible Lands</i>\n- Added <i>Hero Points Deck</i> (@Spappz)\n- Added Gifts and Relics page (@Spappz)\n- Made indexes a little smaller in size and more consistent\n- Added \"Found In\" bestiary filter\n- Added the original name to search results of aliases, ex. Action: Push -> Action: Push (Shove)\n- Added 5e aliases to certain actions, ex. Strike = Attack\n- Recoloured LOTG, LOGM, LOCG, LOWG, LOL, LOPSG, and LOAG sources\n- Typos/tags (a lot)"
		},
		{
			"ver": "0.7.6",
			"date": "2022-12-15",
			"txt": "- Typos/tags"
		},
		{
			"ver": "0.7.7",
			"date": "2022-12-29",
			"txt": "- Another @Spappz release!\n  - Finished adding <i>The Slithering</i>\n  - Added filter and quick rules for Tempted Curse afflictions\n  - Improved rendering of compact abilities\n  - Fixed rendering bugs for creature spellcasting and known rituals text\n- Typos/tags"
		},
		{
			"ver": "0.7.8",
			"date": "2022-12-04",
			"txt": "- Added errata changes\n- Typos/tags"
		},
		{
			"ver": "0.7.9",
			"date": "2023-02-08",
			"txt": "- Started <i>Lost Omens: Monsters of Myth</i> conversion\n- Typos/tags"
		},
		{
			"ver": "0.7.10",
			"date": "2023-02-15",
			"txt": "- Fixed <kbd>relicGift</kbd> homebrew\n- Fixed \"Select by Date\" filter option\n- Fixed <kbd>otherSources</kbd> in Bestiary page \n- Typos/tags"
		},
		{
			"ver": "0.7.11",
			"date": "2023-03-09",
			"txt": "- Added a bunch of missing creature images (@Spappz)\n- Typos/tags"
		},
		{
			"ver": "0.7.12",
			"date": "2023-03-20",
			"txt": "- Fixed hazards not showing Strikes.\n- Typos/tags"
		},
		{
			"ver": "0.8.0",
			"title": "Quesadilla Day",
			"date": "2023-04-19",
			"txt": "- Added <i>Treasure Vault</i>\n- Removed fluff and books\n- Added support for direct Item Category parsing in Text Converter\n- Typos/tags\n- @Jnosh has been hard at work!\n  - Added the following sources:\n    - <i>Beginner Box</i>\n    - <i>A Fistful of Flowers</i>\n    - <i>Torment and Legacy</i>\n    - <i>Pathfinder One-Shot: Sundered Waves</i>\n    - <i>Threshold of Knowledge</i>\n  - Fixed creature scaler being run when disabled, leading to erroneous stats.\n  - Minor improvements to creature statblock rendering:\n    - show notes on individual skills\n    - fix display of multiple ACs and AC abilities\n    - show ability cost entries\n    - support ability entries on individual saving throws\n    - add skills notes & languages notes to add non-standard entries to the respective lists\n    - Allow activity entries for creature attacks again to enable the rare case of attacks that take multiple actions.\n    - show creature ability prerequisites\n    - improve support for multiple HP entries on creatures (e.g. Hydra) and add support for HP notes\n    - add support for a note property on creature spellcasting entries (e.g. Manticore Paaridar)\n    - add support for a note property on creature abilities (e.g. Mafika Ayuwari)\n    - add support for troop thresholds on creatures\n  - <kbd>_copy</kbd> improvements:\n    - Extend property path support to additional _copy modifier modes\n    - add a new <kbd>_copy</kbd> mode that sets object properties\n    - add ability to apply Weak/Elite adjustment to creatures during _copy\n  - Add text converter support for:\n    - creature skill notes\n    - language notes\n    - per saving throw abilities\n    - troop thresholds\n- Typos/tags (and I mean a <i>lot</i>)"
		},
		{
			"ver": "0.8.1",
			"date": "2023-04-20",
			"txt": "- Fixed a rendering bug related to spellcasting notes in creatures"
		},
		{
			"ver": "0.8.2",
			"date": "2023-04-20",
			"txt": "- Fixed a bug regarding being unable to turn on or off heritages on the ancestry page"
		},
		{
			"ver": "0.8.3",
			"date": "2023-04-24",
			"txt": "- Fixed text searching within the Items page\n- Add <i>Quest for the Frozen Flame</i> hazards (@H2Os)\n- Typos/tags"
		},
		{
			"ver": "0.8.4",
			"date": "2023-05-17",
			"txt": "- Typos/tags"
		},
		{
			"ver": "0.8.5",
			"title": "Stagnation",
			"date": "2023-08-04",
			"txt": "This update likely marks the end of Pf2eTools in its current version, as the new remastered rules and development kludge combine to make the book broadly unconvertable in any satisfying way. Minor fixes might still be pushed\u2014especially with <a href=\"https://github.com/Pf2eToolsOrg/Pf2eTools/\">community contribution</a>\u2014but no new content or features are planned by 'the team'.\nThe good news, though, is that we're not abandoning the project! In fact, <b>we're already working on a new version of the website</b>, rebuilt from the ground up... although we can't promise when it'll be ready. Please remember that we're all volunteers working for free in our spare time\u2014your appreciation (both <a href=\"https://ko-fi.com/mrvauxs\">material</a> and <a href=\"https://discord.gg/2hzNxErtVu\">verbal</a>) goes a long way to keep us motivated!\n- Added the kineticist Class, class feats, and backgrounds from <i>Rage of Elements</i>\n- Added <i>Gatewalkers #1</i> and <i>#3</i>, plus the <i>Player's Guide</i>\n- Typos/tags"
		},
		{
			"ver": "0.8.6",
			"date": "2023-09-09",
			"txt": "- Fix kineticist feats' footers not displaying properly (@Spappz)\n- Fix alignments not capitalising properly in settlement statblocks (@Spappz)\n- Add <i>Sky King's Tomb Player's Guide</i> (@Spappz)\n- Fix inability to add or remove scaled creatures from the encounter builder (@Sciguymjm)\n- Many Typos/tags (@ebullient, @Spappz)"
		},
		{
			"ver": "0.8.7",
			"date": "2023-09-19",
			"txt": "- Typos/tags (@Spappz, @cgahr, @ebullient)"
		},
		{
			"ver": "0.8.8",
			"date": "2024-01-09",
			"title": "Still Aliiive 🎵",
			"txt": "- Added <i>Player Core</i> spells and rituals (@mortimerhoughton)\n  - Added 'remaster' filter option on spell and ritual pages (@Spappz)\n- Added a whole lot of missing <i>Rage of Elements</i> content (@cgahr)\n- Typos/tags (@Spappz, @fredtargaryen, and @VytorCalixto)"
		},
		{
			"ver": "0.8.9",
			"date": "2024-01-29",
			"txt": "- Stylised <i>Player Core</i> content a bit more distinctly (@Spappz, @Vauxs)\n- Added a <i>tiny</i> bit more <i>Player Core</i> content to ensure we don't need to remember that errata exists (@Spappz)\n- Typos/tags (@Spappz)"
		},
		{
			"ver": "0.8.10",
			"date": "2024-05-27",
			"title": "Legacy Support",
			"txt": "- Add <i>Season of Ghosts Player's Guide</i> (@KierannS)\n- Add <i>Season of Ghosts #1: The Summer That Never Was</i> (@KierannS)\n- Add <i>Season of Ghosts #2: Let the Leaves Fall</i> (@KierannS)\n- Add <i>Seven Dooms for Sandpoint Player's Guide</i> (@Spappz)\n- Add <i>Wardens of Wildwood Player's Guide</i> (@Spappz)\n- Add minor miscellaneous missing content (@Spappz, @hephaistos-official)\n- Update (where possible) for the May 2024 errata cycle (@Spappz)\n- Fix a rare bug when using <kbd>text:</kbd> search functionality (@Spappz)\n- Fix some background filters and table-text displaying incorrectly (@Spappz)\n- Fix rendering of some creatures' attack traits (@Spappz)\n- Typos/tags (@Spappz, @fredtargaryen, @ebullient, @VytorCalixto, @miscoined)"
		},
		{
			"ver": "0.8.11",
			"date": "2024-07-08",
			"title": "The Books Start Coming and They Don't Stop Coming",
			"txt": "- Lots of new content!\n  - @KierannS continues to be busy:\n    - <i>Blood Lords Player's Guide</i>\n    - <i>Lost Omens: Tian Xia World Guide</i>\n    - <i>Season of Ghosts #3: No Breath to Cry</i>\n    - <i>Season of Ghosts #4: To Bloom Below the Web</i>\n    - <i>Stolen Fate Player's Guide</i> (items by @Spappz 😏)\n    - <i>Wake the Dead #1</i>\u2013<i>5</i>\n  - @Spappz likes kicking easy ones off the list:\n    - <i>A Few Flowers More</i>\n    - <i>Absalom: City of Lost Omens</i>\n    - <i>Dinner at Lionlodge</i>\n    - <i>Gatewalkers #2: They Watched the Stars</i>\n    - <i>Head-Shot the Rot</i> (technically no actual new content in this one lmao)\n    - <i>Malevolence</i>\n    - <i>Mark of the Mantis</i>\n    - <i>Quest for the Frozen Flame Player's Guide</i>\n    - <i>Shadows at Sundown</i>\n    - <i>The Enmity Cycle</i>\n  - A new challenger approaches: @kerbsy!\n    - <i>Rusthenge</i> (backgrounds by @Spappz 😏)\n- Added minor miscellaneous missing content (@miscoined, @Spappz)\n- Added divine sanctification filter to deities page (@Spappz)\n- @Spappz went on a crusade to slightly prettify the changelog\n  - Fix bullet-indentation (does anyone even read this?)\n  - Add a proper stagnation notice (please read this!)\n  - Fix the script that posts changelogs to <a href=\"https://discord.gg/2hzNxErtVu\">Discord</a> (reading this instead is acceptable 👍)\n- Fix minor formatting bugs in the Text Converter for backgrounds (@Spappz)\n- Fix <i>another</i> rare <kbd>text:</kbd> search-functionality bug (@Spappz)\n- <i>Many</i> typos/tags (@Spappz, @VytorCalixto, @miscoined)"
		},
		{
			"ver": "0.8.12",
			"date": "2024-07-20",
			"txt": "- The data-conversion train just doesn't stop. New sources added:\n  - <i>Curtain Call Player's Guide</i> (@KierannS)\n  - <i>Lost Omens: Highhelm</i> (@KierannS)\n  - <i>Wardens of Wildwood #1: Pactbreaker</i> (@Spappz)\n  - <i>Wardens of Wildwood #2: Severed at the Root</i> (@Spappz)\n  - Some more (but still not all) <i>Player Core</i> content (@Spappz)\n- Fix the halcyon and elemental spell-list filters being completely incorrect! (@Spappz)\n- Fixed a number of bugs with the text converter for items, and enable slightly better compatibility with remaster formatting (@Spappz)\n- Update dependencies (@Spappz)\n- Tighten linting/code-quality rules (@Spappz)\n- Typos/tags (@Spappz)"
		},
		{
			"ver": "0.8.13",
			"date": "2024-07-29",
			"txt": "- Fix the feature table on the classes page being broken (@Spappz)\n- Typos/tags (@Spappz)"
		},
		{
			"ver": "0.9.0",
			"date": "2025-06-03",
			"title": "We Are So Back 🕺",
			"txt": "- Wouldn't be a major update without some new data (we got there eventually!).\n  - <i>Howl of the Wild</i> spells (@Spappz)\n  - <i>Lost Omens: Rival Academies</i> (@Spappz)\n  - <i>Player Core</i> (@kerbsy, @Spappz)\n  - <i>Player Core 2</i> backgrounds, general/skill feats, and spells (@Spappz)\n  - <i>Shades of Blood Player's Guide</i> (@Spappz)\n  - <i>Spore War Player's Guide</i> (@Spappz)\n  - <i>Triumph of the Tusk Player's Guide</i> (@Spappz)\n  - <i>War of Immortals</i> spells (@Spappz)\n  - <i>Wardens of Wildwood #3: Shepherd of Decay</i> (@Spappz)\n- Plus a smattering of new features for you to enjoy...\n  - Add 'GM Influence' filter to the backgrounds page (@Spappz)\n  - Add 'Remaster' filter to a bunch more pages where relevant (@Spappz)\n  - Add a 'Version' toggle to the Text Converter settings for remaster statblocks (@Spappz)\n- Plus plenty of fixes and background improvements!\n  - Fix the creature level-scaler (@cjneidhart)\n  - Improve rendering of remaster deities, items, and spells to be more in-line with official format (@Spappz)\n  - Fix tags and filter formatting on the companions/familiars/eidolons page (@Spappz)\n  - Fix a number of Text Converter auto-tagging bugs (@Spappz)\n  - On the class page, prefer the 'short subclass name' for buttons (@Spappz)\n  - There are endless <kbd>text:</kbd> search-functionality bugs, but a couple more have been squashed in the bestiary (@Spappz)\n  - Update Home, Licenses, and Privacy Policy pages for the new <a href=\"https://paizo.com/licenses/communityuse\">Community Use Policy</a> requirements (@Spappz)\n- Typos/tags (@Spappz, @VytorCalixto, @KWottrich)"
		}
	]
}