{
	"domain": [
		{
			"name": "Air",
			"source": "PC1",
			"remaster": true,
			"page": 39,
			"entries": [
				"You can control winds and the weather."
			]
		},
		{
			"name": "Ambition",
			"source": "PC1",
			"remaster": true,
			"page": 39,
			"entries": [
				"You strive to keep up with and outpace the competition."
			]
		},
		{
			"name": "Cities",
			"source": "PC1",
			"remaster": true,
			"page": 39,
			"entries": [
				"You have powers over urban environments and denizens."
			]
		},
		{
			"name": "Confidence",
			"source": "PC1",
			"remaster": true,
			"page": 39,
			"entries": [
				"You overcome your fear and project pride."
			]
		},
		{
			"name": "Creation",
			"source": "PC1",
			"remaster": true,
			"page": 39,
			"entries": [
				"You have divine abilities related to crafting and art."
			]
		},
		{
			"name": "Darkness",
			"source": "PC1",
			"remaster": true,
			"page": 39,
			"entries": [
				"You operate in the darkness and take away the light."
			]
		},
		{
			"name": "Death",
			"source": "PC1",
			"remaster": true,
			"page": 39,
			"entries": [
				"You have the power to end lives and destroy undead."
			]
		},
		{
			"name": "Destruction",
			"source": "PC1",
			"remaster": true,
			"page": 39,
			"entries": [
				"You are a conduit for divine devastation."
			]
		},
		{
			"name": "Dreams",
			"source": "PC1",
			"remaster": true,
			"page": 39,
			"entries": [
				"You have the power to enter and manipulate dreams."
			]
		},
		{
			"name": "Earth",
			"source": "PC1",
			"remaster": true,
			"page": 39,
			"entries": [
				"You control soil and stone."
			]
		},
		{
			"name": "Family",
			"source": "PC1",
			"remaster": true,
			"page": 39,
			"entries": [
				"You aid and protect your family and community more effectively."
			]
		},
		{
			"name": "Fate",
			"source": "PC1",
			"remaster": true,
			"page": 39,
			"entries": [
				"You see and understand hidden inevitabilities."
			]
		},
		{
			"name": "Fire",
			"source": "PC1",
			"remaster": true,
			"page": 39,
			"entries": [
				"You control flame."
			]
		},
		{
			"name": "Freedom",
			"source": "PC1",
			"remaster": true,
			"page": 39,
			"entries": [
				"You liberate yourself and others from shackles and constraints."
			]
		},
		{
			"name": "Healing",
			"source": "PC1",
			"remaster": true,
			"page": 39,
			"entries": [
				"Your healing magic is particularly potent."
			]
		},
		{
			"name": "Indulgence",
			"source": "PC1",
			"remaster": true,
			"page": 39,
			"entries": [
				"You feast mightily and can shake off the effects of overindulging."
			]
		},
		{
			"name": "Knowledge",
			"source": "PC1",
			"remaster": true,
			"page": 39,
			"entries": [
				"You receive divine insights."
			]
		},
		{
			"name": "Luck",
			"source": "PC1",
			"remaster": true,
			"page": 39,
			"entries": [
				"You're unnaturally lucky and keep out of harm's way."
			]
		},
		{
			"name": "Magic",
			"source": "PC1",
			"remaster": true,
			"page": 39,
			"entries": [
				"You perform the unexpected and inexplicable."
			]
		},
		{
			"name": "Might",
			"source": "PC1",
			"remaster": true,
			"page": 39,
			"entries": [
				"Your physical power is bolstered by divine strength."
			]
		},
		{
			"name": "Moon",
			"source": "PC1",
			"remaster": true,
			"page": 39,
			"entries": [
				"You command powers associated with the moon."
			]
		},
		{
			"name": "Nature",
			"source": "PC1",
			"remaster": true,
			"page": 39,
			"entries": [
				"You hold power over animals and plants."
			]
		},
		{
			"name": "Nightmares",
			"source": "PC1",
			"remaster": true,
			"page": 39,
			"entries": [
				"You fill minds with horror and dread."
			]
		},
		{
			"name": "Pain",
			"source": "PC1",
			"remaster": true,
			"page": 39,
			"entries": [
				"You punish those who displease you with the sharp sting of pain."
			]
		},
		{
			"name": "Passion",
			"source": "PC1",
			"remaster": true,
			"page": 39,
			"entries": [
				"You evoke passion, whether as love or lust."
			]
		},
		{
			"name": "Perfection",
			"source": "PC1",
			"remaster": true,
			"page": 39,
			"entries": [
				"You strive to perfect your mind, body, and spirit."
			]
		},
		{
			"name": "Protection",
			"source": "PC1",
			"remaster": true,
			"page": 39,
			"entries": [
				"You ward yourself and others."
			]
		},
		{
			"name": "Secrecy",
			"source": "PC1",
			"remaster": true,
			"page": 39,
			"entries": [
				"You protect secrets and keep them hidden."
			]
		},
		{
			"name": "Sun",
			"source": "PC1",
			"remaster": true,
			"page": 39,
			"entries": [
				"You harness the power of the sun and other light sources, and punish undead."
			]
		},
		{
			"name": "Travel",
			"source": "PC1",
			"remaster": true,
			"page": 39,
			"entries": [
				"You have power over movement and journeys."
			]
		},
		{
			"name": "Trickery",
			"source": "PC1",
			"remaster": true,
			"page": 39,
			"entries": [
				"You deceive others and cause mischief."
			]
		},
		{
			"name": "Truth",
			"source": "PC1",
			"remaster": true,
			"page": 39,
			"entries": [
				"You pierce lies and discover the truth."
			]
		},
		{
			"name": "Tyranny",
			"source": "PC1",
			"remaster": true,
			"page": 39,
			"entries": [
				"You wield power to rule and control others."
			]
		},
		{
			"name": "Undeath",
			"source": "PC1",
			"remaster": true,
			"page": 39,
			"entries": [
				"Your magic carries close ties to the undead."
			]
		},
		{
			"name": "Water",
			"source": "PC1",
			"remaster": true,
			"page": 39,
			"entries": [
				"You control water and bodies of water."
			]
		},
		{
			"name": "Wealth",
			"source": "PC1",
			"remaster": true,
			"page": 39,
			"entries": [
				"You hold power over wealth, trade, and treasure."
			]
		},
		{
			"name": "Zeal",
			"source": "PC1",
			"remaster": true,
			"page": 39,
			"entries": [
				"Your inner fire increases your combat prowess."
			]
		},
		{
			"name": "Abomination",
			"source": "AV3",
			"page": 65,
			"entries": [
				"You seek to instill abhorrence and horror in those around you."
			]
		},
		{
			"name": "Air",
			"source": "CRB",
			"page": 441,
			"entries": [
				"You can control winds and the weather."
			]
		},
		{
			"name": "Ambition",
			"source": "CRB",
			"page": 441,
			"entries": [
				"You strive to keep up with and outpace the competition."
			]
		},
		{
			"name": "Change",
			"source": "LOGM",
			"page": 112,
			"entries": [
				"You can restructure the physical and metaphysical."
			]
		},
		{
			"name": "Cities",
			"source": "CRB",
			"page": 441,
			"entries": [
				"You have powers over urban environments and denizens."
			]
		},
		{
			"name": "Cold",
			"source": "LOGM",
			"page": 112,
			"entries": [
				"You control ice, snow, and freezing temperatures."
			]
		},
		{
			"name": "Confidence",
			"source": "CRB",
			"page": 441,
			"entries": [
				"You overcome your fear and project pride."
			]
		},
		{
			"name": "Creation",
			"source": "CRB",
			"page": 441,
			"entries": [
				"You have divine abilities related to crafting and art."
			]
		},
		{
			"name": "Darkness",
			"source": "CRB",
			"page": 441,
			"entries": [
				"You operate in the darkness and take away the light."
			]
		},
		{
			"name": "Death",
			"source": "CRB",
			"page": 441,
			"entries": [
				"You have the power to end lives and destroy undead."
			]
		},
		{
			"name": "Decay",
			"source": "LOGM",
			"page": 112,
			"entries": [
				"You have the power to spoil and deteriorate matter."
			]
		},
		{
			"name": "Delirium",
			"source": "LOGM",
			"page": 113,
			"entries": [
				"You can bring about hallucinations and restlessness."
			]
		},
		{
			"name": "Destruction",
			"source": "CRB",
			"page": 441,
			"entries": [
				"You are a conduit for divine devastation."
			]
		},
		{
			"name": "Dreams",
			"source": "CRB",
			"page": 441,
			"entries": [
				"You have the power to enter and manipulate dreams."
			]
		},
		{
			"name": "Dust",
			"source": "LOGM",
			"page": 114,
			"entries": [
				"You have the power to dry and crumble what opposes you."
			]
		},
		{
			"name": "Duty",
			"source": "LOGM",
			"page": 114,
			"entries": [
				"You defend oaths and carry out your divine missions with great dedication."
			]
		},
		{
			"name": "Earth",
			"source": "CRB",
			"page": 441,
			"entries": [
				"You control soil and stone."
			]
		},
		{
			"name": "Family",
			"source": "CRB",
			"page": 441,
			"entries": [
				"You aid and protect your family and community more effectively."
			]
		},
		{
			"name": "Fate",
			"source": "CRB",
			"page": 441,
			"entries": [
				"You see and understand hidden inevitabilities."
			]
		},
		{
			"name": "Fire",
			"source": "CRB",
			"page": 441,
			"entries": [
				"You control flame."
			]
		},
		{
			"name": "Freedom",
			"source": "CRB",
			"page": 441,
			"entries": [
				"You liberate yourself and others from shackles and constraints."
			]
		},
		{
			"name": "Glyph",
			"source": "LOGM",
			"page": 114,
			"entries": [
				"You wield power over written words and symbols."
			]
		},
		{
			"name": "Healing",
			"source": "CRB",
			"page": 441,
			"entries": [
				"Your healing magic is particularly potent."
			]
		},
		{
			"name": "Indulgence",
			"source": "CRB",
			"page": 441,
			"entries": [
				"You feast mightily and can shake off the effects of overindulging."
			]
		},
		{
			"name": "Introspection",
			"source": "BL6",
			"page": 73,
			"entries": [
				"You guide others in examining their lives, emotions, and motivations to ultimately become a truer version of themselves\u2014a difficult and often painful process."
			]
		},
		{
			"name": "Knowledge",
			"source": "CRB",
			"page": 441,
			"entries": [
				"You receive divine insights."
			]
		},
		{
			"name": "Lightning",
			"source": "LOGM",
			"page": 115,
			"entries": [
				"You control electricity, thunder, and storms."
			]
		},
		{
			"name": "Luck",
			"source": "CRB",
			"page": 441,
			"entries": [
				"You're unnaturally lucky and keep out of harm's way."
			]
		},
		{
			"name": "Magic",
			"source": "CRB",
			"page": 441,
			"entries": [
				"You perform the unexpected and inexplicable."
			]
		},
		{
			"name": "Metal",
			"source": "RoE",
			"page": 145,
			"entries": [
				"You manipulate flexible, mutable metal. Few deities possess the metal domain, apart from the two elemental lords of metal."
			]
		},
		{
			"name": "Might",
			"source": "CRB",
			"page": 441,
			"entries": [
				"Your physical power is bolstered by divine strength."
			]
		},
		{
			"name": "Moon",
			"source": "CRB",
			"page": 441,
			"entries": [
				"You command powers associated with the moon."
			]
		},
		{
			"name": "Naga",
			"source": "AoE5",
			"page": 441,
			"entries": [
				"Like the serpentine nagas, you're in tune with cosmic forces that {@deity Ravithra} once controlled."
			]
		},
		{
			"name": "Nature",
			"source": "CRB",
			"page": 441,
			"entries": [
				"You hold power over animals and plants."
			]
		},
		{
			"name": "Nightmares",
			"source": "CRB",
			"page": 441,
			"entries": [
				"You fill minds with horror and dread."
			]
		},
		{
			"name": "Pain",
			"source": "CRB",
			"page": 441,
			"entries": [
				"You punish those who displease you with the sharp sting of pain."
			]
		},
		{
			"name": "Passion",
			"source": "CRB",
			"page": 441,
			"entries": [
				"You evoke passion, whether as love or lust."
			]
		},
		{
			"name": "Perfection",
			"source": "CRB",
			"page": 441,
			"entries": [
				"You strive to perfect your mind, body, and spirit."
			]
		},
		{
			"name": "Plague",
			"source": "LOGM",
			"page": 115,
			"entries": [
				"You wield disease and pestilence like a weapon."
			]
		},
		{
			"name": "Protection",
			"source": "CRB",
			"page": 441,
			"entries": [
				"You ward yourself and others."
			]
		},
		{
			"name": "Repose",
			"source": "LOGM",
			"page": 116,
			"entries": [
				"You ease mental burdens."
			]
		},
		{
			"name": "Secrecy",
			"source": "CRB",
			"page": 441,
			"entries": [
				"You protect secrets and keep them hidden."
			]
		},
		{
			"name": "Sorrow",
			"source": "LOGM",
			"page": 116,
			"entries": [
				"You have a painful connection to melancholy and sadness."
			]
		},
		{
			"name": "Soul",
			"source": "LOGM",
			"page": 117,
			"entries": [
				"You wield power over the spiritual."
			]
		},
		{
			"name": "Star",
			"source": "LOGM",
			"page": 117,
			"entries": [
				"You command the power of the stars."
			]
		},
		{
			"name": "Sun",
			"source": "CRB",
			"page": 441,
			"entries": [
				"You harness the power of the sun and other light sources, and punish undead."
			]
		},
		{
			"name": "Swarm",
			"source": "LOGM",
			"page": 117,
			"entries": [
				"You exert control over masses of creatures."
			]
		},
		{
			"name": "Time",
			"source": "LOGM",
			"page": 118,
			"entries": [
				"You reign over the flow of time."
			]
		},
		{
			"name": "Toil",
			"source": "RoE",
			"page": 97,
			"entries": [
				"This domain is chosen by devotees who work constantly and refuse to let anything stand in their way."
			]
		},
		{
			"name": "Travel",
			"source": "CRB",
			"page": 441,
			"entries": [
				"You have power over movement and journeys."
			]
		},
		{
			"name": "Trickery",
			"source": "CRB",
			"page": 441,
			"entries": [
				"You deceive others and cause mischief."
			]
		},
		{
			"name": "Truth",
			"source": "CRB",
			"page": 441,
			"entries": [
				"You pierce lies and discover the truth."
			]
		},
		{
			"name": "Tyranny",
			"source": "CRB",
			"page": 441,
			"entries": [
				"You wield power to rule and enslave others."
			]
		},
		{
			"name": "Undeath",
			"source": "CRB",
			"page": 441,
			"entries": [
				"Your magic carries close ties to the undead."
			]
		},
		{
			"name": "Vigil",
			"source": "LOGM",
			"page": 118,
			"entries": [
				"You watch over those long passed and guard their secrets."
			]
		},
		{
			"name": "Void",
			"source": "LOGM",
			"page": 112,
			"entries": [
				"You draw power from emptiness."
			]
		},
		{
			"name": "Water",
			"source": "CRB",
			"page": 441,
			"entries": [
				"You control water and bodies of water."
			]
		},
		{
			"name": "Wealth",
			"source": "CRB",
			"page": 441,
			"entries": [
				"You hold power over wealth, trade, and treasure."
			]
		},
		{
			"name": "Wood",
			"source": "RoE",
			"page": 199,
			"entries": [
				"You command the indomitable power of wood."
			]
		},
		{
			"name": "Wyrmkin",
			"source": "LOGM",
			"page": 119,
			"entries": [
				"You draw on the power of dragons, linnorms, and other powerful reptilian creatures."
			]
		},
		{
			"name": "Zeal",
			"source": "CRB",
			"page": 441,
			"entries": [
				"Your inner fire increases your combat prowess."
			]
		}
	]
}
