{
	"class": [
		{
			"name": "Fighter",
			"source": "CRB",
			"page": 140,
			"keyAbility": "Strength or Dexterity",
			"hp": 10,
			"initialProficiencies": {
				"perception": "E",
				"fort": "E",
				"ref": "E",
				"will": "T",
				"skills": {
					"t": [
						{
							"skill": [
								"Acrobatics",
								"Athletics"
							]
						}
					],
					"add": 3
				},
				"attacks": {
					"e": [
						"simple weapons",
						"martial weapons",
						"unarmed attacks"
					],
					"t": [
						"advanced weapons"
					]
				},
				"defenses": {
					"t": [
						"all armor",
						"unarmored defense"
					]
				},
				"classDc": {
					"prof": "T",
					"entry": "Trained in fighter class DC"
				}
			},
			"advancement": {
				"classFeats": [
					1,
					2,
					4,
					6,
					8,
					10,
					12,
					14,
					16,
					18,
					20
				],
				"skillFeats": [
					2,
					4,
					6,
					8,
					10,
					12,
					14,
					16,
					18,
					20
				],
				"generalFeats": [
					3,
					7,
					11,
					15,
					19
				],
				"ancestryFeats": [
					5,
					9,
					13,
					17
				],
				"skillIncrease": [
					3,
					5,
					7,
					9,
					11,
					13,
					15,
					17,
					19
				],
				"abilityBoosts": [
					5,
					10,
					15,
					20
				]
			},
			"classFeatures": [
				"Ancestry and Background|Fighter|CRB|1",
				"Initial Proficiencies|Fighter|CRB|1",
				"Attack of Opportunity|Fighter|CRB|1",
				"Fighter Feats|Fighter|CRB|1",
				"Shield Block|Fighter|CRB|1",
				"Skill Feats|Fighter|CRB|2",
				"Bravery|Fighter|CRB|3",
				"General Feats|Fighter|CRB|3",
				"Skill Increases|Fighter|CRB|3",
				"Ability Boosts|Fighter|CRB|5",
				"Ancestry Feats|Fighter|CRB|5",
				"Fighter Weapon Mastery|Fighter|CRB|5",
				"Battlefield Surveyor|Fighter|CRB|7",
				"Weapon Specialization|Fighter|CRB|7",
				"Combat Flexibility|Fighter|CRB|9",
				"Juggernaut|Fighter|CRB|9",
				"Armor Expertise|Fighter|CRB|11",
				"Fighter Expertise|Fighter|CRB|11",
				"Weapon Legend|Fighter|CRB|13",
				"Evasion|Fighter|CRB|15",
				"Greater Weapon Specialization|Fighter|CRB|15",
				"Improved Flexibility|Fighter|CRB|15",
				"Armor Mastery|Fighter|CRB|17",
				"Versatile Legend|Fighter|CRB|19"
			],
			"subclasses": [],
			"flavor": [
				"Fighting for honor, greed, loyalty, or simply the thrill of battle, you are an undisputed master of weaponry and combat techniques. You combine your actions through clever combinations of opening moves, finishing strikes, and counterattacks whenever your foes are unwise enough to drop their guard. Whether you are a knight, mercenary, sharpshooter, or blade master, you have honed your martial skills into an art form and perform devastating critical attacks on your enemies."
			],
			"fluff": [
				{
					"type": "pf2-h3",
					"page": 140,
					"name": "During Combat Encounters...",
					"entries": [
						"You strike with unmatched accuracy and use specialized combat techniques. A melee fighter stands between allies and enemies, attacking foes who try to get past. A ranged fighter delivers precise shots from a distance."
					]
				},
				{
					"type": "pf2-h3",
					"page": 140,
					"name": "During social encounters...",
					"entries": [
						"You can be an intimidating presence. This can be useful when negotiating with enemies, but is sometimes a liability in more genteel interactions."
					]
				},
				{
					"type": "pf2-h3",
					"page": 140,
					"name": "While exploring...",
					"entries": [
						"You keep up your defenses in preparation for combat, and keep an eye out for hidden threats. You also overcome physical challenges in your way, breaking down doors, lifting obstacles, climbing adeptly, and leaping across pits."
					]
				},
				{
					"type": "pf2-h3",
					"page": 140,
					"name": "In downtime...",
					"entries": [
						"You might perform manual labor or craft and repair armaments. If you know techniques you no longer favor, you might train yourself in new ones. If you've established your reputation, you might build an organization or a stronghold of your own."
					]
				},
				{
					"type": "pf2-h3",
					"page": 140,
					"name": "You Might...",
					"entries": [
						{
							"type": "list",
							"items": [
								"Know the purpose and quality of every weapon and piece of armor you own.",
								"Recognize that the danger of an adventurer's life must be balanced out with great revelry or ambitious works.",
								"Have little patience for puzzles or problems that require detailed logic or study."
							]
						}
					]
				},
				{
					"type": "pf2-h3",
					"page": 140,
					"name": "Others Probably...",
					"entries": [
						{
							"type": "list",
							"items": [
								"Find you intimidating until they get to know you\u2014and maybe even after they get to know you.",
								"Expect you're all brawn and no brains.",
								"Respect your expertise in the art of warfare and value your opinion on the quality of armaments."
							]
						}
					]
				}
			],
			"summary": {
				"text": "The fighter is a master of weapons, martial techniques, and powerful attack combinations.",
				"images": [
					"https://2e.aonprd.com/Images/Classes/Iconic_Valeros.png"
				],
				"keyAbility": "Dexterity or Strength",
				"sndAbility": "Constitution"
			}
		}
	],
	"classFeature": [
		{
			"name": "Ancestry and Background",
			"source": "CRB",
			"page": 141,
			"className": "Fighter",
			"classSource": "CRB",
			"level": 1,
			"entries": [
				"In addition to the abilities provided by your class at 1st level, you have the benefits of your selected ancestry and background, as described in Chapter 2."
			]
		},
		{
			"name": "Initial Proficiencies",
			"source": "CRB",
			"page": 141,
			"className": "Fighter",
			"classSource": "CRB",
			"level": 1,
			"entries": [
				"At 1st level, you gain a number of proficiencies that represent your basic training, noted at the start of this class."
			]
		},
		{
			"name": "Attack of Opportunity",
			"source": "CRB",
			"page": 141,
			"className": "Fighter",
			"classSource": "CRB",
			"level": 1,
			"entries": [
				"Ever watchful for weaknesses, you can quickly attack foes that leave an opening in their defenses. You gain the Attack of Opportunity reaction.",
				{
					"type": "data",
					"tag": "action",
					"name": "Attack of Opportunity",
					"source": "CRB"
				}
			]
		},
		{
			"name": "Fighter Feats",
			"source": "CRB",
			"page": 141,
			"className": "Fighter",
			"classSource": "CRB",
			"level": 1,
			"entries": [
				"At 1st level and every even-numbered level thereafter, you gain a {@filter fighter class feat|feats||type=class|Class=fighter|level=[1;1]}."
			]
		},
		{
			"name": "Shield Block",
			"source": "CRB",
			"page": 141,
			"className": "Fighter",
			"classSource": "CRB",
			"level": 1,
			"entries": [
				"You gain the {@feat Shield Block} general feat, a reaction that lets you reduce damage with your shield."
			]
		},
		{
			"name": "Skill Feats",
			"source": "CRB",
			"page": 141,
			"className": "Fighter",
			"classSource": "CRB",
			"level": 2,
			"entries": [
				"At 2nd level and every 2 levels thereafter, you gain a {@filter skill feat|feats||type=skill;!archetype}. You must be trained or better in the corresponding skill to select a skill feat."
			]
		},
		{
			"name": "Bravery",
			"source": "CRB",
			"page": 141,
			"className": "Fighter",
			"classSource": "CRB",
			"level": 3,
			"entries": [
				"Having faced countless foes and the chaos of battle, you have learned how to stand strong in the face of fear and keep on fighting. Your proficiency rank for Will saves increases to expert. When you roll a success at a Will save against a fear effect, you get a critical success instead. In addition, anytime you gain the frightened condition, reduce its value by 1."
			]
		},
		{
			"name": "General Feats",
			"source": "CRB",
			"page": 141,
			"className": "Fighter",
			"classSource": "CRB",
			"level": 3,
			"entries": [
				"At 3rd level and every 4 levels thereafter, you gain a {@filter general feat|feats||type=general|level=[1;3]}."
			]
		},
		{
			"name": "Skill Increases",
			"source": "CRB",
			"page": 141,
			"className": "Fighter",
			"classSource": "CRB",
			"level": 3,
			"entries": [
				"At 3rd level and every 2 levels thereafter, you gain a skill increase. You can use this increase either to increase your proficiency rank to trained in one skill you're untrained in, or to increase your proficiency rank in one skill in which you're already trained to expert.",
				"At 7th level, you can use skill increases to increase your proficiency rank to master in a skill in which you're already an expert, and at 15th level, you can use them to increase your proficiency rank to legendary in a skill in which you're already a master."
			]
		},
		{
			"name": "Ability Boosts",
			"source": "CRB",
			"page": 141,
			"className": "Fighter",
			"classSource": "CRB",
			"level": 5,
			"entries": [
				"At 5th level and every 5 levels thereafter, you boost four different ability scores. You can use these ability boosts to increase your ability scores above 18. Boosting an ability score increases it by 1 if it's already 18 or above, or by 2 if it starts out below 18."
			]
		},
		{
			"name": "Ancestry Feats",
			"source": "CRB",
			"page": 141,
			"className": "Fighter",
			"classSource": "CRB",
			"level": 5,
			"entries": [
				"In addition to the ancestry feat you started with, you gain an {@filter ancestry feat|feats||type=ancestry} at 5th level and every 4 levels thereafter. The list of ancestry feats available to you can be found in your ancestry's entry in Chapter 2."
			]
		},
		{
			"name": "Fighter Weapon Mastery",
			"source": "CRB",
			"page": 142,
			"className": "Fighter",
			"classSource": "CRB",
			"level": 5,
			"entries": [
				"Hours spent training with your preferred weapons, learning and developing new combat techniques, have made you particularly effective with your weapons of choice. Choose one weapon group. Your proficiency rank increases to master with the simple and martial weapons in that group, and to expert with the advanced weapons in that group. You gain access to the critical specialization effects of all weapons and unarmed attacks for which you have master proficiency."
			]
		},
		{
			"name": "Battlefield Surveyor",
			"source": "CRB",
			"page": 142,
			"className": "Fighter",
			"classSource": "CRB",
			"level": 7,
			"entries": [
				"Whether taking stock of an enemy army or simply standing guard, you excel at observing your foes. Your proficiency rank for {@skill Perception} increases to master. In addition, you gain a +2 circumstance bonus to {@skill Perception} checks for initiative, making you faster to react during combat."
			]
		},
		{
			"name": "Weapon Specialization",
			"source": "CRB",
			"page": 142,
			"className": "Fighter",
			"classSource": "CRB",
			"level": 7,
			"entries": [
				"You've learned how to inflict greater injuries with the weapons you know best. You deal 2 additional damage with weapons and unarmed attacks in which you are an expert. This damage increases to 3 if you're a master, and to 4 if you're legendary."
			]
		},
		{
			"name": "Combat Flexibility",
			"source": "CRB",
			"page": 142,
			"className": "Fighter",
			"classSource": "CRB",
			"level": 9,
			"entries": [
				"Through your experience in battle, you can prepare your tactics to suit different situations. When you make your daily preparations, you gain one fighter feat of 8th level or lower that you don't already have. You can use that feat until your next daily preparations. You must meet all of the feat's other prerequisites."
			]
		},
		{
			"name": "Juggernaut",
			"source": "CRB",
			"page": 142,
			"className": "Fighter",
			"classSource": "CRB",
			"level": 9,
			"entries": [
				"Your body is accustomed to physical hardship and resistant to ailments. Your proficiency rank for Fortitude saves increases to master. When you roll a success on a Fortitude save, you get a critical success instead."
			]
		},
		{
			"name": "Armor Expertise",
			"source": "CRB",
			"page": 142,
			"className": "Fighter",
			"classSource": "CRB",
			"level": 11,
			"entries": [
				"You have spent so much time wearing armor that you know how to make the most of its protection. Your proficiency rank for light, medium, and heavy armor, as well as for unarmored defense, increase to expert. You gain the armor specialization effects of medium and heavy armor."
			]
		},
		{
			"name": "Fighter Expertise",
			"source": "CRB",
			"page": 142,
			"className": "Fighter",
			"classSource": "CRB",
			"level": 11,
			"entries": [
				"You've practiced your techniques to make them harder to resist. Your proficiency rank for your fighter class DC increases to expert."
			]
		},
		{
			"name": "Weapon Legend",
			"source": "CRB",
			"page": 142,
			"className": "Fighter",
			"classSource": "CRB",
			"level": 13,
			"entries": [
				"You've learned fighting techniques that apply to all armaments, and you've developed unparalleled skill with your favorite weapons. Your proficiency ranks for simple and martial weapons increase to master. Your proficiency rank for advanced weapons increases to expert.",
				"You can select one weapon group and increase your proficiency ranks to legendary for all simple and martial weapons in that weapon group, and to master for all advanced weapons in that weapon group."
			]
		},
		{
			"name": "Evasion",
			"source": "CRB",
			"page": 142,
			"className": "Fighter",
			"classSource": "CRB",
			"level": 15,
			"entries": [
				"You've learned to move quickly to avoid explosions, a dragon's breath, and worse. Your proficiency rank for Reflex saves increases to master. When you roll a success on a Reflex save, you get a critical success instead."
			]
		},
		{
			"name": "Greater Weapon Specialization",
			"source": "CRB",
			"page": 142,
			"className": "Fighter",
			"classSource": "CRB",
			"level": 15,
			"entries": [
				"Your damage from weapon specialization increases to 4 with weapons and unarmed attacks in which you're an expert, 6 if you're a master, and 8 if you're legendary"
			]
		},
		{
			"name": "Improved Flexibility",
			"source": "CRB",
			"page": 142,
			"className": "Fighter",
			"classSource": "CRB",
			"level": 15,
			"entries": [
				"Your extensive experience gives you even greater ability to adapt to each day's challenges. When you use combat flexibility, you can gain two fighter feats instead of one. While the first feat must still be 8th level or lower, the second feat can be up to 14th level, and you can use the first feat to meet the prerequisites of the second feat. You must meet all of the feats' prerequisites."
			]
		},
		{
			"name": "Armor Mastery",
			"source": "CRB",
			"page": 143,
			"className": "Fighter",
			"classSource": "CRB",
			"level": 17,
			"entries": [
				"Your skill with armor improves, increasing your ability to prevent blows. Your proficiency ranks for light, medium, and heavy armor, as well as for unarmored defense, increase to master."
			]
		},
		{
			"name": "Versatile Legend",
			"source": "CRB",
			"page": 143,
			"className": "Fighter",
			"classSource": "CRB",
			"level": 19,
			"entries": [
				"You are nigh-unmatched with any weapon. Your proficiency ranks for simple weapons, martial weapons, and unarmed attacks increase to legendary, and your proficiency rank for advanced weapons increases to master. Your proficiency rank for your fighter class DC increases to master."
			]
		}
	],
	"subclassFeature": []
}
