{
	"creatureFluff": [
		{
			"name": "Abandoned Zealot",
			"source": "B3",
			"entries": [],
			"images": [
				"https://2e.aonprd.com/Images/Monsters/AbandonedZealot.png"
			]
		},
		{
			"name": "Adlet",
			"source": "B3",
			"entries": [],
			"images": [
				"https://2e.aonprd.com/Images/Monsters/Adlet.png"
			]
		},
		{
			"name": "Silvanshee",
			"source": "B3",
			"entries": [],
			"images": [
				"https://2e.aonprd.com/Images/Monsters/Agathion_Silvanshee.png"
			]
		},
		{
			"name": "Vulpinal",
			"source": "B3",
			"entries": [],
			"images": [
				"https://2e.aonprd.com/Images/Monsters/Agathion_Vulpinal.png"
			]
		},
		{
			"name": "Procyal",
			"source": "B3",
			"entries": [],
			"images": [
				"https://2e.aonprd.com/Images/Monsters/Agathion_Procyal.png"
			]
		},
		{
			"name": "Draconal",
			"source": "B3",
			"entries": [],
			"images": [
				"https://2e.aonprd.com/Images/Monsters/Agathion_Draconal.png"
			]
		},
		{
			"name": "Amalgamite",
			"source": "B3",
			"entries": [],
			"images": [
				"https://2e.aonprd.com/Images/Monsters/Amalgamite.png"
			]
		},
		{
			"name": "Amphisbaena",
			"source": "B3",
			"entries": [],
			"images": [
				"https://2e.aonprd.com/Images/Monsters/Amphisbaena.png"
			]
		},
		{
			"name": "Android Infiltrator",
			"source": "B3",
			"entries": [],
			"images": [
				"https://2e.aonprd.com/Images/Monsters/Android_AndroidInfiltrator.png"
			]
		},
		{
			"name": "Angazhani",
			"source": "B3",
			"entries": [],
			"images": [
				"https://2e.aonprd.com/Images/Monsters/Angazhani.png"
			]
		},
		{
			"name": "Animated Silverware Swarm",
			"source": "B3",
			"entries": [],
			"images": [
				"https://2e.aonprd.com/Images/Monsters/AnimatedObject_AnimatedSilverwareSwarm.png"
			]
		},
		{
			"name": "Animated Furnace",
			"source": "B3",
			"entries": []
		},
		{
			"name": "Animated Trebuchet",
			"source": "B3",
			"entries": [],
			"images": [
				"https://2e.aonprd.com/Images/Monsters/AnimatedObject_AnimatedTrebuchet.png"
			]
		},
		{
			"name": "Animated Colossus",
			"source": "B3",
			"entries": []
		},
		{
			"name": "Arboreal Reaper",
			"source": "B3",
			"entries": [],
			"images": [
				"https://2e.aonprd.com/Images/Monsters/Arboreal_ArborealReaper.png"
			]
		},
		{
			"name": "Arboreal Archive",
			"source": "B3",
			"entries": [],
			"images": [
				"https://2e.aonprd.com/Images/Monsters/Arboreal_ArborealArchive.png"
			]
		},
		{
			"name": "Shaukeen",
			"source": "B3",
			"entries": [],
			"images": [
				"https://2e.aonprd.com/Images/Monsters/Asura_Shaukeen.png"
			]
		},
		{
			"name": "Adhukait",
			"source": "B3",
			"entries": [],
			"images": [
				"https://2e.aonprd.com/Images/Monsters/Asura_Adhukait.png"
			]
		},
		{
			"name": "Japalisura",
			"source": "B3",
			"entries": [],
			"images": [
				"https://2e.aonprd.com/Images/Monsters/Asura_Japalisura.png"
			]
		},
		{
			"name": "Nikaramsa",
			"source": "B3",
			"entries": [],
			"images": [
				"https://2e.aonprd.com/Images/Monsters/Asura_Nikaramsa.png"
			]
		},
		{
			"name": "Azarketi Explorer",
			"source": "B3",
			"entries": [],
			"images": [
				"https://2e.aonprd.com/Images/Monsters/Azarketi_AzarketiExplorer.png"
			]
		},
		{
			"name": "Azer",
			"source": "B3",
			"entries": [],
			"images": [
				"https://2e.aonprd.com/Images/Monsters/Azer.png"
			]
		},
		{
			"name": "Bauble Beast",
			"source": "B3",
			"entries": [],
			"images": [
				"https://2e.aonprd.com/Images/Monsters/BaubleBeast.png"
			]
		},
		{
			"name": "Baykok",
			"source": "B3",
			"entries": [],
			"images": [
				"https://2e.aonprd.com/Images/Monsters/Baykok.png"
			]
		},
		{
			"name": "Severed Head",
			"source": "B3",
			"entries": [],
			"images": [
				"https://2e.aonprd.com/Images/Monsters/Beheaded.png"
			]
		},
		{
			"name": "Flaming Skull",
			"source": "B3",
			"entries": [],
			"images": [
				"https://2e.aonprd.com/Images/Monsters/Beheaded.png"
			]
		},
		{
			"name": "Betobeto-san",
			"source": "B3",
			"entries": [],
			"images": [
				"https://2e.aonprd.com/Images/Monsters/BetoBetoSan.png"
			]
		},
		{
			"name": "Bison",
			"source": "B3",
			"entries": [],
			"images": [
				"https://2e.aonprd.com/Images/Monsters/Bison.png"
			]
		},
		{
			"name": "Blood Painter",
			"source": "B3",
			"entries": [],
			"images": [
				"https://2e.aonprd.com/Images/Monsters/BloodPainter.png"
			]
		},
		{
			"name": "Bone Ship",
			"source": "B3",
			"entries": [],
			"images": [
				"https://2e.aonprd.com/Images/Monsters/BoneShip.png"
			]
		},
		{
			"name": "Bore Worm Swarm",
			"source": "B3",
			"entries": [],
			"images": [
				"https://2e.aonprd.com/Images/Monsters/BoreWorm_BoreWormSwarm.png"
			]
		},
		{
			"name": "Empress Bore Worm",
			"source": "B3",
			"entries": [],
			"images": [
				"https://2e.aonprd.com/Images/Monsters/BoreWorm_EmpressBoreWorm.png"
			]
		},
		{
			"name": "Brainchild",
			"source": "B3",
			"entries": [],
			"images": [
				"https://2e.aonprd.com/Images/Monsters/Brainchild.png"
			]
		},
		{
			"name": "Buso Farmer",
			"source": "B3",
			"entries": []
		},
		{
			"name": "Caligni Vanguard",
			"source": "B3",
			"entries": [],
			"images": [
				"https://2e.aonprd.com/Images/Monsters/Caligni_CaligniVanguard.png"
			]
		},
		{
			"name": "Caligni Caller",
			"source": "B3",
			"entries": [],
			"images": [
				"https://2e.aonprd.com/Images/Monsters/Caligni_CaligniCaller.png"
			]
		},
		{
			"name": "Calikang",
			"source": "B3",
			"entries": [],
			"images": [
				"https://2e.aonprd.com/Images/Monsters/Calikang.png"
			]
		},
		{
			"name": "Camel",
			"source": "B3",
			"entries": [],
			"images": [
				"https://2e.aonprd.com/Images/Monsters/Camel.png"
			]
		},
		{
			"name": "Hellknight Cavalry Brigade",
			"source": "B3",
			"entries": []
		},
		{
			"name": "Cecaelia Trapper",
			"source": "B3",
			"entries": [],
			"images": [
				"https://2e.aonprd.com/Images/Monsters/Cecaelia.png"
			]
		},
		{
			"name": "Chyzaedu",
			"source": "B3",
			"entries": [],
			"images": [
				"https://2e.aonprd.com/Images/Monsters/Chyzaedu.png"
			]
		},
		{
			"name": "City Guard Squadron",
			"source": "B3",
			"entries": []
		},
		{
			"name": "Clockwork Spy",
			"source": "B3",
			"entries": [],
			"images": [
				"https://2e.aonprd.com/Images/Monsters/Clockwork_ClockworkSpy.png"
			]
		},
		{
			"name": "Clockwork Soldier",
			"source": "B3",
			"entries": [],
			"images": [
				"https://2e.aonprd.com/Images/Monsters/Clockwork_ClockworkSoldier.png"
			]
		},
		{
			"name": "Clockwork Mage",
			"source": "B3",
			"entries": [],
			"images": [
				"https://2e.aonprd.com/Images/Monsters/Clockwork_ClockworkMage.png"
			]
		},
		{
			"name": "Clockwork Dragon",
			"source": "B3",
			"entries": [],
			"images": [
				"https://2e.aonprd.com/Images/Monsters/Clockwork_ClockworkDragon.png"
			]
		},
		{
			"name": "Cobbleswarm",
			"source": "B3",
			"entries": []
		},
		{
			"name": "Sturzstromer",
			"source": "B3",
			"entries": [],
			"images": [
				"https://2e.aonprd.com/Images/Monsters/CobbleMite_Sturzstome.png"
			]
		},
		{
			"name": "Consonite Choir",
			"source": "B3",
			"entries": [],
			"images": [
				"https://2e.aonprd.com/Images/Monsters/ConsoniteChoir.png"
			]
		},
		{
			"name": "Coral Capuchin",
			"source": "B3",
			"entries": [],
			"images": [
				"https://2e.aonprd.com/Images/Monsters/CoralCapuchin.png"
			]
		},
		{
			"name": "Corrupted Relic",
			"source": "B3",
			"entries": [],
			"images": [
				"https://2e.aonprd.com/Images/Monsters/CorruptedRelic.png"
			]
		},
		{
			"name": "Mix Couatl",
			"source": "B3",
			"entries": [],
			"images": [
				"https://2e.aonprd.com/Images/Monsters/Couatl_MixCouatl.png"
			]
		},
		{
			"name": "Xiuh Couatl",
			"source": "B3",
			"entries": [],
			"images": [
				"https://2e.aonprd.com/Images/Monsters/Couatl_XiuhCouatl.png"
			]
		},
		{
			"name": "Hermit Crab Swarm",
			"source": "B3",
			"entries": []
		},
		{
			"name": "Giant Hermit Crab",
			"source": "B3",
			"entries": [],
			"images": [
				"https://2e.aonprd.com/Images/Monsters/Crab_GiantHermitCrab.png"
			]
		},
		{
			"name": "Crossroads Guardian",
			"source": "B3",
			"entries": [],
			"images": [
				"https://2e.aonprd.com/Images/Monsters/CrossroadsGuardian.png"
			]
		},
		{
			"name": "Dretch",
			"source": "B3",
			"entries": [],
			"images": [
				"https://2e.aonprd.com/Images/Monsters/Demon_Dretch.png"
			]
		},
		{
			"name": "Abrikandilu",
			"source": "B3",
			"entries": [],
			"images": [
				"https://2e.aonprd.com/Images/Monsters/Demon_Abrikandilu.png"
			]
		},
		{
			"name": "Brimorak",
			"source": "B3",
			"entries": [],
			"images": [
				"https://2e.aonprd.com/Images/Monsters/Demon_Brimorak.png"
			]
		},
		{
			"name": "Omox",
			"source": "B3",
			"entries": [],
			"images": [
				"https://2e.aonprd.com/Images/Monsters/Demon_Omox.png"
			]
		},
		{
			"name": "Hellbound Attorney",
			"source": "B3",
			"entries": [],
			"images": [
				"https://2e.aonprd.com/Images/Monsters/Devil_Hellbound.png"
			]
		},
		{
			"name": "Levaloch",
			"source": "B3",
			"entries": [],
			"images": [
				"https://2e.aonprd.com/Images/Monsters/Devil_Levaloch.png"
			]
		},
		{
			"name": "Munagola",
			"source": "B3",
			"entries": [],
			"images": [
				"https://2e.aonprd.com/Images/Monsters/Devil_Munagola.png"
			]
		},
		{
			"name": "Deimavigga",
			"source": "B3",
			"entries": [],
			"images": [
				"https://2e.aonprd.com/Images/Monsters/Devil_Deimavigga.png"
			]
		},
		{
			"name": "Doru",
			"source": "B3",
			"entries": []
		},
		{
			"name": "Aghash",
			"source": "B3",
			"entries": []
		},
		{
			"name": "Pairaka",
			"source": "B3",
			"entries": []
		},
		{
			"name": "Sepid",
			"source": "B3",
			"entries": []
		},
		{
			"name": "Divine Warden Of Nethys",
			"source": "B3",
			"entries": [],
			"images": [
				"https://2e.aonprd.com/Images/Monsters/DivineWarden_Nethys.png"
			]
		},
		{
			"name": "Young Forest Dragon",
			"source": "B3",
			"entries": [],
			"images": [
				"https://2e.aonprd.com/Images/Monsters/DragonImperial_Forest.png"
			]
		},
		{
			"name": "Adult Forest Dragon",
			"source": "B3",
			"entries": [],
			"images": [
				"https://2e.aonprd.com/Images/Monsters/DragonImperial_Forest.png"
			]
		},
		{
			"name": "Ancient Forest Dragon",
			"source": "B3",
			"entries": [],
			"images": [
				"https://2e.aonprd.com/Images/Monsters/DragonImperial_Forest.png"
			]
		},
		{
			"name": "Young Sea Dragon",
			"source": "B3",
			"entries": [],
			"images": [
				"https://2e.aonprd.com/Images/Monsters/DragonImperial_Sea.png"
			]
		},
		{
			"name": "Adult Sea Dragon",
			"source": "B3",
			"entries": [],
			"images": [
				"https://2e.aonprd.com/Images/Monsters/DragonImperial_Sea.png"
			]
		},
		{
			"name": "Ancient Sea Dragon",
			"source": "B3",
			"entries": [],
			"images": [
				"https://2e.aonprd.com/Images/Monsters/DragonImperial_Sea.png"
			]
		},
		{
			"name": "Young Sky Dragon",
			"source": "B3",
			"entries": [],
			"images": [
				"https://2e.aonprd.com/Images/Monsters/DragonImperial_Sky.png"
			]
		},
		{
			"name": "Adult Sky Dragon",
			"source": "B3",
			"entries": [],
			"images": [
				"https://2e.aonprd.com/Images/Monsters/DragonImperial_Sky.png"
			]
		},
		{
			"name": "Ancient Sky Dragon",
			"source": "B3",
			"entries": [],
			"images": [
				"https://2e.aonprd.com/Images/Monsters/DragonImperial_Sky.png"
			]
		},
		{
			"name": "Young Sovereign Dragon",
			"source": "B3",
			"entries": [],
			"images": [
				"https://2e.aonprd.com/Images/Monsters/DragonImperial_Sovereign.png"
			]
		},
		{
			"name": "Adult Sovereign Dragon",
			"source": "B3",
			"entries": [],
			"images": [
				"https://2e.aonprd.com/Images/Monsters/DragonImperial_Sovereign.png"
			]
		},
		{
			"name": "Ancient Sovereign Dragon",
			"source": "B3",
			"entries": [],
			"images": [
				"https://2e.aonprd.com/Images/Monsters/DragonImperial_Sovereign.png"
			]
		},
		{
			"name": "Young Underworld Dragon",
			"source": "B3",
			"entries": [],
			"images": [
				"https://2e.aonprd.com/Images/Monsters/DragonImperial_Underworld.png"
			]
		},
		{
			"name": "Adult Underworld Dragon",
			"source": "B3",
			"entries": [],
			"images": [
				"https://2e.aonprd.com/Images/Monsters/DragonImperial_Underworld.png"
			]
		},
		{
			"name": "Ancient Underworld Dragon",
			"source": "B3",
			"entries": [],
			"images": [
				"https://2e.aonprd.com/Images/Monsters/DragonImperial_Underworld.png"
			]
		},
		{
			"name": "Dramofir",
			"source": "B3",
			"entries": [],
			"images": [
				"https://2e.aonprd.com/Images/Monsters/Dramofir.png"
			]
		},
		{
			"name": "Duende",
			"source": "B3",
			"entries": [],
			"images": [
				"https://2e.aonprd.com/Images/Monsters/Duende.png"
			]
		},
		{
			"name": "Dybbuk",
			"source": "B3",
			"entries": [],
			"images": [
				"https://2e.aonprd.com/Images/Monsters/Dybbuk.png"
			]
		},
		{
			"name": "Einherji",
			"source": "B3",
			"entries": [],
			"images": [
				"https://2e.aonprd.com/Images/Monsters/Einherji.png"
			]
		},
		{
			"name": "Air Wisp",
			"source": "B3",
			"entries": [],
			"images": [
				"https://2e.aonprd.com/Images/Monsters/ElementalWisp_Air.png"
			]
		},
		{
			"name": "Earth Wisp",
			"source": "B3",
			"entries": []
		},
		{
			"name": "Fire Wisp",
			"source": "B3",
			"entries": [],
			"images": [
				"https://2e.aonprd.com/Images/Monsters/ElementalWisp_Fire.png"
			]
		},
		{
			"name": "Water Wisp",
			"source": "B3",
			"entries": []
		},
		{
			"name": "Ioton",
			"source": "B3",
			"entries": [],
			"images": [
				"https://2e.aonprd.com/Images/Monsters/Ennosite_Ioton.png"
			]
		},
		{
			"name": "Shulsaga",
			"source": "B3",
			"entries": [],
			"images": [
				"https://2e.aonprd.com/Images/Monsters/Ennosite_Shulsaga.png"
			]
		},
		{
			"name": "Caulborn",
			"source": "B3",
			"entries": [],
			"images": [
				"https://2e.aonprd.com/Images/Monsters/Ennosite_Caulborn.png"
			]
		},
		{
			"name": "Adachros",
			"source": "B3",
			"entries": [],
			"images": [
				"https://2e.aonprd.com/Images/Monsters/Ennosite_Adachros.png"
			]
		},
		{
			"name": "Eunemvro",
			"source": "B3",
			"entries": [],
			"images": [
				"https://2e.aonprd.com/Images/Monsters/Eunemvro.png"
			]
		},
		{
			"name": "Common Eurypterid",
			"source": "B3",
			"entries": [],
			"images": [
				"https://2e.aonprd.com/Images/Monsters/Eurypterid.png"
			]
		},
		{
			"name": "Spiny Eurypterid",
			"source": "B3",
			"entries": [],
			"images": [
				"https://2e.aonprd.com/Images/Monsters/Eurypterid.png"
			]
		},
		{
			"name": "Festrog",
			"source": "B3",
			"entries": [],
			"images": [
				"https://2e.aonprd.com/Images/Monsters/Festrog.png"
			]
		},
		{
			"name": "Pufferfish",
			"source": "B3",
			"entries": [],
			"images": [
				"https://2e.aonprd.com/Images/Monsters/Fish_Pufferfish.png"
			]
		},
		{
			"name": "Piranha Swarm",
			"source": "B3",
			"entries": []
		},
		{
			"name": "Flumph",
			"source": "B3",
			"entries": [],
			"images": [
				"https://2e.aonprd.com/Images/Monsters/Flumph.png"
			]
		},
		{
			"name": "Fortune Eater",
			"source": "B3",
			"entries": [],
			"images": [
				"https://2e.aonprd.com/Images/Monsters/FortuneEater.png"
			]
		},
		{
			"name": "Red Fox",
			"source": "B3",
			"entries": []
		},
		{
			"name": "Fading Fox",
			"source": "B3",
			"entries": [],
			"images": [
				"https://2e.aonprd.com/Images/Monsters/Fox_FadingFox.png"
			]
		},
		{
			"name": "Galvo",
			"source": "B3",
			"entries": [],
			"images": [
				"https://2e.aonprd.com/Images/Monsters/Galvo.png"
			]
		},
		{
			"name": "Garuda",
			"source": "B3",
			"entries": [],
			"images": [
				"https://2e.aonprd.com/Images/Monsters/Garuda.png"
			]
		},
		{
			"name": "Gathlain Wanderer",
			"source": "B3",
			"entries": [],
			"images": [
				"https://2e.aonprd.com/Images/Monsters/Gathlain.png"
			]
		},
		{
			"name": "Ghoran Manipulator",
			"source": "B3",
			"entries": [],
			"images": [
				"https://2e.aonprd.com/Images/Monsters/Ghoran.png"
			]
		},
		{
			"name": "Leng Ghoul",
			"source": "B3",
			"entries": [],
			"images": [
				"https://2e.aonprd.com/Images/Monsters/Ghoul_LengGhoul.png"
			]
		},
		{
			"name": "Cave Giant",
			"source": "B3",
			"entries": [],
			"images": [
				"https://2e.aonprd.com/Images/Monsters/Giant_CaveGiant.png"
			]
		},
		{
			"name": "Desert Giant",
			"source": "B3",
			"entries": [],
			"images": [
				"https://2e.aonprd.com/Images/Monsters/Giant_DesertGiant.png"
			]
		},
		{
			"name": "Tomb Giant",
			"source": "B3",
			"entries": [],
			"images": [
				"https://2e.aonprd.com/Images/Monsters/Giant_TombGIant.png"
			]
		},
		{
			"name": "Plague Giant",
			"source": "B3",
			"entries": [],
			"images": [
				"https://2e.aonprd.com/Images/Monsters/Giant_PlagueGiant.png"
			]
		},
		{
			"name": "Girtablilu Sentry",
			"source": "B3",
			"entries": [],
			"images": [
				"https://2e.aonprd.com/Images/Monsters/Girtablilu.png"
			]
		},
		{
			"name": "Girtablilu Seer",
			"source": "B3",
			"entries": [],
			"images": [
				"https://2e.aonprd.com/Images/Monsters/Girtablilu.png"
			]
		},
		{
			"name": "Gliminal",
			"source": "B3",
			"entries": [],
			"images": [
				"https://2e.aonprd.com/Images/Monsters/Gliminal.png"
			]
		},
		{
			"name": "Globster",
			"source": "B3",
			"entries": [],
			"images": [
				"https://2e.aonprd.com/Images/Monsters/Globster.png"
			]
		},
		{
			"name": "Fossil Golem",
			"source": "B3",
			"entries": [],
			"images": [
				"https://2e.aonprd.com/Images/Monsters/Golem_FossilGolem.png"
			]
		},
		{
			"name": "Mithral Golem",
			"source": "B3",
			"entries": [],
			"images": [
				"https://2e.aonprd.com/Images/Monsters/Golem_MithralGolem.png"
			]
		},
		{
			"name": "Green Man",
			"source": "B3",
			"entries": [],
			"images": [
				"https://2e.aonprd.com/Images/Monsters/GreenMan.png"
			]
		},
		{
			"name": "Grimple",
			"source": "B3",
			"entries": [],
			"images": [
				"https://2e.aonprd.com/Images/Monsters/Gremlin_Grimple.png"
			]
		},
		{
			"name": "Haniver",
			"source": "B3",
			"entries": []
		},
		{
			"name": "Fuath",
			"source": "B3",
			"entries": [],
			"images": [
				"https://2e.aonprd.com/Images/Monsters/Gremlin_Fuath.png"
			]
		},
		{
			"name": "Grioth Scout",
			"source": "B3",
			"entries": [],
			"images": [
				"https://2e.aonprd.com/Images/Monsters/Grioth_GriothScout.png"
			]
		},
		{
			"name": "Grioth Cultist",
			"source": "B3",
			"entries": [],
			"images": [
				"https://2e.aonprd.com/Images/Monsters/Grioth_GriothCultist.png"
			]
		},
		{
			"name": "Stone Lion Cub",
			"source": "B3",
			"entries": [],
			"images": [
				"https://2e.aonprd.com/Images/Monsters/GuardianBeast_LionCub.png"
			]
		},
		{
			"name": "Stone Lion",
			"source": "B3",
			"entries": [],
			"images": [
				"https://2e.aonprd.com/Images/Monsters/GuardianBeast_Lion.png"
			]
		},
		{
			"name": "Guecubu",
			"source": "B3",
			"entries": [],
			"images": [
				"https://2e.aonprd.com/Images/Monsters/Guecubu.png"
			]
		},
		{
			"name": "Hadrinnex",
			"source": "B3",
			"entries": [],
			"images": [
				"https://2e.aonprd.com/Images/Monsters/Hadrinnex.png"
			]
		},
		{
			"name": "Storm Hag",
			"source": "B3",
			"entries": [],
			"images": [
				"https://2e.aonprd.com/Images/Monsters/Hag_StormHag.png"
			]
		},
		{
			"name": "Winter Hag",
			"source": "B3",
			"entries": [],
			"images": [
				"https://2e.aonprd.com/Images/Monsters/Hag_WinterHag.png"
			]
		},
		{
			"name": "Blood Hag",
			"source": "B3",
			"entries": [],
			"images": [
				"https://2e.aonprd.com/Images/Monsters/Hag_BloodHag.png"
			]
		},
		{
			"name": "Moon Hag",
			"source": "B3",
			"entries": [],
			"images": [
				"https://2e.aonprd.com/Images/Monsters/Hag_MoonHag.png"
			]
		},
		{
			"name": "Harmona",
			"source": "B3",
			"entries": [],
			"images": [
				"https://2e.aonprd.com/Images/Monsters/Harmona.png"
			]
		},
		{
			"name": "Hellwasp Swarm",
			"source": "B3",
			"entries": [],
			"images": [
				"https://2e.aonprd.com/Images/Monsters/HellwaspSwarm.png"
			]
		},
		{
			"name": "Herexen",
			"source": "B3",
			"entries": [],
			"images": [
				"https://2e.aonprd.com/Images/Monsters/Herexen.png"
			]
		},
		{
			"name": "House Drake",
			"source": "B3",
			"entries": [],
			"images": [
				"https://2e.aonprd.com/Images/Monsters/HouseDrake.png"
			]
		},
		{
			"name": "Domovoi",
			"source": "B3",
			"entries": [],
			"images": [
				"https://2e.aonprd.com/Images/Monsters/HouseSpirit_Domovoi.png"
			]
		},
		{
			"name": "Dvorovoi",
			"source": "B3",
			"entries": []
		},
		{
			"name": "Ovinnik",
			"source": "B3",
			"entries": [],
			"images": [
				"https://2e.aonprd.com/Images/Monsters/HouseSpirit_Ovinnik.png"
			]
		},
		{
			"name": "Huldra",
			"source": "B3",
			"entries": [],
			"images": [
				"https://2e.aonprd.com/Images/Monsters/Huldra.png"
			]
		},
		{
			"name": "Hyakume",
			"source": "B3",
			"entries": [],
			"images": [
				"https://2e.aonprd.com/Images/Monsters/Hyakume.png"
			]
		},
		{
			"name": "Incutilis",
			"source": "B3",
			"entries": [],
			"images": [
				"https://2e.aonprd.com/Images/Monsters/Incutilis.png"
			]
		},
		{
			"name": "Jorogumo",
			"source": "B3",
			"entries": [],
			"images": [
				"https://2e.aonprd.com/Images/Monsters/Jorogumo.png"
			]
		},
		{
			"name": "Shikigami",
			"source": "B3",
			"entries": []
		},
		{
			"name": "Kodama",
			"source": "B3",
			"entries": []
		},
		{
			"name": "Zuishin",
			"source": "B3",
			"entries": []
		},
		{
			"name": "Toshigami",
			"source": "B3",
			"entries": []
		},
		{
			"name": "Kangaroo",
			"source": "B3",
			"entries": [],
			"images": [
				"https://2e.aonprd.com/Images/Monsters/Kangaroo.png"
			]
		},
		{
			"name": "Kappa",
			"source": "B3",
			"entries": [],
			"images": [
				"https://2e.aonprd.com/Images/Monsters/Kappa.png"
			]
		},
		{
			"name": "Kirin",
			"source": "B3",
			"entries": [],
			"images": [
				"https://2e.aonprd.com/Images/Monsters/Kirin.png"
			]
		},
		{
			"name": "Kishi",
			"source": "B3",
			"entries": [],
			"images": [
				"https://2e.aonprd.com/Images/Monsters/Kishi.png"
			]
		},
		{
			"name": "Kitsune Trickster",
			"source": "B3",
			"entries": [],
			"images": [
				"https://2e.aonprd.com/Images/Monsters/Kitsune.png"
			]
		},
		{
			"name": "Kokogiak",
			"source": "B3",
			"entries": [],
			"images": [
				"https://2e.aonprd.com/Images/Monsters/Kokogiak.png"
			]
		},
		{
			"name": "Kongamato",
			"source": "B3",
			"entries": [],
			"images": [
				"https://2e.aonprd.com/Images/Monsters/Kongamato.png"
			]
		},
		{
			"name": "Kovintus Geomancer",
			"source": "B3",
			"entries": [],
			"images": [
				"https://2e.aonprd.com/Images/Monsters/Kovintus.png"
			]
		},
		{
			"name": "Krampus",
			"source": "B3",
			"entries": [],
			"images": [
				"https://2e.aonprd.com/Images/Monsters/Krampus.png"
			]
		},
		{
			"name": "Kuchisake-onna",
			"source": "B3",
			"entries": [],
			"images": [
				"https://2e.aonprd.com/Images/Monsters/KuchisakeOnna.png"
			]
		},
		{
			"name": "Kurobozu",
			"source": "B3",
			"entries": [],
			"images": [
				"https://2e.aonprd.com/Images/Monsters/Kurobozu.png"
			]
		},
		{
			"name": "Kushtaka",
			"source": "B3",
			"entries": [],
			"images": [
				"https://2e.aonprd.com/Images/Monsters/Kushtaka.png"
			]
		},
		{
			"name": "Ledalusca",
			"source": "B3",
			"entries": [],
			"images": [
				"https://2e.aonprd.com/Images/Monsters/Ledalusca.png"
			]
		},
		{
			"name": "Vine Leshy",
			"source": "B3",
			"entries": []
		},
		{
			"name": "Cactus Leshy",
			"source": "B3",
			"entries": [],
			"images": [
				"https://2e.aonprd.com/Images/Monsters/Leshy_CactusLeshy.png"
			]
		},
		{
			"name": "Seaweed Leshy",
			"source": "B3",
			"entries": [],
			"images": [
				"https://2e.aonprd.com/Images/Monsters/Leshy_SeaweedLeshy.png"
			]
		},
		{
			"name": "Oil Living Graffiti",
			"source": "B3",
			"entries": []
		},
		{
			"name": "Arcane Living Rune",
			"source": "B3",
			"entries": []
		},
		{
			"name": "Locathah Hunter",
			"source": "B3",
			"entries": [],
			"images": [
				"https://2e.aonprd.com/Images/Monsters/Locathah.png"
			]
		},
		{
			"name": "Lovelorn",
			"source": "B3",
			"entries": [],
			"images": [
				"https://2e.aonprd.com/Images/Monsters/Lovelorn.png"
			]
		},
		{
			"name": "Maftet Guardian",
			"source": "B3",
			"entries": [],
			"images": [
				"https://2e.aonprd.com/Images/Monsters/Maftet.png"
			]
		},
		{
			"name": "Mezlan",
			"source": "B3",
			"entries": [],
			"images": [
				"https://2e.aonprd.com/Images/Monsters/Mezlan.png"
			]
		},
		{
			"name": "Mi-go",
			"source": "B3",
			"entries": [],
			"images": [
				"https://2e.aonprd.com/Images/Monsters/Migo.png"
			]
		},
		{
			"name": "Millindemalion",
			"source": "B3",
			"entries": [],
			"images": [
				"https://2e.aonprd.com/Images/Monsters/Millindemalion.png"
			]
		},
		{
			"name": "Mobogo",
			"source": "B3",
			"entries": [],
			"images": [
				"https://2e.aonprd.com/Images/Monsters/Mobogo.png"
			]
		},
		{
			"name": "Mokele-mbembe",
			"source": "B3",
			"entries": []
		},
		{
			"name": "Monkey",
			"source": "B3",
			"entries": [],
			"images": [
				"https://2e.aonprd.com/Images/Monsters/Monkey.png"
			]
		},
		{
			"name": "Monkey Swarm",
			"source": "B3",
			"entries": []
		},
		{
			"name": "Moose",
			"source": "B3",
			"entries": [],
			"images": [
				"https://2e.aonprd.com/Images/Monsters/Moose.png"
			]
		},
		{
			"name": "Angheuvore Flesh-gnawer",
			"source": "B3",
			"entries": []
		},
		{
			"name": "Gurgist Mauler",
			"source": "B3",
			"entries": []
		},
		{
			"name": "Lifeleecher Brawler",
			"source": "B3",
			"entries": []
		},
		{
			"name": "Etioling Blightmage",
			"source": "B3",
			"entries": []
		},
		{
			"name": "Platecarpus",
			"source": "B3",
			"entries": []
		},
		{
			"name": "Tylosaurus",
			"source": "B3",
			"entries": [],
			"images": [
				"https://2e.aonprd.com/Images/Monsters/Mosasaur_Tylosaurus.png"
			]
		},
		{
			"name": "Mothman",
			"source": "B3",
			"entries": [],
			"images": [
				"https://2e.aonprd.com/Images/Monsters/Mothman.png"
			]
		},
		{
			"name": "Munavri Spellblade",
			"source": "B3",
			"entries": [],
			"images": [
				"https://2e.aonprd.com/Images/Monsters/Munavri.png"
			]
		},
		{
			"name": "Myceloid",
			"source": "B3",
			"entries": [],
			"images": [
				"https://2e.aonprd.com/Images/Monsters/Myceloid.png"
			]
		},
		{
			"name": "Nagaji Soldier",
			"source": "B3",
			"entries": [],
			"images": [
				"https://2e.aonprd.com/Images/Monsters/Nagaji.png"
			]
		},
		{
			"name": "Namorrodor",
			"source": "B3",
			"entries": [],
			"images": [
				"https://2e.aonprd.com/Images/Monsters/Namorrodor.png"
			]
		},
		{
			"name": "Narwhal",
			"source": "B3",
			"entries": [],
			"images": [
				"https://2e.aonprd.com/Images/Monsters/Narwhal.png"
			]
		},
		{
			"name": "Nemhaith",
			"source": "B3",
			"entries": [],
			"images": [
				"https://2e.aonprd.com/Images/Monsters/Nemhaith.png"
			]
		},
		{
			"name": "Nightgaunt",
			"source": "B3",
			"entries": [],
			"images": [
				"https://2e.aonprd.com/Images/Monsters/Nightgaunt.png"
			]
		},
		{
			"name": "Nightmarchers",
			"source": "B3",
			"entries": [],
			"images": [
				"https://2e.aonprd.com/Images/Monsters/Nightmarchers.png"
			]
		},
		{
			"name": "Lampad",
			"source": "B3",
			"entries": [],
			"images": [
				"https://2e.aonprd.com/Images/Monsters/Nymph_Lampad.png"
			]
		},
		{
			"name": "Hesperid",
			"source": "B3",
			"entries": [],
			"images": [
				"https://2e.aonprd.com/Images/Monsters/Nymph_Hesperid.png"
			]
		},
		{
			"name": "Lampad Queen",
			"source": "B3",
			"entries": [],
			"images": [
				"https://2e.aonprd.com/Images/Monsters/Nymph_QueenLampad.png"
			]
		},
		{
			"name": "Hesperid Queen",
			"source": "B3",
			"entries": [],
			"images": [
				"https://2e.aonprd.com/Images/Monsters/Nymph_QueenHesperid.png"
			]
		},
		{
			"name": "Giant Opossum",
			"source": "B3",
			"entries": [],
			"images": [
				"https://2e.aonprd.com/Images/Monsters/Opossum_GiantOpossum.png"
			]
		},
		{
			"name": "Khravgodon",
			"source": "B3",
			"entries": []
		},
		{
			"name": "Ostovite",
			"source": "B3",
			"entries": [],
			"images": [
				"https://2e.aonprd.com/Images/Monsters/Ostovite.png"
			]
		},
		{
			"name": "Ouroboros",
			"source": "B3",
			"entries": [],
			"images": [
				"https://2e.aonprd.com/Images/Monsters/Ouroboros.png"
			]
		},
		{
			"name": "Owb",
			"source": "B3",
			"entries": [],
			"images": [
				"https://2e.aonprd.com/Images/Monsters/Owb.png"
			]
		},
		{
			"name": "Owb Prophet",
			"source": "B3",
			"entries": []
		},
		{
			"name": "Manticore Paaridar",
			"source": "B3",
			"entries": [],
			"images": [
				"https://2e.aonprd.com/Images/Monsters/Paaridar.png"
			]
		},
		{
			"name": "Giant Pangolin",
			"source": "B3",
			"entries": []
		},
		{
			"name": "Penanggalan",
			"source": "B3",
			"entries": [],
			"images": [
				"https://2e.aonprd.com/Images/Monsters/Penanggalen.png"
			]
		},
		{
			"name": "Peri",
			"source": "B3",
			"entries": [],
			"images": [
				"https://2e.aonprd.com/Images/Monsters/Peri.png"
			]
		},
		{
			"name": "Phantom Knight",
			"source": "B3",
			"entries": [],
			"images": [
				"https://2e.aonprd.com/Images/Monsters/Phantom_PhantomKnight.png"
			]
		},
		{
			"name": "Phantom Beast",
			"source": "B3",
			"entries": [],
			"images": [
				"https://2e.aonprd.com/Images/Monsters/Phantom_PhantomBeast.png"
			]
		},
		{
			"name": "Aphorite Sharpshooter",
			"source": "B3",
			"entries": []
		},
		{
			"name": "Ganzi Martial Artist",
			"source": "B3",
			"entries": []
		},
		{
			"name": "Popobawa",
			"source": "B3",
			"entries": [],
			"images": [
				"https://2e.aonprd.com/Images/Monsters/Popobawa.png"
			]
		},
		{
			"name": "Giant Porcupine",
			"source": "B3",
			"entries": []
		},
		{
			"name": "Pukwudgie",
			"source": "B3",
			"entries": [],
			"images": [
				"https://2e.aonprd.com/Images/Monsters/Pukwudgie.png"
			]
		},
		{
			"name": "Quintessivore",
			"source": "B3",
			"entries": [],
			"images": [
				"https://2e.aonprd.com/Images/Monsters/Quintessivore.png"
			]
		},
		{
			"name": "Raktavarna",
			"source": "B3",
			"entries": [],
			"images": [
				"https://2e.aonprd.com/Images/Monsters/Rakshasa_Raktavarna.png"
			]
		},
		{
			"name": "Maharaja",
			"source": "B3",
			"entries": [],
			"images": [
				"https://2e.aonprd.com/Images/Monsters/Rakshasa_Maharaja.png"
			]
		},
		{
			"name": "Ringhorn Ram",
			"source": "B3",
			"entries": [],
			"images": [
				"https://2e.aonprd.com/Images/Monsters/Ram_Rosethorn.png"
			]
		},
		{
			"name": "Rosethorn Ram",
			"source": "B3",
			"entries": []
		},
		{
			"name": "Rancorous Priesthood",
			"source": "B3",
			"entries": [],
			"images": [
				"https://2e.aonprd.com/Images/Monsters/RancorousPriesthood.png"
			]
		},
		{
			"name": "Rhu-chalik",
			"source": "B3",
			"entries": [],
			"images": [
				"https://2e.aonprd.com/Images/Monsters/RhuChalik.png"
			]
		},
		{
			"name": "Roiling Incant",
			"source": "B3",
			"entries": [],
			"images": [
				"https://2e.aonprd.com/Images/Monsters/RoilingIncant.png"
			]
		},
		{
			"name": "Rokurokubi",
			"source": "B3",
			"entries": [],
			"images": [
				"https://2e.aonprd.com/Images/Monsters/Rokurokubi.png"
			]
		},
		{
			"name": "Sabosan",
			"source": "B3",
			"entries": [],
			"images": [
				"https://2e.aonprd.com/Images/Monsters/Sabosan.png"
			]
		},
		{
			"name": "Esipil",
			"source": "B3",
			"entries": [],
			"images": [
				"https://2e.aonprd.com/Images/Monsters/Sahkil_Esipil.png"
			]
		},
		{
			"name": "Nucol",
			"source": "B3",
			"entries": [],
			"images": [
				"https://2e.aonprd.com/Images/Monsters/Sahkil_Nucol.png"
			]
		},
		{
			"name": "Wihsaak",
			"source": "B3",
			"entries": [],
			"images": [
				"https://2e.aonprd.com/Images/Monsters/Sahkil_Wihsaak.png"
			]
		},
		{
			"name": "Pakalchi",
			"source": "B3",
			"entries": [],
			"images": [
				"https://2e.aonprd.com/Images/Monsters/Sahkil_Pakalchi.png"
			]
		},
		{
			"name": "Ximtal",
			"source": "B3",
			"entries": [],
			"images": [
				"https://2e.aonprd.com/Images/Monsters/Sahkil_Ximtal.png"
			]
		},
		{
			"name": "Kimenhul",
			"source": "B3",
			"entries": [],
			"images": [
				"https://2e.aonprd.com/Images/Monsters/Sahkil_Kimenhul.png"
			]
		},
		{
			"name": "Samsaran Anchorite",
			"source": "B3",
			"entries": [],
			"images": [
				"https://2e.aonprd.com/Images/Monsters/Samsaran.png"
			]
		},
		{
			"name": "Sasquatch",
			"source": "B3",
			"entries": [],
			"images": [
				"https://2e.aonprd.com/Images/Monsters/Sasquatch.png"
			]
		},
		{
			"name": "Scalescribe",
			"source": "B3",
			"entries": [],
			"images": [
				"https://2e.aonprd.com/Images/Monsters/Scalescribe.png"
			]
		},
		{
			"name": "Giant Seahorse",
			"source": "B3",
			"entries": []
		},
		{
			"name": "Seething Spirit",
			"source": "B3",
			"entries": [],
			"images": [
				"https://2e.aonprd.com/Images/Monsters/SeethingSpirit.png"
			]
		},
		{
			"name": "Shabti Redeemer",
			"source": "B3",
			"entries": [],
			"images": [
				"https://2e.aonprd.com/Images/Monsters/Shabti.png"
			]
		},
		{
			"name": "Shae",
			"source": "B3",
			"entries": [],
			"images": [
				"https://2e.aonprd.com/Images/Monsters/Shae.png"
			]
		},
		{
			"name": "Shantak",
			"source": "B3",
			"entries": [],
			"images": [
				"https://2e.aonprd.com/Images/Monsters/Shantak.png"
			]
		},
		{
			"name": "Misery Siktempora",
			"source": "B3",
			"entries": [],
			"images": [
				"https://2e.aonprd.com/Images/Monsters/Siktempora_MiserySiktempora.png"
			]
		},
		{
			"name": "Triumph Siktempora",
			"source": "B3",
			"entries": [],
			"images": [
				"https://2e.aonprd.com/Images/Monsters/Siktempora_TriumpSiktempora.png"
			]
		},
		{
			"name": "Love Siktempora",
			"source": "B3",
			"entries": [],
			"images": [
				"https://2e.aonprd.com/Images/Monsters/Siktempora_LoveSiktempora.png"
			]
		},
		{
			"name": "Hatred Siktempora",
			"source": "B3",
			"entries": [],
			"images": [
				"https://2e.aonprd.com/Images/Monsters/Siktempora_HatredSiktempora.png"
			]
		},
		{
			"name": "Harpy Skeleton",
			"source": "B3",
			"entries": [],
			"images": [
				"https://2e.aonprd.com/Images/Monsters/Skeleton_HarpySkeleton.png"
			]
		},
		{
			"name": "Tyrannosaurus Skeleton",
			"source": "B3",
			"entries": [],
			"images": [
				"https://2e.aonprd.com/Images/Monsters/Skeleton_TRexSkeleton.png"
			]
		},
		{
			"name": "Skeleton Infantry",
			"source": "B3",
			"entries": []
		},
		{
			"name": "Street Skelm",
			"source": "B3",
			"entries": [],
			"images": [
				"https://2e.aonprd.com/Images/Monsters/Skelm_StreetSkelm.png"
			]
		},
		{
			"name": "Shrine Skelm",
			"source": "B3",
			"entries": [],
			"images": [
				"https://2e.aonprd.com/Images/Monsters/Skelm_ShrineSkelm.png"
			]
		},
		{
			"name": "Palace Skelm",
			"source": "B3",
			"entries": [],
			"images": [
				"https://2e.aonprd.com/Images/Monsters/Skelm_PalaceSkelm.png"
			]
		},
		{
			"name": "Soul Skelm",
			"source": "B3",
			"entries": [],
			"images": [
				"https://2e.aonprd.com/Images/Monsters/Skelm_SoulSkelm.png"
			]
		},
		{
			"name": "Skinstitch",
			"source": "B3",
			"entries": [],
			"images": [
				"https://2e.aonprd.com/Images/Monsters/Skinstitch.png"
			]
		},
		{
			"name": "Skull Peeler",
			"source": "B3",
			"entries": [],
			"images": [
				"https://2e.aonprd.com/Images/Monsters/SkullPeeler.png"
			]
		},
		{
			"name": "Clacking Skull Swarm",
			"source": "B3",
			"entries": [],
			"images": [
				"https://2e.aonprd.com/Images/Monsters/SkullSwarm_ClackingSkullSwarm.png"
			]
		},
		{
			"name": "Feral Skull Swarm",
			"source": "B3",
			"entries": [],
			"images": [
				"https://2e.aonprd.com/Images/Monsters/SkullSwarm_FeralSkullSwarm.png"
			]
		},
		{
			"name": "Sorcerous Skull Swarm",
			"source": "B3",
			"entries": []
		},
		{
			"name": "Skunk",
			"source": "B3",
			"entries": [],
			"images": [
				"https://2e.aonprd.com/Images/Monsters/Skunk.png"
			]
		},
		{
			"name": "Giant Skunk",
			"source": "B3",
			"entries": [],
			"images": [
				"https://2e.aonprd.com/Images/Monsters/Skunk.png"
			]
		},
		{
			"name": "Slithering Pit",
			"source": "B3",
			"entries": [],
			"images": [
				"https://2e.aonprd.com/Images/Monsters/SlitheringPit.png"
			]
		},
		{
			"name": "Three-toed Sloth",
			"source": "B3",
			"entries": [],
			"images": [
				"https://2e.aonprd.com/Images/Monsters/Sloth.png"
			]
		},
		{
			"name": "Megatherium",
			"source": "B3",
			"entries": [],
			"images": [
				"https://2e.aonprd.com/Images/Monsters/Sloth.png"
			]
		},
		{
			"name": "Rat Snake Swarm",
			"source": "B3",
			"entries": [],
			"images": [
				"https://2e.aonprd.com/Images/Monsters/SnakeSwarm.png"
			]
		},
		{
			"name": "Viper Swarm",
			"source": "B3",
			"entries": [],
			"images": [
				"https://2e.aonprd.com/Images/Monsters/SnakeSwarm.png"
			]
		},
		{
			"name": "Hieracosphinx",
			"source": "B3",
			"entries": [],
			"images": [
				"https://2e.aonprd.com/Images/Monsters/Sphinx_Hieracosphinx.png"
			]
		},
		{
			"name": "Elder Sphinx",
			"source": "B3",
			"entries": [],
			"images": [
				"https://2e.aonprd.com/Images/Monsters/Sphinx_ElderSphinx.png"
			]
		},
		{
			"name": "Cunning Fox",
			"source": "B3",
			"entries": []
		},
		{
			"name": "Feathered Bear",
			"source": "B3",
			"entries": [],
			"images": [
				"https://2e.aonprd.com/Images/Monsters/SpiritGuide_Strong.png"
			]
		},
		{
			"name": "Nyktera",
			"source": "B3",
			"entries": [],
			"images": [
				"https://2e.aonprd.com/Images/Monsters/Sprite_Nyktera.png"
			]
		},
		{
			"name": "Melixie",
			"source": "B3",
			"entries": []
		},
		{
			"name": "Draxie",
			"source": "B3",
			"entries": [],
			"images": [
				"https://2e.aonprd.com/Images/Monsters/Sprite_Draxie.png"
			]
		},
		{
			"name": "Squirming Swill",
			"source": "B3",
			"entries": [],
			"images": [
				"https://2e.aonprd.com/Images/Monsters/SquirmingSwill.png"
			]
		},
		{
			"name": "Squirrel Swarm",
			"source": "B3",
			"entries": []
		},
		{
			"name": "Giant Flying Squirrel",
			"source": "B3",
			"entries": [],
			"images": [
				"https://2e.aonprd.com/Images/Monsters/Squirrel.png"
			]
		},
		{
			"name": "Stheno Harpist",
			"source": "B3",
			"entries": [],
			"images": [
				"https://2e.aonprd.com/Images/Monsters/Stheno.png"
			]
		},
		{
			"name": "Strix Kinmate",
			"source": "B3",
			"entries": [],
			"images": [
				"https://2e.aonprd.com/Images/Monsters/Strix.png"
			]
		},
		{
			"name": "Sumbreiva",
			"source": "B3",
			"entries": [],
			"images": [
				"https://2e.aonprd.com/Images/Monsters/Sumbrevia.png"
			]
		},
		{
			"name": "Swordkeeper",
			"source": "B3",
			"entries": [],
			"images": [
				"https://2e.aonprd.com/Images/Monsters/Swordkeeper.png"
			]
		},
		{
			"name": "Tattoo Guardian",
			"source": "B3",
			"entries": [],
			"images": [
				"https://2e.aonprd.com/Images/Monsters/TattooGuardian.png"
			]
		},
		{
			"name": "Terra-cotta Soldier",
			"source": "B3",
			"entries": [],
			"images": [
				"https://2e.aonprd.com/Images/Monsters/TerrcottaSoldier.png"
			]
		},
		{
			"name": "Terra-cotta Garrison",
			"source": "B3",
			"entries": []
		},
		{
			"name": "Terror Bird",
			"source": "B3",
			"entries": [],
			"images": [
				"https://2e.aonprd.com/Images/Monsters/TerrorBird.png"
			]
		},
		{
			"name": "Terror Shrike",
			"source": "B3",
			"entries": [],
			"images": [
				"https://2e.aonprd.com/Images/Monsters/TerrorBird.png"
			]
		},
		{
			"name": "Tiddalik",
			"source": "B3",
			"entries": [],
			"images": [
				"https://2e.aonprd.com/Images/Monsters/Tiddalik.png"
			]
		},
		{
			"name": "Tidehawk",
			"source": "B3",
			"entries": [],
			"images": [
				"https://2e.aonprd.com/Images/Monsters/Tidehawk.png"
			]
		},
		{
			"name": "Tikbalang",
			"source": "B3",
			"entries": [],
			"images": [
				"https://2e.aonprd.com/Images/Monsters/Tikbalang.png"
			]
		},
		{
			"name": "Elysian Titan",
			"source": "B3",
			"entries": [],
			"images": [
				"https://2e.aonprd.com/Images/Monsters/Titan_ElysianTitan.png"
			]
		},
		{
			"name": "Thanatotic Titan",
			"source": "B3",
			"entries": [],
			"images": [
				"https://2e.aonprd.com/Images/Monsters/Titan_ThanatoticTitan.png"
			]
		},
		{
			"name": "Danava Titan",
			"source": "B3",
			"entries": [],
			"images": [
				"https://2e.aonprd.com/Images/Monsters/Titan_DanavaTitan.png"
			]
		},
		{
			"name": "Hekatonkheires Titan",
			"source": "B3",
			"entries": [],
			"images": [
				"https://2e.aonprd.com/Images/Monsters/Titan_HekatonkhieresTitan.png"
			]
		},
		{
			"name": "Tolokand",
			"source": "B3",
			"entries": [],
			"images": [
				"https://2e.aonprd.com/Images/Monsters/Tolokand.png"
			]
		},
		{
			"name": "Tooth Fairy",
			"source": "B3",
			"entries": [],
			"images": [
				"https://2e.aonprd.com/Images/Monsters/ToothFairy.png"
			]
		},
		{
			"name": "Tooth Fairy Swarm",
			"source": "B3",
			"entries": []
		},
		{
			"name": "Trailgaunt",
			"source": "B3",
			"entries": [],
			"images": [
				"https://2e.aonprd.com/Images/Monsters/Trailgaunt.png"
			]
		},
		{
			"name": "Trilobite",
			"source": "B3",
			"entries": []
		},
		{
			"name": "Trilobite Swarm",
			"source": "B3",
			"entries": [],
			"images": [
				"https://2e.aonprd.com/Images/Monsters/Trilobite_TrilobiteSwarm.png"
			]
		},
		{
			"name": "Ittan-momen",
			"source": "B3",
			"entries": [],
			"images": [
				"https://2e.aonprd.com/Images/Monsters/Tsukumogami_IttanMomen.png"
			]
		},
		{
			"name": "Kasa-obake",
			"source": "B3",
			"entries": [],
			"images": [
				"https://2e.aonprd.com/Images/Monsters/Tsukumogami_KasaObake.png"
			]
		},
		{
			"name": "Chouchin-obake",
			"source": "B3",
			"entries": []
		},
		{
			"name": "Tupilaq",
			"source": "B3",
			"entries": [],
			"images": [
				"https://2e.aonprd.com/Images/Monsters/Tupilaq.png"
			]
		},
		{
			"name": "Tzitzimitl",
			"source": "B3",
			"entries": [],
			"images": [
				"https://2e.aonprd.com/Images/Monsters/Tzitzimitl.png"
			]
		},
		{
			"name": "Umasi",
			"source": "B3",
			"entries": [],
			"images": [
				"https://2e.aonprd.com/Images/Monsters/Umasi.png"
			]
		},
		{
			"name": "Valkyrie",
			"source": "B3",
			"entries": [],
			"images": [
				"https://2e.aonprd.com/Images/Monsters/Valkyrie.png"
			]
		},
		{
			"name": "Nosferatu Thrall",
			"source": "B3",
			"entries": [],
			"images": [
				"https://2e.aonprd.com/Images/Monsters/Vampire_NosferatuThrall.png"
			]
		},
		{
			"name": "Nosferatu Malefactor",
			"source": "B3",
			"entries": [],
			"images": [
				"https://2e.aonprd.com/Images/Monsters/Vampire_NosferatuMalefactor.png"
			]
		},
		{
			"name": "Nosferatu Overlord",
			"source": "B3",
			"entries": [],
			"images": [
				"https://2e.aonprd.com/Images/Monsters/Vampire_NosferatuOverlord.png"
			]
		},
		{
			"name": "Vanara Disciple",
			"source": "B3",
			"entries": [],
			"images": [
				"https://2e.aonprd.com/Images/Monsters/Vanara.png"
			]
		},
		{
			"name": "Vilderavn",
			"source": "B3",
			"entries": [],
			"images": [
				"https://2e.aonprd.com/Images/Monsters/Vilderavn.png"
			]
		},
		{
			"name": "Vishkanya Infiltrator",
			"source": "B3",
			"entries": [],
			"images": [
				"https://2e.aonprd.com/Images/Monsters/Vishkanya.png"
			]
		},
		{
			"name": "Giant Vulture",
			"source": "B3",
			"entries": []
		},
		{
			"name": "Wayang Whisperblade",
			"source": "B3",
			"entries": [],
			"images": [
				"https://2e.aonprd.com/Images/Monsters/Wayang.png"
			]
		},
		{
			"name": "Weasel",
			"source": "B3",
			"entries": [],
			"images": [
				"https://2e.aonprd.com/Images/Monsters/Weasel.png"
			]
		},
		{
			"name": "Megalictis",
			"source": "B3",
			"entries": []
		},
		{
			"name": "Werebat",
			"source": "B3",
			"entries": [],
			"images": [
				"https://2e.aonprd.com/Images/Monsters/Werecreature_Werebat.png"
			]
		},
		{
			"name": "Werecrocodile",
			"source": "B3",
			"entries": [],
			"images": [
				"https://2e.aonprd.com/Images/Monsters/Werecreature_Werecrocodile.png"
			]
		},
		{
			"name": "Wizard Sponge",
			"source": "B3",
			"entries": [],
			"images": [
				"https://2e.aonprd.com/Images/Monsters/WizardSponge.png"
			]
		},
		{
			"name": "Wolliped",
			"source": "B3",
			"entries": [],
			"images": [
				"https://2e.aonprd.com/Images/Monsters/Wolliped.png"
			]
		},
		{
			"name": "Wyrmwraith",
			"source": "B3",
			"entries": [],
			"images": [
				"https://2e.aonprd.com/Images/Monsters/Wyrmwraith.png"
			]
		},
		{
			"name": "Elder Wyrmwraith",
			"source": "B3",
			"entries": [],
			"images": [
				"https://2e.aonprd.com/Images/Monsters/Wyrmwraith.png"
			]
		},
		{
			"name": "Wyrwood Sneak",
			"source": "B3",
			"entries": [],
			"images": [
				"https://2e.aonprd.com/Images/Monsters/Wyrwood.png"
			]
		},
		{
			"name": "Yithian",
			"source": "B3",
			"entries": [],
			"images": [
				"https://2e.aonprd.com/Images/Monsters/Yithian.png"
			]
		},
		{
			"name": "Yzobu",
			"source": "B3",
			"entries": [],
			"images": [
				"https://2e.aonprd.com/Images/Monsters/Yzobu.png"
			]
		},
		{
			"name": "Zetogeki",
			"source": "B3",
			"entries": [],
			"images": [
				"https://2e.aonprd.com/Images/Monsters/Zetogeki.png"
			]
		},
		{
			"name": "Shambler Troop",
			"source": "B3",
			"entries": []
		},
		{
			"name": "Sulfur Zombie",
			"source": "B3",
			"entries": [],
			"images": [
				"https://2e.aonprd.com/Images/Monsters/Zombie_SulfurZombie.png"
			]
		},
		{
			"name": "Zombie Dragon",
			"source": "B3",
			"entries": [],
			"images": [
				"https://2e.aonprd.com/Images/Monsters/Zombie_DragonZombie.png"
			]
		}
	]
}
