{
	"_meta": {
		"internalCopies": [
			"creatureFluff"
		]
	},
	"creatureFluff": [
		{
			"name": "Drow",
			"source": "AV3",
			"entries": [
				{
					"type": "pf2-h2",
					"name": "Drow",
					"entries": [
						{
							"type": "pf2-sidebar",
							"name": "Adherents of Chaos",
							"entries": [
								"Away from the larger drow cities where worship of demon lords is instilled into all citizens from a young age, drow might adopt the worship of other entities. Many drow feel the call of the protean lords and embrace chaos, art, and freedom to set themselves apart from their demon-worshipping kin. These communities often have proteans living among them, instructing drow proteges in the power of disorder."
							]
						},
						"Drow have a reputation for evil due to demon worship in their major settlements. However, like members of any ancestry, drow can have any alignment, especially when removed from the demon lords' sinister influence."
					]
				}
			]
		},
		{
			"name": "Drow Warden",
			"source": "AV3",
			"_copy": {
				"name": "Drow",
				"source": "AV3",
				"_mod": {
					"entries": {
						"mode": "appendArr",
						"items": [
							{
								"type": "pf2-h3",
								"name": "Drow Warden",
								"entries": [
									"Drow have a reputation for evil due to demon worship in their major settlements. However, like members of any ancestry, drow can have any alignment, especially when removed from the demon lords' sinister influence."
								]
							}
						]
					}
				}
			},
			"images": [
				"https://2e.aonprd.com/Images/Monsters/Drow_DrowWarden.png"
			]
		},
		{
			"name": "Drow Hunter",
			"source": "AV3",
			"_copy": {
				"name": "Drow",
				"source": "AV3",
				"_mod": {
					"entries": {
						"mode": "appendArr",
						"items": [
							{
								"type": "pf2-h3",
								"name": "Drow Hunter",
								"entries": [
									"Hunters seek out game to keep drow communities fed and functioning."
								]
							}
						]
					}
				}
			},
			"images": [
				"https://2e.aonprd.com/Images/Monsters/Drow_DrowHunter.png"
			]
		},
		{
			"name": "Drow Shootist",
			"source": "AV3",
			"_copy": {
				"name": "Drow",
				"source": "AV3",
				"_mod": {
					"entries": {
						"mode": "appendArr",
						"items": [
							{
								"type": "pf2-sidebar",
								"name": "Shootist Entourages",
								"entries": [
									"Many drow shootists have a magnetic bravado that draws others to follow and learn from them. Few shootists are as skilled at teaching as they are at fighting, however, and their followers aren't much more than an entourage. These hangers-on are rarely as lucky or quick as the shootist, so shootists lose their followers to monsters or mischance with startling frequency."
								]
							},
							{
								"type": "pf2-h3",
								"name": "Drow Shootist",
								"entries": [
									"The rare few drow who specialize in the {@item repeating hand crossbow|G&G} command respect not only for their skills but for their luck and swagger."
								]
							}
						]
					}
				}
			},
			"images": [
				"https://2e.aonprd.com/Images/Monsters/Drow_DrowShootist.png"
			]
		}
	]
}
