{
	"language": [
		{
			"name": "Abyssal",
			"source": "CRB",
			"page": 65,
			"type": "Uncommon",
			"typicalSpeakers": [
				"Demons"
			],
			"entries": [
				{
					"type": "entriesOtherSource",
					"source": "LOME",
					"page": 308,
					"entries": [
						"Believed to be the first language developed in the Outer Sphere. Commonly spoken by demons."
					]
				}
			]
		},
		{
			"name": "Adlet",
			"source": "Bst3",
			"page": 311,
			"type": "Uncommon",
			"typicalSpeakers": [
				"Adlets"
			]
		},
		{
			"name": "Aklo",
			"source": "CRB",
			"page": 65,
			"type": "Uncommon",
			"typicalSpeakers": [
				"Deros",
				"evil fey",
				"otherworldly monsters"
			]
		},
		{
			"name": "Alghollthu",
			"source": "Bst",
			"page": 348,
			"type": "Uncommon",
			"typicalSpeakers": [
				"Alghollthus",
				"alghollthu thralls",
				"some enemies of Alghollthus"
			]
		},
		{
			"name": "Amurrun",
			"source": "Bst",
			"page": 348,
			"type": "Uncommon",
			"typicalSpeakers": [
				"{@ancestry catfolk|APG|Catfolk}"
			]
		},
		{
			"name": "Anadi",
			"source": "AoA1",
			"page": 84,
			"type": "Uncommon",
			"typicalSpeakers": [
				"{@ancestry Anadi|LOME}"
			]
		},
		{
			"name": "Ancient Osirion",
			"source": "LOWG",
			"page": 59,
			"type": "Rare"
		},
		{
			"name": "Androffan",
			"source": "LOAG",
			"page": 69,
			"type": "Uncommon",
			"typicalSpeakers": [
				"{@ancestry android|APG|Androids}"
			]
		},
		{
			"name": "Anugobu",
			"source": "FRP1",
			"page": 80,
			"type": "Uncommon",
			"typicalSpeakers": [
				"Anugobus"
			]
		},
		{
			"name": "Aquan",
			"source": "CRB",
			"page": 65,
			"type": "Uncommon",
			"typicalSpeakers": [
				"Aquatic creatures",
				"water elemental creatures"
			]
		},
		{
			"name": "Arboreal",
			"source": "Bst",
			"page": 348,
			"type": "Uncommon",
			"typicalSpeakers": [
				"Arboreals",
				"Plant creatures"
			]
		},
		{
			"name": "Arcadian",
			"source": "FRP2",
			"page": 34,
			"type": "Uncommon",
			"typicalSpeakers": [
				"People from Arcadia"
			]
		},
		{
			"name": "Auran",
			"source": "CRB",
			"page": 65,
			"type": "Uncommon",
			"typicalSpeakers": [
				"Air elemental creatures",
				"flying creatures"
			]
		},
		{
			"name": "Azlanti",
			"source": "LOWG",
			"page": 60,
			"type": "Regional",
			"regions": [
				"{@place High Seas|LOWG}"
			]
		},
		{
			"name": "Boggard",
			"source": "Bst",
			"page": 348,
			"type": "Uncommon",
			"typicalSpeakers": [
				"Boggards"
			]
		},
		{
			"name": "Calda",
			"source": "LOME",
			"page": 265,
			"type": "Regional",
			"regions": [
				"Senghor"
			],
			"entries": [
				"Caldarus of Senghor speak Calda, which is notable for having almost nothing in common with other Mwangi tongues aside from a number of loan words that have been adopted into casual speech. Most linguists consider this more evidence that Caldarus originate from someplace other than the Mwangi Expanse."
			]
		},
		{
			"name": "Caligni",
			"source": "Bst",
			"page": 348,
			"type": "Uncommon",
			"typicalSpeakers": [
				"Calignis"
			]
		},
		{
			"name": "Celestial",
			"source": "CRB",
			"page": 65,
			"type": "Uncommon",
			"typicalSpeakers": [
				"Angels"
			]
		},
		{
			"name": "Common",
			"source": "CRB",
			"page": 65,
			"type": "Common",
			"typicalSpeakers": [
				"{@ancestry human||Humans}",
				"{@ancestry dwarf||dwarves}",
				"{@ancestry elf||elves}",
				"{@ancestry halfling||halflings}",
				"and other common ancestries"
			],
			"entries": [
				"Most characters learn the Common language. This is the most widely used language in the region where the campaign takes place. In the Inner Sea region of Golarion, the Common tongue is Taldane, for example. Characters with Common might face a language barrier if they travel somewhere with a different Common language.",
				{
					"type": "entriesOtherSource",
					"source": "LOME",
					"page": 23,
					"entries": [
						"The Common tongue of the Mwangi Expanse is known simply as Mwangi, a trade language developed to be accessible to people from different backgrounds across the Expanse. When playing characters native to the Mwangi Expanse, the GM should replace \"Common\" as the default language with \"Mwangi\" instead."
					]
				}
			]
		},
		{
			"name": "Cyclops",
			"source": "Bst",
			"page": 348,
			"type": "Uncommon",
			"typicalSpeakers": [
				"Cyclops",
				"associated creatures"
			]
		},
		{
			"name": "D'ziriak",
			"source": "Bst2",
			"page": 311,
			"type": "Uncommon",
			"typicalSpeakers": [
				"D'ziriaks"
			]
		},
		{
			"name": "Daemonic",
			"source": "Bst",
			"page": 348,
			"type": "Uncommon",
			"typicalSpeakers": [
				"Daemons",
				"daemon worshippers"
			]
		},
		{
			"name": "Destrachan",
			"source": "Bst2",
			"page": 311,
			"type": "Uncommon",
			"typicalSpeakers": [
				"Destrachans"
			]
		},
		{
			"name": "Draconic",
			"source": "CRB",
			"page": 65,
			"type": "Common",
			"typicalSpeakers": [
				"Dragons",
				"reptilian humanoids"
			]
		},
		{
			"name": "Druidic",
			"source": "CRB",
			"page": 65,
			"type": "Secret",
			"typicalSpeakers": [
				"{@class druid||Druids}"
			]
		},
		{
			"name": "Dwarven",
			"source": "CRB",
			"page": 65,
			"type": "Common",
			"typicalSpeakers": [
				"{@ancestry dwarf||Dwarves}"
			],
			"fonts": [
				"fonts/languages/CRB/Dwarven/Davek.otf",
				"fonts/languages/CRB/Dwarven/Davek Bold.otf",
				"fonts/languages/CRB/Dwarven/Davek Italic.otf",
				"fonts/languages/CRB/Dwarven/Davek Bold Italic.otf"
			]
		},
		{
			"name": "Ekujae",
			"source": "LOME",
			"page": 23,
			"type": "Regional"
		},
		{
			"name": "Elven",
			"source": "CRB",
			"page": 65,
			"type": "Common",
			"typicalSpeakers": [
				"{@ancestry elf||Elves}"
			]
		},
		{
			"name": "Garundi",
			"source": "LOWG",
			"page": 84,
			"type": "Regional",
			"regions": [
				"{@place Mwangi Expanse|LOWG}"
			]
		},
		{
			"name": "Girtabrilu",
			"source": "Bst3",
			"page": 311,
			"type": "Uncommon",
			"typicalSpeakers": [
				"Girtabrilus"
			]
		},
		{
			"name": "Gnoll",
			"source": "CRB",
			"page": 65,
			"type": "Uncommon",
			"typicalSpeakers": [
				"{@ancestry gnoll|LOME|Gnolls}"
			]
		},
		{
			"name": "Gnomish",
			"source": "CRB",
			"page": 65,
			"type": "Common",
			"typicalSpeakers": [
				"{@ancestry gnome||Gnomes}"
			]
		},
		{
			"name": "Goblin",
			"source": "CRB",
			"page": 65,
			"type": "Common",
			"typicalSpeakers": [
				"{@ancestry goblin||Goblins}",
				"{@ancestry hobgoblin||Hobgoblins}",
				"{@ancestry bugbear||Bugbears}"
			]
		},
		{
			"name": "Goloma",
			"source": "LOME",
			"page": 115,
			"type": "Uncommon",
			"typicalSpeakers": [
				"{@ancestry Goloma|LOME|Goloma}"
			]
		},
		{
			"name": "Grioth",
			"source": "Bst3",
			"page": 311,
			"type": "Rare",
			"typicalSpeakers": [
				"Grioths"
			]
		},
		{
			"name": "Grippli",
			"source": "Bst2",
			"page": 311,
			"type": "Uncommon",
			"typicalSpeakers": [
				"{@ancestry Grippli|LOWE|Gripplis}"
			]
		},
		{
			"name": "Halfling",
			"source": "CRB",
			"page": 65,
			"type": "Common",
			"typicalSpeakers": [
				"{@ancestry halfling||Halflings}"
			]
		},
		{
			"name": "Hallit",
			"source": "CRB",
			"page": 432,
			"otherSources": {
				"Reprinted": [
					"LOWG|133"
				]
			},
			"type": "Regional",
			"regions": [
				"Irrisen",
				"Mendev",
				"Numeria",
				"Realm of the Mammoth Lords",
				"Sarkoris",
				"Ustalav",
				"{@place Broken Lands|LOWG}",
				"{@place Eye of Dread|LOWG}",
				"{@place High Seas|LOWG}",
				"{@place Saga Lands|LOWG}",
				"{@place Shining Kingdoms|LOWG}"
			],
			"entries": [
				"The language of the Kellid people of the far north."
			]
		},
		{
			"name": "Ignan",
			"source": "CRB",
			"page": 65,
			"type": "Uncommon",
			"typicalSpeakers": [
				"Fire elemental creatures"
			]
		},
		{
			"name": "Infernal",
			"source": "CRB",
			"page": 65,
			"type": "Uncommon",
			"typicalSpeakers": [
				"Devils"
			]
		},
		{
			"name": "Iruxi",
			"source": "Bst",
			"page": 348,
			"type": "Uncommon",
			"typicalSpeakers": [
				"{@ancestry Lizardfolk|APG}"
			]
		},
		{
			"name": "Jistkan",
			"source": "Bst2",
			"page": 311,
			"type": "Uncommon",
			"typicalSpeakers": [
				"Ancient constructs"
			]
		},
		{
			"name": "Jotun",
			"source": "CRB",
			"page": 65,
			"type": "Common",
			"typicalSpeakers": [
				"Giants",
				"ogres",
				"trolls",
				"ettins",
				"cyclopes"
			],
			"entries": [
				{
					"type": "entriesOtherSource",
					"source": "LOME",
					"page": 309,
					"entries": [
						"The language of giants and related creatures."
					]
				}
			]
		},
		{
			"name": "Jyoti",
			"source": "Bst2",
			"page": 311,
			"type": "Uncommon",
			"typicalSpeakers": [
				"Jyotis"
			]
		},
		{
			"name": "Kelish",
			"source": "CRB",
			"page": 432,
			"type": "Regional",
			"regions": [
				"Katapesh",
				"Kelesh",
				"Osirion",
				"Quadira"
			],
			"entries": [
				{
					"type": "entriesOtherSource",
					"source": "LOME",
					"page": 309,
					"entries": [
						"The language of the Keleshite people from the east."
					]
				}
			]
		},
		{
			"name": "Kibwani",
			"source": "LOME",
			"page": 217,
			"type": "Regional",
			"regions": [
				"Kibwe"
			],
			"entries": [
				"Heavily used due to Kibwe's status as a major trade hub, Kibwani shares roots in as many languages as the trade tongue of Mwangi\u2014however, Mwangi and Kibwani are unintelligible to one another due to the differing influences. Adapted slang from kobolds, iruxis, giants, and the Nexian dialect of Kelish heavily feature in Kibwani, and heavily affect the local dialects of those languages in turn."
			]
		},
		{
			"name": "Kovintal",
			"source": "Bst3",
			"page": 311,
			"type": "Rare",
			"typicalSpeakers": [
				"Kovintus"
			]
		},
		{
			"name": "Lirgeni",
			"source": "LOME",
			"page": 217,
			"type": "Regional",
			"entries": [
				"Though some scholars now consider the language of Lirgen to be a dead tongue, it still sees heavy use in large Lirgeni diaspora communities, such as Jaha and Absalom. Lirgeni has many similar roots to northern Garundi languages but differs strongly in grammar and certain aspects of vocabulary"
			]
		},
		{
			"name": "Mi-Go",
			"source": "Bst3",
			"page": 311,
			"type": "Rare",
			"typicalSpeakers": [
				"Mi-Go"
			]
		},
		{
			"name": "Minatan",
			"source": "FRP0",
			"page": 11,
			"type": "Regional",
			"entries": []
		},
		{
			"name": "Minkaian",
			"source": "FRP0",
			"page": 11,
			"type": "Regional",
			"entries": []
		},
		{
			"name": "Munavri",
			"source": "Bst3",
			"page": 311,
			"type": "Rare",
			"typicalSpeakers": [
				"Munavris"
			]
		},
		{
			"name": "Mwangi",
			"source": "CRB",
			"page": 432,
			"type": "Regional",
			"regions": [
				"{@place Mwangi Expanse|LOWG}",
				"the Shackles",
				"Thuvia",
				"Vidrian"
			],
			"entries": [
				"The Common tongue of the Mwangi Expanse is known simply as Mwangi, a trade language developed to be accessible to people from different backgrounds across the Expanse. When playing characters native to the Mwangi Expanse, the GM should replace \"Common\" as the default language with \"Mwangi\" instead."
			]
		},
		{
			"name": "Mzunu",
			"source": "LOME",
			"page": 228,
			"type": "Regional",
			"regions": [
				"Mzali"
			],
			"entries": [
				"The ancient Mzunu language has survived from the Mzali Empire's glory days to the modern age, though the ascendance of Walkena has caused it to shift back to its historical usage rather than the modern, \"adulterated\" version spoken in the temple city when he first returned. Walkena's priests accept the usefulness of the {@language Mwangi} trade tongue and use it when communicating with outsiders, but do so only begrudgingly."
			]
		},
		{
			"name": "Nagaji",
			"source": "FRP0",
			"page": 11,
			"type": "Regional"
		},
		{
			"name": "Necril",
			"source": "CRB",
			"page": 65,
			"type": "Uncommon",
			"typicalSpeakers": [
				"Ghouls",
				"intelligent undead"
			],
			"entries": [
				{
					"type": "entriesOtherSource",
					"source": "LOME",
					"page": 310,
					"entries": [
						"The language of ghouls and other intelligent undead."
					]
				}
			]
		},
		{
			"name": "Ocotan",
			"source": "LOME",
			"page": 23,
			"type": "Regional"
		},
		{
			"name": "Orcish",
			"source": "CRB",
			"page": 65,
			"type": "Common",
			"typicalSpeakers": [
				"{@ancestry orc||Orcs}",
				"{@ancestry Human||half-orcs||Half-Orc}"
			]
		},
		{
			"name": "Osiriani",
			"source": "CRB",
			"page": 432,
			"type": "Regional",
			"regions": [
				"Geb",
				"Katapesh",
				"Mana Wastes",
				"Nex",
				"Osirion",
				"Rahadoum",
				"Thuvia"
			],
			"entries": [
				{
					"type": "entriesOtherSource",
					"source": "LOME",
					"page": 310,
					"entries": [
						"The most widespread language in northern Garund. It is derived from Ancient Osiriani."
					]
				}
			]
		},
		{
			"name": "Protean",
			"source": "Bst",
			"page": 348,
			"type": "Uncommon",
			"typicalSpeakers": [
				"Proteans"
			]
		},
		{
			"name": "Rasu",
			"source": "LOME",
			"page": 23,
			"type": "Uncommon",
			"typicalSpeakers": [
				"{@ancestry conrasu|LOME|Conrasu}"
			]
		},
		{
			"name": "Requian",
			"source": "Bst",
			"page": 348,
			"type": "Uncommon",
			"typicalSpeakers": [
				"Psychopomps"
			]
		},
		{
			"name": "Samsaran",
			"source": "Bst3",
			"page": 311,
			"type": "Rare",
			"typicalSpeakers": [
				"Samsarans"
			]
		},
		{
			"name": "Sasquatch",
			"source": "Bst3",
			"page": 311,
			"type": "Rare",
			"typicalSpeakers": [
				"Sasquatches"
			]
		},
		{
			"name": "Senzar",
			"source": "FRP0",
			"page": 11,
			"type": "Regional"
		},
		{
			"name": "Shadowtongue",
			"source": "CRB",
			"page": 65,
			"type": "Uncommon",
			"typicalSpeakers": [
				"Nidalese",
				"Shadow Plane creatures"
			]
		},
		{
			"name": "Shae",
			"source": "Bst3",
			"page": 311,
			"type": "Rare",
			"typicalSpeakers": [
				"Shae"
			]
		},
		{
			"name": "Shisk",
			"source": "LOME",
			"page": 123,
			"type": "Uncommon",
			"typicalSpeakers": [
				"{@ancestry Shisk|LOME|Shisks}"
			]
		},
		{
			"name": "Shoanti",
			"source": "CRB",
			"page": 432,
			"type": "Regional",
			"regions": [
				"Hold of Belkzen",
				"Varisia"
			],
			"entries": []
		},
		{
			"name": "Shoony",
			"source": "EC3",
			"page": 72,
			"type": "Uncommon",
			"typicalSpeakers": [
				"{@ancestry shoony|LOME|Shoonies}"
			]
		},
		{
			"name": "Skald",
			"source": "CRB",
			"page": 432,
			"type": "Regional",
			"regions": [
				"Irrisen",
				"Land of the Linnorm Kings"
			],
			"entries": []
		},
		{
			"name": "Sphinx",
			"source": "Bst",
			"page": 348,
			"type": "Uncommon",
			"typicalSpeakers": [
				"Sphinxes"
			]
		},
		{
			"name": "Strix",
			"source": "AoA3",
			"page": 72,
			"type": "Uncommon",
			"typicalSpeakers": [
				"{@ancestry Strix|LOAG|Strixes}"
			]
		},
		{
			"name": "Sylvan",
			"source": "CRB",
			"page": 65,
			"type": "Common",
			"typicalSpeakers": [
				"Fey",
				"centaurs",
				"plant creatures"
			]
		},
		{
			"name": "Tengu",
			"source": "Bst",
			"page": 310,
			"type": "Uncommon",
			"typicalSpeakers": [
				"{@ancestry Tengu|APG|Tengus}"
			]
		},
		{
			"name": "Terran",
			"source": "CRB",
			"page": 65,
			"type": "Uncommon",
			"typicalSpeakers": [
				"Earth elemental creatures"
			]
		},
		{
			"name": "Thassilonian",
			"source": "LOWG",
			"page": 108,
			"type": "Regional",
			"regions": [
				"{@place Saga Lands|LOWG}"
			],
			"entries": [
				"The language of the people of Thassilon, now returned to prominence in New Thassilon."
			]
		},
		{
			"name": "Tien",
			"source": "CRB",
			"page": 432,
			"type": "Regional",
			"regions": [
				"Lands of the Linnorm Kings",
				"Realm of the Mammoth Lords",
				"Tian Xia"
			],
			"entries": []
		},
		{
			"name": "Undercommon",
			"source": "CRB",
			"page": 65,
			"type": "Common",
			"typicalSpeakers": [
				"Drow",
				"duergars",
				"xulgaths"
			]
		},
		{
			"name": "Utopian",
			"source": "Bst",
			"page": 348,
			"type": "Uncommon",
			"typicalSpeakers": [
				"Axiomites and inevitables"
			]
		},
		{
			"name": "Vanara",
			"source": "Bst3",
			"page": 311,
			"type": "Uncommon",
			"typicalSpeakers": [
				"Vanaras"
			]
		},
		{
			"name": "Varisian",
			"source": "CRB",
			"page": 432,
			"type": "Regional",
			"typicalSpeakers": [
				"Regional human language",
				"Sandpoint Devil"
			],
			"regions": [
				"Brevoy",
				"the Gravelands",
				"Nidal",
				"Nirmathas",
				"Ustalav",
				"Varisia"
			],
			"entries": []
		},
		{
			"name": "Vishkanyan",
			"source": "Bst3",
			"page": 311,
			"type": "Uncommon",
			"typicalSpeakers": [
				"Vishkanyas"
			]
		},
		{
			"name": "Vudrani",
			"source": "CRB",
			"page": 432,
			"type": "Regional",
			"regions": [
				"Jalmeray",
				"Katapesh",
				"Nex",
				"Vudra"
			],
			"entries": []
		},
		{
			"name": "Wayang",
			"source": "FRP0",
			"page": 11,
			"type": "Uncommon"
		},
		{
			"name": "Xanmba",
			"source": "LOME",
			"page": 242,
			"type": "Regional",
			"entries": [
				"Common to Nantambu and most of its surrounding villages, Xanmba is an ancient language with a number of grammatical principles that make it sound archaic to most other Mwangi natives. It shares roots with many other Mwangi tongues, however; some scholars even believe Xanmba to be the language from which many other Mwangi languages are derived."
			]
		},
		{
			"name": "Yithian",
			"source": "Bst3",
			"page": 311,
			"type": "Rare",
			"typicalSpeakers": [
				"Yithians"
			]
		},
		{
			"name": "Ysoki",
			"source": "APG",
			"page": 21,
			"type": "Uncommon",
			"typicalSpeakers": [
				"{@ancestry ratfolk|APG|Ratfolk}"
			]
		}
	]
}
