{
	"item": [
		{
			"name": "Addiction Suppressant",
			"source": "LOL",
			"page": 72,
			"type": "Item",
			"level": "1+",
			"traits": [
				"rare",
				"consumable",
				"elixir"
			],
			"usage": "held in 1 hand",
			"bulk": "L",
			"activate": {
				"activity": {
					"number": 1,
					"unit": "action"
				},
				"components": [
					"Interact"
				]
			},
			"category": "Elixir",
			"entries": [
				"When you use a dose of addiction suppressant, it suppresses the effects of that addiction for 1 day, as if you had taken an actual dose of the drug, but without any of the drug's effects, and it doesn't increase the addiction DC. You also gain an item bonus against the ongoing save against the drug's addiction depending on the type of addiction suppressant."
			],
			"generic": "G",
			"variants": [
				{
					"variantType": "lesser",
					"level": 1,
					"price": {
						"coin": "gp",
						"amount": 2
					},
					"entries": [
						"You gain a +1 item bonus."
					],
					"_mod": {
						"entries": {
							"with": "a +1 item bonus against the ongoing save against the drug's addiction"
						}
					}
				},
				{
					"variantType": "moderate",
					"level": 6,
					"price": {
						"coin": "gp",
						"amount": 30
					},
					"entries": [
						"You gain a +2 item bonus."
					],
					"_mod": {
						"entries": {
							"with": "a +2 item bonus against the ongoing save against the drug's addiction"
						}
					}
				},
				{
					"variantType": "greater",
					"level": 10,
					"price": {
						"coin": "gp",
						"amount": 140
					},
					"entries": [
						"You gain a +3 item bonus."
					],
					"_mod": {
						"entries": {
							"with": "a +3 item bonus against the ongoing save against the drug's addiction"
						}
					}
				},
				{
					"variantType": "major",
					"level": 14,
					"price": {
						"coin": "gp",
						"amount": 500
					},
					"entries": [
						"You gain a +4 item bonus."
					],
					"_mod": {
						"entries": {
							"with": "a +4 item bonus against the ongoing save against the drug's addiction"
						}
					}
				}
			],
			"_vmod": {
				"entries": {
					"mode": "replaceTxt",
					"replace": "an item bonus against the ongoing save against the drug's addiction depending on the type of addiction suppressant"
				},
				"entriesMode": "generic"
			}
		},
		{
			"name": "Alchemical Atomizer",
			"source": "LOL",
			"page": 80,
			"type": "Item",
			"level": 10,
			"traits": [
				"rare",
				"alchemical"
			],
			"price": {
				"coin": "gp",
				"amount": 175
			},
			"usage": "held in 1 hands, Bulk L",
			"category": "Held",
			"entries": [
				"Khismar developed this unique atomizer that allows for the distribution of elixirs, oils, and potions as a fine spray or mist. The atomizer can hold a single elixir, oil, or potion. An atomizer contains enough reagents to use it up to 10 times before the reagents must be replaced. A new batch of reagents costs 5 gp and requires an {@action Interact} action to replace.",
				{
					"type": "ability",
					"style": "compact",
					"activity": {
						"number": 1,
						"unit": "action"
					},
					"components": [
						"Interact"
					],
					"entries": [
						"You spray the contents of the atomizer on yourself or an adjacent willing ally or unattended object. The target gains the effects of the applied elixir, oil, or potion. The target must be a valid target for the effect, such as food or drink for a nectar of purification, or the consumable is lost."
					]
				},
				{
					"type": "ability",
					"style": "compact",
					"activity": {
						"number": 2,
						"unit": "action"
					},
					"components": [
						"Interact"
					],
					"entries": [
						"You cause the atomizer to mix its reagents and fire its held consumable at a square within 30 feet. The consumable forms a cloud that fills the space. The first willing valid target to enter the space automatically gains the effect of the consumable. If there are multiple valid targets, such as with multiple weapons for aligned oil, the creature entering the space determines how the effect is applied. The cloud is consumed upon contact with a willing valid target or at the start of your next turn, whichever comes first."
					]
				}
			]
		},
		{
			"name": "Applereed Mutagen",
			"source": "LOL",
			"page": 86,
			"type": "Item",
			"level": "4+",
			"traits": [
				"rare",
				"alchemical",
				"consumable",
				"elixir",
				"mutagen",
				"polymorph"
			],
			"usage": "held in 1 hand",
			"bulk": "L",
			"activate": {
				"activity": {
					"number": 1,
					"unit": "action"
				},
				"components": [
					"Interact"
				]
			},
			"category": "Elixir",
			"entries": [
				"This gummy liquid disproportionately lengthens your legs, causing you to grow but making your movement awkward. The effect is very noticeable unless your clothes can adequately conceal it.",
				"{@b Benefit} You gain an item bonus to {@skill Athletics} checks and you gain the listed status bonus to your Speed. In addition, you grow one size larger, but your larger size does not have any additional effects beyond the potential change in space.",
				"{@b Drawback} You take a \u20131 penalty to AC and a \u20132 penalty to Reflex saves."
			],
			"generic": "G",
			"variants": [
				{
					"variantType": "lesser",
					"level": 4,
					"price": {
						"coin": "gp",
						"amount": 20
					},
					"entries": [
						"The bonus to {@skill Athletics} is +2, the bonus to Speed is +10 feet, and the duration is 1 minute."
					],
					"_mod": {
						"entries": [
							{
								"mode": "replaceTxt",
								"replace": "an item bonus",
								"with": "a +2 item bonus"
							},
							{
								"mode": "replaceTxt",
								"replace": "the listed",
								"with": "+10 feet"
							},
							{
								"mode": "appendArr",
								"items": [
									"The duration is 1 minute."
								]
							}
						],
						"entriesMode": "generic"
					}
				},
				{
					"variantType": "moderate",
					"level": 12,
					"price": {
						"coin": "gp",
						"amount": 400
					},
					"entries": [
						"The bonus to {@skill Athletics} is +3, the bonus to Speed is +15 feet, and the duration is 10 minutes."
					],
					"_mod": {
						"entries": [
							{
								"mode": "replaceTxt",
								"replace": "an item bonus",
								"with": "a +3 item bonus"
							},
							{
								"mode": "replaceTxt",
								"replace": "the listed",
								"with": "+15 feet"
							},
							{
								"mode": "appendArr",
								"items": [
									"The duration is 10 minutes."
								]
							}
						],
						"entriesMode": "generic"
					}
				},
				{
					"variantType": "greater",
					"level": 18,
					"price": {
						"coin": "gp",
						"amount": 5000
					},
					"entries": [
						"The bonus to {@skill Athletics} is +4, the bonus to Speed is +20 feet, and the duration is 1 hour."
					],
					"_mod": {
						"entries": [
							{
								"mode": "replaceTxt",
								"replace": "an item bonus",
								"with": "a +4 item bonus"
							},
							{
								"mode": "replaceTxt",
								"replace": "the listed",
								"with": "+20 feet"
							},
							{
								"mode": "appendArr",
								"items": [
									"The duration is 1 hour."
								]
							}
						],
						"entriesMode": "generic"
					}
				}
			]
		},
		{
			"name": "Blade Of The Black Sovereign",
			"source": "LOL",
			"page": 76,
			"type": "Item",
			"level": 15,
			"traits": [
				"unique",
				"evocation",
				"electricity",
				"magical"
			],
			"price": {
				"coin": "gp",
				"amount": 6500
			},
			"usage": "held in 2 hands",
			"bulk": 2,
			"category": "Held",
			"entries": [
				"This +2 greater striking shock greatsword is forged from standard-grade adamantine, with inlays of {@condition broken} circuitry and a robot's ocular lens on the cross guard. A soft thrum comes from the blade, which you feel as a subtle pulse through the grip when wielding it.",
				"It sparks when unsheathed, emitting dim light within 5 feet. On a hit against a foe made of metal, wearing metal armor, or using a metal shield, if the foe takes electricity damage from the blade, the makes the foe {@condition flat-footed} for 1 round; if the {@action Strike} was a critical hit, it also makes them {@condition clumsy 1} for 1 round.",
				{
					"type": "ability",
					"style": "compact",
					"activity": {
						"number": 2,
						"unit": "action"
					},
					"components": [
						"command",
						"Interact"
					],
					"entries": [
						"You cast the {@spell electric arc} cantrip from the sword as an 8th-level primal spell, using 10 + your melee attack modifier with the Blade of the Black Sovereign as your spell DC."
					]
				}
			]
		},
		{
			"name": "Celestial Peach",
			"source": "LOL",
			"page": 48,
			"type": "Item",
			"level": "17+",
			"traits": [
				"rare",
				"consumable",
				"divine",
				"healing",
				"magical",
				"necromancy",
				"positive"
			],
			"usage": "held in one hand",
			"bulk": "L",
			"activate": {
				"activity": {
					"number": 1,
					"unit": "action"
				},
				"components": [
					"Interact"
				]
			},
			"category": "Consumable",
			"entries": [
				"Among Hao Jin's most precious treasures are three living plants, the last surviving celestial peach trees taken from the mountains of Chu Ye. One of the trees grows pearls in place of flowers, but the other two bear fruit that is far more valuable. Eating one of these small red peaches can heal even the most grievous of injuries."
			],
			"generic": "G",
			"variants": [
				{
					"level": 17,
					"price": {
						"coin": "gp",
						"amount": 3000
					},
					"entries": [
						"You gain the effects of 7th-level {@spell neutralize poison}, {@spell regenerate}, {@spell remove curse} and {@spell remove disease} spells. The peach has a counteract modifier of +27."
					],
					"variantType": "rejuvenation"
				},
				{
					"level": 20,
					"price": {
						"coin": "gp",
						"amount": 73000
					},
					"entries": [
						"When you place the peach into the mouth of an intact corpse that died within the last year, it casts a 10th-level {@spell raise dead} on the corpse."
					],
					"variantType": "life"
				}
			]
		},
		{
			"name": "Clockwork Recorder",
			"source": "LOL",
			"page": 24,
			"type": "Item",
			"level": 6,
			"traits": [
				"rare"
			],
			"price": {
				"coin": "gp",
				"amount": 250
			},
			"usage": "held in 1 hand",
			"bulk": "L",
			"category": "Held",
			"entries": [
				"This small recording device can be as tiny as a music box or around the size of large book and is typically {@condition concealed} in hollowed-out books and jewelry. A clockwork recorder can record up to 1 hour of sound before its wax cylinders must be retrieved and replaced.",
				"Any given clockwork recorder can play back the recordings of a cylinder, regardless of whether it was the recorder used for the original recording.",
				{
					"type": "ability",
					"style": "compact",
					"activity": {
						"number": 3,
						"unit": "action"
					},
					"components": [
						"Interact"
					],
					"entries": [
						"You wind the recorder to start recording sound or to play back a recording. You can have the recording or playback start immediately or be timed to start at any point up to one month later."
					]
				}
			]
		},
		{
			"name": "Deepdread Claw",
			"source": "LOL",
			"page": 28,
			"type": "Item",
			"level": 14,
			"traits": [
				"rare",
				"evocation",
				"invested",
				"magical"
			],
			"price": {
				"coin": "gp",
				"amount": 4000
			},
			"usage": "held in 1 or 2 hands",
			"bulk": 1,
			"category": "Held",
			"entries": [
				"One of a set of four identical spears collectively known as the Four Claws of the Deepdread, this weapon is fashioned from a single seamless piece of matte-black metal with a razored silver edge. In bright light, it functions as a +1 striking spear, but in darkness or dim light, it becomes a +2 greater striking spear. You can upgrade its fundamental runes as normal for a specific weapon, starting from a +2 greater striking spear, but its fundamental runes are always one type worse in bright light.",
				{
					"type": "ability",
					"style": "compact",
					"activity": {
						"number": 1,
						"unit": "action"
					},
					"components": [
						"command"
					],
					"entries": [
						"You establish a telepathic link with someone else wielding a deepdread claw, enabling you to telepathically communicate with the creature while they possess the deepdread claw regardless of distance, so long as you remain on the same plane. You can end a telepathic link you create or that you are part of as an action, which has the {@trait concentrate} trait."
					]
				},
				{
					"type": "ability",
					"style": "compact",
					"activity": {
						"number": 2,
						"unit": "action"
					},
					"components": [
						"command",
						"Interact"
					],
					"frequency": {
						"unit": "day",
						"freq": 1
					},
					"entries": [
						"You cast 4th-level {@spell darkness}. You can see clearly in this darkness."
					]
				}
			]
		},
		{
			"name": "Diluted Hype",
			"source": "LOL",
			"page": 81,
			"type": "Item",
			"level": 5,
			"traits": [
				"uncommon",
				"alchemical",
				"consumable",
				"drug",
				"ingested",
				"poison"
			],
			"price": {
				"coin": "gp",
				"amount": 20
			},
			"usage": "held in 1 hand",
			"bulk": "L",
			"activate": {
				"activity": {
					"number": 1,
					"unit": "action"
				},
				"components": [
					"Interact"
				]
			},
			"category": "Poison",
			"entries": [
				"A synthetic adrenaline supplement that increases awareness and reaction time. Diluted hype has been mixed with saltwater to allow for cheaper mass production.",
				{
					"type": "affliction",
					"traits": [],
					"DC": 21,
					"savingThrow": "Fortitude",
					"maxDuration": "1 minute",
					"stages": [
						{
							"stage": 1,
							"entry": "{@condition quickened} and can use the additional action to {@action Step}",
							"duration": "1 round"
						},
						{
							"stage": 2,
							"entry": "{@condition stupefied 1}",
							"duration": "1 round"
						},
						{
							"stage": 3,
							"entry": "{@condition drained 1} and {@condition stupefied 1}",
							"duration": "1 round"
						}
					]
				}
			]
		},
		{
			"name": "Fiendish Teleportation",
			"source": "LOL",
			"page": 10,
			"type": "Item",
			"level": 11,
			"traits": [
				"rare",
				"conjuration",
				"contract",
				"invested",
				"magical"
			],
			"category": "Contract",
			"entries": [
				"You tap into the fiendish ability to slip through space. When you {@action Stride}, you gain a +3 item bonus to Armor Class against reactions triggered by your movement. Once per day, from any distance, Abrogail Thrune II can call on a provision in your Thrune contract as a single action, causing you to become {@condition paralyzed} for 1 hour or until Abrogail releases you, whichever comes first.",
				{
					"type": "ability",
					"style": "compact",
					"activity": {
						"number": 2,
						"unit": "action"
					},
					"components": [
						"command"
					],
					"frequency": {
						"unit": "day",
						"freq": 1
					},
					"entries": [
						"You recite a subclause of your contract regarding change in venue. You cast {@spell dimension door}. The space you leave and the one you appear in are filled with the scent of brimstone, dealing {@damage 2d6} evil damage to creatures adjacent to both spaces."
					]
				}
			]
		},
		{
			"name": "Honeyscent",
			"source": "LOL",
			"page": 86,
			"type": "Item",
			"level": 10,
			"traits": [
				"rare",
				"alchemical",
				"consumable",
				"inhaled",
				"poison"
			],
			"price": {
				"coin": "gp",
				"amount": 180
			},
			"usage": "held in 1 hand",
			"bulk": "L",
			"activate": {
				"activity": {
					"number": 1,
					"unit": "action"
				},
				"components": [
					"Interact"
				]
			},
			"category": "Poison",
			"entries": [
				"This sweet-scented poison triggers vivid hallucinations in those who succumb to it, causing most to believe swarms of ravenous biting insects are feeding on them. So vivid are these hallucinations that the victims damage themselves by scratching and clawing at the imaginary swarm. At the GM's discretion, a creature incapable of clawing at itself might instead slam against solid objects, in which case the poison inflicts bludgeoning damage.",
				{
					"type": "affliction",
					"traits": [],
					"DC": 30,
					"savingThrow": "Will",
					"maxDuration": "6 rounds",
					"stages": [
						{
							"stage": 1,
							"entry": "{@damage 2d6} slashing damage",
							"duration": "1 round"
						},
						{
							"stage": 2,
							"entry": "{@damage 2d6} slashing damage and {@condition stupefied 1}",
							"duration": "1 round"
						},
						{
							"stage": 3,
							"entry": "{@damage 2d6} slashing damage, {@condition drained 1}, and {@condition stupefied 1}",
							"duration": "1 round"
						}
					]
				}
			]
		},
		{
			"name": "Hype",
			"source": "LOL",
			"page": 81,
			"type": "Item",
			"level": 8,
			"traits": [
				"rare",
				"alchemical",
				"consumable",
				"drug",
				"ingested",
				"poison"
			],
			"price": {
				"coin": "gp",
				"amount": 100
			},
			"usage": "held in 1 hand",
			"bulk": "L",
			"activate": {
				"activity": {
					"number": 1,
					"unit": "action"
				},
				"components": [
					"Interact"
				]
			},
			"category": "Poison",
			"entries": [
				"A synthetic adrenaline supplement that increases awareness and reaction time.",
				{
					"type": "affliction",
					"traits": [],
					"DC": 25,
					"savingThrow": "Fortitude",
					"maxDuration": "1 minute",
					"stages": [
						{
							"stage": 1,
							"entry": "{@condition quickened} and can use the additional action to {@action Step} or {@action Stride}",
							"duration": "1 round"
						},
						{
							"stage": 2,
							"entry": "{@condition stupefied 2}",
							"duration": "1 round"
						},
						{
							"stage": 3,
							"entry": "{@condition drained 2} and {@condition stupefied 2}",
							"duration": "1 round"
						}
					]
				}
			]
		},
		{
			"name": "Infernal Health",
			"source": "LOL",
			"page": 10,
			"type": "Item",
			"level": 15,
			"traits": [
				"rare",
				"contract",
				"healing",
				"invested",
				"magical"
			],
			"category": "Contract",
			"entries": [
				"You regain triple the normal number of Hit Points when resting (meaning you regain triple your Constitution modifier multiplied by your level). The healing you gain from long-term rest is similarly tripled. Once per day, from any distance, Abrogail Thrune II can recite a voidability clause in your Thrune contract as a 1-minute activity to prevent you from regaining Hit Points from resting for 1 day.",
				{
					"type": "ability",
					"style": "compact",
					"activity": {
						"number": 2,
						"unit": "action"
					},
					"components": [
						"command"
					],
					"frequency": {
						"unit": "day",
						"freq": 1
					},
					"entries": [
						"You recite a subclause regarding mandatory remediation from your Thrune contract. For 6 rounds, at the start of your turn each round, you recover 25 Hit Points unless you took good damage since the start of your previous turn."
					]
				}
			]
		},
		{
			"name": "Lovers' Ink",
			"source": "LOL",
			"page": 24,
			"type": "Item",
			"level": 2,
			"traits": [
				"rare",
				"alchemical",
				"consumable"
			],
			"price": {
				"coin": "gp",
				"amount": 5
			},
			"usage": "with writing set",
			"bulk": "L",
			"category": "Consumable",
			"entries": [
				"This ink, derived from inks used by lovers to deliver secret messages, dries to a color similar to most parchments. Avarneus's version requires another dose of lover's ink and a specific agitation to reveal the {@condition hidden} message, preventing casual interception. Any message written with lovers' ink is revealed by applying a page worth of lover's ink and vigorously shaking, requiring 3 {@action Interact} actions. A typical vial provides enough ink to fill 1 page worth of text. While the text is {@condition hidden}, a creature closely examining a surface marked with lover's ink can detect the presence of the ink with a successful DC 25 {@skill Perception} check. On a critical success, they can make out the ink well enough to use {@skill Society} to {@action Decipher Writing}."
			]
		},
		{
			"name": "Mountain To The Sky",
			"source": "LOL",
			"page": 48,
			"type": "Item",
			"level": 16,
			"traits": [
				"unique",
				"conjuration",
				"magical",
				"structure"
			],
			"price": {
				"coin": "gp",
				"amount": 10000
			},
			"usage": "held in 1 hand",
			"category": "Structure",
			"entries": [
				"This tiny, carved walnut shell contains a sacred mountain within. You can only activate mountain to the sky on an unoccupied patch of earth or soil. When activated, the walnut transforms into an impossibly steep mountain, 5,000 feet tall and 100 feet wide at the base. Climbing the mountain requires 8 hours and a successful DC 35 {@skill Athletics} check. After activating it, if you climb to the top of the mountain without any assistance from flight or magic, the mountain plane shifts you to Heaven when you reach the summit. You can return the mountain to the sky into the shape of a walnut shell as a 1-minute activity, which has the {@trait concentrate} and {@trait manipulate} traits, so long as no living creatures are present on the mountain."
			]
		},
		{
			"name": "Palm Crossbow",
			"source": "LOL",
			"page": 25,
			"type": "Item",
			"level": 3,
			"traits": [
				"rare"
			],
			"price": {
				"coin": "gp",
				"amount": 60
			},
			"usage": "worn",
			"bulk": "L",
			"category": "Worn",
			"entries": [
				"This thick, elegant bracelet conceals a specialized firing mechanism that can hold a single blowgun dart. You can fire the dart normally from the bracelet. Recognizing the bracelet's nature requires a successful DC 25 {@skill Perception} check.",
				{
					"type": "ability",
					"style": "compact",
					"activity": {
						"number": 2,
						"unit": "action"
					},
					"components": [
						"Interact"
					],
					"entries": [
						"You expand the bracelet into a hand crossbow. The bracelet has enough pieces to assemble up to three bolts, but the bolts contain necessary components for the bracelet. Without all of the bolt pieces, you cannot collapse the crossbow back into a bracelet."
					]
				}
			]
		},
		{
			"name": "Plasma Hype",
			"source": "LOL",
			"page": 81,
			"type": "Item",
			"level": 12,
			"traits": [
				"rare",
				"alchemical",
				"consumable",
				"drug",
				"ingested",
				"poison"
			],
			"price": {
				"coin": "gp",
				"amount": 400
			},
			"usage": "held in 1 hand",
			"bulk": "L",
			"activate": {
				"activity": {
					"number": 1,
					"unit": "action"
				},
				"components": [
					"Interact"
				]
			},
			"category": "Poison",
			"entries": [
				"A synthetic adrenaline supplement that increases awareness and reaction time. Plasma hype has been infused with a specific mixture of Numerian fluids and other alchemical reagents to improve upon the original hype formula.",
				{
					"type": "affliction",
					"traits": [],
					"DC": 30,
					"savingThrow": "Fortitude",
					"maxDuration": "1 minute",
					"stages": [
						{
							"stage": 1,
							"entry": "+10-foot status bonus to speed, {@condition quickened} and can use the additional action to {@action Step}, {@action Stride}, {@action Climb}, or {@action Swim}",
							"duration": "1 round"
						},
						{
							"stage": 2,
							"entry": "{@condition quickened} and can use the additional action to {@action Step} or {@action Stride}",
							"duration": "1 round"
						},
						{
							"stage": 3,
							"entry": "{@condition drained 2} and {@condition stupefied 2}",
							"duration": "1 round"
						}
					]
				}
			]
		},
		{
			"name": "Ruby String",
			"source": "LOL",
			"page": 48,
			"type": "Item",
			"level": 14,
			"traits": [
				"rare",
				"conjuration",
				"consumable"
			],
			"price": {
				"coin": "gp",
				"amount": 900
			},
			"usage": "held in 1 hand",
			"category": "Consumable",
			"entries": [
				"The frayed threads from the rips and tears in Hao Jin's Tapestry still contain traces of the Ruby Phoenix's magic. Hao Jin has collected most of these loose strings, but others occasionally find these potent silk strands in unexpected places. A ruby string can fulfill the cost requirement for an 8th-level create demiplane ritual (Advanced Player's Guide 241). When used in this way, the ruby string negates the need for secondary casters, and you get a success for all secondary checks. Alternatively, you can activate it to create a smaller demiplane without requiring the ritual.",
				{
					"type": "ability",
					"style": "compact",
					"activity": {
						"number": 8,
						"unit": "hour",
						"entry": "8 hours"
					},
					"components": [
						"(envision",
						"Interact)"
					],
					"entries": [
						"You spin the thread to form a demiplane with the effects of a successful 8th-level create demiplane, but the space is a single 10-foot cube."
					]
				}
			]
		},
		{
			"name": "Sovereign Steel",
			"source": "LOL",
			"page": 77,
			"type": "Material",
			"level": "9+",
			"traits": [
				"rare",
				"precious"
			],
			"category": "Material",
			"entries": [
				"Created by Black Sovereign Kevoth-Kul, this unique alloy of {@item cold iron (generic)||cold iron} and the skymetal {@item noqual (generic)|lotgb|noqual} can provide protection from magical assault. The process of cold-forging the two materials together is quite complicated and precise. Characters in search of sovereign steel weapons and armor will almost assuredly have to travel to Starfall to procure gear made from this rare alloy. While some believe it possible to craft shields of sovereign steel as well, in one of his fits, Kevoth-Kul yelled that he had no use for them and banned anyone from making such a thing. So far, his smiths have been too afraid to confirm whether or not it was a joke. All sovereign steel items (including weapon and armor below) have a +4 circumstance bonus on saves against magic that the item makes, and grant their bonus to saves the owner makes specifically to protect the item from magic (such as against the {@spell rusting grasp|APG} spell).",
				{
					"type": "table",
					"source": "LOL",
					"page": 77,
					"labelRowIdx": [
						0
					],
					"colSizes": [
						2,
						1,
						1,
						1
					],
					"colStyles": [
						"text-left",
						"text-center",
						"text-center",
						"text-center"
					],
					"rows": [
						[
							"Sovereign Steel Items",
							"Hardness",
							"HP",
							"BT"
						],
						[
							"{@b Thin Items}",
							"",
							"",
							""
						],
						{
							"type": "multiRow",
							"rows": [
								[
									"{@indentFirst Standard-grade}",
									"7",
									"28",
									"14"
								],
								[
									"{@indentFirst High-grade}",
									"10",
									"40",
									"20"
								]
							]
						},
						[
							"{@b Items}",
							"",
							"",
							""
						],
						{
							"type": "multiRow",
							"rows": [
								[
									"{@indentFirst Standard-grade}",
									"11",
									"44",
									"22"
								],
								[
									"{@indentFirst High-grade}",
									"14",
									"56",
									"28"
								]
							]
						},
						[
							"{@b Structures}",
							"",
							"",
							""
						],
						{
							"type": "multiRow",
							"rows": [
								[
									"{@indentFirst Standard-grade}",
									"22",
									"88",
									"44"
								],
								[
									"{@indentFirst High-grade}",
									"28",
									"112",
									"56"
								]
							]
						}
					]
				}
			],
			"generic": "G",
			"variants": [
				{
					"price": {
						"coin": "gp",
						"amount": 700
					},
					"bulk": "L",
					"entries": [],
					"variantType": "sovereign steel chunk"
				},
				{
					"price": {
						"coin": "gp",
						"amount": 7000
					},
					"bulk": 1,
					"entries": [],
					"variantType": "sovereign steel ingot"
				},
				{
					"level": 9,
					"price": {
						"coin": "gp",
						"amount": 500,
						"note": "per Bulk"
					},
					"entries": [],
					"variantType": "standard-grade sovereign steel object"
				},
				{
					"level": 17,
					"price": {
						"coin": "gp",
						"amount": 8000,
						"note": "per Bulk"
					},
					"entries": [],
					"variantType": "high-grade sovereign steel object"
				}
			]
		},
		{
			"name": "Sovereign Steel Armor",
			"source": "LOL",
			"page": 77,
			"type": "Item",
			"level": "13+",
			"traits": [
				"rare"
			],
			"usage": "worn armor",
			"bulk": "varies by armor",
			"category": "Armor",
			"entries": [
				"Sovereign steel armor sickens certain creatures that touch it. A creature with weakness to {@item cold iron (generic)||cold iron} that critically fails an unarmed attack against a creature in sovereign steel armor becomes {@condition sickened 1}, and such a creature is {@condition sickened 1} as long as it wears sovereign steel armor. The {@item noqual (generic)|lotgb|noqual} in sovereign steel armor provides protection against magic, granting you a +1 circumstance bonus to AC against spell attack rolls. If you {@action Cast a Spell} while wearing sovereign steel armor, you must succeed at a DC {@flatDC 5} flat check or the spell fails."
			],
			"generic": "G",
			"variants": [
				{
					"level": 13,
					"price": {
						"coin": "gp",
						"amount": 2400,
						"note": "+ 240 gp per Bulk"
					},
					"craftReq": "at least 150 gp of {@item cold iron (generic)||cold iron} + 15 gp per Bulk plus at least 150 gp of {@item noqual (generic)|lotgb|noqual} + 15 gp per Bulk.",
					"entries": [],
					"variantType": "standard-grade sovereign steel armor"
				},
				{
					"level": 20,
					"price": {
						"coin": "gp",
						"amount": 50000,
						"note": "+ 5,000 gp per Bulk"
					},
					"craftReq": "at least 12,500 gp of {@item cold iron (generic)||cold iron} + 1,250 gp per Bulk plus at least 12,500 gp of {@item noqual (generic)|lotgb|noqual} + 1,250 gp per Bulk.",
					"entries": [],
					"variantType": "high-grade sovereign steel armor"
				}
			]
		},
		{
			"name": "Sovereign Steel Weapon",
			"source": "LOL",
			"page": 77,
			"type": "Item",
			"level": "12+",
			"traits": [
				"rare"
			],
			"usage": "varies by weapon",
			"bulk": "varies by weapon",
			"category": "Material",
			"entries": [
				"Sovereign steel weapons are treated as {@item cold iron (generic)||cold iron} against creatures with a weakness to {@item cold iron (generic)||cold iron}, like demons and fey. In addition, the {@item noqual (generic)|lotgb|noqual} in sovereign steel weapons disrupts spellcasters' concentration, causing them to become {@condition stupefied 1} for 1 round on a critical hit."
			],
			"generic": "G",
			"variants": [
				{
					"level": 12,
					"price": {
						"coin": "gp",
						"amount": 1600,
						"note": "+ 160 gp per Bulk"
					},
					"craftReq": "at least 100 gp of {@item cold iron (generic)||cold iron} + 10 gp per Bulk plus at least 100 gp of {@item noqual (generic)|lotgb|noqual} + 10 gp per Bulk.",
					"entries": [],
					"variantType": "standard-grade sovereign steel weapon"
				},
				{
					"level": 19,
					"price": {
						"coin": "gp",
						"amount": 32000,
						"note": "+ 3,200 gp per Bulk"
					},
					"craftReq": "at least 8,000 gp of {@item cold iron (generic)||cold iron} + 800 gp per Bulk plus at least 8,000 gp of {@item noqual (generic)|lotgb|noqual} + 800 gp per Bulk.",
					"entries": [],
					"variantType": "high-grade sovereign steel weapon"
				}
			]
		},
		{
			"name": "Starshot Arrow",
			"source": "LOL",
			"page": 48,
			"type": "Item",
			"level": "7+",
			"traits": [
				"rare",
				"conjuration",
				"consumable",
				"magical"
			],
			"activate": {
				"activity": {
					"number": 1,
					"unit": "action"
				},
				"components": [
					"Interact"
				]
			},
			"ammunition": [
				"arrow"
			],
			"category": "Consumable",
			"entries": [
				"The metal of these arrows is said to have come from a star that ventured too close to Golarion and was shot down by a moonlit archer. When you activate and shoot a starshot arrow, you take no range penalties against any target that you can personally detect. There must be a line of effect between you and the target."
			],
			"generic": "G",
			"variants": [
				{
					"variantType": "lesser",
					"level": 7,
					"price": {
						"coin": "gp",
						"amount": 55
					},
					"entries": [
						"The target must be within the maximum range of your weapon."
					]
				},
				{
					"variantType": "greater",
					"level": 14,
					"price": {
						"coin": "gp",
						"amount": 800
					},
					"entries": [
						"You can fire at any creature you can detect, regardless of range. The arrow travels instantly, hitting your target as soon as you fire the arrow. This is a {@trait teleportation} effect."
					]
				}
			]
		},
		{
			"name": "Sun Orchid Poultice",
			"source": "LOL",
			"page": 20,
			"type": "Item",
			"level": 18,
			"traits": [
				"rare",
				"alchemical",
				"consumable"
			],
			"price": {
				"coin": "gp",
				"amount": 5000
			},
			"usage": "held in 1 hands",
			"bulk": "L",
			"activate": {
				"activity": {
					"number": 1,
					"unit": "action"
				},
				"components": [
					"Interact"
				]
			},
			"category": "Consumable",
			"entries": [
				"The process of creating the sun orchid elixir leaves behind a large amount of thick paste with its own healing properties. Artokus commonly sells this paste to Thuvian natives who can't purchase the elixir proper and uses the income to support his alchemy students. When you apply the sun orchid poultice, it reduces your {@condition clumsy}, {@condition drained}, and {@condition enfeebled} condition values by 2. In addition, the poultice provides a youthful burst of energy, granting you a +3 item bonus to saves and 20 temporary Hit Points for 1 hour."
			]
		},
		{
			"name": "Swamp Lily Quilt",
			"source": "LOL",
			"page": 86,
			"type": "Item",
			"level": 3,
			"traits": [
				"rare",
				"alchemical",
				"consumable"
			],
			"price": {
				"coin": "gp",
				"amount": 12
			},
			"usage": "held in 2 hands",
			"bulk": 2,
			"activate": {
				"activity": {
					"number": 2,
					"unit": "action"
				},
				"components": [
					"Interact"
				]
			},
			"category": "Consumable",
			"entries": [
				"This quilt is defined by its green lily-pad pattern, which is rare in Bellflower communications. The quilt is 10 feet square and infused with a reagent that activates when the quilt is laid out across soil or earth. One round after you lay out the quilt, the ground beneath it becomes soft and muddy, creating {@quickref difficult terrain||3|terrain} in the area where the quilt was. You can leave the quilt to maintain the {@quickref difficult terrain||3|terrain} indefinitely, but the affected ground begins to dry once you remove the quilt with an {@action Interact} action. The ground dries over the span of 1 hour, after which the ground returns to normal terrain.",
				"Placing the quilt on the ground uses up its infused reagents, and it becomes an ordinary quilt once removed from the ground."
			]
		},
		{
			"name": "Unending Youth",
			"source": "LOL",
			"page": 10,
			"type": "Item",
			"level": 20,
			"traits": [
				"rare",
				"conjuration",
				"contract",
				"invested",
				"magical"
			],
			"category": "Contract",
			"entries": [
				"You cease aging, and if you were older than young adult in age, you become a young adult again. You gain a +4 status bonus to saves against {@trait death} effects and resistance to negative damage equal to half your level. Once per day, from any distance, Abrogail Thrune II can recite a mandatory appearance clause in your Thrune contract as a 3-action activity to summon you to her side, where you are {@condition controlled} by Abrogail for 1 minute before you return.",
				{
					"type": "ability",
					"style": "compact",
					"activity": {
						"number": 2,
						"unit": "action"
					},
					"components": [
						"command"
					],
					"frequency": {
						"unit": "day",
						"freq": 1
					},
					"entries": [
						"You recite a hold harmless provision from your Thrune contract. Reduce your {@condition doomed} value to 0. Abrogail Thrune II is immediately made aware that you have used this ability."
					]
				}
			]
		},
		{
			"name": "Vaccine",
			"source": "LOL",
			"page": 71,
			"type": "Item",
			"level": "1+",
			"traits": [
				"rare",
				"consumable",
				"elixir"
			],
			"usage": "held in 1 hand",
			"bulk": "L",
			"activate": {
				"activity": {
					"number": 1,
					"unit": "action"
				},
				"components": [
					"Interact"
				]
			},
			"category": "Elixir",
			"entries": [
				"A vaccine grants a creature immunity to a specific strain of disease of a level equal to or less than the vaccine's level, and a +2 item bonus on all saving throws against other strains of the same disease. For example, a vaccine could grant immunity to filth fever inflicted by otyughs, but would only grant a +2 saving throw bonus against filth fever inflicted by a giant rat."
			],
			"generic": "G",
			"variants": [
				{
					"level": 1,
					"price": {
						"coin": "gp",
						"amount": 4
					},
					"entries": [
						"The duration is 1 hour."
					],
					"variantType": "minor"
				},
				{
					"variantType": "lesser",
					"level": 3,
					"price": {
						"coin": "gp",
						"amount": 12
					},
					"entries": [
						"The duration is 24 hours."
					]
				},
				{
					"variantType": "moderate",
					"level": 6,
					"price": {
						"coin": "gp",
						"amount": 50
					},
					"entries": [
						"The duration is 1 week."
					]
				}
			]
		},
		{
			"name": "Vestige Lenses",
			"source": "LOL",
			"page": 25,
			"type": "Item",
			"level": 3,
			"traits": [
				"rare",
				"alchemical"
			],
			"price": {
				"coin": "gp",
				"amount": 40
			},
			"usage": "worn eyepiece",
			"bulk": "L",
			"category": "Worn",
			"entries": [
				"These simple lenses are alchemically treated to detect the faint smoke trail from a piece of specially formulated sandalwood incense. This incense has an odor undetectable by most people and a long burn time, making it perfect for discreetly tracking individuals. A stick of this incense costs 1 sp and can safely burn for up to 8 hours. While wearing the lenses, you see alchemical fumes in a distinct green tint, granting you a +1 item bonus to {@skill Survival} checks to {@action Track} a creature marked with the incense and to {@skill Perception} checks to {@action Seek} any alchemical vapors. If the smoke is fresh, {@action Track||Tracking} via the incense's fumes might use a lower DC than normal for tracking a creature walking on firm surfaces."
			]
		}
	]
}
