{
	"item": [
		{
			"name": "Cooperative Blade",
			"source": "AV2",
			"page": 71,
			"type": "Item",
			"level": 6,
			"traits": [
				"unique",
				"divination",
				"magical"
			],
			"price": {
				"coin": "gp",
				"amount": 250
			},
			"usage": "held in 1 hand",
			"bulk": 1,
			"category": "Held",
			"entries": [
				"This +1 striking longsword has a mirror-like blade free of tarnish despite being millennia old. While wielding it, you gain a +2 item bonus to checks to {@action Aid}. If you're an expert with the skill or attack roll you're using to {@action Aid} and you critically succeed, you grant your ally a +3 circumstance bonus to the triggering check instead of a +2 bonus."
			]
		},
		{
			"name": "Devil's Luck",
			"source": "AV2",
			"page": 74,
			"type": "Item",
			"level": 3,
			"traits": [
				"rare",
				"contract",
				"enchantment",
				"fortune",
				"invested",
				"magical"
			],
			"category": "Contract",
			"entries": [
				"You've bargained with an imp, one of the least powerful devils, for a fragment of infernal luck.",
				"{@b Benefit} Once per day, you can roll a saving throw twice and use the higher result.",
				"{@b Payment} At the termination of your mortal life, your soul must serve the imp for 100 years.",
				"{@b Hidden Condition} The \"termination of mortal life\" clause is carefully worded to hasten your demise. You can't use the benefit against a {@trait death} effect, and if you roll a failure on a saving throw against a {@trait death} effect, you get a critical failure instead.",
				"{@b Termination Clause} If you critically fail a saving throw against a {@trait death} effect and do not die, the contract becomes unenforceable on its terms and is voided."
			],
			"contract": {
				"devil": "{@creature imp}",
				"decipher": [
					"Arcana",
					"Occultism",
					"Society"
				]
			}
		},
		{
			"name": "Drover's Band",
			"source": "AV2",
			"page": 72,
			"type": "Item",
			"level": 7,
			"traits": [
				"rare",
				"enchantment",
				"incapacitation",
				"invested",
				"magical"
			],
			"price": {
				"coin": "gp",
				"amount": 675
			},
			"usage": "worn bracers",
			"bulk": "L",
			"category": "Worn",
			"entries": [
				"This black leather wrist guard has a bright red gem on the inside of the wrist. Faint glyphs and words of domination in Infernal swim inside the gem. Your words become harsh and clipped when you have this magic item invested.",
				{
					"type": "ability",
					"activity": {
						"number": 3,
						"unit": "action"
					},
					"components": [
						"command"
					],
					"frequency": {
						"unit": "day",
						"freq": 1
					},
					"entries": [
						"You exert your will over a mindless creature within 30 feet. If the target is a mindless creature of 3rd level or lower, it must attempt a DC 20 Will save. If you are a devil, the target uses an outcome one degree of success worse than the result of its saving throw.",
						{
							"type": "successDegree",
							"entries": {
								"Critical Success": "The target creature is unaffected.",
								"Success": "The target creature is {@condition slowed|CRB|slowed 1} for 1 round as its responses are muddled by your commands.",
								"Failure": "The creature is {@condition controlled} by you for 1 hour, although it doesn't follow commands that are obviously self-destructive.",
								"Critical Failure": "As failure, but the duration is 1 day."
							}
						}
					]
				}
			]
		},
		{
			"name": "Folding Drums",
			"source": "AV2",
			"page": 72,
			"type": "Item",
			"level": 5,
			"traits": [
				"uncommon",
				"magical",
				"transmutation"
			],
			"price": {
				"coin": "gp",
				"amount": 160
			},
			"usage": "varies (see text)",
			"bulk": "varies (see text)",
			"category": "Held",
			"entries": [
				"You can unfold this virtuoso percussion instrument into a {@item Virtuoso Handheld Musical Instrument||hand drum} (1 Bulk), a {@item Virtuoso Handheld Musical Instrument||marching drum set} with a shoulder harness and back brace (3 Bulk), or a {@item Virtuoso Heavy Musical Instrument||large standing drum set} with a built-in stool (16 Bulk). Changing the folding drum's size is a 3-action {@action Interact} activity, and the drums must have sufficient open space to accommodate their new size.",
				{
					"type": "ability",
					"activity": {
						"number": 1,
						"unit": "varies",
						"entry": "{@as 1} {@action Interact} (concentrate) Frequency"
					},
					"components": [
						"once per hour"
					],
					"entries": [
						"You play a pounding rhythm on the drum. If the next action you use is to cast a {@filter composition cantrip that has an emanation|spells||Spell Type=cantrip;focus=sand~sand~b1|General=Composition|Area Type=Emanation}, increase the area of the emanation by 30 feet."
					]
				}
			]
		},
		{
			"name": "Hunter's Brooch",
			"source": "AV2",
			"page": 71,
			"type": "Item",
			"level": 4,
			"traits": [
				"unique",
				"divine",
				"invested",
				"positive",
				"transmutation"
			],
			"price": {
				"coin": "gp",
				"amount": 80
			},
			"usage": "worn",
			"bulk": "L",
			"category": "Worn",
			"entries": [
				"While wearing this silver religious symbol of {@deity Erastil}, you can cast the {@spell disrupt undead} cantrip as an innate divine spell.",
				{
					"type": "ability",
					"activity": {
						"number": 3,
						"unit": "action"
					},
					"components": [
						"command",
						"Interact"
					],
					"entries": [
						"By touching a weapon you wield to the symbol and uttering a plea for {@deity Erastil}'s steadying hand, you grant that weapon the deadly d12 trait. Against undead, the weapon instead gains the fatal d12 trait. This blessing lasts for 1 minute, until you score a critical hit with the weapon, or until you aren't wielding the weapon."
					]
				}
			]
		},
		{
			"name": "Ichthyosis Mutagen",
			"source": "AV2",
			"page": 72,
			"type": "Item",
			"level": 5,
			"traits": [
				"rare",
				"alchemical",
				"consumable",
				"elixir",
				"mutagen",
				"polymorph"
			],
			"price": {
				"coin": "gp",
				"amount": 24
			},
			"usage": "held in 1 hand",
			"bulk": "L",
			"activate": {
				"activity": {
					"number": 1,
					"unit": "action"
				},
				"components": [
					"Interact"
				]
			},
			"category": "Elixir",
			"entries": [
				"After you drink this mutagen, your skin continually renews itself, thickening into large, scaly patches.",
				"Benefit For 1 minute, you gain fast healing 2 and automatically succeed at flat checks to recover from {@condition persistent damage ||persistent bleed damage}.",
				"Drawback Your thickened skin makes quick movement difficult, and your excess skin flakes off with the slightest movement.",
				"You take a \u20132 penalty to Reflex saves for 1 minute. Any creature attempting to {@action Track} you in the next 24 hours gains a +4 circumstance bonus to their check."
			]
		},
		{
			"name": "Icy Disposition",
			"source": "AV2",
			"page": 75,
			"type": "Item",
			"level": 11,
			"traits": [
				"rare",
				"abjuration",
				"contract",
				"invested",
				"magical"
			],
			"category": "Contract",
			"entries": [
				"Your flesh looks no different, but is cold to the touch.",
				"{@b Benefit} You gain cold resistance equal to your level and a +1 status bonus to saving throws against {@trait mental} effects.",
				"{@b Payment} Liquids in your possession, including potions and liquid alchemical items, freeze over the course of 1 minute and thaw 1 minute after they leave your possession. Frozen potions and elixirs take 1 minute to consume.",
				"{@b Hidden Condition} ({@trait conjuration}, {@trait teleportation}) No more than once per week, the gelugon can move you like a piece on a game board to advance its schemes. The gelugon can appear and transport you and any items you're wearing and holding from your current space to a clear space within 500 feet (the gelugon need not see this location, but must know its relative location and distance from you). This effect doesn't transport any other creatures. The gelugon is unlikely to place you in a less dangerous space than the one you left.",
				"{@b Termination Clause} The contract provides you the benefits of \"the eternal ice of Cocytus.\" If you travel to Cocytus, Hell's seventh layer, and stand within an area at least 100 feet across that contains no ice and has a temperature above freezing, the contract is void. Such locations are exceptionally rare in Cocytus, and the efforts to create such an area are likely to attract unpleasant attention."
			],
			"contract": {
				"devil": "{@creature gelugon}",
				"decipher": [
					"Nature",
					"Lore||Games Lore"
				]
			}
		},
		{
			"name": "Pact Of Blood-taking",
			"source": "AV2",
			"page": 75,
			"type": "Item",
			"level": 5,
			"traits": [
				"rare",
				"contract",
				"invested",
				"magical",
				"necromancy"
			],
			"category": "Contract",
			"entries": [
				"You negotiate for might and viciousness.",
				"{@b Benefit} Your successful {@action Strike||Strikes} with slashing and piercing melee weapons deal 1 {@condition persistent damage ||persistent bleed damage}. On a critical success, this {@condition persistent damage ||persistent bleed damage} is equal to half your level.",
				"{@b Payment} You regain half the normal number of Hit Points from resting (including Hit Points gained from long-term rest) and from any application of the {@skill Medicine} skill.",
				"{@b Hidden Condition} The barbazu owns any weapons you find. No more often than once per month, the barbazu can demand a single weapon of its choice (often the best weapon in your possession). You are compelled to hand over the weapon immediately, without question.",
				"{@b Termination Clause} The contract guarantees that you will not \"be slain by the barbazu or by barbazu action.\" This wording is vague; if any barbazu kills you, or if you die from {@condition persistent damage ||persistent bleed damage} from any source, the contract is voided."
			],
			"contract": {
				"devil": "{@creature barbazu}",
				"decipher": [
					"Society",
					"Lore||Warfare Lore"
				]
			}
		},
		{
			"name": "Right Of Retribution",
			"source": "AV2",
			"page": 75,
			"type": "Item",
			"level": 8,
			"traits": [
				"rare",
				"contract",
				"enchantment",
				"invested",
				"magical"
			],
			"category": "Contract",
			"entries": [
				"Profane powers of vengeance are yours to inflict.",
				"{@b Benefit} When a creature deals damage to you, you can call out for retribution as a reaction. Until the end of your next turn, you gain a +1 status bonus to attack rolls against that creature.",
				"{@b Payment} If you wound a creature, it is your duty to kill it. If a creature survives for 24 hours after you deal it damage, you are {@condition doomed|CRB|doomed 1}. If you already have the {@condition doomed} condition, it increases by 1.",
				"{@b Hidden Condition} No more than once per year, the erinys can compel you to attack a creature of the erinys's choice that you can see. You are {@condition controlled} by the erinys and must fight the chosen creature for 1 minute.",
				"{@b Termination Clause} The contract demands that you enact bloody vengeance against anyone who has ever wronged you, but the nature of the vengeance is vague. You can end the contract by creating effigies of everyone you believe has ever wronged you, bleeding upon them all at once (at least 1 Hit Point per effigy), and destroying them."
			],
			"contract": {
				"devil": "{@creature erinys}",
				"decipher": [
					"Nature",
					"Religion"
				]
			}
		},
		{
			"name": "Sloughing Toxin",
			"source": "AV2",
			"page": 72,
			"type": "Item",
			"level": 7,
			"traits": [
				"rare",
				"alchemical",
				"consumable",
				"injury",
				"poison"
			],
			"price": {
				"coin": "gp",
				"amount": 60
			},
			"usage": "held in 2 hands",
			"bulk": "L",
			"activate": {
				"activity": {
					"number": 2,
					"unit": "action"
				},
				"components": [
					"Interact"
				]
			},
			"category": "Poison",
			"entries": [
				"This complex toxin makes the muscles beneath a creature's skin loose and malleable, which fleshwarpers find useful in their work. Rough or jerky movements the victim performs concentrate the toxin in subdermal muscles and eventually cause skin and muscle to slough away.",
				{
					"type": "affliction",
					"traits": [],
					"DC": 25,
					"savingThrow": "Fortitude",
					"onset": "1 round",
					"maxDuration": "1 hour",
					"stages": [
						{
							"stage": 1,
							"entry": "{@damage 1d6} poison damage for each action with the {@trait attack} or {@trait move} trait the victim uses",
							"duration": "1 round"
						},
						{
							"stage": 2,
							"entry": "{@damage 1d6} poison damage and {@damage 1d6} slashing damage for each action with the attack, {@trait manipulate}, or {@trait move} trait the victim uses",
							"duration": "1 round"
						},
						{
							"stage": 3,
							"entry": "as Stage 2, but {@damage 1d6} poison damage and {@damage 2d6} slashing damage, and forced movement also causes damage",
							"duration": "1 hour"
						}
					]
				}
			]
		}
	]
}
