{
	"creature": [
		{
			"name": "Bee Swarm",
			"source": "FoP",
			"page": 11,
			"level": 1,
			"traits": [
				"n",
				"large",
				"animal",
				"swarm"
			],
			"perception": {
				"std": 5
			},
			"senses": [
				{
					"name": "darkvision"
				}
			],
			"skills": {
				"acrobatics": {
					"std": 9
				},
				"stealth": {
					"std": 7
				}
			},
			"abilityMods": {
				"str": -1,
				"dex": 4,
				"con": 1,
				"int": -5,
				"wis": 1,
				"cha": -4
			},
			"speed": {
				"fly": 20
			},
			"abilities": {
				"bot": [
					{
						"activity": {
							"number": 1,
							"unit": "action"
						},
						"entries": [
							"Each enemy in the swarm's space takes {@damage 1d4} piercing damage ({@dc 16} basic Reflex save). The first time each round a creature fails the save and takes piercing damage, it also suffers the effect of beestings.",
							"Whenever the bee swarm uses this ability, the swarm takes 1 damage."
						],
						"name": "Swarming Stings"
					},
					{
						"traits": [
							"poison"
						],
						"entries": [
							"The creature must attempt a {@dc 16} Fortitude save. Those who fail take {@damage 1d4} poison damage and are {@condition clumsy|CRB|clumsy 1} for 1 minute."
						],
						"name": "Beestings"
					}
				]
			},
			"defenses": {
				"ac": {
					"std": 17
				},
				"savingThrows": {
					"fort": {
						"std": 4
					},
					"ref": {
						"std": 9
					},
					"will": {
						"std": 4
					}
				},
				"hp": [
					{
						"hp": 18
					}
				],
				"immunities": [
					"precision",
					"swarm mind"
				]
			}
		},
		{
			"name": "Blood Ooze",
			"source": "FoP",
			"page": 63,
			"level": 4,
			"traits": [
				"n",
				"large",
				"mindless",
				"ooze"
			],
			"perception": {
				"std": 8
			},
			"senses": [
				{
					"name": "motion sense",
					"range": 60
				},
				{
					"name": "no vision"
				}
			],
			"skills": {
				"athletics": {
					"std": 13
				},
				"stealth": {
					"std": 4,
					"if hiding inside a dead body": 12
				}
			},
			"abilityMods": {
				"str": 5,
				"dex": -4,
				"con": 5,
				"int": -5,
				"wis": 0,
				"cha": -5
			},
			"speed": {
				"walk": 10,
				"climb": 10
			},
			"attacks": [
				{
					"range": "Melee",
					"name": "pseudopod",
					"attack": 15,
					"traits": [
						"reach <10 feet>"
					],
					"damage": "{@damage 1d12+8} bludgeoning plus {@damage 1d6} {@condition persistent damage||persistent bleed}",
					"types": [
						"bludgeoning",
						"persistent"
					]
				}
			],
			"abilities": {
				"top": [
					{
						"activity": {
							"number": 1,
							"unit": "action"
						},
						"entries": [
							"A blood ooze can seep into a corpse's wounds, displacing its natural blood. It can burst out of the corpse as a free action."
						],
						"name": "Infuse Corpse"
					}
				],
				"mid": [
					{
						"activity": {
							"number": 1,
							"unit": "reaction"
						},
						"trigger": "The blood ooze is damaged by piercing or slashing attack.",
						"entries": [
							"The blood ooze forms a clot around the wound, reducing the damage taken by 5 (to a minimum of 0)."
						],
						"name": "Clot"
					},
					{
						"entries": [
							"Whenever a creature adjacent to a blood ooze takes bleed damage, the blood ooze regains an amount of Hit Points equal to the damage dealt."
						],
						"name": "Blood Pool"
					}
				],
				"bot": [
					{
						"activity": {
							"number": 2,
							"unit": "action"
						},
						"entries": [
							"The blood ooze draws forth blood from nearby creatures, causing their flesh to break open and blood to spill out which replenishes the blood ooze. Each living creature within 15 feet takes {@damage 3d6} slashing damage ({@dc 21} basic Fortitude save). The blood ooze regains an amount of Hit Points equal to half the damage Siphon Vitality dealt to the single creature that took the most damage."
						],
						"name": "Siphon Vitality"
					}
				]
			},
			"defenses": {
				"ac": {
					"std": 12
				},
				"savingThrows": {
					"fort": {
						"std": 15
					},
					"ref": {
						"std": 6
					},
					"will": {
						"std": 6
					}
				},
				"hp": [
					{
						"hp": 90
					}
				],
				"immunities": [
					"mental",
					"precision",
					"critical hits",
					"unconscious",
					"visual"
				]
			},
			"hasImages": true
		},
		{
			"name": "Bloodlash Bush",
			"source": "FoP",
			"page": 62,
			"level": 2,
			"traits": [
				"n",
				"small",
				"plant"
			],
			"perception": {
				"std": 6
			},
			"senses": [
				{
					"type": "imprecise",
					"name": "{@ability tremorsense}",
					"range": 30
				}
			],
			"skills": {
				"athletics": {
					"std": 8
				},
				"stealth": {
					"std": 6
				}
			},
			"abilityMods": {
				"str": 4,
				"dex": 2,
				"con": 4,
				"int": -4,
				"wis": 0,
				"cha": 0
			},
			"speed": {
				"walk": 20
			},
			"attacks": [
				{
					"range": "Melee",
					"name": "vine",
					"attack": 11,
					"traits": [
						"agile",
						"reach <10 feet>"
					],
					"effects": [
						"weeping wounds"
					],
					"damage": "{@damage 1d8+4} slashing plus weeping wounds",
					"types": [
						"slashing"
					]
				}
			],
			"abilities": {
				"bot": [
					{
						"activity": {
							"number": 2,
							"unit": "action"
						},
						"entries": [
							"The tendrils of the bush reach out to siphon the blood from a victim up to 20 feet away with {@condition persistent damage||persistent bleed damage}, causing the victim to immediately take that amount of bleed damage (basic Reflex {@dc 17}). The bush regains an amount of Hit Points equal to double the damage dealt."
						],
						"name": "Blood Siphon"
					},
					{
						"activity": {
							"number": 3,
							"unit": "action"
						},
						"entries": [
							"The bush spins in a circle, lashing out in all directions at once. It makes one attack roll and compares the result to the AC of each creature within its melee reach, rolling damage only once and applying it to each creature hit."
						],
						"name": "Spinning Strike"
					},
					{
						"entries": [
							"A bloodlash bush's vines cause terrible lacerations that continue to bleed. A creature hit with a vine attack takes 1 {@condition persistent damage||persistent bleed damage} (2 on a critical hit). Unlike other forms of {@condition persistent damage}, this damage is cumulative, to a maximum of 5 {@condition persistent damage||persistent bleed damage} but it can be stopped like any other {@condition persistent damage||persistent bleed damage}."
						],
						"name": "Weeping Wounds"
					}
				]
			},
			"defenses": {
				"ac": {
					"std": 16
				},
				"savingThrows": {
					"fort": {
						"std": 10
					},
					"ref": {
						"std": 8
					},
					"will": {
						"std": 6
					}
				},
				"hp": [
					{
						"hp": 35
					}
				],
				"resistances": [
					{
						"amount": 5,
						"name": "bludgeoning"
					},
					{
						"name": "piercing"
					}
				]
			}
		},
		{
			"name": "Caustic Wolf",
			"source": "FoP",
			"page": 5,
			"level": 2,
			"traits": [
				"unique",
				"n",
				"medium",
				"animal"
			],
			"perception": {
				"std": 8
			},
			"senses": [
				{
					"name": "low-light vision"
				},
				{
					"type": "imprecise",
					"name": "scent",
					"range": 30
				}
			],
			"skills": {
				"acrobatics": {
					"std": 8
				},
				"intimidation": {
					"std": 8
				},
				"stealth": {
					"std": 8
				},
				"survival": {
					"std": 8
				}
			},
			"abilityMods": {
				"str": 2,
				"dex": 4,
				"con": 2,
				"int": -4,
				"wis": 2,
				"cha": 2
			},
			"speed": {
				"walk": 35
			},
			"attacks": [
				{
					"range": "Melee",
					"name": "jaws",
					"attack": 11,
					"effects": [
						"Knockdown"
					],
					"damage": "{@damage 1d6+2} piercing plus {@damage 1d4} acid plus Knockdown",
					"types": [
						"acid",
						"piercing"
					]
				}
			],
			"abilities": {
				"bot": [
					{
						"activity": {
							"number": 2,
							"unit": "action"
						},
						"entries": [
							"The wolf unleashes a stream of bright green acid from its mouth, coating all creatures in a 30-foot line. All creatures in the line take {@damage 3d6} acid damage ({@dc 16} basic Reflex save). The caustic wolf cannot use this ability again for 1 minute."
						],
						"name": "Acid Breath"
					},
					{
						"activity": {
							"number": 2,
							"unit": "action"
						},
						"entries": [
							"The wolf unleashes a terrifying howl, allowing it to {@action Demoralize} all enemies within 30 feet.",
							"Wolves within 100 feet can spend a reaction to join the howl, causing the effect to emanate from them as well. This affects additional enemies within 30 feet of them and uses the caustic wolf's {@skill Intimidation} check with a \u20134 circumstance penalty. Enemies cannot be affected by the howl more than once, even if they are near more than one howling wolf.",
							"All creatures targeted by this effect are temporarily immune for 24 hours."
						],
						"name": "Howl"
					}
				]
			},
			"defenses": {
				"ac": {
					"std": 18
				},
				"savingThrows": {
					"fort": {
						"std": 8
					},
					"ref": {
						"std": 10
					},
					"will": {
						"std": 6
					}
				},
				"hp": [
					{
						"hp": 30
					}
				]
			}
		},
		{
			"name": "Drunken Farmer",
			"source": "FoP",
			"page": 8,
			"level": -1,
			"traits": [
				"ng",
				"medium",
				"human",
				"humanoid"
			],
			"perception": {
				"std": 2
			},
			"languages": {
				"languages": [
					"common"
				]
			},
			"skills": {
				"athletics": {
					"std": 5
				},
				"farming lore": {
					"std": 5
				}
			},
			"abilityMods": {
				"str": 3,
				"dex": 1,
				"con": 1,
				"int": 1,
				"wis": 0,
				"cha": 1
			},
			"items": [
				"durable farm clothes (counts as padded armor)"
			],
			"speed": {
				"walk": 25
			},
			"attacks": [
				{
					"range": "Melee",
					"name": "fist",
					"attack": 5,
					"traits": [
						"agile",
						"finesse",
						"nonlethal",
						"unarmed"
					],
					"damage": "{@damage 1d4+3} bludgeoning",
					"types": [
						"bludgeoning"
					]
				},
				{
					"range": "Melee",
					"name": "chair",
					"attack": 3,
					"traits": [
						"improvised"
					],
					"damage": "{@damage 1d6+3} bludgeoning",
					"types": [
						"bludgeoning"
					]
				},
				{
					"range": "Ranged",
					"name": "mug",
					"attack": 1,
					"traits": [
						"improvised",
						"range increment <10 feet>"
					],
					"damage": "{@damage 1d3+3} bludgeoning",
					"types": [
						"bludgeoning"
					]
				}
			],
			"defenses": {
				"ac": {
					"std": 13
				},
				"savingThrows": {
					"fort": {
						"std": 5
					},
					"ref": {
						"std": 3
					},
					"will": {
						"std": 2
					}
				},
				"hp": [
					{
						"hp": 16
					}
				]
			}
		},
		{
			"name": "Fiery Leopard",
			"source": "FoP",
			"page": 31,
			"level": 1,
			"traits": [
				"unique",
				"n",
				"medium",
				"animal"
			],
			"perception": {
				"std": 6
			},
			"senses": [
				{
					"name": "low-light vision"
				},
				{
					"type": "imprecise",
					"name": "scent",
					"range": 30
				}
			],
			"skills": {
				"acrobatics": {
					"std": 8
				},
				"athletics": {
					"std": 6
				},
				"stealth": {
					"std": 8
				}
			},
			"abilityMods": {
				"str": 1,
				"dex": 3,
				"con": 1,
				"int": -4,
				"wis": 1,
				"cha": -2
			},
			"speed": {
				"walk": 30,
				"climb": 20
			},
			"attacks": [
				{
					"range": "Melee",
					"name": "jaws",
					"attack": 8,
					"traits": [
						"finesse"
					],
					"effects": [
						"grab"
					],
					"damage": "{@damage 1d8+1} piercing plus 1 fire plus grab",
					"types": [
						"fire",
						"piercing"
					]
				},
				{
					"range": "Melee",
					"name": "claw",
					"attack": 8,
					"traits": [
						"agile",
						"finesse"
					],
					"damage": "{@damage 1d4+1} slashing plus 1 fire",
					"types": [
						"fire",
						"slashing"
					]
				}
			],
			"abilities": {
				"bot": [
					{
						"entries": [
							"Creatures that start their turn grappled by a fiery leopard take {@damage 1d4} fire damage. Anyone attempting to grapple a fiery leopard takes {@damage 1d4} fire damage for each attempt."
						],
						"name": "Fiery Pelt"
					}
				]
			},
			"defenses": {
				"ac": {
					"std": 17
				},
				"savingThrows": {
					"fort": {
						"std": 6
					},
					"ref": {
						"std": 8
					},
					"will": {
						"std": 4
					}
				},
				"hp": [
					{
						"hp": 20
					}
				],
				"immunities": [
					"fire"
				]
			}
		},
		{
			"name": "Giant Lightning Serpent",
			"source": "FoP",
			"page": 20,
			"level": 2,
			"traits": [
				"unique",
				"n",
				"medium",
				"animal"
			],
			"perception": {
				"std": 7
			},
			"senses": [
				{
					"name": "low-light vision"
				},
				{
					"type": "imprecise",
					"name": "scent",
					"range": 30
				}
			],
			"skills": {
				"acrobatics": {
					"std": 9
				},
				"athletics": {
					"std": 8
				},
				"stealth": {
					"std": 8
				},
				"survival": {
					"std": 6
				}
			},
			"abilityMods": {
				"str": 2,
				"dex": 4,
				"con": 3,
				"int": -4,
				"wis": 1,
				"cha": -2
			},
			"speed": {
				"walk": 20,
				"climb": 20,
				"swim": 20
			},
			"attacks": [
				{
					"range": "Melee",
					"name": "fangs",
					"attack": 11,
					"traits": [
						"finesse"
					],
					"damage": "{@damage 1d8+2} piercing plus {@damage 1d4} electricity",
					"types": [
						"electricity",
						"piercing"
					]
				}
			],
			"abilities": {
				"top": [
					{
						"entries": [
							"+6 Str +2, Dex +4, Con +3, Int \u20134, Wis +1, Cha \u20132."
						],
						"name": "Survival"
					}
				],
				"mid": [
					{
						"activity": {
							"number": 1,
							"unit": "reaction"
						},
						"entries": [
							"As {@action Attack of Opportunity}, but the serpent can use this reaction only if it's coiled."
						],
						"name": "Attack of Opportunity",
						"trigger": "A creature within the monster's reach uses a manipulate action or a move action, makes a ranged attack, or leaves a square during a move action it's using.",
						"entries_as_xyz": [
							"The monster attempts a melee {@action Strike} against the triggering creature. If the attack is a critical hit and the trigger was a manipulate action, the monster disrupts that action. This {@action Strike} doesn't count toward the monster's multiple attack penalty, and its multiple attack penalty doesn't apply to this {@action Strike}."
						]
					}
				],
				"bot": [
					{
						"activity": {
							"number": 1,
							"unit": "action"
						},
						"entries": [
							"The serpent uses an action to coil itself; increasing its reach with its fangs from 5 feet to 10 feet. After the serpent strikes with its fangs, it becomes uncoiled."
						],
						"name": "Coil"
					},
					{
						"activity": {
							"number": 2,
							"unit": "action"
						},
						"entries": [
							"The serpent rattles its strange metal tail and unleashes a bolt of lightning in a 60-foot line. The bolt deals {@damage 2d10} electricity damage ({@dc 17} basic Reflex save)."
						],
						"name": "Lightning Rattle"
					}
				]
			},
			"defenses": {
				"ac": {
					"std": 19
				},
				"savingThrows": {
					"fort": {
						"std": 7
					},
					"ref": {
						"std": 10
					},
					"will": {
						"std": 7
					}
				},
				"hp": [
					{
						"hp": 27
					}
				]
			}
		},
		{
			"name": "Graytusk",
			"source": "FoP",
			"page": 40,
			"level": 3,
			"traits": [
				"unique",
				"ce",
				"medium",
				"humanoid",
				"orc"
			],
			"perception": {
				"std": 9
			},
			"senses": [
				{
					"name": "darkvision"
				}
			],
			"languages": {
				"languages": [
					"common",
					"orc"
				]
			},
			"skills": {
				"acrobatics": {
					"std": 11
				},
				"athletics": {
					"std": 8
				},
				"nature": {
					"std": 7
				},
				"survival": {
					"std": 7
				}
			},
			"abilityMods": {
				"str": 3,
				"dex": 4,
				"con": 3,
				"int": 1,
				"wis": 2,
				"cha": 0
			},
			"speed": {
				"walk": 25
			},
			"attacks": [
				{
					"range": "Melee",
					"name": "shortsword",
					"attack": 11,
					"traits": [
						"agile",
						"finesse",
						"versatile <S>"
					],
					"damage": "{@damage 1d6+5} piercing",
					"types": [
						"piercing"
					]
				},
				{
					"range": "Melee",
					"name": "fist",
					"attack": 11,
					"traits": [
						"agile",
						"finesse",
						"nonlethal",
						"unarmed"
					],
					"damage": "{@damage 1d4+5} bludgeoning",
					"types": [
						"bludgeoning"
					]
				},
				{
					"range": "Ranged",
					"name": "composite longbow",
					"attack": 11,
					"traits": [
						"deadly <1d10>",
						"propulsive",
						"range increment 100 ft.",
						"reload <0>",
						"volley 30 ft"
					],
					"damage": "{@damage 1d8+3} piercing",
					"types": [
						"piercing"
					]
				}
			],
			"abilities": {
				"mid": [
					{
						"activity": {
							"number": 1,
							"unit": "reaction"
						},
						"name": "Ferocity",
						"generic": {
							"tag": "ability"
						}
					}
				],
				"bot": [
					{
						"activity": {
							"number": 2,
							"unit": "action"
						},
						"entries": [
							"Graytusk can make two ranged {@action Strike||Strikes} against two different targets, each at a \u20132 penalty, Graytusk's multiple attack penalty increases only after both attacks are made."
						],
						"name": "Double Shot"
					}
				]
			},
			"defenses": {
				"ac": {
					"std": 21
				},
				"savingThrows": {
					"fort": {
						"std": 10
					},
					"ref": {
						"std": 11
					},
					"will": {
						"std": 7
					}
				},
				"hp": [
					{
						"hp": 47
					}
				]
			}
		},
		{
			"name": "Hallod",
			"source": "FoP",
			"page": 21,
			"level": 3,
			"traits": [
				"unique",
				"le",
				"medium",
				"human",
				"humanoid"
			],
			"perception": {
				"std": 9
			},
			"languages": {
				"languages": [
					"common"
				]
			},
			"skills": {
				"acrobatics": {
					"std": 8
				},
				"athletics": {
					"std": 11
				},
				"nature": {
					"std": 7
				},
				"stealth": {
					"std": 8
				},
				"survival": {
					"std": 7
				}
			},
			"abilityMods": {
				"str": 4,
				"dex": 3,
				"con": 1,
				"int": 0,
				"wis": 2,
				"cha": 0
			},
			"items": [
				"heavy crossbow (10 bolts)",
				"+1 kukri",
				"leather armor",
				"lesser healing potion",
				"lesser juggernaut mutagen (2)",
				"strongbox key"
			],
			"speed": {
				"walk": 30
			},
			"attacks": [
				{
					"range": "Melee",
					"name": "kukri",
					"attack": 12,
					"traits": [
						"agile",
						"trip"
					],
					"damage": "{@damage 1d6+6} slashing",
					"types": [
						"slashing"
					]
				},
				{
					"range": "Melee",
					"name": "fist",
					"attack": 11,
					"traits": [
						"agile",
						"nonlethal",
						"unarmed"
					],
					"damage": "{@damage 1d4+6} bludgeoning",
					"types": [
						"bludgeoning"
					]
				},
				{
					"range": "Ranged",
					"name": "heavy crossbow",
					"attack": 10,
					"traits": [
						"range increment 120 ft.",
						"reload <2>"
					],
					"damage": "{@damage 1d10+2} piercing",
					"types": [
						"piercing"
					]
				}
			],
			"abilities": {
				"bot": [
					{
						"activity": {
							"number": 1,
							"unit": "reaction"
						},
						"name": "Attack of Opportunity",
						"generic": {
							"tag": "ability"
						}
					},
					{
						"activity": {
							"number": 1,
							"unit": "free"
						},
						"trigger": "Hallod scores a critical hit with a melee attack.",
						"entries": [
							"Hallod can attempt an {@skill Athletics} check to {@action Shove} or {@action Trip} the target of his attack. This uses the same multiple attack penalty as the attack, but it does not count as an additional attack for that penalty."
						],
						"name": "Dirty Trick"
					},
					{
						"activity": {
							"number": 2,
							"unit": "action"
						},
						"entries": [
							"Hallod makes two {@action Strike||Strikes}, one with each hand; he usually attacks first with his kukri.",
							"If this first attack hits, the target is {@condition flat-footed} to the second attack (which for Hallod is usually a fist {@action Strike}). The multiple attack penalty applies to these attacks as normal."
						],
						"name": "One-Two Move"
					},
					{
						"entries": [
							"Attack Hallod deals {@dice 1d6} extra precision damage to {@condition flat-footed} creatures."
						],
						"name": "Sneak"
					}
				]
			},
			"defenses": {
				"ac": {
					"std": 19
				},
				"savingThrows": {
					"fort": {
						"std": 8
					},
					"ref": {
						"std": 10
					},
					"will": {
						"std": 7
					}
				},
				"hp": [
					{
						"hp": 44
					}
				]
			}
		},
		{
			"name": "Icy Rats",
			"source": "FoP",
			"page": 31,
			"level": 0,
			"traits": [
				"rare",
				"n",
				"small",
				"animal"
			],
			"perception": {
				"std": 5
			},
			"senses": [
				{
					"name": "low-light vision"
				},
				{
					"type": "imprecise",
					"name": "scent",
					"range": 30
				}
			],
			"skills": {
				"acrobatics": {
					"std": 5
				},
				"athletics": {
					"std": 3,
					"to {@action Climb} or {@action Swim}": 5
				},
				"stealth": {
					"std": 7
				}
			},
			"abilityMods": {
				"str": 1,
				"dex": 3,
				"con": 2,
				"int": -4,
				"wis": 1,
				"cha": -3
			},
			"speed": {
				"walk": 30,
				"climb": 10
			},
			"attacks": [
				{
					"range": "Melee",
					"name": "jaws",
					"attack": 7,
					"traits": [
						"agile",
						"finesse"
					],
					"damage": "{@damage 1d6+1} piercing plus 1 cold damage",
					"types": [
						"cold",
						"piercing"
					]
				}
			],
			"abilities": {
				"bot": [
					{
						"entries": [
							"When an icy rat is slain, its body explodes in a burst of frozen fur and bone, dealing {@damage 2d4} cold damage to all adjacent creatures ({@dc 14} basic Reflex save)."
						],
						"name": "Icy Death"
					}
				]
			},
			"defenses": {
				"ac": {
					"std": 16
				},
				"savingThrows": {
					"fort": {
						"std": 6
					},
					"ref": {
						"std": 7
					},
					"will": {
						"std": 3
					}
				},
				"hp": [
					{
						"hp": 15
					}
				],
				"immunities": [
					"cold"
				]
			}
		},
		{
			"name": "Lord Nar",
			"source": "FoP",
			"page": 38,
			"level": 4,
			"traits": [
				"unique",
				"ce",
				"medium",
				"humanoid",
				"orc"
			],
			"perception": {
				"std": 9
			},
			"senses": [
				{
					"name": "darkvision"
				}
			],
			"languages": {
				"languages": [
					"common",
					"orc"
				]
			},
			"skills": {
				"athletics": {
					"std": 13
				},
				"diplomacy": {
					"std": 8
				},
				"intimidation": {
					"std": 8
				}
			},
			"abilityMods": {
				"str": 5,
				"dex": 2,
				"con": 3,
				"int": -1,
				"wis": 1,
				"cha": 0
			},
			"items": [
				"bronze key",
				"+1 greatclub",
				"hatchet (2)",
				"hide armor"
			],
			"speed": {
				"walk": 30
			},
			"attacks": [
				{
					"range": "Melee",
					"name": "+1 greatclub",
					"attack": 14,
					"traits": [
						"backswing",
						"shove"
					],
					"damage": "{@damage 1d10+5} bludgeoning",
					"types": [
						"bludgeoning"
					]
				},
				{
					"range": "Melee",
					"name": "fist",
					"attack": 11,
					"traits": [
						"agile",
						"nonlethal",
						"unarmed"
					],
					"damage": "{@damage 1d4+5} bludgeoning",
					"types": [
						"bludgeoning"
					]
				},
				{
					"range": "Ranged",
					"name": "hatchet",
					"attack": 10,
					"traits": [
						"agile",
						"sweep",
						"thrown <10 feet>"
					],
					"damage": "{@damage 1d6+5} slashing",
					"types": [
						"slashing"
					]
				}
			],
			"abilities": {
				"mid": [
					{
						"activity": {
							"number": 1,
							"unit": "reaction"
						},
						"name": "Ferocity",
						"generic": {
							"tag": "ability"
						}
					}
				],
				"bot": [
					{
						"activity": {
							"number": 1,
							"unit": "reaction"
						},
						"trigger": "An adjacent foe moves away.",
						"entries": [
							"Lord Nar may move up to his speed but must end his move as close to the triggering creature as possible without entering the triggering creature's square."
						],
						"name": "No Escape"
					},
					{
						"activity": {
							"number": 1,
							"unit": "action"
						},
						"entries": [
							"Lord Nar flies into a rage that lasts 1 minute and grants him 8 temporary Hit Points, 4 additional damage with his listed attacks, and a \u20131 penalty to AC.",
							"He cannot use actions that have the {@trait concentrate} trait while raging, unless they also have the {@trait rage} trait. Once his rage ends, Nar cannot {@action Rage} again for 1 minute."
						],
						"name": "Rage"
					}
				]
			},
			"defenses": {
				"ac": {
					"std": 21
				},
				"savingThrows": {
					"fort": {
						"std": 11
					},
					"ref": {
						"std": 8
					},
					"will": {
						"std": 9
					}
				},
				"hp": [
					{
						"hp": 68
					}
				]
			}
		},
		{
			"name": "Mangy Wolves",
			"source": "FoP",
			"page": 5,
			"level": -1,
			"traits": [
				"n",
				"medium",
				"animal"
			],
			"perception": {
				"std": 5
			},
			"senses": [
				{
					"name": "low-light vision"
				},
				{
					"type": "imprecise",
					"name": "scent",
					"range": 30
				}
			],
			"skills": {
				"acrobatics": {
					"std": 4
				},
				"stealth": {
					"std": 4
				}
			},
			"abilityMods": {
				"str": 1,
				"dex": 2,
				"con": 0,
				"int": -4,
				"wis": 1,
				"cha": -2
			},
			"speed": {
				"walk": 35
			},
			"attacks": [
				{
					"range": "Melee",
					"name": "jaws",
					"attack": 6,
					"traits": [
						"finesse"
					],
					"effects": [
						"fleas"
					],
					"damage": "{@damage 1d6+1} piercing plus fleas",
					"types": [
						"piercing"
					]
				}
			],
			"abilities": {
				"bot": [
					{
						"entries": [
							"Anyone bitten by a mangy wolf is {@condition sickened|CRB|sickened 1} for 1 minute unless they succeed at a {@dc 14} Fortitude save, but they can spend an {@action Interact} action to scratch away the fleas and remove the condition."
						],
						"name": "Fleas"
					}
				]
			},
			"defenses": {
				"ac": {
					"std": 15
				},
				"savingThrows": {
					"fort": {
						"std": 4
					},
					"ref": {
						"std": 6
					},
					"will": {
						"std": 3
					}
				},
				"hp": [
					{
						"hp": 8
					}
				]
			}
		},
		{
			"name": "Mutant Wolves",
			"source": "FoP",
			"page": 27,
			"level": 3,
			"traits": [
				"rare",
				"n",
				"medium",
				"animal"
			],
			"perception": {
				"std": 9
			},
			"senses": [
				{
					"type": "precise",
					"name": "motion sense",
					"range": 30
				}
			],
			"skills": {
				"acrobatics": {
					"std": 9
				},
				"athletics": {
					"std": 11
				},
				"stealth": {
					"std": 9
				}
			},
			"abilityMods": {
				"str": 4,
				"dex": 4,
				"con": 2,
				"int": -4,
				"wis": 2,
				"cha": -2
			},
			"speed": {
				"walk": 35
			},
			"attacks": [
				{
					"range": "Melee",
					"name": "jaws",
					"attack": 11,
					"damage": "{@damage 1d8+4} piercing plus {@damage 1d6} acid",
					"types": [
						"acid",
						"piercing"
					]
				}
			],
			"abilities": {
				"bot": [
					{
						"activity": {
							"number": 1,
							"unit": "reaction"
						},
						"traits": [
							"acid"
						],
						"trigger": "A creature critically hits a mutant wolf while adjacent to it.",
						"entries": [
							"The wound causes gore to spray from a ruptured pustule. The triggering creature takes {@damage 3d6} acid damage ({@dc 19} basic Reflex save). This occurs even if the attack kills the wolf."
						],
						"name": "Gore Spray"
					},
					{
						"activity": {
							"number": 1,
							"unit": "action"
						},
						"trigger": "The wolf dealt damage to a creature with its jaws during the previous action.",
						"entries": [
							"The wolf tears at the creature's flesh, dealing {@damage 1d6+2} slashing damage and 1 {@condition persistent damage||persistent acid damage}."
						],
						"name": "Tear"
					}
				]
			},
			"defenses": {
				"ac": {
					"std": 19
				},
				"savingThrows": {
					"fort": {
						"std": 9
					},
					"ref": {
						"std": 11
					},
					"will": {
						"std": 7
					}
				},
				"hp": [
					{
						"hp": 45
					}
				]
			}
		},
		{
			"name": "Stone Horse",
			"source": "FoP",
			"page": 30,
			"level": 2,
			"traits": [
				"unique",
				"n",
				"large",
				"animal"
			],
			"perception": {
				"std": 6
			},
			"senses": [
				{
					"name": "low-light vision"
				},
				{
					"type": "imprecise",
					"name": "scent",
					"range": 30
				}
			],
			"skills": {
				"acrobatics": {
					"std": 5
				},
				"athletics": {
					"std": 10
				}
			},
			"abilityMods": {
				"str": 4,
				"dex": 1,
				"con": 5,
				"int": -4,
				"wis": 2,
				"cha": -1
			},
			"speed": {
				"walk": 30
			},
			"attacks": [
				{
					"range": "Melee",
					"name": "hoof",
					"attack": 10,
					"damage": "{@damage 1d8+4} bludgeoning",
					"types": [
						"bludgeoning"
					]
				}
			],
			"abilities": {
				"bot": [
					{
						"entries": [
							"The hooves of the stone horse are as hard as iron; if the horse makes a Hoof {@action Strike} and gets a critical hit, the target's armor is damaged as well, the attack dealing as much damage to the armor as it dealt to the target (Hardness applies as normal). If the target uses shield block against the stone horse's critical hit with a hoof attack, treat the shield's Hardness as 5 points lower (minimum 0)."
						],
						"name": "Shattering Hooves"
					}
				]
			},
			"defenses": {
				"ac": {
					"std": 16
				},
				"savingThrows": {
					"fort": {
						"std": 11
					},
					"ref": {
						"std": 5
					},
					"will": {
						"std": 8
					}
				},
				"hp": [
					{
						"hp": 30
					}
				]
			}
		},
		{
			"name": "The Amalgam",
			"source": "FoP",
			"page": 44,
			"level": 4,
			"traits": [
				"unique",
				"ce",
				"large",
				"aberration"
			],
			"perception": {
				"std": 11
			},
			"senses": [
				{
					"name": "darkvision"
				},
				{
					"type": "imprecise",
					"name": "scent",
					"range": 30
				}
			],
			"languages": {
				"languages": [
					"common",
					"elven",
					"goblin",
					"orc"
				]
			},
			"skills": {
				"athletics": {
					"std": 15
				},
				"intimidation": {
					"std": 10
				}
			},
			"abilityMods": {
				"str": 5,
				"dex": 2,
				"con": 4,
				"int": 2,
				"wis": 1,
				"cha": 0
			},
			"speed": {
				"walk": 20,
				"climb": 10,
				"swim": 10
			},
			"attacks": [
				{
					"range": "Melee",
					"name": "fist",
					"attack": 14,
					"traits": [
						"agile"
					],
					"damage": "{@damage 1d6+5} bludgeoning",
					"types": [
						"bludgeoning"
					]
				},
				{
					"range": "Melee",
					"name": "claw",
					"attack": 14,
					"damage": "{@damage 1d8+5} slashing",
					"types": [
						"slashing"
					]
				},
				{
					"range": "Melee",
					"name": "jaws",
					"attack": 12,
					"damage": "{@damage 1d10+5} piercing",
					"types": [
						"piercing"
					]
				},
				{
					"range": "Melee",
					"name": "tail",
					"attack": 12,
					"effects": [
						"{@action Trip}"
					],
					"damage": "{@damage 1d8+5} bludgeoning plus {@action Trip}",
					"types": [
						"bludgeoning"
					]
				}
			],
			"abilities": {
				"mid": [
					{
						"entries": [
							"Amalgam has many consciousnesses floating inside its mind, and they are not equally affected by mental magic. The Amalgam always treats its saving throws against {@trait mental} effects as one degree better."
						],
						"name": "Many Minds The"
					}
				],
				"bot": [
					{
						"activity": {
							"number": 2,
							"unit": "action"
						},
						"entries": [
							"The amalgam can make up to four {@action Strike||Strikes}, one with each of its listed melee attacks, but no more than two at any one target. It takes a \u20132 penalty to each attack, but the multiple attack penalty does not increase until all the attacks are made."
						],
						"name": "Too Many Limbs"
					}
				]
			},
			"defenses": {
				"ac": {
					"std": 20
				},
				"savingThrows": {
					"fort": {
						"std": 12
					},
					"ref": {
						"std": 10
					},
					"will": {
						"std": 9
					}
				},
				"hp": [
					{
						"hp": 65
					}
				]
			}
		},
		{
			"name": "The Behemoth",
			"source": "FoP",
			"page": 47,
			"level": 3,
			"traits": [
				"unique",
				"n",
				"large",
				"construct"
			],
			"perception": {
				"std": 7
			},
			"senses": [
				{
					"name": "darkvision"
				}
			],
			"languages": {
				"languages": [
					"common (can't speak)"
				],
				"abilities": [
					"empathy link"
				]
			},
			"skills": {
				"athletics": {
					"std": 12
				},
				"intimidation": {
					"std": 7
				}
			},
			"abilityMods": {
				"str": 5,
				"dex": 1,
				"con": 4,
				"int": 0,
				"wis": 0,
				"cha": -2
			},
			"speed": {
				"walk": 20
			},
			"attacks": [
				{
					"range": "Melee",
					"name": "fist",
					"attack": 12,
					"traits": [
						"reach <10 feet>"
					],
					"damage": "{@damage 2d6+5} bludgeoning",
					"types": [
						"bludgeoning"
					]
				}
			],
			"abilities": {
				"top": [
					{
						"traits": [
							"arcane",
							"divination",
							"mental"
						],
						"entries": [
							"The behemoth can't speak, but its mind is linked to its creator. It can share basic emotional information with its creator, such as fear, happiness, or anger. If the behemoth is destroyed, its master automatically knows this. The range of this link is 1,500 feet."
						],
						"name": "Empathy Link"
					}
				],
				"bot": [
					{
						"activity": {
							"number": 1,
							"unit": "reaction"
						},
						"name": "Attack of Opportunity",
						"generic": {
							"tag": "ability"
						}
					},
					{
						"activity": {
							"number": 2,
							"unit": "action"
						},
						"entries": [
							"The behemoth makes a melee {@action Strike} and, if the attack hits, it can push the creature back 10 feet (20 feet on a critical hit). The target must succeed at a {@dc 19} Fortitude save or be knocked {@condition prone} by this attack."
						],
						"name": "Massive Strike"
					},
					{
						"activity": {
							"number": 2,
							"unit": "action"
						},
						"entries": [
							"The behemoth can stomp on the ground, causing all creatures within 10 feet to fall {@condition prone} ({@dc 19} Reflex save negates)."
						],
						"name": "Stomp"
					}
				]
			},
			"defenses": {
				"ac": {
					"std": 17
				},
				"savingThrows": {
					"fort": {
						"std": 11
					},
					"ref": {
						"std": 6
					},
					"will": {
						"std": 7
					}
				},
				"hp": [
					{
						"hp": 60
					}
				],
				"immunities": [
					"bleed",
					"death effects",
					"disease"
				]
			}
		},
		{
			"name": "The Sculptor",
			"source": "FoP",
			"page": 34,
			"level": 4,
			"traits": [
				"unique",
				"ce",
				"medium",
				"humanoid",
				"orc"
			],
			"perception": {
				"std": 9
			},
			"senses": [
				{
					"name": "darkvision"
				}
			],
			"languages": {
				"languages": [
					"common",
					"orcish"
				]
			},
			"skills": {
				"acrobatics": {
					"std": 9
				},
				"crafting": {
					"std": 13
				},
				"diplomacy": {
					"std": 8
				},
				"medicine": {
					"std": 9
				},
				"stealth": {
					"std": 9
				}
			},
			"abilityMods": {
				"str": 1,
				"dex": 3,
				"con": 3,
				"int": 4,
				"wis": 1,
				"cha": 0
			},
			"speed": {
				"walk": 25
			},
			"attacks": [
				{
					"range": "Melee",
					"name": "orc knuckle dagger",
					"attack": 7,
					"traits": [
						"agile",
						"disarm"
					],
					"damage": "{@damage 1d6+1} piercing",
					"types": [
						"piercing"
					]
				},
				{
					"range": "Melee",
					"name": "fist",
					"attack": 9,
					"traits": [
						"agile",
						"finesse",
						"nonlethal",
						"unarmed"
					],
					"damage": "{@damage 1d4+1} bludgeoning",
					"types": [
						"bludgeoning"
					]
				},
				{
					"range": "Ranged",
					"name": "alchemical bomb",
					"attack": 12,
					"traits": [
						"range increment <20 feet>",
						"splash"
					],
					"effects": [
						"varies by bomb"
					]
				}
			],
			"abilities": {
				"top": [
					{
						"entries": [
							"+8, {@skill Medicine} +9, {@skill Stealth} +9 Str +1, Dex +3, Con +3, Int +4, Wis +1"
						],
						"name": "Diplomacy"
					},
					{
						"entries": [
							"+0 Items crafter's eyepiece, lesser bomber's eye elixir, orc knuckle dagger, studded leather armor."
						],
						"name": "Cha"
					}
				],
				"mid": [
					{
						"activity": {
							"number": 1,
							"unit": "reaction"
						},
						"name": "Ferocity",
						"generic": {
							"tag": "ability"
						}
					}
				],
				"bot": [
					{
						"entries": [
							"Sculptor has used his alchemy ability to create 4 moderate alchemist's fire, 2 lesser elixirs of life, and 4 moderate frost vials. These are infusions. He can spend an action to create an additional vial of any one of those, lesser bottled lightning, or a lesser acid flask."
						],
						"name": "Alchemy The"
					},
					{
						"activity": {
							"number": 1,
							"unit": "action"
						},
						"entries": [
							"The Sculptor can use {@action Interact} to draw a bomb and then {@action Strike} with it."
						],
						"name": "Quick Bomber"
					}
				]
			},
			"defenses": {
				"ac": {
					"std": 21
				},
				"savingThrows": {
					"fort": {
						"std": 11
					},
					"ref": {
						"std": 11
					},
					"will": {
						"std": 7
					}
				},
				"hp": [
					{
						"hp": 54
					}
				]
			}
		},
		{
			"name": "Vilree",
			"source": "FoP",
			"page": 47,
			"level": 5,
			"traits": [
				"unique",
				"le",
				"medium",
				"elf",
				"human",
				"humanoid"
			],
			"perception": {
				"std": 10
			},
			"languages": {
				"languages": [
					"common",
					"elven"
				]
			},
			"skills": {
				"acrobatics": {
					"std": 11
				},
				"arcana": {
					"std": 11
				},
				"crafting": {
					"std": 13
				},
				"diplomacy": {
					"std": 7
				},
				"intimidation": {
					"std": 7
				},
				"stealth": {
					"std": 11
				}
			},
			"abilityMods": {
				"str": 1,
				"dex": 4,
				"con": 2,
				"int": 4,
				"wis": 1,
				"cha": 0
			},
			"items": [
				"alchemical crossbow",
				"belt pouch (2 pp, 38 gp, 4 sp)",
				"bracers of missile deflection",
				"daggers (2)",
				"key",
				"leather armor",
				"lesser potion of fire resistance",
				"lesser juggernaut mutagen",
				"lesser stone body mutagen",
				"+1 striking dagger",
				"moderate acid energy mutagen"
			],
			"speed": {
				"walk": 25
			},
			"attacks": [
				{
					"range": "Melee",
					"name": "dagger",
					"attack": 14,
					"traits": [
						"agile",
						"finesse",
						"thrown <10 feet>",
						"versatile"
					],
					"damage": "{@damage 2d4+1} piercing",
					"types": [
						"piercing"
					]
				},
				{
					"range": "Melee",
					"name": "fist",
					"attack": 13,
					"traits": [
						"agile",
						"finesse",
						"nonlethal",
						"unarmed"
					],
					"damage": "{@damage 1d4+1} bludgeoning",
					"types": [
						"bludgeoning"
					]
				},
				{
					"range": "Ranged",
					"name": "alchemical crossbow",
					"attack": 13,
					"traits": [
						"range increment <30 feet>",
						"reload <1>"
					],
					"effects": [
						"alchemy"
					],
					"damage": "{@damage 1d8} piercing plus alchemy",
					"types": [
						"piercing"
					]
				},
				{
					"range": "Ranged",
					"name": "bomb",
					"attack": 13,
					"traits": [
						"thrown <30 feet>"
					],
					"damage": [
						"as per bomb"
					]
				}
			],
			"abilities": {
				"bot": [
					{
						"name": "Alchemical Crossbow",
						"entries": [
							"Vilree's crossbow can deliver bolts that are alchemically infused. As an action, she can slot an alchemical bomb into the crossbow, and the next 3 attacks she makes with it deal {@damage 1d6} damage of the type dealt by the bomb. These attacks never deal {@trait splash} damage."
						]
					},
					{
						"name": "Alchemy",
						"entries": [
							"Vilree has used her alchemy ability to create 4 moderate acid flasks, 6 moderate alchemist's fire, 2 moderate bottled lightnings, 3 lesser elixirs of life, and 2 lesser tanglefoot bags. These are infusions. She can spend an action to create an additional vial of any one of these items, or any of the items listed as formulas in her book."
						]
					},
					{
						"name": "Far Lob",
						"entries": [
							"Vilree's bombs have a range increment of 30 feet."
						]
					},
					{
						"name": "Quick Bomber",
						"activity": {
							"number": 1,
							"unit": "action"
						},
						"entries": [
							"Vilree can interact to draw a bomb and then make a {@action Strike} with it."
						],
						"generic": {
							"tag": "feat"
						}
					}
				]
			},
			"defenses": {
				"ac": {
					"std": 22
				},
				"savingThrows": {
					"fort": {
						"std": 11
					},
					"ref": {
						"std": 13
					},
					"will": {
						"std": 8
					}
				},
				"hp": [
					{
						"hp": 68
					}
				]
			}
		},
		{
			"name": "Vine Lasher",
			"source": "FoP",
			"page": 62,
			"level": 0,
			"traits": [
				"n",
				"small",
				"plant"
			],
			"perception": {
				"std": 4
			},
			"senses": [
				{
					"type": "imprecise",
					"name": "{@ability tremorsense}",
					"range": 30
				}
			],
			"skills": {
				"athletics": {
					"std": 6
				},
				"stealth": {
					"std": 5
				}
			},
			"abilityMods": {
				"str": 2,
				"dex": 3,
				"con": 2,
				"int": -4,
				"wis": 0,
				"cha": 0
			},
			"speed": {
				"walk": 25
			},
			"attacks": [
				{
					"range": "Melee",
					"name": "vine",
					"attack": 7,
					"traits": [
						"agile",
						"finesse",
						"reach <10 feet>"
					],
					"effects": [
						"{@dice 1d8+2}",
						"Grab"
					],
					"damage": "{@dice 1d8+2} plus Grab",
					"types": []
				}
			],
			"abilities": {
				"bot": [
					{
						"entries": [
							"A creature {@condition grabbed} by a vine lasher is not {@condition immobilized}, but the {@condition grabbed} creature's space and every adjacent square use the rules for {@quickref difficult terrain||3|terrain}. If the creature moves, the vine lasher moves with it, always keeping the {@condition grabbed} creature within 10 feet of itself. If two or more vine lashers have a creature {@condition grabbed} in this way, then the target's space and adjacent square instead use the rules for {@quickref greater difficult terrain||3|terrain}."
						],
						"name": "Light Hold"
					}
				]
			},
			"defenses": {
				"ac": {
					"std": 16
				},
				"savingThrows": {
					"fort": {
						"std": 6
					},
					"ref": {
						"std": 7
					},
					"will": {
						"std": 4
					}
				},
				"hp": [
					{
						"hp": 15
					}
				]
			},
			"hasImages": true
		}
	]
}
