{
	"B1": "creatures-b1.json",
	"B2": "creatures-b2.json",
	"B3": "creatures-b3.json",
	"GMG": "creatures-gmg.json",
	"LOME": "creatures-lome.json",
	"LOMM": "creatures-lomm.json",
	"LOIL": "creatures-loil.json",
	"CRB": "creatures-crb.json",
	"AoA1": "creatures-aoa1.json",
	"AoA2": "creatures-aoa2.json",
	"AoA3": "creatures-aoa3.json",
	"AoA4": "creatures-aoa4.json",
	"AoA5": "creatures-aoa5.json",
	"AoA6": "creatures-aoa6.json",
	"AoE1": "creatures-aoe1.json",
	"AoE2": "creatures-aoe2.json",
	"AoE3": "creatures-aoe3.json",
	"AoE4": "creatures-aoe4.json",
	"AoE5": "creatures-aoe5.json",
	"AoE6": "creatures-aoe6.json",
	"AV1": "creatures-av1.json",
	"AV2": "creatures-av2.json",
	"AV3": "creatures-av3.json",
	"EC1": "creatures-ec1.json",
	"EC2": "creatures-ec2.json",
	"EC3": "creatures-ec3.json",
	"EC4": "creatures-ec4.json",
	"EC5": "creatures-ec5.json",
	"EC6": "creatures-ec6.json",
	"FoP": "creatures-fop.json",
	"FRP1": "creatures-frp1.json",
	"FRP2": "creatures-frp2.json",
	"FRP3": "creatures-frp3.json",
	"LTiBA": "creatures-ltiba.json",
	"Sli": "creatures-sli.json",
	"SoT1": "creatures-sot1.json",
	"SoT2": "creatures-sot2.json",
	"TiO": "creatures-tio.json",
	"BotD": "creatures-botd.json",
	"SoT3": "creatures-sot3.json",
	"SoT4": "creatures-sot4.json",
	"SoT5": "creatures-sot5.json",
	"SoT6": "creatures-sot6.json",
	"OoA1": "creatures-ooa1.json",
	"OoA2": "creatures-ooa2.json",
	"OoA3": "creatures-ooa3.json",
	"DA": "creatures-da.json",
	"NGD": "creatures-ngd.json",
	"BB": "creatures-bb.json",
	"POS1": "creatures-pos1.json",
	"AFoF": "creatures-afof.json",
	"TaL": "creatures-tal.json",
	"ToK": "creatures-tok.json",
	"GW1": "creatures-gw1.json",
	"GW2": "creatures-gw2.json",
	"GW3": "creatures-gw3.json",
	"SoG1": "creatures-sog1.json",
	"SoG2": "creatures-sog2.json",
	"SoG3": "creatures-sog3.json",
	"SoG4": "creatures-sog4.json",
	"WtD5": "creatures-wtd5.json",
	"LOTXWG": "creatures-lotxwg.json",
	"LOACLO": "creatures-loaclo.json",
	"DaLl": "creatures-dall.json",
	"MotM": "creatures-motm.json",
	"Mal": "creatures-mal.json",
	"TEC": "creatures-tec.json",
	"SaS": "creatures-sas.json",
	"LOCG": "creatures-locg.json",
	"Rust": "creatures-rust.json"
}
