{
	"creature": [
		{
			"name": "Accursed Forge-spurned",
			"source": "AoA4",
			"page": 32,
			"level": 15,
			"traits": [
				"rare",
				"ne",
				"large",
				"fire",
				"undead"
			],
			"perception": {
				"std": 26
			},
			"senses": [
				{
					"name": "darkvision"
				}
			],
			"languages": {
				"languages": [
					"common",
					"dwarven",
					"undercommon"
				]
			},
			"skills": {
				"athletics": {
					"std": 29
				},
				"crafting": {
					"std": 30
				},
				"droskar lore": {
					"std": 26
				}
			},
			"abilityMods": {
				"str": 8,
				"dex": 4,
				"con": 6,
				"int": 3,
				"wis": 5,
				"cha": 2
			},
			"items": [
				"+2 resilient full plate",
				"soul chain (+2 greater striking flaming adamantine spiked chain, 11th level)",
				"+2 striking adamantine warhammer"
			],
			"speed": {
				"walk": 20
			},
			"attacks": [
				{
					"range": "Melee",
					"name": "soul chain",
					"attack": 31,
					"traits": [
						"disarm",
						"finesse",
						"reach",
						"trip"
					],
					"effects": [
						"soul siphon"
					],
					"damage": "{@damage 3d8+14} slashing plus {@damage 1d6} fire and soul siphon",
					"types": [
						"fire",
						"slashing"
					]
				},
				{
					"range": "Melee",
					"name": "warhammer",
					"attack": 31,
					"traits": [
						"shove"
					],
					"damage": "{@damage 2d8+14} bludgeoning",
					"types": [
						"bludgeoning"
					]
				}
			],
			"abilities": {
				"mid": [
					{
						"traits": [
							"divine",
							"necromancy"
						],
						"entries": [
							"As long as its {@i soul chain} remains intact, the accursed forge-spurned can't be truly destroyed and rises again fully healed at the next sundown, even if its physical body was destroyed. Information about soul chains appears on page 83."
						],
						"name": "Eternal Damnation"
					},
					{
						"traits": [
							"fire"
						],
						"entries": [
							"A creature that touches the accursed forge-spurned (including {@action Grapple||grappling} it or hitting it with an {@trait unarmed} attack) takes {@damage 4d6} fire damage ({@dc 33} basic Reflex save)."
						],
						"name": "Searing Heat"
					}
				],
				"bot": [
					{
						"activity": {
							"number": 2,
							"unit": "action"
						},
						"requirements": "The accursed forge-spurned has used Forge Breath.",
						"entries": [
							"The accursed forge-spurned re-inflates its flaccid lungs, enabling it to use Forge Breath again."
						],
						"name": "Inflate Bellows"
					},
					{
						"activity": {
							"number": 2,
							"unit": "action"
						},
						"traits": [
							"divine",
							"evocation",
							"fire"
						],
						"entries": [
							"The accursed forge-spurned breathes a cloud of stinging soot, ash, and glowing embers. This can affect either a 30-foot cone or a 20-foot burst centered on the accursed forge-spurned and persists for {@dice 1d4} rounds. Creatures that move into or start their turn in the area take {@damage 12d6} fire damage ({@dc 36} basic Reflex save). A creature that fails its save is also {@condition blinded} for 1 minute. Creatures within the cloud are {@condition concealed}, though not from the accursed forge-spurned. The accursed forge-spurned can't use Forge Breath again until it has used Inflate Bellows."
						],
						"name": "Forge Breath"
					},
					{
						"traits": [
							"divine",
							"fire",
							"necromancy"
						],
						"entries": [
							"If a creature is slain by an attack from the {@i soul chain} and the accursed forge-spurned is able to retain the creature's corpse, it can bind the creature's soul into the {@i soul chain} (as {@spell bind soul}) with a day of work at a forge and a {@dc 20} {@skill Crafting} check. An individual whose soul is bound in this way can't be resurrected unless the {@i soul chain} is destroyed (Hardness 10, 40 HP, BT 20)."
						],
						"name": "Soul Chain"
					},
					{
						"traits": [
							"divine",
							"necromancy"
						],
						"entries": [
							"When the accursed forge-spurned critically hits a target with its {@i soul chain}, the chain leeches away a portion of the target's soul. The target must attempt a {@dc 36} Fortitude save.",
							{
								"type": "successDegree",
								"entries": {
									"Critical Success": "The target is unaffected.",
									"Success": "The target is {@condition drained|CRB|drained 1}.",
									"Failure": "The target is {@condition drained|CRB|drained 2}.",
									"Critical Failure": "The target is {@condition drained|CRB|drained 2} and {@condition stunned|CRB|stunned 2} from the pain."
								}
							}
						],
						"name": "Soul Siphon"
					}
				]
			},
			"defenses": {
				"ac": {
					"std": 37
				},
				"savingThrows": {
					"fort": {
						"std": 28
					},
					"ref": {
						"std": 24
					},
					"will": {
						"std": 25
					}
				},
				"hp": [
					{
						"hp": 285,
						"abilities": [
							"eternal damnation",
							"negative healing"
						]
					}
				],
				"immunities": [
					"death effects",
					"disease",
					"fire",
					"paralyzed",
					"poison",
					"unconscious"
				],
				"weaknesses": [
					{
						"amount": 10,
						"name": "cold"
					}
				]
			}
		},
		{
			"name": "Carnivorous Crystal",
			"source": "AoA4",
			"page": 76,
			"level": 11,
			"traits": [
				"n",
				"medium",
				"earth",
				"mindless",
				"ooze"
			],
			"perception": {
				"std": 15
			},
			"senses": [
				{
					"name": "motion sense",
					"range": 60
				},
				{
					"name": "no vision"
				}
			],
			"skills": {
				"athletics": {
					"std": 24
				}
			},
			"abilityMods": {
				"str": 7,
				"dex": -5,
				"con": 5,
				"int": -5,
				"wis": 0,
				"cha": -5
			},
			"speed": {
				"walk": 10,
				"climb": 10
			},
			"attacks": [
				{
					"range": "Melee",
					"name": "pseudopod",
					"attack": 24,
					"traits": [
						"versatile <s>"
					],
					"damage": "{@damage 4d8+7} piercing",
					"types": [
						"piercing"
					]
				}
			],
			"abilities": {
				"top": [
					{
						"entries": [
							"A carnivorous crystal can sense nearby motion through vibration and air movement."
						],
						"name": "Motion Sense"
					}
				],
				"mid": [
					{
						"entries": [
							"Whenever the carnivorous crystal takes a critical hit from an attack that deals bludgeoning or sonic damage, or it critically fails its saving throw against an effect that deals bludgeoning or sonic damage, it might split. If the carnivorous crystal has at least 15 HP remaining after taking the damage, it splits into two identical crystals, each with half the original's Hit Points. When the carnivorous crystal splits, one crystal remains in the same space and the other appears in an adjacent unoccupied space. If no adjacent space is unoccupied, the crystal automatically pushes creatures out of the way to fill a space."
						],
						"name": "Split"
					},
					{
						"traits": [
							"auditory",
							"aura",
							"mental"
						],
						"entries": [
							"60 feet. A creature that enters or starts its turn within the aura must succeed at a {@dc 28} Will save or become {@condition stunned|CRB|stunned 1}."
						],
						"name": "Subsonic Hum"
					}
				],
				"bot": [
					{
						"activity": {
							"number": 1,
							"unit": "action"
						},
						"traits": [
							"attack"
						],
						"requirements": "The crystal has a creature engulfed.",
						"entries": [
							"The engulfed creature must succeed at a {@dc 28} Fortitude save or become {@condition slowed|CRB|slowed 1} until it is no longer engulfed. If the creature is already {@condition slowed}, it becomes {@condition petrified} as it is turned into crystal and expelled by the carnivorous crystal onto the ground. In {@dice 1d4} hours, the {@condition petrified} victim shatters and a new carnivorous crystal emerges from the remains."
						],
						"name": "Crystallize"
					},
					{
						"activity": {
							"number": 2,
							"unit": "action"
						},
						"entries": [
							"{@dc 28}, {@damage 2d6} slashing, {@action Escape} {@dc 28}, Rupture 25 (bludgeoning only)."
						],
						"name": "Engulf",
						"generic": {
							"tag": "ability"
						}
					},
					{
						"activity": {
							"number": 2,
							"unit": "action"
						},
						"traits": [
							"concentrate"
						],
						"entries": [
							"Until the next time it acts, the carnivorous crystal appears to be a mundane crystal formation. It has an automatic result of 40 on {@skill Deception} and {@skill Stealth} checks and DCs to pass as a crystal formation."
						],
						"name": "Freeze"
					},
					{
						"entries": [
							"If a carnivorous crystal hits with an attack and rolls a natural 19 on the d20 roll, the attack is a critical hit. This has no effect if the 19 would be a failure."
						],
						"name": "Razor Sharp"
					}
				]
			},
			"defenses": {
				"ac": {
					"std": 20
				},
				"savingThrows": {
					"fort": {
						"std": 20
					},
					"ref": {
						"std": 10
					},
					"will": {
						"std": 15
					}
				},
				"hp": [
					{
						"hp": 300
					}
				],
				"immunities": [
					"acid",
					"critical hits (except bludgeoning or sonic)",
					"mental",
					"precision",
					"unconscious",
					"visual"
				],
				"weaknesses": [
					{
						"amount": 10,
						"name": "sonic"
					}
				],
				"resistances": [
					{
						"amount": 10,
						"name": "piercing"
					},
					{
						"amount": 10,
						"name": "slashing"
					}
				]
			},
			"hasImages": true
		},
		{
			"name": "Corrupt Guard",
			"source": "AoA4",
			"page": 27,
			"level": 12,
			"traits": [
				"rare",
				"le",
				"medium",
				"dwarf",
				"humanoid"
			],
			"perception": {
				"std": 22
			},
			"senses": [
				{
					"name": "darkvision"
				}
			],
			"languages": {
				"languages": [
					"common",
					"dwarven"
				]
			},
			"skills": {
				"athletics": {
					"std": 25
				},
				"diplomacy": {
					"std": 19
				},
				"intimidation": {
					"std": 21
				},
				"society": {
					"std": 20
				},
				"stealth": {
					"std": 25
				}
			},
			"abilityMods": {
				"str": 7,
				"dex": 3,
				"con": 5,
				"int": 0,
				"wis": 4,
				"cha": 1
			},
			"items": [
				"+1 resilient breastplate",
				"+1 composite shortbow (50 arrows)",
				"key to Chiselrock's Prison",
				"+1 striking maul"
			],
			"speed": {
				"walk": 20
			},
			"attacks": [
				{
					"range": "Melee",
					"name": "maul",
					"attack": 28,
					"traits": [
						"shove"
					],
					"damage": "{@damage 2d12+15} bludgeoning",
					"types": [
						"bludgeoning"
					]
				},
				{
					"range": "Ranged",
					"name": "composite shortbow",
					"attack": 25,
					"traits": [
						"deadly <1d10>",
						"range increment <60 feet>",
						"reload <0>"
					],
					"damage": "{@damage 1d8+8} piercing",
					"types": [
						"piercing"
					]
				}
			],
			"abilities": {
				"mid": [
					{
						"activity": {
							"number": 1,
							"unit": "reaction"
						},
						"name": "Attack of Opportunity",
						"generic": {
							"tag": "ability"
						}
					}
				],
				"bot": [
					{
						"activity": {
							"number": 2,
							"unit": "action"
						},
						"entries": [
							"A corrupt guard can dash their foe to the ground with a single blow. They attempt a single melee {@action Strike}. If this {@action Strike} hits, they also apply the critical success effect of a {@action Trip}. If they used a two-handed melee weapon (such as a maul) for the {@action Strike}, they can use the weapon's damage die size instead of the regular die size for the damage from a critical {@action Trip}, and they ignore {@action Trip}'s requirement to have a hand free."
						],
						"name": "Improved Knockdown",
						"generic": {
							"tag": "ability"
						}
					}
				]
			},
			"defenses": {
				"ac": {
					"std": 32
				},
				"savingThrows": {
					"fort": {
						"std": 24
					},
					"ref": {
						"std": 20
					},
					"will": {
						"std": 21
					}
				},
				"hp": [
					{
						"hp": 215
					}
				]
			}
		},
		{
			"name": "Dalos",
			"source": "AoA4",
			"page": 77,
			"level": 13,
			"traits": [
				"uncommon",
				"ce",
				"huge",
				"earth",
				"fey",
				"fire"
			],
			"perception": {
				"std": 23
			},
			"senses": [
				{
					"name": "low-light vision"
				}
			],
			"languages": {
				"languages": [
					"ignan",
					"sylvan",
					"terran"
				]
			},
			"skills": {
				"athletics": {
					"std": 29
				},
				"nature": {
					"std": 23
				},
				"survival": {
					"std": 23
				}
			},
			"abilityMods": {
				"str": 8,
				"dex": 4,
				"con": 6,
				"int": 2,
				"wis": 4,
				"cha": 2
			},
			"speed": {
				"walk": 30,
				"burrow": 20,
				"climb": 20
			},
			"attacks": [
				{
					"range": "Melee",
					"name": "fist",
					"attack": 27,
					"traits": [
						"reach <15 feet>"
					],
					"damage": "{@damage 3d8+11} bludgeoning plus {@damage 2d6} fire",
					"types": [
						"bludgeoning",
						"fire"
					]
				},
				{
					"range": "Ranged",
					"name": "rock",
					"attack": 25,
					"traits": [
						"range increment <150 feet>"
					],
					"damage": "{@damage 2d10+11} bludgeoning",
					"types": [
						"bludgeoning"
					]
				}
			],
			"spellcasting": [
				{
					"type": "Innate",
					"tradition": "primal",
					"DC": 31,
					"entry": {
						"7": {
							"spells": [
								{
									"name": "earthbind",
									"amount": 3
								},
								{
									"name": "slow"
								},
								{
									"name": "stinking cloud"
								}
							]
						}
					}
				}
			],
			"abilities": {
				"mid": [
					{
						"traits": [
							"aura",
							"fire"
						],
						"entries": [
							"10 feet, {@damage 3d6} fire damage ({@dc 29} basic Reflex save)"
						],
						"name": "Volcanic Heat"
					},
					{
						"traits": [
							"fire"
						],
						"entries": [
							"Whenever the dalos takes damage from a melee {@action Strike}, magma splashes from its open wound and sticks to nearby creatures.",
							"Each creature in a 10-foot emanation must attempt a {@dc 31} Reflex save. On a failure, the creature takes {@damage 3d6} {@condition persistent damage||persistent fire damage} as the superheated rock sticks to them and cools. The DC to end this {@condition persistent damage} decreases by 5 each turn after the first as the magma cools."
						],
						"name": "Magma Splash"
					}
				],
				"bot": [
					{
						"activity": {
							"number": 3,
							"unit": "action"
						},
						"entries": [
							"The dalos blasts smoke from its head, creating a 20-foot-radius cloud of smoke that drifts to a location within 120 feet. This has the effects of {@spell obscuring mist}."
						],
						"name": "Belch Smoke"
					},
					{
						"activity": {
							"number": 1,
							"unit": "action"
						},
						"traits": [
							"fire"
						],
						"entries": [
							"The dalos uses an {@action Interact} action to pluck a rock from its body or the nearby environment, then uses its internal fires to heat a rock it's holding until the rock is red hot. A heated rock that hits a target on a ranged {@action Strike} deals an additional {@damage 4d6} fire damage. Once the dalos heats a rock, that rock retains its heat for 2 rounds before cooling."
						],
						"name": "Heat Rock"
					},
					{
						"activity": {
							"number": 2,
							"unit": "action"
						},
						"traits": [
							"earth",
							"fire"
						],
						"entries": [
							"The dalos causes a volcanic explosion to erupt from its head, lobbing a mass of molten rock up to 100 feet. This lava bomb deals {@damage 6d8} fire damage and {@damage 6d8} bludgeoning damage to each creature in a 20-foot radius of its impact point, with a {@dc 33} basic Reflex save. The dalos can't use Lava Bomb again for {@dice 1d4} rounds."
						],
						"name": "Lava Bomb"
					},
					{
						"activity": {
							"number": 1,
							"unit": "action"
						},
						"name": "Throw Rock",
						"generic": {
							"tag": "ability"
						}
					}
				]
			},
			"defenses": {
				"ac": {
					"std": 34
				},
				"savingThrows": {
					"fort": {
						"std": 27
					},
					"ref": {
						"std": 19
					},
					"will": {
						"std": 23
					}
				},
				"hp": [
					{
						"hp": 240
					}
				],
				"immunities": [
					"fire"
				],
				"weaknesses": [
					{
						"amount": 10,
						"name": "cold"
					},
					{
						"amount": 10,
						"name": "cold iron"
					}
				],
				"resistances": [
					{
						"amount": 15,
						"name": "physical",
						"note": "except bludgeoning"
					}
				]
			},
			"hasImages": true
		},
		{
			"name": "Deculi",
			"source": "AoA4",
			"page": 78,
			"level": 12,
			"traits": [
				"ne",
				"large",
				"beast"
			],
			"perception": {
				"std": 23
			},
			"senses": [
				{
					"name": "infrared vision",
					"range": 60
				},
				{
					"name": "no vision"
				}
			],
			"languages": {
				"languages": [
					"undercommon (can't speak any language)"
				]
			},
			"skills": {
				"acrobatics": {
					"std": 24
				},
				"athletics": {
					"std": 24
				},
				"stealth": {
					"std": 26
				}
			},
			"abilityMods": {
				"str": 5,
				"dex": 7,
				"con": 4,
				"int": -3,
				"wis": 1,
				"cha": 5
			},
			"speed": {
				"abilities": [
					"walk in shadow"
				],
				"walk": 30,
				"climb": 30,
				"fly": 50
			},
			"attacks": [
				{
					"range": "Melee",
					"name": "fangs",
					"attack": 24,
					"damage": "{@damage 3d12+11} piercing",
					"types": [
						"piercing"
					]
				},
				{
					"range": "Melee",
					"name": "wing",
					"attack": 26,
					"traits": [
						"agile",
						"finesse"
					],
					"damage": "{@damage 3d8+11} bludgeoning",
					"types": [
						"bludgeoning"
					]
				}
			],
			"spellcasting": [
				{
					"type": "Innate",
					"tradition": "primal",
					"DC": 32,
					"entry": {
						"6": {
							"spells": [
								{
									"name": "darkness",
									"amount": "at will"
								}
							]
						}
					}
				}
			],
			"abilities": {
				"top": [
					{
						"entries": [
							"A deculi can detect infrared radiation as a precise sense."
						],
						"name": "Infrared Vision"
					}
				],
				"bot": [
					{
						"activity": {
							"number": 2,
							"unit": "action"
						},
						"traits": [
							"conjuration",
							"darkness",
							"extradimensional",
							"occult"
						],
						"frequency": {
							"unit": "day",
							"number": 1
						},
						"entries": [
							"The deculi creates an extradimensional space adjacent to itself in any 10-foot-by-10-foot area of darkness and enters it. To non-deculis, the extradimensional space looks like an ordinary area of darkness (though effects such as true seeing can see through this illusion). The deculi's infrared vision functions normally between this extradimensional space and the area outside its confines, allowing the deculi to sense what is going on around it, and its innate {@spell darkness} spell also extends to the area around the shadow sanctuary. Attacks cannot be made into or from the extradimensional space.",
							"The deculi can {@action Dismiss} this effect to emerge from its shadow sanctuary, but the space it emerges into must be in darkness and must be unobstructed. If the area is obstructed, the deculi is shunted to the nearest available space and takes {@damage 1d6} bludgeoning damage per 5 feet shunted. If the area overlaying the shadow sanctuary becomes illuminated by magical light, the extradimensional space can no longer be accessed and the deculi is trapped within until the area is once again in darkness. The deculi can try to extinguish a magical {@trait light} effect obscuring its sanctuary once per day by attempting to counteract the {@trait light} effect with its {@spell darkness} innate spell.",
							"If a deculi dies (including from hunger, thirst, or asphyxiation) while within the extradimensional space, the shadow sanctuary immediately ends and the deculi's corpse is expelled. If the area is illuminated, the corpse is not expelled until the sanctuary entrance is in darkness once again."
						],
						"name": "Create Shadow Sanctuary"
					},
					{
						"activity": {
							"number": 2,
							"unit": "action"
						},
						"requirements": "The deculi is in its shadow sanctuary.",
						"entries": [
							"The deculi Dismisses its shadow sanctuary. It {@action Stride||Strides}, Climbs, or Flies up to its Speed, then makes a fangs {@action Strike} that deals an additional {@damage 4d6} precision damage."
						],
						"name": "Shadow Strike"
					},
					{
						"entries": [
							"When the deculi is Hiding in darkness and {@action Sneak||Sneaks}, it can move up to its full Speed instead of half its Speed."
						],
						"name": "Walk in Shadow"
					}
				]
			},
			"defenses": {
				"ac": {
					"std": 33
				},
				"savingThrows": {
					"fort": {
						"std": 21
					},
					"ref": {
						"std": 26
					},
					"will": {
						"std": 18
					}
				},
				"hp": [
					{
						"hp": 215
					}
				],
				"immunities": [
					"visual"
				]
			},
			"hasImages": true
		},
		{
			"name": "Dragonscarred Dead",
			"source": "AoA4",
			"page": 82,
			"level": 13,
			"traits": [
				"uncommon",
				"ne",
				"medium",
				"fire",
				"undead"
			],
			"perception": {
				"std": 24
			},
			"senses": [
				{
					"name": "darkvision"
				},
				{
					"name": "guardian sense"
				}
			],
			"languages": {
				"languages": [
					"common",
					"draconic",
					"necril"
				]
			},
			"skills": {
				"athletics": {
					"std": 25
				},
				"intimidation": {
					"std": 21
				},
				"dragon lore": {
					"std": 22
				}
			},
			"abilityMods": {
				"str": 6,
				"dex": 5,
				"con": 4,
				"int": 1,
				"wis": 1,
				"cha": 2
			},
			"items": [
				"{@condition broken} greatsword"
			],
			"speed": {
				"walk": 25
			},
			"attacks": [
				{
					"range": "Melee",
					"name": "breath-seared greatsword",
					"attack": 27,
					"traits": [
						"magical",
						"versatile <p>"
					],
					"damage": "{@damage 1d12+9} slashing plus {@damage 2d6} negative plus {@damage 3d6} fire",
					"types": [
						"fire",
						"negative",
						"slashing"
					]
				}
			],
			"abilities": {
				"top": [
					{
						"traits": [
							"arcane",
							"detection",
							"divination"
						],
						"entries": [
							"The dragonscarred dead is immediately aware of any intruder that enters the lair of its creator dragon. It does not know the exact location of the intruder but remains aware of the intruder's presence until the intruder either leaves or is destroyed."
						],
						"name": "Guardian Sense"
					}
				],
				"mid": [
					{
						"traits": [
							"aura",
							"emotion",
							"fear",
							"mental"
						],
						"entries": [
							"60 feet, {@dc 29}"
						],
						"name": "Frightful Presence",
						"generic": {
							"tag": "ability"
						}
					}
				],
				"bot": [
					{
						"entries": [
							"The dragonscarred dead's weapon is magically scorched by a dragon's breath. When wielded by the dragonscarred dead who carried it in life, the sword deals an extra {@damage 2d6} negative damage and {@damage 3d6} fire damage. In the hands of any other creature, it is merely a {@condition broken} greatsword."
						],
						"name": "Breath-Seared Sword"
					},
					{
						"activity": {
							"number": 2,
							"unit": "action"
						},
						"traits": [
							"arcane",
							"enchantment",
							"mental",
							"visual"
						],
						"entries": [
							"The dragonscarred dead focuses its boundless frustration in a gaze targeting one creature it can see within 30 feet. That creature must attempt a {@dc 30} Will save.",
							{
								"type": "successDegree",
								"entries": {
									"Critical Success": "The creature is unaffected.",
									"Success": "The creature is {@condition stunned|CRB|stunned 1}.",
									"Failure": "The creature is {@condition stunned} for 1 round.",
									"Critical Failure": "The creature is {@condition stunned} for {@dice 1d4} rounds and is {@condition fatigued}."
								}
							}
						],
						"name": "Glare of Rage"
					}
				]
			},
			"defenses": {
				"ac": {
					"std": 33
				},
				"savingThrows": {
					"fort": {
						"std": 25
					},
					"ref": {
						"std": 20
					},
					"will": {
						"std": 22
					},
					"abilities": [
						"1 status to all saves vs. magic"
					]
				},
				"hp": [
					{
						"hp": 210,
						"abilities": [
							"{@ability regeneration} 20 (deactivated by cold)"
						]
					}
				],
				"immunities": [
					"death effects",
					"disease",
					"fire",
					"paralyzed",
					"poison",
					"unconscious"
				],
				"weaknesses": [
					{
						"amount": 10,
						"name": "cold"
					},
					{
						"amount": 10,
						"name": "good"
					}
				]
			},
			"hasImages": true
		},
		{
			"name": "Duergar Slave Lord",
			"source": "AoA4",
			"page": 50,
			"level": 13,
			"traits": [
				"rare",
				"le",
				"medium",
				"duergar",
				"dwarf",
				"humanoid"
			],
			"perception": {
				"std": 26
			},
			"senses": [
				{
					"name": "darkvision"
				}
			],
			"languages": {
				"languages": [
					"common",
					"dwarven",
					"undercommon"
				]
			},
			"skills": {
				"acrobatics": {
					"std": 25
				},
				"athletics": {
					"std": 23
				},
				"intimidation": {
					"std": 22
				},
				"society": {
					"std": 21
				},
				"stealth": {
					"std": 27
				},
				"survival": {
					"std": 26
				}
			},
			"abilityMods": {
				"str": 4,
				"dex": 8,
				"con": 3,
				"int": 2,
				"wis": 5,
				"cha": 3
			},
			"items": [
				"+2 striking composite longbow (100 arrows)",
				"+1 striking hatchet (2)",
				"key to the Temple of All Gods",
				"+1 resilient studded leather"
			],
			"speed": {
				"walk": 25
			},
			"attacks": [
				{
					"range": "Melee",
					"name": "hatchet",
					"attack": 28,
					"traits": [
						"agile",
						"finesse",
						"magical",
						"versatile <s>"
					],
					"damage": "{@damage 2d6+10} slashing",
					"types": [
						"slashing"
					]
				},
				{
					"range": "Ranged",
					"name": "composite longbow",
					"attack": 29,
					"traits": [
						"deadly <1d10>",
						"magical",
						"propulsive",
						"range increment <100 feet>",
						"reload <0>",
						"volley <30 feet>"
					],
					"damage": "{@damage 2d8+8} piercing",
					"types": [
						"piercing"
					]
				}
			],
			"spellcasting": [
				{
					"type": "Innate",
					"tradition": "occult",
					"DC": 33,
					"entry": {
						"2": {
							"spells": [
								{
									"name": "enlarge",
									"notes": [
										"self only"
									]
								},
								{
									"name": "invisibility",
									"notes": [
										"self only"
									]
								}
							]
						}
					}
				}
			],
			"abilities": {
				"mid": [
					{
						"entries": [
							"When a duergar slave lord rolls a success on a Reflex save, they get a critical success instead.",
							"When they roll a critical failure on a Reflex save, they get a failure instead. Finally, when they fail a Reflex save against a damaging effect, they take half damage."
						],
						"name": "Improved Evasion"
					},
					{
						"name": "Light Blindness",
						"generic": {
							"tag": "ability"
						}
					}
				],
				"bot": [
					{
						"activity": {
							"number": 1,
							"unit": "action"
						},
						"traits": [
							"concentrate"
						],
						"entries": [
							"The slave lord designates as its prey a single creature that they can see or hear or that they are {@action Track||Tracking}. They gain a +2 circumstance bonus to {@skill Perception} checks when they {@action Seek} their prey and a +2 circumstance bonus to {@skill Survival} checks when they track their prey. They also ignore the penalty for making ranged attacks within their second range increment against their prey.",
							"The first time a slave lord hits their hunted prey in a round, they deal {@dice 2d8} additional precision damage. A slave lord can have only one prey designated at a time."
						],
						"name": "Hunt Prey"
					},
					{
						"activity": {
							"number": 1,
							"unit": "action"
						},
						"frequency": {
							"unit": "round",
							"number": 1
						},
						"entries": [
							"The slave lord makes two bow {@action Strike||Strikes} or two melee {@action Strike||Strikes}, each using a different weapon. These {@action Strike||Strikes} must target the slave lord's prey. If both {@action Strike||Strikes} hit, combine their damage for the purpose of resistances and weaknesses."
						],
						"name": "Hunter's Flurry"
					}
				]
			},
			"defenses": {
				"ac": {
					"std": 35
				},
				"savingThrows": {
					"fort": {
						"std": 21
					},
					"ref": {
						"std": 28
					},
					"will": {
						"std": 23
					},
					"abilities": [
						"+2 status to all saves vs. magic"
					]
				},
				"hp": [
					{
						"hp": 240
					}
				]
			}
		},
		{
			"name": "Falrok",
			"source": "AoA4",
			"page": 46,
			"level": 14,
			"traits": [
				"unique",
				"ce",
				"medium",
				"ghoul",
				"undead"
			],
			"perception": {
				"std": 28
			},
			"senses": [
				{
					"name": "darkvision"
				}
			],
			"languages": {
				"languages": [
					"draconic",
					"dwarven",
					"necril",
					"undercommon"
				]
			},
			"skills": {
				"acrobatics": {
					"std": 29
				},
				"crafting": {
					"std": 24
				},
				"deception": {
					"std": 27
				},
				"diplomacy": {
					"std": 27
				},
				"society": {
					"std": 24
				},
				"stealth": {
					"std": 29
				},
				"saggorak lore": {
					"std": 24
				}
			},
			"abilityMods": {
				"str": 4,
				"dex": 8,
				"con": 5,
				"int": 3,
				"wis": 2,
				"cha": 6
			},
			"speed": {
				"walk": 30,
				"burrow": 20
			},
			"attacks": [
				{
					"range": "Melee",
					"name": "jaws",
					"attack": 30,
					"traits": [
						"finesse"
					],
					"effects": [
						"ghast fever",
						"paralysis"
					],
					"damage": "{@damage 3d8+12} piercing plus ghast fever and paralysis",
					"types": [
						"piercing"
					]
				},
				{
					"range": "Melee",
					"name": "claw",
					"attack": 30,
					"traits": [
						"agile",
						"finesse"
					],
					"effects": [
						"paralysis"
					],
					"damage": "{@damage 3d6+12} slashing plus paralysis",
					"types": [
						"slashing"
					]
				}
			],
			"abilities": {
				"top": [
					{
						"entries": [
							"Falrok's flesh is infused with lazurite, and he gains the benefits undead creatures gain from this mineral at all times. When in an area infused with lazurite, such as the Sanctum of the Starved, these benefits increase to a +3 circumstance bonus to saving throws against {@trait positive} effects. This infusion also grants Falrok his resistance to positive damage."
						],
						"name": "Lazurite-Infused Flesh"
					}
				],
				"mid": [
					{
						"name": "Stench",
						"traits": [
							"aura",
							"olfactory"
						],
						"entries": [
							"10 feet. A creature entering the aura or starting its turn there must succeed at a {@dc 34} Fortitude save or become {@condition sickened||sickened 1} (plus {@condition slowed||slowed 1} as long as it's {@condition sickened} on a critical failure). While within the aura, the creature takes a \u20132 circumstance penalty to saves against disease and to recover from the {@condition sickened} condition. A creature that succeeds at its save is temporarily immune for 1 minute."
						]
					},
					{
						"activity": {
							"number": 1,
							"unit": "reaction"
						},
						"trigger": "A creature within Falrok's melee reach is hit by a melee attack from one of his allies.",
						"entries": [
							"When Falrok's enemy is hit by one of his allies, he capitalizes upon the distraction, making a {@action Strike} against the triggering creature."
						],
						"name": "Opportune Backstab"
					}
				],
				"bot": [
					{
						"activity": {
							"number": 1,
							"unit": "action"
						},
						"traits": [
							"manipulate"
						],
						"requirements": "Falrok is adjacent to the corpse of a creature that died within the last hour.",
						"entries": [
							"Falrok devours a chunk of the corpse and regains {@dice 8d6} hit points. He can regain Hit Points from any given corpse only once."
						],
						"name": "Consume Flesh"
					},
					{
						"type": "affliction",
						"name": "Ghast Fever",
						"traits": [
							"disease",
							"virulent"
						],
						"DC": 34,
						"savingThrow": "Fortitude",
						"stages": [
							{
								"stage": 1,
								"entry": "carrier with no ill effect",
								"duration": "1 day"
							},
							{
								"stage": 2,
								"entry": "{@damage 4d8} negative damage and regains half as many Hit Points from all healing",
								"duration": "1 day"
							},
							{
								"stage": 3,
								"entry": "{@damage 4d8} negative damage and gains no benefit from healing",
								"duration": "1 day"
							},
							{
								"stage": 4,
								"entry": "dead, and rises as a ghast the next midnight."
							}
						]
					},
					{
						"traits": [
							"incapacitation",
							"occult",
							"necromancy"
						],
						"entries": [
							"Any living creature hit by Falrok's attack must succeed at a {@dc 34} Fortitude save or become {@condition paralyzed}.",
							"It can attempt a new save at the end of each of its turns, and the DC cumulatively decreases by 1 on each such save."
						],
						"name": "Paralysis"
					},
					{
						"entries": [
							"{@damage 4d6} precision damage."
						],
						"name": "Sneak Attack",
						"generic": {
							"tag": "ability"
						}
					},
					{
						"activity": {
							"number": 1,
							"unit": "action"
						},
						"traits": [
							"move"
						],
						"entries": [
							"Falrok jumps up to half his Speed. This movement doesn't trigger reactions."
						],
						"name": "Swift Leap"
					},
					{
						"entries": [
							"When Falrok successfully {@action Feint||Feints}, the target is {@condition flat-footed} against melee attacks he attempts against it until the end of his next turn. On a critical success, the target is {@condition flat-footed} against all melee attacks until the end of their next turn, not just Falrok's."
						],
						"name": "Scoundrel"
					}
				]
			},
			"defenses": {
				"ac": {
					"std": 37
				},
				"savingThrows": {
					"fort": {
						"std": 26
					},
					"ref": {
						"std": 29
					},
					"will": {
						"std": 23
					},
					"abilities": [
						"+3 status to all saves vs. positive"
					]
				},
				"hp": [
					{
						"hp": 250,
						"abilities": [
							"negative healing"
						]
					}
				],
				"immunities": [
					"death effects",
					"disease",
					"paralyzed",
					"poison",
					"unconscious"
				],
				"resistances": [
					{
						"amount": 15,
						"name": "positive"
					}
				]
			}
		},
		{
			"name": "Forge-spurned",
			"source": "AoA4",
			"page": 83,
			"level": 5,
			"traits": [
				"uncommon",
				"ne",
				"medium",
				"fire",
				"undead"
			],
			"perception": {
				"std": 11
			},
			"senses": [
				{
					"name": "darkvision"
				}
			],
			"languages": {
				"languages": [
					"common",
					"dwarven",
					"undercommon"
				]
			},
			"skills": {
				"athletics": {
					"std": 14
				},
				"crafting": {
					"std": 14
				},
				"droskar lore": {
					"std": 12
				}
			},
			"abilityMods": {
				"str": 5,
				"dex": 2,
				"con": 4,
				"int": 1,
				"wis": 2,
				"cha": 0
			},
			"items": [
				"soul chain",
				"warhammer"
			],
			"speed": {
				"walk": 20
			},
			"attacks": [
				{
					"range": "Melee",
					"name": "soul chain",
					"attack": 15,
					"traits": [
						"disarm",
						"trip"
					],
					"damage": "{@damage 2d8+5} slashing plus {@damage 1d6} fire",
					"types": [
						"fire",
						"slashing"
					]
				},
				{
					"range": "Melee",
					"name": "warhammer",
					"attack": 14,
					"traits": [
						"shove"
					],
					"damage": "{@damage 1d8+7} bludgeoning",
					"types": [
						"bludgeoning"
					]
				}
			],
			"abilities": {
				"mid": [
					{
						"traits": [
							"divine",
							"necromancy"
						],
						"entries": [
							"As long as its {@i soul chain} remains intact, a forge-spurned can't be truly destroyed. It rises again fully healed at the next sundown, even if its physical body was destroyed."
						],
						"name": "Eternal Damnation"
					},
					{
						"traits": [
							"fire"
						],
						"entries": [
							"A creature that touches a forge-spurned (including by {@action Grapple||grappling} it or hitting it with an {@trait unarmed} attack) takes {@damage 2d6} fire damage with a {@dc 21} basic Reflex save."
						],
						"name": "Searing Heat"
					}
				],
				"bot": [
					{
						"activity": {
							"number": 2,
							"unit": "action"
						},
						"requirements": "The forgespurned has used Forge Breath.",
						"entries": [
							"The forge-spurned draws a massive breath to refill its emptied lungs, enabling it to use Forge Breath again."
						],
						"name": "Inflate Bellows"
					},
					{
						"activity": {
							"number": 2,
							"unit": "action"
						},
						"traits": [
							"divine",
							"evocation",
							"fire"
						],
						"entries": [
							"The forge-spurned breathes a cloud of stinging soot, ash, and glowing embers. This can affect either a 30-foot cone or a 20-foot burst centered on the forge-spurned and persists for {@dice 1d4} rounds. Each creature that moves into or starts their turn in the area takes {@damage 6d6} fire damage, with a {@dc 21} basic Reflex save. A creature that fails its save is also {@condition blinded} for 1 minute. Creatures within the cloud are {@condition concealed}, though not from the forge-spurned. The forge-spurned can't use Forge Breath again until it has used Inflate Bellows."
						],
						"name": "Forge Breath"
					},
					{
						"traits": [
							"divine",
							"fire",
							"necromancy"
						],
						"entries": [
							"If a creature is slain by an attack from the {@i soul chain} and the forge-spurned is able to retain the creature's corpse, it can bind the creature's soul into the {@i soul chain} (as {@spell bind soul}) with a day of work at a forge and a successful {@dc 20} {@skill Crafting} check. An individual whose soul is bound in this way can't be resurrected unless the {@i soul chain} is destroyed (Hardness 5, HP 20, BT 10)."
						],
						"name": "Soul Chain"
					}
				]
			},
			"defenses": {
				"ac": {
					"std": 22
				},
				"savingThrows": {
					"fort": {
						"std": 15
					},
					"ref": {
						"std": 9
					},
					"will": {
						"std": 11
					}
				},
				"hp": [
					{
						"hp": 75,
						"abilities": [
							"eternal damnation",
							"negative healing"
						]
					}
				],
				"immunities": [
					"death effects",
					"disease",
					"fire",
					"paralyzed",
					"poison",
					"unconscious"
				],
				"weaknesses": [
					{
						"amount": 5,
						"name": "cold"
					}
				]
			},
			"hasImages": true
		},
		{
			"name": "Ilssrah Embermead",
			"source": "AoA4",
			"page": 89,
			"level": 15,
			"traits": [
				"unique",
				"ne",
				"medium",
				"dwarf",
				"humanoid"
			],
			"perception": {
				"std": 29
			},
			"senses": [
				{
					"name": "darkvision"
				}
			],
			"languages": {
				"languages": [
					"common",
					"dwarven",
					"gnoll",
					"undercommon"
				]
			},
			"skills": {
				"acrobatics": {
					"std": 25
				},
				"athletics": {
					"std": 27
				},
				"deception": {
					"std": 26
				},
				"intimidation": {
					"std": 28
				},
				"religion": {
					"std": 31
				}
			},
			"abilityMods": {
				"str": 6,
				"dex": 4,
				"con": 5,
				"int": 4,
				"wis": 8,
				"cha": 5
			},
			"items": [
				"+2 resilient adamantine breastplate",
				"Fleshroaster (+2 striking flaming spiked chain)",
				"+1 striking returning light hammer",
				"good manacles (4)",
				"religious symbol of {@deity Droskar}"
			],
			"speed": {
				"walk": 25
			},
			"attacks": [
				{
					"range": "Melee",
					"name": "Fleshroaster",
					"attack": 31,
					"traits": [
						"disarm",
						"finesse",
						"magical",
						"trip"
					],
					"damage": "{@damage 2d8+14} slashing plus {@damage 1d6} fire",
					"types": [
						"fire",
						"slashing"
					]
				},
				{
					"range": "Melee",
					"name": "returning light hammer",
					"attack": 30,
					"traits": [
						"agile",
						"magical"
					],
					"damage": "{@damage 2d6+14} bludgeoning",
					"types": [
						"bludgeoning"
					]
				},
				{
					"range": "Ranged",
					"name": "returning light hammer",
					"attack": 28,
					"traits": [
						"agile",
						"magical",
						"thrown <20 feet>"
					],
					"damage": "{@damage 2d6+14} bludgeoning",
					"types": [
						"bludgeoning"
					]
				}
			],
			"spellcasting": [
				{
					"type": "Prepared",
					"tradition": "divine",
					"DC": 36,
					"attack": 32,
					"entry": {
						"0": {
							"level": 8,
							"spells": [
								{
									"name": "detect magic"
								},
								{
									"name": "disrupt undead"
								},
								{
									"name": "message"
								},
								{
									"name": "shield"
								},
								{
									"name": "sigil"
								}
							]
						},
						"1": {
							"spells": [
								{
									"name": "command"
								},
								{
									"name": "purify food and drink"
								},
								{
									"name": "ray of enfeeblement"
								}
							]
						},
						"2": {
							"spells": [
								{
									"name": "augury"
								},
								{
									"name": "darkness"
								},
								{
									"name": "silence"
								}
							]
						},
						"3": {
							"spells": [
								{
									"name": "circle of protection"
								},
								{
									"name": "locate",
									"amount": 2
								}
							]
						},
						"4": {
							"spells": [
								{
									"name": "air walk"
								},
								{
									"name": "anathematic reprisal"
								},
								{
									"name": "divine wrath"
								}
							]
						},
						"5": {
							"spells": [
								{
									"name": "death ward"
								},
								{
									"name": "heal"
								},
								{
									"name": "sending"
								}
							]
						},
						"6": {
							"spells": [
								{
									"name": "blade barrier"
								},
								{
									"name": "heroism"
								},
								{
									"name": "true seeing"
								}
							]
						},
						"7": {
							"spells": [
								{
									"name": "divine decree"
								},
								{
									"name": "energy aegis"
								},
								{
									"name": "heal"
								}
							]
						},
						"8": {
							"spells": [
								{
									"name": "divine aura"
								},
								{
									"name": "harm",
									"amount": 6
								},
								{
									"name": "spiritual epidemic"
								}
							]
						}
					}
				},
				{
					"name": "Cleric Domain Spells",
					"type": "Focus",
					"DC": 36,
					"fp": 3,
					"entry": {
						"8": {
							"spells": [
								{
									"name": "commanding lash"
								},
								{
									"name": "touch of obedience"
								}
							]
						}
					}
				}
			],
			"abilities": {
				"mid": [
					{
						"activity": {
							"number": 1,
							"unit": "reaction"
						},
						"name": "Attack of Opportunity",
						"generic": {
							"tag": "ability"
						}
					}
				],
				"bot": [
					{
						"activity": {
							"number": 3,
							"unit": "action"
						},
						"traits": [
							"attack",
							"manipulate"
						],
						"requirements": "Ilssrah has manacles in hand and is adjacent to a creature.",
						"entries": [
							"Ilssrah attempts to bind the creature's wrists or ankles with the manacles. If she succeeds at an attack roll with a +30 modifier against the target's AC, she applies the manacles."
						],
						"name": "Efficient Capture"
					},
					{
						"activity": {
							"number": 2,
							"unit": "action"
						},
						"entries": [
							"Ilssrah attempts a melee {@action Strike} with {@i Fleshroaster}. If she hits, she also draws her light hammer, makes a melee {@action Strike} with it against the same target, and immediately returns it to her belt. She then resumes her grip on {@i Fleshroaster}. Both {@action Strike||Strikes} count toward Ilssrah's multiple attack penalty, but the penalty doesn't increase until both {@action Strike||Strikes} have been made.",
							"If the hammer {@action Strike} hits, it deals damage as normal and the target must attempt a {@dc 35} Fortitude save.",
							{
								"type": "successDegree",
								"entries": {
									"Critical Success": "The creature is unaffected.",
									"Success": "The creature is {@condition clumsy|CRB|clumsy 1} and {@condition stupefied|CRB|stupefied 1} for 1 round.",
									"Failure": "The creature is {@condition clumsy|CRB|clumsy 1} and {@condition stupefied|CRB|stupefied 1} for 1 minute.",
									"Critical Failure": "The creature is {@condition clumsy|CRB|clumsy 2} and {@condition stupefied|CRB|stupefied 2} for 1 minute."
								}
							}
						],
						"name": "Hammer the Chained"
					}
				]
			},
			"defenses": {
				"ac": {
					"std": 40
				},
				"savingThrows": {
					"fort": {
						"std": 27
					},
					"ref": {
						"std": 24
					},
					"will": {
						"std": 30
					}
				},
				"hp": [
					{
						"hp": 270
					}
				]
			}
		},
		{
			"name": "Kelda Halrig",
			"source": "AoA4",
			"page": 87,
			"level": 8,
			"traits": [
				"unique",
				"ln",
				"medium",
				"dwarf",
				"humanoid"
			],
			"perception": {
				"std": 22
			},
			"senses": [
				{
					"name": "darkvision"
				}
			],
			"languages": {
				"languages": [
					"common",
					"dwarven",
					"undercommon"
				]
			},
			"skills": {
				"athletics": {
					"std": 22
				},
				"crafting": {
					"std": 27,
					"blacksmithing": 29
				},
				"diplomacy": {
					"std": 23
				},
				"society": {
					"std": 21
				},
				"kovlar lore": {
					"std": 24
				}
			},
			"abilityMods": {
				"str": 4,
				"dex": 2,
				"con": 3,
				"int": 5,
				"wis": 4,
				"cha": 3
			},
			"items": [
				"+2 greater striking greater flaming warhammer",
				"+1 striking light hammer (3)",
				"leather armor",
				"sterling blacksmith's tools"
			],
			"speed": {
				"walk": 20
			},
			"attacks": [
				{
					"range": "Melee",
					"traits": [
						"shove"
					],
					"name": "warhammer",
					"attack": 20,
					"damage": "{@damage 2d8+13} bludgeoning"
				},
				{
					"range": "Ranged",
					"traits": [
						"agile",
						"thrown <20 feet>"
					],
					"name": "light hammer",
					"attack": 20,
					"damage": "{@damage 2d6+8} bludgeoning"
				}
			],
			"abilities": {
				"bot": [
					{
						"name": "Master Smith",
						"entries": [
							"As the most skillful blacksmith in Kovlar, Kelda's abilities far surpass those of typical smiths. She can {@action Craft} items as if she were 16th level. Additionally, she knows how to make a vast catalog of items, including numerous {@trait uncommon} formulas and several {@trait rare} formulas. The exact formulas she knows can be tailored to fit the needs of each particular group of PCs, but most are for weapons, armor, and other items that could reasonably be made in a forge."
						]
					}
				]
			},
			"defenses": {
				"ac": {
					"std": 24
				},
				"savingThrows": {
					"fort": {
						"std": 19
					},
					"ref": {
						"std": 13
					},
					"will": {
						"std": 16
					}
				},
				"hp": [
					{
						"hp": 135
					}
				]
			}
		},
		{
			"name": "King Harral",
			"source": "AoA4",
			"page": 42,
			"level": 14,
			"traits": [
				"unique",
				"le",
				"medium",
				"undead"
			],
			"perception": {
				"std": 25
			},
			"senses": [
				{
					"name": "darkvision"
				}
			],
			"languages": {
				"languages": [
					"aklo",
					"celestial",
					"draconic",
					"dwarven",
					"necril",
					"undercommon"
				]
			},
			"skills": {
				"arcana": {
					"std": 29
				},
				"crafting": {
					"std": 25
				},
				"diplomacy": {
					"std": 27
				},
				"intimidation": {
					"std": 27
				},
				"religion": {
					"std": 25
				},
				"society": {
					"std": 23
				}
			},
			"abilityMods": {
				"str": 6,
				"dex": 5,
				"con": 0,
				"int": 7,
				"wis": 5,
				"cha": 7
			},
			"items": [
				"+1 resilient full plate",
				"+2 thundering striking maul",
				"wand of smoldering fireballs (7th-level fireball)"
			],
			"speed": {
				"walk": 25
			},
			"attacks": [
				{
					"range": "Melee",
					"name": "thundering maul",
					"attack": 28,
					"traits": [
						"magical",
						"shove"
					],
					"damage": "{@damage 2d12+12} bludgeoning plus {@damage 1d6} sonic",
					"types": [
						"bludgeoning",
						"sonic"
					]
				}
			],
			"spellcasting": [
				{
					"type": "Prepared",
					"tradition": "arcane",
					"DC": 35,
					"attack": 27,
					"entry": {
						"0": {
							"level": 7,
							"spells": [
								{
									"name": "detect magic"
								},
								{
									"name": "electric arc"
								},
								{
									"name": "mage hand"
								},
								{
									"name": "message"
								},
								{
									"name": "shield"
								}
							]
						},
						"1": {
							"spells": [
								{
									"name": "fleet step"
								},
								{
									"name": "ray of enfeeblement",
									"amount": 2
								},
								{
									"name": "true strike"
								}
							]
						},
						"2": {
							"spells": [
								{
									"name": "deafness"
								},
								{
									"name": "false life"
								},
								{
									"name": "mirror image"
								},
								{
									"name": "see invisibility"
								}
							]
						},
						"3": {
							"spells": [
								{
									"name": "blindness"
								},
								{
									"name": "magic missile",
									"amount": 2
								},
								{
									"name": "vampiric touch"
								}
							]
						},
						"4": {
							"spells": [
								{
									"name": "dimension door"
								},
								{
									"name": "fire shield"
								},
								{
									"name": "fly"
								},
								{
									"name": "freedom of movement"
								}
							]
						},
						"5": {
							"spells": [
								{
									"name": "black tentacles",
									"amount": 2
								},
								{
									"name": "cloudkill"
								},
								{
									"name": "dispel magic"
								}
							]
						},
						"6": {
							"spells": [
								{
									"name": "disintegrate",
									"amount": 2
								},
								{
									"name": "vampiric exsanguination"
								},
								{
									"name": "wall of force"
								}
							]
						},
						"7": {
							"spells": [
								{
									"name": "duplicate foe"
								},
								{
									"name": "eclipse burst"
								},
								{
									"name": "reverse gravity"
								}
							]
						}
					}
				}
			],
			"abilities": {
				"mid": [
					{
						"traits": [
							"aura",
							"emotion",
							"fear",
							"mental"
						],
						"entries": [
							"60 feet, {@dc 33}"
						],
						"name": "Frightful Presence",
						"generic": {
							"tag": "ability"
						}
					},
					{
						"traits": [
							"arcane",
							"necromancy"
						],
						"entries": [
							"24 hours after King Harral is destroyed, his body rebuilds itself on his throne (or, if the throne is destroyed, on the site where the throne once sat), similarly to how a lich's body is restored via its phylactery. If all of Saggorak's buildings are destroyed, or if heroes perform a great service in saving Saggorak (see Concluding the Adventure) King Harral loses this ability."
						],
						"name": "Rejuvenation"
					},
					{
						"activity": {
							"number": 1,
							"unit": "reaction"
						},
						"trigger": "A creature casts a spell King Harral has prepared.",
						"entries": [
							"The king expends a prepared spell to counter the triggering creature's casting of that same spell. He can then attempt to dispel the triggering spell."
						],
						"name": "Counterspell"
					}
				],
				"bot": [
					{
						"entries": [
							"If another creature's reaction would disrupt King Harral's spell, he attempts a DC {@flatDC 15} flat check. If he succeeds, the spell isn't disrupted."
						],
						"name": "Steady Spellcasting"
					}
				]
			},
			"defenses": {
				"ac": {
					"std": 35
				},
				"savingThrows": {
					"fort": {
						"std": 22
					},
					"ref": {
						"std": 24
					},
					"will": {
						"std": 28
					},
					"abilities": [
						"+1 status to all saves vs. positive"
					]
				},
				"hp": [
					{
						"hp": 195,
						"abilities": [
							"negative healing",
							"rejuvenation"
						]
					}
				],
				"immunities": [
					"death effects",
					"disease",
					"paralysis",
					"poison",
					"unconscious"
				],
				"resistances": [
					{
						"amount": 10,
						"name": "cold"
					},
					{
						"amount": 10,
						"name": "physical",
						"note": "except magic bludgeoning"
					}
				]
			}
		},
		{
			"name": "Kralgurn",
			"source": "AoA4",
			"page": 31,
			"level": 14,
			"traits": [
				"unique",
				"le",
				"medium",
				"duergar",
				"dwarf",
				"humanoid"
			],
			"description": "Male duergar",
			"perception": {
				"std": 24
			},
			"senses": [
				{
					"name": "darkvision"
				}
			],
			"languages": {
				"languages": [
					"common",
					"dwarven",
					"undercommon"
				]
			},
			"skills": {
				"athletics": {
					"std": 28
				},
				"intimidation": {
					"std": 28
				},
				"occultism": {
					"std": 25
				}
			},
			"abilityMods": {
				"str": 8,
				"dex": 4,
				"con": 4,
				"int": 0,
				"wis": 4,
				"cha": 3
			},
			"items": [
				"+1 striking composite longbow (50 arrows)",
				"manacles",
				"+1 resilient scale mail",
				"scroll of discern location",
				"+2 striking corrosive whip",
				"50 gp"
			],
			"speed": {
				"walk": 25
			},
			"attacks": [
				{
					"range": "Melee",
					"name": "corrosive whip",
					"attack": 31,
					"traits": [
						"disarm",
						"magical",
						"nonlethal",
						"reach",
						"trip"
					],
					"damage": "{@damage 2d4+16} slashing plus {@damage 1d6} acid",
					"types": [
						"acid",
						"slashing"
					]
				},
				{
					"range": "Ranged",
					"name": "composite longbow",
					"attack": 27,
					"traits": [
						"deadly <1d10>",
						"magical",
						"range increment <60 feet>",
						"reload <0>",
						"volley <30 feet>"
					],
					"damage": "{@damage 2d8+12} piercing",
					"types": [
						"piercing"
					]
				}
			],
			"spellcasting": [
				{
					"type": "Innate",
					"tradition": "occult",
					"DC": 34,
					"entry": {
						"2": {
							"spells": [
								{
									"name": "enlarge",
									"notes": [
										"self only"
									]
								},
								{
									"name": "invisibility",
									"notes": [
										"self only"
									]
								}
							]
						}
					}
				}
			],
			"abilities": {
				"mid": [
					{
						"name": "Light Blindness",
						"generic": {
							"tag": "ability"
						}
					},
					{
						"activity": {
							"number": 1,
							"unit": "reaction"
						},
						"traits": [
							"emotion",
							"fear",
							"mental"
						],
						"entries": [
							"Kralgurn's {@ability Attack of Opportunity||Attacks of Opportunity} not only wound creatures, but also shatter their confidence. If Kralgurn hits and deals damage with an {@ability Attack of Opportunity}, the target is {@condition frightened|CRB|frightened 2}, or {@condition frightened|CRB|frightened 4} on a critical hit."
						],
						"name": "Intimidating Attack of Opportunity"
					}
				],
				"bot": [
					{
						"entries": [
							"When Kralgurn attacks a {@condition frightened} creature, he gains a circumstance bonus to damage equal to three times the target's {@condition frightened} value."
						],
						"name": "Fearsome Brute"
					}
				]
			},
			"defenses": {
				"ac": {
					"std": 36
				},
				"savingThrows": {
					"fort": {
						"std": 28
					},
					"ref": {
						"std": 22
					},
					"will": {
						"std": 25
					}
				},
				"hp": [
					{
						"hp": 255
					}
				]
			}
		},
		{
			"name": "Lazurite-infused Stone Golem",
			"source": "AoA4",
			"page": 45,
			"level": 12,
			"traits": [
				"rare",
				"n",
				"large",
				"construct",
				"golem",
				"mindless"
			],
			"perception": {
				"std": 22
			},
			"skills": {
				"athletics": {
					"std": 28
				}
			},
			"abilityMods": {
				"str": 8,
				"dex": -1,
				"con": 5,
				"int": -5,
				"wis": 0,
				"cha": -5
			},
			"speed": {
				"walk": 20
			},
			"attacks": [
				{
					"range": "Melee",
					"name": "fist",
					"attack": 26,
					"traits": [
						"magical",
						"reach <10 feet>"
					],
					"damage": "{@damage 2d10+11} bludgeoning plus {@damage 2d6} negative",
					"types": [
						"bludgeoning",
						"negative"
					]
				}
			],
			"abilities": {
				"mid": [
					{
						"entries": [
							"harmed by cold and positive ({@dice 5d10}, {@dice 2d8} from areas and {@condition persistent damage}); healed by negative (area {@dice 2d8} HP); {@condition slowed} by earth."
						],
						"name": "Golem Antimagic",
						"generic": {
							"tag": "ability"
						}
					},
					{
						"traits": [
							"aura",
							"divine",
							"necromancy"
						],
						"entries": [
							"30 feet. Positive {@trait energy} effects within the golem's necrotic field deal only half their normal damage. Additionally, all undead within its aura deal an additional {@damage 1d6} negative damage with their natural attacks."
						],
						"name": "Necrotic Field"
					},
					{
						"entries": [
							"A {@spell stone to flesh} spell negates the golem's antimagic and its resistance to physical damage for 1 round. A {@spell flesh to stone} spell reverses this effect immediately."
						],
						"name": "Vulnerable to Stone to Flesh"
					}
				],
				"bot": [
					{
						"activity": {
							"number": 1,
							"unit": "action"
						},
						"entries": [
							"The golem {@action Stride||Strides} up to its Speed, pushing back each creature whose space it moves into and damaging them if they try to stop its movement.",
							"A creature can bar the way by succeeding at a {@dc 36} Fortitude save. On a critical success, the resisting creature takes no damage; otherwise, it takes damage equal to that dealt by the golem's fist {@action Strike}."
						],
						"name": "Inexorable March"
					},
					{
						"activity": {
							"number": 1,
							"unit": "reaction"
						},
						"traits": [
							"necromancy"
						],
						"trigger": "The golem hits a {@condition slowed} creature.",
						"entries": [
							"The creature must succeed at a {@dc 34} Fortitude save or become {@condition drained|CRB|drained 1} (or {@condition drained|CRB|drained 2} on a critical failure) as the golem's lazurite leeches vital energies and causes wounds to rot."
						],
						"name": "Necrotic Affliction"
					},
					{
						"activity": {
							"number": 1,
							"unit": "action"
						},
						"traits": [
							"arcane",
							"concentrate",
							"disease",
							"necromancy",
							"negative"
						],
						"entries": [
							"Each creature in a 10-foot emanation must succeed at a {@dc 32} Fortitude save or take {@damage 1d6} {@condition persistent damage||persistent necrotic damage} and be {@condition slowed|CRB|slowed 1} for 1 minute as their flesh and bones temporarily atrophy. The golem can't use Necrotic Pulse again for {@dice 1d4} rounds."
						],
						"name": "Necrotic Pulse"
					}
				]
			},
			"defenses": {
				"ac": {
					"std": 33
				},
				"savingThrows": {
					"fort": {
						"std": 25
					},
					"ref": {
						"std": 19
					},
					"will": {
						"std": 20
					}
				},
				"hp": [
					{
						"hp": 195
					}
				],
				"immunities": [
					"acid",
					"bleed",
					"death effects",
					"disease",
					"doomed",
					"drained",
					"fatigued",
					"healing",
					"magic (see below)",
					"mental",
					"necromancy",
					"nonlethal",
					"paralyzed",
					"poison",
					"sickened",
					"unconscious"
				],
				"resistances": [
					{
						"amount": 10,
						"name": "physical",
						"note": "except adamantine"
					}
				]
			}
		},
		{
			"name": "Saggorak Poltergeist",
			"source": "AoA4",
			"page": 43,
			"level": 12,
			"traits": [
				"rare",
				"le",
				"medium",
				"incorporeal",
				"spirit",
				"undead"
			],
			"perception": {
				"std": 20
			},
			"senses": [
				{
					"name": "darkvision"
				}
			],
			"languages": {
				"languages": [
					"dwarven",
					"necril"
				]
			},
			"skills": {
				"acrobatics": {
					"std": 25
				},
				"intimidation": {
					"std": 24
				},
				"stealth": {
					"std": 25
				}
			},
			"abilityMods": {
				"str": -5,
				"dex": 7,
				"con": 2,
				"int": -1,
				"wis": 4,
				"cha": 5
			},
			"speed": {
				"fly": 30
			},
			"attacks": [
				{
					"range": "Ranged",
					"name": "telekinetic object",
					"attack": 27,
					"traits": [
						"evocation",
						"magical",
						"occult",
						"range increment <60 feet>"
					],
					"effects": [
						"piercing",
						"or slashing (depending on object)"
					],
					"damage": "{@damage 4d12} bludgeoning, piercing, or slashing (depending on object)",
					"types": [
						"bludgeoning"
					]
				}
			],
			"spellcasting": [
				{
					"type": "Innate",
					"tradition": "occult",
					"DC": 33,
					"attack": 27,
					"entry": {
						"0": {
							"level": 6,
							"spells": [
								{
									"name": "mage hand"
								}
							]
						},
						"6": {
							"spells": [
								{
									"name": "telekinetic haul",
									"amount": "at will"
								},
								{
									"name": "telekinetic maneuver",
									"amount": "at will"
								}
							]
						}
					}
				}
			],
			"abilities": {
				"top": [
					{
						"entries": [
							"The Saggorak poltergeists cannot travel more than 120 feet from area {@b F2}."
						],
						"name": "Site Bound",
						"generic": {
							"tag": "ability"
						}
					}
				],
				"mid": [
					{
						"entries": [
							"A poltergeist is naturally {@condition invisible}. It becomes visible only when it uses Frighten."
						],
						"name": "Natural Invisibility"
					},
					{
						"traits": [
							"necromancy",
							"occult"
						],
						"entries": [
							"When a poltergeist is destroyed, it re-forms, fully healed, where it was destroyed after {@dice 2d4} days. These Saggorak poltergeists no longer rejuvenate once King Harral no longer exists as an undead ruler of Saggorak."
						],
						"name": "Rejuvenation",
						"generic": {
							"tag": "ability",
							"add_hash": "Ghost"
						}
					},
					{
						"activity": {
							"number": 1,
							"unit": "reaction"
						},
						"trigger": "A creature approaches within 10 feet of the poltergeist.",
						"entries": [
							"The poltergeist makes a telekinetic object {@action Strike} against the triggering creature."
						],
						"name": "Telekinetic Defense"
					}
				],
				"bot": [
					{
						"activity": {
							"number": 1,
							"unit": "action"
						},
						"traits": [
							"concentrate",
							"emotion",
							"fear",
							"incapacitation",
							"mental"
						],
						"requirements": "The poltergeist must be {@condition invisible}.",
						"entries": [
							"The poltergeist becomes visible, appearing as a skeletal, ghostlike humanoid. Each creature within 30 feet must attempt a {@dc 33} Will save, becoming {@condition frightened|CRB|frightened 2} on a failure. On a critical failure, it's also {@condition fleeing} for as long as it's {@condition frightened}. On a success, the creature is temporarily immune for 1 minute. At the start of its next turn, the poltergeist becomes {@condition invisible} again."
						],
						"name": "Frighten"
					},
					{
						"activity": {
							"number": 2,
							"unit": "action"
						},
						"traits": [
							"concentrate",
							"evocation",
							"occult"
						],
						"entries": [
							"The poltergeist telekinetically throws numerous small and jagged chunks of stone rubble, either spreading them out among multiple foes or directing them at one target.",
							{
								"type": "list",
								"items": [
									"When this effect is spread out among multiple foes, the poltergeist makes a telekinetic object {@action Strike} at a \u20132 penalty against each creature within 30 feet. These count as one attack for the poltergeist's multiple attack penalty, and the penalty doesn't increase until after all the attacks.",
									"When this effect has only one target, the poltergeist makes a telekinetic object {@action Strike} against the target, and the damage increases to {@dice 6d12}. It deals {@dice 2d12} damage on a failure, and no damage on a critical failure."
								]
							}
						],
						"name": "Telekinetic Storm"
					}
				]
			},
			"defenses": {
				"ac": {
					"std": 33
				},
				"savingThrows": {
					"fort": {
						"std": 18
					},
					"ref": {
						"std": 25
					},
					"will": {
						"std": 22
					}
				},
				"hp": [
					{
						"hp": 180,
						"abilities": [
							"rejuvenation"
						]
					}
				],
				"immunities": [
					"death effects",
					"disease",
					"paralyzed",
					"poison",
					"precision",
					"unconscious"
				],
				"resistances": [
					{
						"amount": 10,
						"name": "all damage",
						"note": "except force, {@item ghost touch}, or positive; double resistance against non-magical"
					}
				]
			}
		},
		{
			"name": "Soulbound Ruin",
			"source": "AoA4",
			"page": 85,
			"level": 15,
			"traits": [
				"ne",
				"gargantuan",
				"construct",
				"undead"
			],
			"perception": {
				"std": 25
			},
			"senses": [
				{
					"name": "darkvision"
				}
			],
			"languages": {
				"languages": [
					"common"
				],
				"abilities": [
					"other languages typical to the region"
				]
			},
			"skills": {
				"athletics": {
					"std": 30
				},
				"deception": {
					"std": 26
				}
			},
			"abilityMods": {
				"str": 10,
				"dex": 0,
				"con": 6,
				"int": 4,
				"wis": 4,
				"cha": 3
			},
			"speed": {
				"abilities": [
					"can't move"
				]
			},
			"attacks": [
				{
					"range": "Melee",
					"name": "edifice",
					"attack": 30,
					"damage": "{@damage 4d10+9} bludgeoning",
					"types": [
						"bludgeoning"
					]
				}
			],
			"abilities": {
				"mid": [
					{
						"entries": [
							"When a soulbound ruin fails a saving throw against a spell that would banish tormented spirits or manipulate souls, such as {@spell banishment} or {@spell bind soul}, instead of experiencing the listed effects, it takes 10 damage per spell level."
						],
						"name": "Vulnerability to Exorcism"
					},
					{
						"activity": {
							"number": 1,
							"unit": "reaction"
						},
						"trigger": "A creature within the soulbound ruin uses an action with the {@trait move} trait.",
						"frequency": {
							"unit": "turn",
							"number": 1
						},
						"entries": [
							"The soulbound ruin reacts violently to stop the creature's movement, shooting spikes, throwing bricks, or otherwise impeding the target. The target must succeed at a {@dc 35} Reflex save or fall {@condition prone}."
						],
						"name": "Impede"
					}
				],
				"bot": [
					{
						"activity": {
							"number": 3,
							"unit": "action"
						},
						"entries": [
							"The ruin collapses up to three 10-footby- 10-foot sections of its ceiling. The ruin takes 10 damage per section it collapses, and it can't collapse the same section until it has been repaired. Each creature in one of these areas takes {@damage 8d10} bludgeoning damage with a {@dc 35} basic Reflex save. On a failed save, the creature is also {@condition restrained} under the rubble until it {@action Escape||Escapes} ({@dc 33})"
						],
						"name": "Collapse Ceiling"
					},
					{
						"entries": [
							"The ruin can spend 10 minutes repairing itself to regain up to 30 Hit Points. If the ruin is interrupted during this time, it loses its focus and the repair fails. This ability functions even if the ruin is reduced to 0 HP, unless a {@ritual consecrate} ritual has been performed to purify the building, in which case the soulbound ruin is destroyed. This ritual must be dedicated to a good deity or a deity with a strong opposition to undead, such as {@deity Pharasma}."
						],
						"name": "Self-Repair"
					},
					{
						"entries": [
							"A soulbound ruin's edifice {@action Strike||Strikes} can target any creature inside the ruin."
						],
						"name": "Pervasive Attacks"
					}
				]
			},
			"defenses": {
				"ac": {
					"std": 37
				},
				"savingThrows": {
					"fort": {
						"std": 29
					},
					"ref": {
						"std": 21
					},
					"will": {
						"std": 27
					}
				},
				"hp": [
					{
						"hp": 310,
						"abilities": [
							"negative healing"
						]
					}
				],
				"immunities": [
					"bleed",
					"death effects",
					"disease",
					"doomed",
					"drained",
					"fatigued",
					"healing",
					"necromancy",
					"nonlethal",
					"paralyzed",
					"poison",
					"sickened",
					"unconscious"
				],
				"weaknesses": [
					{
						"amount": 15,
						"name": "positive"
					}
				],
				"resistances": [
					{
						"amount": 10,
						"name": "physical",
						"note": "except adamantine"
					}
				]
			},
			"hasImages": true
		},
		{
			"name": "Talamira",
			"source": "AoA4",
			"page": 8,
			"level": 13,
			"traits": [
				"unique",
				"cn",
				"medium",
				"ghost",
				"incorporeal",
				"spirit",
				"undead"
			],
			"description": "Female elf {@creatureTemplate ghost}",
			"perception": {
				"std": 24
			},
			"senses": [
				{
					"name": "darkvision"
				}
			],
			"languages": {
				"languages": [
					"elven"
				]
			},
			"skills": {
				"acrobatics": {
					"std": 27
				},
				"arcana": {
					"std": 27
				},
				"nature": {
					"std": 27
				},
				"aiudara lore": {
					"std": 30
				}
			},
			"abilityMods": {
				"str": -5,
				"dex": 4,
				"con": 0,
				"int": 6,
				"wis": 5,
				"cha": 4
			},
			"speed": {
				"fly": 30
			},
			"attacks": [
				{
					"range": "Melee",
					"name": "ghostly hand",
					"attack": 27,
					"traits": [
						"agile",
						"finesse",
						"magical"
					],
					"damage": "{@damage 3d10+12} negative",
					"types": [
						"negative"
					]
				}
			],
			"spellcasting": [
				{
					"type": "Innate",
					"tradition": "arcane",
					"DC": 33,
					"attack": 27,
					"entry": {
						"0": {
							"level": 7,
							"spells": [
								{
									"name": "acid splash"
								},
								{
									"name": "detect magic"
								},
								{
									"name": "mage hand"
								},
								{
									"name": "ray of frost"
								},
								{
									"name": "shield"
								}
							]
						},
						"1": {
							"spells": [
								{
									"name": "grease"
								},
								{
									"name": "magic missile"
								},
								{
									"name": "ray of enfeeblement"
								}
							]
						},
						"2": {
							"spells": [
								{
									"name": "acid arrow"
								},
								{
									"name": "glitterdust"
								},
								{
									"name": "mirror image"
								}
							]
						},
						"3": {
							"spells": [
								{
									"name": "blindness"
								},
								{
									"name": "paralyze"
								},
								{
									"name": "slow"
								}
							]
						},
						"4": {
							"spells": [
								{
									"name": "confusion"
								},
								{
									"name": "lightning bolt"
								},
								{
									"name": "suggestion"
								}
							]
						},
						"5": {
							"spells": [
								{
									"name": "fireball"
								},
								{
									"name": "magic missile"
								},
								{
									"name": "phantasmal killer"
								}
							]
						},
						"6": {
							"spells": [
								{
									"name": "chain lightning"
								},
								{
									"name": "cone of cold"
								},
								{
									"name": "flesh to stone"
								}
							]
						},
						"7": {
							"spells": [
								{
									"name": "power word blind"
								},
								{
									"name": "spell turning"
								}
							]
						}
					}
				}
			],
			"abilities": {
				"top": [
					{
						"entries": [
							"Jewelgate way station"
						],
						"name": "Site Bound",
						"generic": {
							"tag": "ability"
						}
					}
				],
				"mid": [
					{
						"traits": [
							"divine",
							"necromancy"
						],
						"entries": [
							"Talamira's ghost is bound to the way station by the presence of the wailing crystals; if this hazard is deactivated or destroyed, Talamira sighs in relief as her memories are restored\u2014this burst of psychic energy suffuses all PCs in the area, granting them access to the ancient tradition of magic she once followed, that of the {@archetype crystal keeper|aoa4} archetype. A moment later, Talamira fades away, her soul moving on to the afterlife."
						],
						"name": "Rejuvenation",
						"generic": {
							"tag": "ability",
							"add_hash": "Ghost"
						}
					}
				],
				"bot": [
					{
						"activity": {
							"number": 2,
							"unit": "action"
						},
						"traits": [
							"arcane",
							"emotion",
							"enchantment",
							"mental",
							"sonic"
						],
						"entries": [
							"Talamira releases an anguish-filled cry of despair. All creatures within 30 feet must attempt a {@dc 33} Will save to resist. Talamira can't use Resonant Wail for {@dice 1d4} rounds.",
							{
								"type": "successDegree",
								"entries": {
									"Critical Success": "The creature is unaffected.",
									"Success": "The creature wails with anguish for 3 rounds. The shrieks resonate within the room's wailing crystals, giving the crystals a +2 status bonus on attack rolls against that creature during this time.",
									"Failure": "As success, but the creature is {@condition slowed|CRB|slowed 1} for 1 minute as it sobs uncontrollably. If the creature is already {@condition slowed|CRB|slowed 1} by {@spell crushing despair}, it is {@condition slowed|CRB|slowed 2} as long as it's under both effects simultaneously.",
									"Critical Failure": "As failure, but the creature is also {@condition stunned|CRB|stunned 3} from its overwhelming sadness."
								}
							}
						],
						"name": "Resonant Wail"
					},
					{
						"activity": {
							"number": 2,
							"unit": "action"
						},
						"traits": [
							"divine",
							"evocation"
						],
						"entries": [
							"Talamira fills the air with whirling crystals, dealing {@damage 7d6} slashing damage to all creatures in a 30-foot emanation ({@dc 33} basic Reflex save)."
						],
						"name": "Telekinetic Crystalline Assault"
					}
				]
			},
			"defenses": {
				"ac": {
					"std": 34
				},
				"savingThrows": {
					"fort": {
						"std": 20
					},
					"ref": {
						"std": 23
					},
					"will": {
						"std": 26
					}
				},
				"hp": [
					{
						"hp": 185,
						"abilities": [
							"negative healing",
							"rejuvenation"
						]
					}
				],
				"immunities": [
					"death effects",
					"disease",
					"paralyzed",
					"poison",
					"precision",
					"unconscious"
				],
				"resistances": [
					{
						"amount": 10,
						"name": "all damage",
						"note": "except force, {@item ghost touch}, or positive; double resistance vs. non-magical"
					}
				]
			}
		},
		{
			"name": "Thea",
			"source": "AoA4",
			"page": 31,
			"level": 11,
			"traits": [
				"unique",
				"ne",
				"medium",
				"human",
				"humanoid"
			],
			"perception": {
				"std": 21
			},
			"languages": {
				"languages": [
					"common",
					"dwarven",
					"undercommon"
				]
			},
			"skills": {
				"acrobatics": {
					"std": 22
				},
				"arcana": {
					"std": 15
				},
				"athletics": {
					"std": 19
				},
				"deception": {
					"std": 23
				},
				"nature": {
					"std": 19
				},
				"stealth": {
					"std": 24
				},
				"thievery": {
					"std": 24
				}
			},
			"abilityMods": {
				"str": 2,
				"dex": 7,
				"con": 3,
				"int": 0,
				"wis": 4,
				"cha": 6
			},
			"items": [
				"+1 blowgun (20 darts)",
				"+1 resilient leather armor",
				"lethargy poison (4 doses)",
				"manacles",
				"purple worm venom (2 doses)",
				"+1 striking rapier",
				"ruby and sapphire ring"
			],
			"defenses": {
				"ac": {
					"std": 32
				},
				"savingThrows": {
					"fort": {
						"std": 18
					},
					"ref": {
						"std": 24
					},
					"will": {
						"std": 21
					}
				},
				"hp": [
					{
						"hp": 195
					}
				]
			},
			"speed": {
				"walk": 25
			},
			"attacks": [
				{
					"range": "Melee",
					"traits": [
						"deadly <1d8>",
						"disarm",
						"finesse"
					],
					"name": "rapier",
					"attack": 24,
					"damage": "{@damage 2d6+8} piercing"
				},
				{
					"range": "Ranged",
					"traits": [
						"agile",
						"nonlethal",
						"range increment <20 feet>",
						"reload <1>"
					],
					"name": "blowgun",
					"attack": 24,
					"damage": "7 piercing plus poison"
				}
			],
			"spellcasting": [
				{
					"tradition": "arcane",
					"type": "Prepared",
					"DC": 33,
					"entry": {
						"0": {
							"level": 3,
							"spells": [
								{
									"name": "ghost sound"
								}
							]
						},
						"1": {
							"spells": [
								{
									"name": "fear"
								}
							]
						},
						"2": {
							"spells": [
								{
									"name": "hideous laughter"
								}
							]
						},
						"3": {
							"spells": [
								{
									"name": "illusory disguise"
								}
							]
						}
					}
				}
			],
			"abilities": {
				"bot": [
					{
						"name": "Efficient Capture",
						"activity": {
							"number": 3,
							"unit": "action"
						},
						"traits": [
							"attack",
							"manipulate"
						],
						"requirements": "Thea has manacles in hand and is adjacent to a creature.",
						"entries": [
							"Thea attempts to bind the creature's wrists or ankles with the manacles. If she succeeds at an attack roll with a +24 modifier against the target's AC, she applies the manacles."
						]
					},
					{
						"name": "Precise Debilitations",
						"activity": {
							"number": 1,
							"unit": "free"
						},
						"trigger": "Thea's {@action Strike} hits a flat- footed creature and deals damage.",
						"entries": [
							"Thea applies one of the following debilitations to the creature, which lasts until the end of her next turn.",
							{
								"type": "list",
								"items": [
									"Brow Gash The target becomes {@condition flat-footed}.",
									"Deep Cut The target takes an additional {@damage 2d6} precision damage from Thea's attacks.",
									"Hamstring The target takes a \u201310-foot status penalty to its Speeds.",
									"Low Blow The target becomes {@condition enfeebled||enfeebled 1}."
								]
							}
						]
					},
					{
						"name": "Sneak Attack",
						"entries": [
							"3d6"
						],
						"generic": {
							"tag": "ability"
						}
					},
					{
						"name": "Weapon Trick",
						"entries": [
							"When Thea critically succeeds at an attack roll against a {@condition flat-footed} creature, she applies the critical specialization effect for the weapon she is wielding."
						]
					}
				]
			},
			"description": "Female human Scarlet Triad agent"
		},
		{
			"name": "Veshumirix",
			"source": "AoA4",
			"page": 91,
			"level": 16,
			"traits": [
				"unique",
				"ce",
				"huge",
				"dragon",
				"fire"
			],
			"perception": {
				"std": 28
			},
			"senses": [
				{
					"name": "darkvision"
				},
				{
					"type": "imprecise",
					"name": "scent",
					"range": 60
				}
			],
			"languages": {
				"languages": [
					"abyssal",
					"common",
					"draconic",
					"ignan",
					"terran",
					"undercommon"
				]
			},
			"skills": {
				"acrobatics": {
					"std": 30
				},
				"athletics": {
					"std": 30
				},
				"deception": {
					"std": 26
				},
				"intimidation": {
					"std": 32
				},
				"nature": {
					"std": 24
				},
				"stealth": {
					"std": 27
				},
				"survival": {
					"std": 24
				}
			},
			"abilityMods": {
				"str": 7,
				"dex": 4,
				"con": 5,
				"int": 4,
				"wis": 4,
				"cha": 6
			},
			"speed": {
				"abilities": [
					"magma swim 50 feet"
				],
				"walk": 50,
				"fly": 160
			},
			"attacks": [
				{
					"range": "Melee",
					"name": "jaws",
					"attack": 33,
					"traits": [
						"magical",
						"reach <15 feet>"
					],
					"damage": "{@damage 3d10+15} piercing plus {@damage 4d6} fire",
					"types": [
						"fire",
						"piercing"
					]
				},
				{
					"range": "Melee",
					"name": "claw",
					"attack": 33,
					"traits": [
						"agile",
						"magical",
						"reach <10 feet>"
					],
					"damage": "{@damage 3d10+15} slashing",
					"types": [
						"slashing"
					]
				},
				{
					"range": "Melee",
					"name": "tail",
					"attack": 31,
					"traits": [
						"magical",
						"reach <20 feet>"
					],
					"damage": "{@damage 2d12+15} bludgeoning",
					"types": [
						"bludgeoning"
					]
				},
				{
					"range": "Melee",
					"name": "horns",
					"attack": 31,
					"traits": [
						"magical",
						"reach <15 feet>"
					],
					"damage": "{@damage 2d12+15} piercing",
					"types": [
						"piercing"
					]
				}
			],
			"spellcasting": [
				{
					"type": "Innate",
					"tradition": "primal",
					"DC": 40,
					"entry": {
						"0": {
							"level": 8,
							"spells": [
								{
									"name": "produce flame"
								}
							]
						},
						"8": {
							"spells": [
								{
									"name": "burning hands",
									"amount": "at will"
								},
								{
									"name": "fireball"
								},
								{
									"name": "wall of fire",
									"amount": "at will"
								}
							]
						},
						"constant": {
							"4": {
								"spells": [
									{
										"name": "fire shield"
									}
								]
							}
						}
					}
				}
			],
			"abilities": {
				"mid": [
					{
						"traits": [
							"aura",
							"emotion",
							"fear",
							"mental"
						],
						"entries": [
							"90 feet, {@dc 34}"
						],
						"name": "Frightful Presence",
						"generic": {
							"tag": "ability"
						}
					},
					{
						"activity": {
							"number": 1,
							"unit": "reaction"
						},
						"trigger": "Veshumirix is targeted with an attack.",
						"entries": [
							"Veshumirix raises his wing, gaining a +2 circumstance bonus to AC against the triggering attack. If Veshumirix is Flying, he descends 10 feet after the attack."
						],
						"name": "Wing Deflection"
					}
				],
				"bot": [
					{
						"activity": {
							"number": 2,
							"unit": "action"
						},
						"traits": [
							"evocation",
							"fire",
							"primal"
						],
						"entries": [
							"Veshumirix breathes a blast of magma that deals {@damage 9d6} fire damage and {@damage 4d12} bludgeoning damage in a 60-foot cone ({@dc 42} basic Reflex save). He can't use Breath Weapon again for {@dice 1d4} rounds."
						],
						"name": "Breath Weapon"
					},
					{
						"activity": {
							"number": 2,
							"unit": "action"
						},
						"entries": [
							"Veshumirix makes two claw {@action Strike||Strikes} and one horns {@action Strike} in any order."
						],
						"name": "Draconic Frenzy"
					},
					{
						"entries": [
							"Veshumirix recharges his Breath Weapon whenever he scores a critical hit with a {@action Strike}."
						],
						"name": "Draconic Momentum"
					},
					{
						"entries": [
							"A magma dragon's swim Speed functions only when the dragon is swimming through magma or molten lava."
						],
						"name": "Magma Swim"
					},
					{
						"activity": {
							"number": 1,
							"unit": "action"
						},
						"entries": [
							"If the next action Veshumirix uses is Breath Weapon, the magma clings to those it damages. Each creature that fails its save against the Breath Weapon takes {@damage 4d6} {@condition persistent damage||persistent fire damage}, and as long as it has this {@condition persistent damage||persistent fire damage}, it also takes a \u201310-foot status penalty to its Speeds."
						],
						"name": "Volcanic Purge"
					}
				]
			},
			"defenses": {
				"ac": {
					"std": 39
				},
				"savingThrows": {
					"fort": {
						"std": 29
					},
					"ref": {
						"std": 28
					},
					"will": {
						"std": 26
					},
					"abilities": [
						"+1 status to all saves vs. magic"
					]
				},
				"hp": [
					{
						"hp": 300
					}
				],
				"immunities": [
					"fire",
					"paralyzed",
					"sleep"
				],
				"weaknesses": [
					{
						"amount": 15,
						"name": "cold"
					}
				]
			}
		},
		{
			"name": "Xevalorg",
			"source": "AoA4",
			"page": 14,
			"level": 13,
			"traits": [
				"unique",
				"ce",
				"large",
				"aberration"
			],
			"description": "Male {@creature gug} savant",
			"perception": {
				"std": 26
			},
			"senses": [
				{
					"name": "darkvision"
				}
			],
			"languages": {
				"languages": [
					"aklo",
					"terran",
					"undercommon"
				]
			},
			"skills": {
				"acrobatics": {
					"std": 23,
					"to Squeeze": 27
				},
				"athletics": {
					"std": 27
				},
				"religion": {
					"std": 26
				},
				"stealth": {
					"std": 23
				},
				"survival": {
					"std": 24
				}
			},
			"abilityMods": {
				"str": 8,
				"dex": 4,
				"con": 5,
				"int": 2,
				"wis": 7,
				"cha": 4
			},
			"speed": {
				"walk": 40,
				"climb": 20
			},
			"attacks": [
				{
					"range": "Melee",
					"name": "jaws",
					"attack": 27,
					"traits": [
						"reach <15 feet>"
					],
					"damage": "{@damage 3d12+14} piercing",
					"types": [
						"piercing"
					]
				},
				{
					"range": "Melee",
					"name": "claw",
					"attack": 27,
					"traits": [
						"agile",
						"reach <15 feet>"
					],
					"damage": "{@damage 3d8+14} slashing",
					"types": [
						"slashing"
					]
				}
			],
			"spellcasting": [
				{
					"type": "Innate",
					"tradition": "occult",
					"DC": 33,
					"attack": 27,
					"entry": {
						"2": {
							"spells": [
								{
									"name": "invisibility"
								}
							]
						},
						"3": {
							"spells": [
								{
									"name": "earthbind"
								},
								{
									"name": "vampiric touch"
								}
							]
						},
						"4": {
							"spells": [
								{
									"name": "divine wrath"
								},
								{
									"name": "shape stone",
									"amount": 3
								}
							]
						},
						"5": {
							"spells": [
								{
									"name": "black tentacles"
								},
								{
									"name": "wall of stone"
								}
							]
						},
						"6": {
							"spells": [
								{
									"name": "flesh to stone"
								}
							]
						},
						"constant": {
							"4": {
								"spells": [
									{
										"name": "freedom of movement"
									},
									{
										"name": "see invisibility"
									}
								]
							}
						}
					}
				}
			],
			"abilities": {
				"mid": [
					{
						"activity": {
							"number": 1,
							"unit": "reaction"
						},
						"name": "Attack of Opportunity",
						"generic": {
							"tag": "ability"
						}
					}
				],
				"bot": [
					{
						"activity": {
							"number": 2,
							"unit": "action"
						},
						"entries": [
							"Xevalorg makes up to four claw {@action Strike||Strikes}, each against a different target. These attacks count toward Xevalorg's multiple attack penalty, and the multiple attack penalty doesn't increase until after he makes all his attacks."
						],
						"name": "Furious Claws"
					},
					{
						"entries": [
							"Despite his size, Xevalorg's multiple joints allow him to fit through tight spaces as if he were a Medium creature. While Squeezing, he can move at his full Speed."
						],
						"name": "Eerie Flexibility"
					},
					{
						"activity": {
							"number": 1,
							"unit": "action"
						},
						"entries": [
							"claw"
						],
						"name": "Rend",
						"generic": {
							"tag": "ability"
						}
					}
				]
			},
			"defenses": {
				"ac": {
					"std": 34
				},
				"savingThrows": {
					"fort": {
						"std": 26
					},
					"ref": {
						"std": 20
					},
					"will": {
						"std": 23
					}
				},
				"hp": [
					{
						"hp": 235
					}
				]
			}
		},
		{
			"name": "Zuferian",
			"source": "AoA4",
			"page": 37,
			"level": 15,
			"traits": [
				"unique",
				"ne",
				"medium",
				"human",
				"humanoid"
			],
			"description": "Female human",
			"perception": {
				"std": 26
			},
			"languages": {
				"languages": [
					"common",
					"dwarven",
					"undercommon"
				]
			},
			"skills": {
				"acrobatics": {
					"std": 26
				},
				"arcana": {
					"std": 27
				},
				"crafting": {
					"std": 31,
					"to Craft alchemical items": 33
				},
				"intimidation": {
					"std": 23
				},
				"occultism": {
					"std": 25
				},
				"stealth": {
					"std": 26
				},
				"thievery": {
					"std": 28
				}
			},
			"abilityMods": {
				"str": 2,
				"dex": 7,
				"con": 4,
				"int": 8,
				"wis": 7,
				"cha": 0
			},
			"items": [
				"infused greater acid flask (4)",
				"greater alchemist goggles",
				"infused greater alchemist's fire (4)",
				"alchemist's tools",
				"greater elixirs of life (2)",
				"formula book",
				"infused greater frost vial (4)",
				"+2 resilient leather armor",
				"+2 striking light mace",
				"infused greater thunderstone (4)"
			],
			"speed": {
				"walk": 25
			},
			"attacks": [
				{
					"range": "Melee",
					"name": "light mace",
					"traits": [
						"agile",
						"finesse",
						"shove"
					],
					"attack": 30,
					"damage": "{@dice 2d4+8}"
				},
				{
					"range": "Ranged",
					"name": "alchemical bomb",
					"attack": 30,
					"traits": [
						"range increment <60 feet>",
						"splash"
					],
					"damage": "varies by bomb"
				}
			],
			"abilities": {
				"top": [
					{
						"entries": [
							"Zuferian's items listed as infused last for 24 hours, or until her next daily preparations."
						],
						"name": "Infused Items"
					}
				],
				"bot": [
					{
						"entries": [
							"{@item greater acid flask}, {@item greater alchemist's fire}, {@item greater bottled lightning}, {@item greater darkvision elixir}, {@item deathcap powder}, {@item greater elixir of life}, {@item greater frost vial}, {@item lethargy poison}, {@item purple worm venom}, {@item greater tanglefoot bag}."
						],
						"name": "Alchemical Formulas"
					},
					{
						"entries": [
							"Zuferian's bombs that have the {@trait splash} trait deal 8 extra {@trait splash} damage, and splash to 10 feet."
						],
						"name": "Expanded Splash"
					},
					{
						"activity": {
							"number": 1,
							"unit": "action"
						},
						"entries": [
							"Zuferian creates a single alchemical item from her formula book (see Alchemical Formulas)",
							"This item has the {@trait infused} trait, but it remains potent only until the start of her next turn. With her typical preparations, she can use this ability 7 times per day."
						],
						"name": "Quick Alchemy"
					},
					{
						"activity": {
							"number": 1,
							"unit": "action"
						},
						"entries": [
							"Zuferian Interacts to draw a bomb, then {@action Strike||Strikes} with it."
						],
						"name": "Quick Bomber"
					},
					{
						"name": "True Debilitating Bomb",
						"generic": {
							"tag": "feat"
						}
					},
					{
						"name": "Uncanny Bombs",
						"generic": {
							"tag": "feat"
						}
					}
				]
			},
			"defenses": {
				"ac": {
					"std": 36
				},
				"savingThrows": {
					"fort": {
						"std": 24
					},
					"ref": {
						"std": 29
					},
					"will": {
						"std": 27
					}
				},
				"hp": [
					{
						"hp": 265
					}
				]
			}
		}
	]
}
