{
	"creatureFluff": [
		{
			"images": [
				"https://2e.aonprd.com/Images/Monsters/Urdefhan_UrdefhanHighTormentor.png"
			],
			"source": "EC5",
			"name": "Urdefhan High Tormentor",
			"entries": []
		},
		{
			"images": [
				"https://2e.aonprd.com/Images/Monsters/Ammut.png"
			],
			"source": "EC5",
			"name": "Ammut",
			"entries": []
		},
		{
			"images": [
				"https://2e.aonprd.com/Images/Monsters/Golem_ObsidianGolem.png"
			],
			"source": "EC5",
			"name": "Obsidian Golem",
			"entries": []
		},
		{
			"images": [
				"https://2e.aonprd.com/Images/Monsters/Muurfeli.png"
			],
			"source": "EC5",
			"name": "Muurfeli",
			"entries": []
		},
		{
			"images": [
				"https://2e.aonprd.com/Images/Monsters/Urdefhan_UrdefhanDominator.png"
			],
			"source": "EC5",
			"name": "Urdefhan Dominator",
			"entries": []
		},
		{
			"images": [
				"https://2e.aonprd.com/Images/Monsters/Xulgath_XulgathDeepmouth.png"
			],
			"source": "EC5",
			"name": "Xulgath Deepmouth",
			"entries": []
		},
		{
			"images": [
				"https://2e.aonprd.com/Images/Monsters/Vitalia.png"
			],
			"source": "EC5",
			"name": "Vitalia",
			"entries": []
		},
		{
			"images": [
				"https://2e.aonprd.com/Images/Monsters/Iffdahsil.png"
			],
			"source": "EC5",
			"name": "Iffdahsil",
			"entries": []
		},
		{
			"images": [
				"https://2e.aonprd.com/Images/Monsters/Ararda.png"
			],
			"source": "EC5",
			"name": "Ararda",
			"entries": []
		}
	]
}
