{
	"creatureFluff": [
		{
			"images": [
				"https://2e.aonprd.com/Images/Monsters/Grippli.png"
			],
			"source": "AoA2",
			"name": "Grippli Greenspeaker",
			"entries": []
		},
		{
			"images": [
				"https://2e.aonprd.com/Images/Monsters/Bida.png"
			],
			"source": "AoA2",
			"name": "Bida",
			"entries": []
		},
		{
			"images": [
				"https://2e.aonprd.com/Images/Monsters/Grippli.png"
			],
			"source": "AoA2",
			"name": "Grippli Archer",
			"entries": []
		},
		{
			"images": [
				"https://2e.aonprd.com/Images/Monsters/LivingSap.png"
			],
			"source": "AoA2",
			"name": "Living Sap",
			"entries": []
		}
	]
}
