{
	"_meta": {
		"dependencies": {
			"creature": [
				"B2"
			]
		},
		"internalCopies": [
			"creature"
		],
		"otherSources": {
			"creature": {
				"B2": "SoT5"
			}
		}
	},
	"creature": [
		{
			"name": "Ancient Rivener",
			"source": "SoT5",
			"page": 86,
			"level": 14,
			"traits": [
				"ce",
				"large",
				"humanoid",
				"ikeshti"
			],
			"perception": {
				"std": 25
			},
			"languages": {
				"languages": [
					"ikeshti"
				],
				"abilities": [
					"can speak and understand only simple words"
				]
			},
			"skills": {
				"athletics": {
					"std": 28
				},
				"intimidation": {
					"std": 22
				},
				"stealth": {
					"std": 25
				},
				"survival": {
					"std": 24
				}
			},
			"abilityMods": {
				"str": 8,
				"dex": 5,
				"con": 5,
				"int": -3,
				"wis": 4,
				"cha": 0
			},
			"speed": {
				"walk": 30
			},
			"attacks": [
				{
					"range": "Melee",
					"activity": {
						"number": 1,
						"unit": "action"
					},
					"traits": [
						"reach 10 feet"
					],
					"name": "jaws",
					"attack": 29,
					"damage": "{@damage 3d8+14} piercing and {@damage 2d8} {@condition persistent damage ||persistent bleed}"
				},
				{
					"range": "Melee",
					"activity": {
						"number": 1,
						"unit": "action"
					},
					"traits": [
						"agile"
					],
					"name": "claw",
					"attack": 29,
					"damage": "{@damage 3d8+14} slashing"
				}
			],
			"abilities": {
				"top": [
					{
						"name": "Violent Instincts",
						"entries": [
							"An ancient rivener attacks the nearest creature when {@condition confused} instead of any other effect, and ignores magical commands compelling them to do anything other than attack."
						]
					}
				],
				"mid": [
					{
						"name": "Ferocity",
						"activity": {
							"number": 1,
							"unit": "reaction"
						},
						"entries": [],
						"generic": {
							"tag": "ability"
						}
					}
				],
				"bot": [
					{
						"name": "Slaughter Tackle",
						"activity": {
							"number": 2,
							"unit": "action"
						},
						"entries": [
							"The ancient rivener Leaps at a target within 30 feet, and then makes one jaws {@action Strike} and one claw {@action Strike} in any order."
						]
					},
					{
						"name": "Squirt Blood",
						"activity": {
							"number": 1,
							"unit": "action"
						},
						"entries": [
							"As ikeshti brood-minder."
						]
					}
				]
			},
			"defenses": {
				"ac": {
					"std": 35
				},
				"savingThrows": {
					"fort": {
						"std": 27
					},
					"ref": {
						"std": 25
					},
					"will": {
						"std": 22
					}
				},
				"hp": [
					{
						"hp": 280
					}
				],
				"resistances": [
					{
						"name": "cold",
						"amount": 15
					},
					{
						"name": "fire",
						"amount": 15
					},
					{
						"name": "mental",
						"amount": 15
					}
				]
			}
		},
		{
			"name": "Contemplative",
			"source": "SoT5",
			"page": 80,
			"level": 2,
			"traits": [
				"uncommon",
				"n",
				"medium",
				"aberration"
			],
			"perception": {
				"std": 8
			},
			"senses": [
				{
					"name": "darkvision"
				},
				{
					"name": "thoughtsense",
					"range": {
						"unit": "feet",
						"number": 30
					},
					"type": "precise"
				}
			],
			"languages": {
				"languages": [
					"akitonian"
				],
				"abilities": [
					"telepathy 30 feet"
				]
			},
			"skills": {
				"arcana": {
					"std": 8
				},
				"medicine": {
					"std": 6
				},
				"nature": {
					"std": 8
				},
				"occultism": {
					"std": 10
				},
				"society": {
					"std": 8
				}
			},
			"abilityMods": {
				"str": -2,
				"dex": 3,
				"con": 0,
				"int": 4,
				"wis": 2,
				"cha": 3
			},
			"speed": {
				"walk": 5,
				"fly": 25
			},
			"attacks": [
				{
					"range": "Melee",
					"activity": {
						"number": 1,
						"unit": "action"
					},
					"traits": [
						"finesse"
					],
					"name": "claw",
					"attack": 7,
					"damage": "{@damage 1d6} slashing"
				}
			],
			"spellcasting": [
				{
					"name": "Occult Innate",
					"tradition": "Occult",
					"type": "Innate",
					"DC": 18,
					"attack": 10,
					"entry": {
						"0": {
							"level": 1,
							"spells": [
								{
									"name": "daze"
								},
								{
									"name": "ghost sound"
								},
								{
									"name": "mage hand"
								},
								{
									"name": "read aura"
								},
								{
									"name": "telekinetic projectile"
								}
							]
						},
						"1": {
							"spells": [
								{
									"name": "magic missile",
									"amount": 3
								},
								{
									"name": "mindlink"
								}
							]
						}
					}
				}
			],
			"abilities": {
				"top": [
					{
						"name": "Thoughtsense",
						"traits": [
							"divination",
							"mental",
							"occult"
						],
						"entries": [
							"The contemplative senses all non-mindless creatures at the listed range."
						]
					}
				],
				"mid": [
					{
						"name": "Atrophied",
						"entries": [
							"A contemplative's limbs are withered and incapable of significant physical exertion. A contemplative can't properly wield a two-handed weapon or object without dedicating its telekinetic powers to supporting the weapon, and even then, it takes a \u20132 penalty to {@action Strike||Strikes} with such a weapon. It also can't use its spells or fly as long as it wields a two-handed weapon or object."
						]
					}
				]
			},
			"defenses": {
				"ac": {
					"std": 19
				},
				"savingThrows": {
					"fort": {
						"std": 4
					},
					"ref": {
						"std": 9
					},
					"will": {
						"std": 10
					}
				},
				"hp": [
					{
						"hp": 32
					}
				],
				"weaknesses": [
					{
						"name": "physical",
						"amount": 2
					}
				],
				"resistances": [
					{
						"name": "mental",
						"amount": 5
					}
				]
			}
		},
		{
			"name": "Contemplative Meditant",
			"source": "SoT5",
			"page": 80,
			"level": 15,
			"traits": [
				"rare",
				"n",
				"medium",
				"aberration"
			],
			"perception": {
				"std": 29
			},
			"senses": [
				{
					"name": "darkvision"
				},
				{
					"name": "thoughtsense ",
					"range": {
						"unit": "feet",
						"number": 60
					}
				}
			],
			"languages": {
				"languages": [
					"akitonian"
				],
				"abilities": [
					"telepathy 60 feet",
					"tongues"
				]
			},
			"skills": {
				"arcana": {
					"std": 31
				},
				"deception": {
					"std": 27
				}
			},
			"abilityMods": {
				"str": 0,
				"dex": 6,
				"con": 0,
				"int": 8,
				"wis": 6,
				"cha": 4
			},
			"speed": {
				"walk": 5,
				"fly": 25
			},
			"attacks": [
				{
					"range": "Melee",
					"activity": {
						"number": 1,
						"unit": "action"
					},
					"traits": [
						"finesse",
						"magical"
					],
					"name": "claw",
					"attack": 27,
					"damage": "{@damage 3d6+4} slashing plus {@damage 4d6} mental"
				}
			],
			"spellcasting": [
				{
					"name": "Occult Innate",
					"tradition": "Occult",
					"type": "Innate",
					"DC": 39,
					"attack": 29,
					"entry": {
						"0": {
							"level": 8,
							"spells": [
								{
									"name": "daze"
								},
								{
									"name": "ghost sound"
								},
								{
									"name": "mage hand"
								},
								{
									"name": "read aura"
								},
								{
									"name": "telekinetic projectile"
								}
							]
						},
						"6": {
							"spells": [
								{
									"name": "sanctuary"
								},
								{
									"name": "slow"
								}
							]
						},
						"7": {
							"spells": [
								{
									"name": "haste"
								},
								{
									"name": "magic missile",
									"amount": 3
								},
								{
									"name": "return to essence",
									"source": "SoT5"
								}
							]
						},
						"8": {
							"spells": [
								{
									"name": "dimensional anchor"
								},
								{
									"name": "disappearance",
									"note": "self only"
								},
								{
									"name": "discern location"
								}
							]
						},
						"constant": {
							"8": {
								"spells": [
									{
										"name": "tongues"
									}
								]
							}
						}
					}
				}
			],
			"abilities": {
				"top": [
					{
						"name": "Time",
						"entries": [
							"{@skill Lore} +31, {@skill Diplomacy} +27, {@skill Medicine} +29, {@skill Nature} +27, {@skill Occultism} +33, {@skill Society} +29"
						]
					},
					{
						"name": "Temporal Sense",
						"entries": [
							"A contemplative meditant can always roll Dimension of {@skill Lore||Time Lore} for initiative.",
							"When it does, it gains a +2 circumstance bonus to the roll as it acts on flashes of insight harvested from potential futures."
						]
					},
					{
						"name": "Thoughtsense",
						"traits": [
							"divination",
							"mental",
							"occult"
						],
						"entries": [
							"As contemplative."
						]
					}
				],
				"mid": [
					{
						"name": "Atrophied",
						"entries": [
							"As contemplative."
						]
					}
				],
				"bot": [
					{
						"name": "Temporal Suppression",
						"activity": {
							"number": 1,
							"unit": "action"
						},
						"traits": [
							"enchantment",
							"mental",
							"occult"
						],
						"frequency": {
							"freq": 1,
							"unit": "round"
						},
						"entries": [
							"The contemplative attempts to hinder a target creature's personal flow of time. The target must be within 60 feet, and once targeted must attempt a DC 36 Will save, becoming {@condition slowed||slowed 1} on a failure or {@condition slowed||slowed 2} on a critical failure. Each time an affected creature ends its turn, its {@condition slowed} value decreases by 1. A creature that critically succeeds on their save against Temporal Suppression is temporarily immune to it for 24 hours."
						]
					}
				]
			},
			"defenses": {
				"ac": {
					"std": 38
				},
				"savingThrows": {
					"fort": {
						"std": 21
					},
					"ref": {
						"std": 27
					},
					"will": {
						"std": 29
					}
				},
				"hp": [
					{
						"hp": 275
					}
				],
				"weaknesses": [
					{
						"name": "physical",
						"amount": 10
					}
				],
				"resistances": [
					{
						"name": "mental",
						"amount": 15
					}
				]
			}
		},
		{
			"name": "Contemplative Mentor",
			"source": "SoT5",
			"page": 81,
			"level": 18,
			"traits": [
				"rare",
				"n",
				"medium",
				"aberration"
			],
			"perception": {
				"std": 31
			},
			"senses": [
				{
					"name": "darkvision"
				},
				{
					"name": "thoughtsense ",
					"range": {
						"unit": "feet",
						"number": 100
					}
				}
			],
			"languages": {
				"languages": [
					"akitonian"
				],
				"abilities": [
					"telepathy 100 feet",
					"tongues"
				]
			},
			"skills": {
				"arcana": {
					"std": 35
				},
				"deception": {
					"std": 32
				}
			},
			"abilityMods": {
				"str": 0,
				"dex": 6,
				"con": 0,
				"int": 9,
				"wis": 5,
				"cha": 6
			},
			"speed": {
				"walk": 5,
				"fly": 30
			},
			"attacks": [
				{
					"range": "Melee",
					"activity": {
						"number": 1,
						"unit": "action"
					},
					"traits": [
						"finesse",
						"magical"
					],
					"name": "claw",
					"attack": 32,
					"damage": "{@damage 3d8+6} slashing plus {@damage 4d6} mental"
				}
			],
			"spellcasting": [
				{
					"name": "Occult Innate",
					"tradition": "Occult",
					"type": "Innate",
					"DC": 43,
					"attack": 33,
					"entry": {
						"0": {
							"level": 9,
							"spells": [
								{
									"name": "daze"
								},
								{
									"name": "ghost sound"
								},
								{
									"name": "mage hand"
								},
								{
									"name": "read aura"
								},
								{
									"name": "telekinetic projectile"
								}
							]
						},
						"7": {
							"spells": [
								{
									"name": "haste"
								},
								{
									"name": "magic missile",
									"amount": 3
								},
								{
									"name": "return to essence",
									"source": "SoT5"
								},
								{
									"name": "sanctuary"
								},
								{
									"name": "slow"
								}
							]
						},
						"8": {
							"spells": [
								{
									"name": "dimensional anchor"
								},
								{
									"name": "disappearance",
									"note": "self only"
								},
								{
									"name": "discern location"
								}
							]
						},
						"9": {
							"spells": [
								{
									"name": "foresight"
								},
								{
									"name": "magic missile",
									"amount": 3
								}
							]
						},
						"constant": {
							"9": {
								"spells": [
									{
										"name": "tongues"
									}
								]
							}
						}
					}
				}
			],
			"rituals": [
				{
					"rituals": [
						{
							"name": "rite of the"
						}
					]
				}
			],
			"abilities": {
				"top": [
					{
						"name": "Temporal Sense",
						"entries": [
							"As contemplative meditant."
						]
					},
					{
						"name": "Thoughtsense",
						"traits": [
							"divination",
							"mental",
							"occult"
						],
						"entries": [
							"As contemplative."
						]
					}
				],
				"mid": [
					{
						"name": "Atrophied",
						"entries": [
							"As contemplative."
						]
					}
				],
				"bot": [
					{
						"name": "Red Star",
						"traits": [
							"page 77"
						],
						"entries": []
					},
					{
						"name": "Project Calm",
						"activity": {
							"number": 3,
							"unit": "action"
						},
						"traits": [
							"emotion",
							"enchantment",
							"mental",
							"occult"
						],
						"entries": [
							"The contemplative mentor projects a field of perfect calm in a 60-foot emanation. All creatures within the area of effect must succeed at a DC 40 Will save or be unable to take {@condition hostile} actions for 1 round. After using this ability, the contemplative is {@condition drained||drained 1}, or increases its {@condition drained} value by 1 if it was already {@condition drained}. A contemplative mentor can't use this ability if its {@condition drained} value is 3 or more."
						]
					},
					{
						"name": "Temporal Suppression",
						"activity": {
							"number": 1,
							"unit": "action"
						},
						"traits": [
							"enchantment",
							"mental",
							"occult"
						],
						"entries": [
							"As contemplative meditant, but DC 40."
						]
					}
				]
			},
			"defenses": {
				"ac": {
					"std": 44
				},
				"savingThrows": {
					"fort": {
						"std": 24
					},
					"ref": {
						"std": 30
					},
					"will": {
						"std": 33
					}
				},
				"hp": [
					{
						"hp": 335
					}
				],
				"weaknesses": [
					{
						"name": "physical",
						"amount": 10
					}
				],
				"resistances": [
					{
						"name": "mental",
						"amount": 20
					}
				]
			}
		},
		{
			"name": "Crimson Acolyte",
			"source": "SoT5",
			"page": 61,
			"level": 13,
			"traits": [
				"rare",
				"ce",
				"medium",
				"human",
				"humanoid"
			],
			"perception": {
				"std": 23
			},
			"languages": {
				"languages": [
					"akitonian",
					"aklo",
					"common"
				]
			},
			"skills": {
				"acrobatics": {
					"std": 24
				},
				"athletics": {
					"std": 24
				},
				"arcana": {
					"std": 22
				},
				"stealth": {
					"std": 24
				}
			},
			"abilityMods": {
				"str": 5,
				"dex": 4,
				"con": 0,
				"int": 3,
				"wis": 4,
				"cha": 0
			},
			"items": [
				"+2 striking dueling pistol (10 thasteron rounds; Guns & Gears 152)",
				"+2 striking handwraps of mighty blows"
			],
			"speed": {
				"walk": 30
			},
			"attacks": [
				{
					"range": "Melee",
					"activity": {
						"number": 1,
						"unit": "action"
					},
					"traits": [
						"agile",
						"magical",
						"unarmed"
					],
					"name": "fist",
					"attack": 27,
					"damage": "{@damage 2d6+11} bludgeoning"
				},
				{
					"range": "Melee",
					"activity": {
						"number": 1,
						"unit": "action"
					},
					"traits": [
						"backstabber",
						"forceful",
						"magical",
						"unarmed"
					],
					"name": "thousand wounds",
					"attack": 27,
					"damage": "{@damage 2d12+11} piercing"
				},
				{
					"range": "Ranged",
					"activity": {
						"number": 1,
						"unit": "action"
					},
					"traits": [
						"concealable",
						"concussive",
						"fatal d10",
						"magical",
						"range increment 60 feet",
						"reload 1"
					],
					"name": "dueling pistol",
					"attack": 26,
					"damage": "{@damage 2d6+10} piercing"
				}
			],
			"abilities": {
				"mid": [
					{
						"name": "Ageless",
						"entries": [
							"The crimson acolyte doesn't age and doesn't need food or drink to survive."
						]
					},
					{
						"name": "Evasion",
						"entries": [
							"When the acolyte rolls a success on a Reflex save, they get a critical success instead."
						]
					},
					{
						"name": "Guarded Movement",
						"entries": [
							"The acolyte gains a +4 circumstance bonus to AC against reactions triggered by their movement."
						],
						"generic": {
							"tag": "feat"
						}
					}
				],
				"bot": [
					{
						"name": "Flurry of Blows",
						"activity": {
							"number": 1,
							"unit": "action"
						},
						"traits": [
							"flourish"
						],
						"frequency": {
							"freq": 1,
							"unit": "turn"
						},
						"entries": [
							"The acolyte makes two unarmed {@action Strike||Strikes}, or one unarmed {@action Strike} and a dueling pistol {@action Strike}. If both hit the same creature, combine their damages for the purposes of resistances and weaknesses. The acolyte's multiple attack penalty applies normally to these {@action Strike||Strikes}."
						]
					},
					{
						"name": "Thousand Ants Stance",
						"activity": {
							"number": 1,
							"unit": "action"
						},
						"traits": [
							"stance"
						],
						"entries": [
							"The acolyte takes the stance of thousand ants, a style mimicking the distracting strikes of a swarm of tiny, vicious creatures.",
							"The acolyte can make thousand wounds unarmed attacks. These deal {@damage 1d12} piercing damage; are in the brawling group; and have the backstabber, {@trait forceful}, and {@trait unarmed} traits. While in this stance, if the acolyte successfully Trips a target, the target is {@condition flat-footed} until the start of the target's next turn."
						]
					},
					{
						"name": "Sneak Attack",
						"entries": [
							"The acolyte deals an extra {@damage 2d6} precision damage to {@condition flat-footed} creatures."
						],
						"generic": {
							"tag": "ability"
						}
					}
				]
			},
			"description": "Human devotee",
			"defenses": {
				"ac": {
					"std": 34
				},
				"savingThrows": {
					"fort": {
						"std": 21
					},
					"ref": {
						"std": 25
					},
					"will": {
						"std": 23
					},
					"abilities": [
						"evasion"
					]
				},
				"hp": [
					{
						"hp": 235
					}
				]
			}
		},
		{
			"name": "Dwandek",
			"source": "SoT5",
			"page": 32,
			"level": 17,
			"traits": [
				"unique",
				"ne",
				"medium",
				"undead"
			],
			"perception": {
				"std": 31
			},
			"senses": [
				{
					"name": "darkvision"
				}
			],
			"languages": {
				"languages": [
					"common",
					"necril",
					"undercommon"
				]
			},
			"skills": {
				"arcana": {
					"std": 33
				},
				"crafting": {
					"std": 31
				},
				"deception": {
					"std": 27
				},
				"intimidation": {
					"std": 29
				},
				"occultism": {
					"std": 33
				},
				"religion": {
					"std": 29
				}
			},
			"abilityMods": {
				"str": 0,
				"dex": 5,
				"con": 6,
				"int": 8,
				"wis": 4,
				"cha": 4
			},
			"items": [
				"diadem of intellect",
				"wand of inexhaustible cynicism|som"
			],
			"speed": {
				"walk": 25,
				"fly": 25
			},
			"attacks": [
				{
					"range": "Melee",
					"activity": {
						"number": 1,
						"unit": "action"
					},
					"traits": [
						"finesse",
						"magical"
					],
					"name": "hand",
					"attack": 32,
					"damage": "{@damage 5d8} negative plus paralyzing touch"
				}
			],
			"spellcasting": [
				{
					"name": "Arcane Prepared",
					"tradition": "Arcane",
					"type": "Prepared",
					"DC": 39,
					"attack": 29,
					"entry": {
						"0": {
							"level": 9,
							"spells": [
								{
									"name": "detect magic"
								},
								{
									"name": "mage hand"
								},
								{
									"name": "message"
								},
								{
									"name": "ray of frost"
								},
								{
									"name": "shield"
								}
							]
						},
						"1": {
							"spells": [
								{
									"name": "magic missile"
								},
								{
									"name": "ray of enfeeblement",
									"amount": 2
								},
								{
									"name": "true strike"
								}
							]
						},
						"2": {
							"spells": [
								{
									"name": "false life"
								},
								{
									"name": "mirror image"
								},
								{
									"name": "resist energy"
								},
								{
									"name": "see invisibility"
								}
							]
						},
						"3": {
							"spells": [
								{
									"name": "blindness"
								},
								{
									"name": "locate"
								},
								{
									"name": "magic missile"
								},
								{
									"name": "vampiric touch"
								}
							]
						},
						"4": {
							"spells": [
								{
									"name": "fly"
								},
								{
									"name": "phantasmal killer"
								},
								{
									"name": "vampiric maiden",
									"amount": 2,
									"source": "apg"
								}
							]
						},
						"5": {
							"spells": [
								{
									"name": "cloudkill"
								},
								{
									"name": "cone of cold",
									"amount": 2
								},
								{
									"name": "wall of ice"
								}
							]
						},
						"6": {
							"spells": [
								{
									"name": "chain lightning"
								},
								{
									"name": "dominate"
								},
								{
									"name": "vampiric exsanguination",
									"amount": 2
								}
							]
						},
						"7": {
							"spells": [
								{
									"name": "duplicate foe"
								},
								{
									"name": "eclipse burst",
									"amount": 2
								},
								{
									"name": "mask of terror"
								}
							]
						},
						"8": {
							"spells": [
								{
									"name": "horrid wilting",
									"amount": 2
								},
								{
									"name": "maze"
								},
								{
									"name": "prismatic wall"
								}
							]
						},
						"9": {
							"spells": [
								{
									"name": "massacre"
								},
								{
									"name": "power word kill"
								},
								{
									"name": "telepathic demand"
								}
							]
						}
					}
				}
			],
			"abilities": {
				"top": [
					{
						"name": "Void Shroud",
						"traits": [
							"aura",
							"death",
							"necromancy"
						],
						"entries": [
							"30 feet. As lich, but DC 35."
						]
					}
				],
				"mid": [
					{
						"name": "Counterspell",
						"activity": {
							"number": 1,
							"unit": "reaction"
						},
						"trigger": "A creature casts a spell Dwandek has prepared",
						"entries": [
							"As lich."
						]
					},
					{
						"name": "Resist Arcane Magic",
						"activity": {
							"number": 1,
							"unit": "reaction"
						},
						"frequency": {
							"freq": 1,
							"unit": "day"
						},
						"trigger": "Dwandek attempts a save against an arcane spell but hasn't rolled yet",
						"entries": [
							"Dwandek automatically succeeds at his save against the triggering spell."
						]
					}
				],
				"bot": [
					{
						"name": "Drain Soul Cage",
						"activity": {
							"number": 1,
							"unit": "free"
						},
						"frequency": {
							"freq": 1,
							"unit": "day"
						},
						"entries": [
							"Dwandek taps into his soul cage's power to cast any arcane spell up to 9th level, even if the spell being cast is not one of his prepared spells. The lich's soul cage doesn't need to be present for the lich to use this ability."
						]
					},
					{
						"name": "Paralyzing Touch",
						"traits": [
							"arcane",
							"curse",
							"incapacitation",
							"necromancy"
						],
						"entries": [
							"As lich, but DC 38."
						]
					},
					{
						"name": "Unflinching Spellcasting",
						"entries": [
							"If a reaction would disrupt Dwandek's spellcasting action, Dwandek attempts a DC {@flatDC 12} flat check. On a success, the action isn't disrupted."
						]
					}
				]
			},
			"description": "Male human lich necromancer (Pathfinder Bestiary 220)",
			"defenses": {
				"ac": {
					"std": 40
				},
				"savingThrows": {
					"fort": {
						"std": 31
					},
					"ref": {
						"std": 27
					},
					"will": {
						"std": 30
					}
				},
				"hp": [
					{
						"hp": 270,
						"abilities": [
							"negative healing",
							"rejuvenation"
						]
					}
				],
				"immunities": [
					"death effects",
					"disease",
					"paralyzed",
					"poison",
					"unconscious"
				],
				"resistances": [
					{
						"name": "arcane spell damage",
						"amount": 5
					},
					{
						"name": "cold",
						"amount": 20
					},
					{
						"name": "physical",
						"amount": 15,
						"note": "except magic bludgeoning"
					}
				]
			}
		},
		{
			"name": "Formian Mageslayer",
			"source": "SoT5",
			"page": 83,
			"level": 16,
			"traits": [
				"rare",
				"ln",
				"medium",
				"formian",
				"mutant"
			],
			"perception": {
				"std": 31
			},
			"senses": [
				{
					"name": "darkvision"
				},
				{
					"name": "scent",
					"range": {
						"unit": "feet",
						"number": 30
					},
					"type": "precise"
				},
				{
					"name": "tremorsense ",
					"range": {
						"unit": "feet",
						"number": 60
					}
				}
			],
			"languages": {
				"languages": [
					"akitonian",
					"formian",
					"telepathy 120 feet"
				]
			},
			"skills": {
				"acrobatics": {
					"std": 28
				},
				"arcana": {
					"std": 32
				},
				"nature": {
					"std": 30
				},
				"occultism": {
					"std": 32
				},
				"religion": {
					"std": 30
				},
				"stealth": {
					"std": 28
				},
				"survival": {
					"std": 28
				}
			},
			"abilityMods": {
				"str": 5,
				"dex": 8,
				"con": 5,
				"int": 9,
				"wis": 7,
				"cha": 5
			},
			"speed": {
				"walk": 30,
				"fly": 30
			},
			"attacks": [
				{
					"range": "Melee",
					"activity": {
						"number": 1,
						"unit": "action"
					},
					"traits": [
						"agile",
						"finesse"
					],
					"name": "claw",
					"attack": 32,
					"damage": "{@damage 3d10+13} slashing plus {@damage 3d6} {@condition persistent damage ||persistent mental damage} and stupefying touch"
				},
				{
					"range": "Ranged",
					"activity": {
						"number": 1,
						"unit": "action"
					},
					"traits": [
						"range 60 feet"
					],
					"name": "acid spit",
					"attack": 32,
					"damage": "{@damage 3d6+8} acid plus {@damage 3d6} {@condition persistent damage ||persistent acid damage}"
				}
			],
			"abilities": {
				"top": [
					{
						"name": "Disrupting Aura",
						"traits": [
							"abjuration",
							"aura",
							"primal"
						],
						"entries": [
							"30 feet. Formian mageslayers are surrounded by an aura of disruptive energy that disperses magical energy and makes spellcasting difficult for their enemies. Whenever an enemy creature within the aura attempts to {@action Cast a Spell} or Activate a magic item, they must roll a DC {@flatDC 5} flat check; on a failed check, the spell or activation is lost and the action is wasted. Free action activations disrupted by this aura can't be attempted again until the start of the activating creature's next turn."
						]
					},
					{
						"name": "Hive Mind",
						"traits": [
							"divination",
							"primal"
						],
						"entries": [
							"As formian worker."
						]
					}
				],
				"mid": [
					{
						"name": "Spell Resistance",
						"entries": [
							"A formian mageslayer takes 15 fewer damage from any arcane or primal spell that causes damage, and 10 less damage from any divine or occult spell that causes damage."
						]
					},
					{
						"name": "Shred Spell",
						"activity": {
							"number": 1,
							"unit": "reaction"
						},
						"traits": [
							"abjuration",
							"primal"
						],
						"trigger": "A creature within the formian mageslayer's disrupting aura that the formian mageslayer can see succeeds at a DC {@flatDC 5} flat check to {@action Cast a Spell||Cast the Spell} in the aura",
						"entries": [
							"The mageslayer attempts to unravel the spell's magic and attempts to counteract the spell. They use their {@skill Arcana} modifier as their counteract modifier with a counteract level of 8. If the formian mageslayer succeeds, they counter the spell and use the dispersed energy to gain a number of temporary Hit Points equal to twice the spell's level for 1 minute. If the formian mageslayer critically fails this counteract check, their disrupting aura deactivates for 1 minute."
						]
					}
				],
				"bot": [
					{
						"name": "Stupefying Touch",
						"traits": [
							"abjuration",
							"curse",
							"primal"
						],
						"entries": [
							"A creature damaged by a mageslayer's claw {@action Strike} must succeed at a DC 37 Will save. The creature becomes {@condition stupefied||stupefied 2} for 1 round on a failure. On a critical failure, the creature is {@condition stupefied||stupefied 2} for 1 hour."
						]
					}
				]
			},
			"defenses": {
				"ac": {
					"std": 38
				},
				"savingThrows": {
					"fort": {
						"std": 25
					},
					"ref": {
						"std": 28
					},
					"will": {
						"std": 30
					}
				},
				"hp": [
					{
						"hp": 240
					}
				],
				"immunities": [
					"sleep"
				],
				"resistances": [
					{
						"name": "sonic",
						"amount": 15
					},
					{
						"name": "spell resistance"
					}
				]
			}
		},
		{
			"name": "Formian Queen",
			"source": "SoT5",
			"page": 84,
			"level": 17,
			"traits": [
				"uncommon",
				"ln",
				"large",
				"formian"
			],
			"perception": {
				"std": 31
			},
			"senses": [
				{
					"name": "darkvision"
				},
				{
					"name": "scent",
					"range": {
						"unit": "feet",
						"number": 60
					},
					"type": "precise"
				},
				{
					"name": "tremorsense ",
					"range": {
						"unit": "feet",
						"number": 60
					}
				}
			],
			"languages": {
				"languages": [
					"akitonian",
					"formian",
					"telepathy 200 feet"
				]
			},
			"skills": {
				"athletics": {
					"std": 27
				},
				"arcana": {
					"std": 30
				},
				"diplomacy": {
					"std": 33
				},
				"intimidation": {
					"std": 33
				},
				"medicine": {
					"std": 31
				},
				"nature": {
					"std": 31
				},
				"society": {
					"std": 30
				}
			},
			"abilityMods": {
				"str": 8,
				"dex": 5,
				"con": 9,
				"int": 5,
				"wis": 6,
				"cha": 8
			},
			"speed": {
				"walk": 10
			},
			"attacks": [
				{
					"range": "Melee",
					"activity": {
						"number": 1,
						"unit": "action"
					},
					"traits": [
						"agile",
						"magic",
						"reach 15 feet"
					],
					"name": "claw",
					"attack": 33,
					"damage": "{@damage 3d12+12} slashing"
				}
			],
			"spellcasting": [
				{
					"name": "Primal Innate",
					"tradition": "Primal",
					"type": "Innate",
					"DC": 38,
					"attack": 30,
					"entry": {
						"7": {
							"spells": [
								{
									"name": "magic missile",
									"amount": "at will"
								}
							]
						},
						"8": {
							"spells": [
								{
									"name": "disappearance"
								},
								{
									"name": "illusory scene"
								},
								{
									"name": "repulsion"
								},
								{
									"name": "teleport"
								}
							]
						},
						"9": {
							"spells": [
								{
									"name": "cone of cold"
								},
								{
									"name": "feeblemind"
								}
							]
						}
					}
				}
			],
			"rituals": [
				{
					"rituals": [
						{
							"name": "commune with nature"
						}
					]
				}
			],
			"abilities": {
				"top": [
					{
						"name": "Hive Mind",
						"traits": [
							"divination",
							"primal"
						],
						"entries": [
							"As formian worker."
						]
					}
				],
				"bot": [
					{
						"name": "Hive Frenzy",
						"activity": {
							"number": 1,
							"unit": "action"
						},
						"traits": [
							"enchantment",
							"mental",
							"primal"
						],
						"frequency": {
							"freq": 1,
							"unit": "day"
						},
						"entries": [
							"The formian queen stirs all formians within range of her telepathy into a frenzy. Each affected formian gains the {@condition quickened} condition for 1 minute, and can use the extra action each round only to {@action Strike} or {@action Stride}."
						]
					},
					{
						"name": "Possess Formian",
						"activity": {
							"number": 1,
							"unit": "action"
						},
						"traits": [
							"incapacitation",
							"mental",
							"necromancy",
							"possession",
							"primal"
						],
						"entries": [
							"A formian queen transfers her consciousness to the body of any formian within range of her telepathy to whom she has a line of effect. As long as the queen's consciousness is outside her body, her body is {@condition unconscious} (though she is aware if any damage is dealt to it). An unwilling target can attempt a DC 38 Will saving throw to resist being possessed, but the queen's offspring are part of her hive mind and thus are almost always willing. The queen receives all sensory input from the target creature; she can speak through it, and she can use her own modifier for Intelligence-, Wisdom-, and Charisma-based skill checks. If the target creature is slain or moves to a different plane from the queen's body, the queen returns to her own body immediately and is {@condition stunned||stunned 1}; otherwise, she can return to her own body as a free action, ending the {@trait possession} effect."
						]
					},
					{
						"name": "Telepathic Feedback",
						"activity": {
							"number": 2,
							"unit": "action"
						},
						"traits": [
							"enchantment",
							"mental",
							"primal"
						],
						"entries": [
							"The formian queen unleashes a blast of debilitating telepathic feedback, targeting as many creatures as she wishes within range of her telepathy and to whom she has a line of effect.",
							"Targeted creatures must attempt a DC 38 Will save.",
							{
								"type": "successDegree",
								"entries": {
									"Critical Success": [
										"The creature is unaffected and is temporarily immune to Telepathic Feedback for 24 hours."
									],
									"Success": [
										"The creature takes {@damage 3d6} mental damage, {@damage 1d6} {@condition persistent damage ||persistent mental damage}, and is {@condition sickened||sickened 1}."
									],
									"Failure": [
										"The creature takes {@damage 6d6} mental damage, {@damage 1d6} {@condition persistent damage ||persistent mental damage}, and is {@condition sickened||sickened 2}."
									],
									"Critical Failure": [
										"The creature takes {@damage 12d6} mental damage, {@damage 1d6} {@condition persistent damage ||persistent mental damage}, and is {@condition stunned||stunned 3}. Upon recovering from the {@condition stunned} condition, the creature becomes {@condition sickened||sickened 2}."
									]
								}
							}
						]
					}
				]
			},
			"defenses": {
				"ac": {
					"std": 40
				},
				"savingThrows": {
					"fort": {
						"std": 34
					},
					"ref": {
						"std": 26
					},
					"will": {
						"std": 31
					}
				},
				"hp": [
					{
						"hp": 255
					}
				],
				"resistances": [
					{
						"name": "all physical",
						"amount": 15
					},
					{
						"name": "sonic",
						"amount": 15
					}
				]
			}
		},
		{
			"name": "Formian Worker",
			"source": "SoT5",
			"page": 82,
			"level": 1,
			"traits": [
				"ln",
				"medium",
				"formian"
			],
			"perception": {
				"std": 6
			},
			"senses": [
				{
					"name": "darkvision"
				},
				{
					"name": "scent",
					"range": {
						"unit": "feet",
						"number": 30
					},
					"type": "precise"
				}
			],
			"languages": {
				"languages": [
					"akitonian",
					"formian",
					"telepathy 30 feet"
				]
			},
			"skills": {
				"athletics": {
					"std": 7
				},
				"survival": {
					"std": 6
				}
			},
			"abilityMods": {
				"str": 4,
				"dex": 1,
				"con": 3,
				"int": 0,
				"wis": 1,
				"cha": 0
			},
			"speed": {
				"walk": 30,
				"burrow": 5
			},
			"attacks": [
				{
					"range": "Melee",
					"activity": {
						"number": 1,
						"unit": "action"
					},
					"name": "jaws",
					"attack": 7,
					"damage": "{@damage 1d4+4} slashing"
				}
			],
			"abilities": {
				"top": [
					{
						"name": "Hive Mind",
						"traits": [
							"divination",
							"primal"
						],
						"entries": [
							"Formians operate from a shared hive intelligence that allows them to communicate nearly instantaneously. While within telepathic range of at least one other formian from the same hive mind, a formian worker gains a +2 circumstance bonus to initiative checks, {@skill Perception} checks, and saving throws against {@trait mental} effects. If one formian is aware of a combatant, all members of the hive mind within range are aware of it."
						]
					}
				],
				"mid": [
					{
						"name": "Able Assistant",
						"entries": [
							"When using the {@action Aid} action to assist another formian from the same hive mind within range of its hive link, if the formian worker rolls a success, they get a critical success instead, and if they roll a critical failure, they get a failure instead."
						]
					}
				],
				"bot": [
					{
						"name": "Heavy Lifter",
						"entries": [
							"Formian workers excel at heavy labor. A formian worker can carry 5 additional bulk beyond the normal limits for their Strength before becoming {@condition encumbered} or overburdened."
						]
					}
				]
			},
			"defenses": {
				"ac": {
					"std": 16
				},
				"savingThrows": {
					"fort": {
						"std": 8
					},
					"ref": {
						"std": 4
					},
					"will": {
						"std": 6
					}
				},
				"hp": [
					{
						"hp": 20
					}
				],
				"resistances": [
					{
						"name": "sonic",
						"amount": 2
					}
				]
			}
		},
		{
			"name": "Gluttonworm",
			"source": "SoT5",
			"page": 85,
			"level": 19,
			"traits": [
				"uncommon",
				"n",
				"gargantuan",
				"beast"
			],
			"perception": {
				"std": 32
			},
			"senses": [
				{
					"name": "darkvision"
				},
				{
					"name": "tremorsense",
					"range": {
						"unit": "feet",
						"number": 100
					},
					"type": "precise"
				}
			],
			"skills": {
				"athletics": {
					"std": 37
				}
			},
			"abilityMods": {
				"str": 10,
				"dex": 4,
				"con": 6,
				"int": -4,
				"wis": 5,
				"cha": -1
			},
			"speed": {
				"walk": 30,
				"burrow": 40
			},
			"attacks": [
				{
					"range": "Melee",
					"activity": {
						"number": 1,
						"unit": "action"
					},
					"traits": [
						"deadly 3d10",
						"reach 20 feet"
					],
					"name": "jaws",
					"attack": 37,
					"damage": "{@damage 4d12+18} piercing and Improved Grab"
				},
				{
					"range": "Melee",
					"activity": {
						"number": 1,
						"unit": "action"
					},
					"name": "body",
					"attack": 33,
					"damage": "{@damage 4d8+18} bludgeoning"
				}
			],
			"abilities": {
				"mid": [
					{
						"name": "Dune Dispersal",
						"traits": [
							"aura"
						],
						"entries": [
							"15 feet. Ground in the aura is {@quickref greater difficult terrain||3|terrain}."
						]
					},
					{
						"name": "Sand Armor",
						"traits": [
							"necromancy",
							"primal"
						],
						"entries": [
							"A gluttonworm in contact with a significant body of sand, such as a desert or beach, gains fast healing 10. If the gluttonworm is subject to {@condition persistent damage ||persistent bleed}, the flowing blood quickly congeals with the sand covering its body, instantly ending the bleed duration and giving the gluttonworm a +2 circumstance bonus to AC until the end of its next turn."
						]
					},
					{
						"name": "Inexorable",
						"entries": [
							"The gluttonworm recovers from the {@condition paralyzed}, {@condition slowed}, and {@condition stunned} conditions at the end of its turn. It's also immune to penalties to its Speeds and the {@condition immobilized} condition, and it ignores {@quickref difficult terrain||3|terrain} and {@quickref greater difficult terrain||3|terrain}."
						]
					}
				],
				"bot": [
					{
						"name": "Fast Swallow",
						"activity": {
							"number": 1,
							"unit": "reaction"
						},
						"trigger": "The gluttonworm Grabs a creature, or a creature fails a Reflex save against a Gulping Charge",
						"entries": [
							"The gluttonworm uses Swallow Whole."
						]
					},
					{
						"name": "Gulping Charge",
						"activity": {
							"number": 3,
							"unit": "action"
						},
						"entries": [
							"The gluttonworm Strides up to double its Speed and can move through the spaces of Large or smaller creatures, gulping each creature whose space the worm enters and attempting a body {@action Strike} against each of them. The gluttonworm can use this {@action Strike} on each creature only once in a single use of Gulping Charge. Creatures can attempt a DC 41 basic Reflex save against this damage."
						]
					},
					{
						"name": "Spew Sandstorm",
						"activity": {
							"number": 3,
							"unit": "action"
						},
						"traits": [
							"air",
							"earth",
							"evocation",
							"primal"
						],
						"entries": [
							"The gluttonworm exhales swirling sand in a 60-foot cone. Creatures in the area must attempt a DC 41 Reflex save. It can't Spew Sandstorm again for {@dice 1d4} rounds.",
							{
								"type": "successDegree",
								"entries": {
									"Critical Success": [
										"The creature is unaffected."
									],
									"Success": [
										"The creature takes {@damage 4d6} slashing damage and {@damage 4d6} bludgeoning damage from the scouring sand."
									],
									"Failure": [
										"The creature takes {@damage 8d6} slashing damage and {@damage 8d6} bludgeoning damage from the sand, and is {@condition dazzled} until the end of its next turn."
									],
									"Critical Failure": [
										"The creature takes {@damage 12d6} slashing damage and {@damage 12d6} bludgeoning damage and is {@condition blinded} for 1 hour."
									]
								}
							}
						]
					},
					{
						"name": "Swallow Whole",
						"activity": {
							"number": 1,
							"unit": "action"
						},
						"traits": [
							"attack"
						],
						"entries": [
							"Huge, {@damage 3d10+17} bludgeoning plus {@damage 2d6} slashing, Rupture 36"
						],
						"generic": {
							"tag": "ability"
						}
					}
				]
			},
			"defenses": {
				"ac": {
					"std": 41
				},
				"savingThrows": {
					"fort": {
						"std": 35
					},
					"ref": {
						"std": 29
					},
					"will": {
						"std": 32
					}
				},
				"hp": [
					{
						"hp": 445
					}
				]
			}
		},
		{
			"name": "Ikeshti Brood-Minder",
			"source": "SoT5",
			"page": 86,
			"level": 2,
			"traits": [
				"n",
				"small",
				"humanoid",
				"ikeshti"
			],
			"perception": {
				"std": 7
			},
			"languages": {
				"languages": [
					"akitonian",
					"ikeshti"
				]
			},
			"skills": {
				"athletics": {
					"std": 7
				},
				"diplomacy": {
					"std": 6
				},
				"medicine": {
					"std": 7
				},
				"survival": {
					"std": 7,
					"in deserts": 9
				}
			},
			"abilityMods": {
				"str": 1,
				"dex": 4,
				"con": 3,
				"int": 1,
				"wis": 1,
				"cha": 0
			},
			"speed": {
				"walk": 30
			},
			"attacks": [
				{
					"range": "Melee",
					"activity": {
						"number": 1,
						"unit": "action"
					},
					"traits": [
						"agile",
						"finesse"
					],
					"name": "claw",
					"attack": 11,
					"damage": "{@damage 1d8+3} slashing"
				}
			],
			"abilities": {
				"bot": [
					{
						"name": "Squirt Blood",
						"activity": {
							"number": 1,
							"unit": "action"
						},
						"frequency": {
							"freq": 1,
							"unit": "day"
						},
						"entries": [
							"The ikeshti squirts blood from one of their eyes at a target within 30 feet. The target must attempt a DC 18 Fortitude save or become {@condition sickened||sickened 1} ({@condition sickened||sickened 2} on a critical failure)."
						]
					}
				]
			},
			"defenses": {
				"ac": {
					"std": 18
				},
				"savingThrows": {
					"fort": {
						"std": 9
					},
					"ref": {
						"std": 10
					},
					"will": {
						"std": 5
					}
				},
				"hp": [
					{
						"hp": 30
					}
				],
				"resistances": [
					{
						"name": "cold",
						"amount": 2
					},
					{
						"name": "fire",
						"amount": 2
					}
				]
			}
		},
		{
			"name": "Iobane Magus",
			"source": "SoT5",
			"page": 21,
			"level": 13,
			"traits": [
				"ln",
				"medium",
				"human",
				"humanoid"
			],
			"perception": {
				"std": 23
			},
			"senses": [
				{
					"name": "Iobane vision"
				}
			],
			"languages": {
				"languages": [
					"common",
					"draconic"
				]
			},
			"skills": {
				"arcana": {
					"std": 26
				},
				"athletics": {
					"std": 26
				},
				"stealth": {
					"std": 23
				}
			},
			"abilityMods": {
				"str": 5,
				"dex": 2,
				"con": 3,
				"int": 5,
				"wis": 2,
				"cha": 0
			},
			"items": [
				"high-grade black dragonhide buckler (Hardness 5",
				"HP 20",
				"BT 10",
				"immune to acid)",
				"+1 resilient chain shirt",
				"signal horn",
				"+1 striking spear"
			],
			"speed": {
				"walk": 25
			},
			"attacks": [
				{
					"range": "Melee",
					"activity": {
						"number": 1,
						"unit": "action"
					},
					"traits": [
						"magical"
					],
					"name": "spear",
					"attack": 27,
					"damage": "{@damage 2d6+9} piercing"
				},
				{
					"range": "Ranged",
					"activity": {
						"number": 1,
						"unit": "action"
					},
					"traits": [
						"magical",
						"thrown 20 feet"
					],
					"name": "spear",
					"attack": 24,
					"damage": "{@damage 2d6+9} piercing"
				}
			],
			"spellcasting": [
				{
					"name": "Arcane Prepared",
					"tradition": "Arcane",
					"type": "Prepared",
					"DC": 33,
					"attack": 25,
					"entry": {
						"0": {
							"level": 7,
							"spells": [
								{
									"name": "chill touch"
								},
								{
									"name": "daze"
								},
								{
									"name": "detect magic"
								},
								{
									"name": "electric arc"
								},
								{
									"name": "produce flame"
								}
							]
						},
						"4": {
							"spells": [
								{
									"name": "dimension door"
								},
								{
									"name": "true strike"
								}
							]
						},
						"6": {
							"spells": [
								{
									"name": "chain lightning"
								},
								{
									"name": "disintegrate"
								}
							]
						},
						"7": {
							"spells": [
								{
									"name": "dimensional lock"
								},
								{
									"name": "prismatic spray"
								}
							]
						}
					}
				},
				{
					"name": "Magus Conflux",
					"type": "Focus",
					"fp": 2,
					"entry": {
						"7": {
							"spells": [
								{
									"name": "dimensional assault",
									"source": "som"
								}
							]
						}
					}
				}
			],
			"abilities": {
				"mid": [
					{
						"name": "Attack of Opportunity",
						"activity": {
							"number": 1,
							"unit": "reaction"
						},
						"entries": [],
						"generic": {
							"tag": "ability"
						}
					},
					{
						"name": "Shield Block",
						"activity": {
							"number": 1,
							"unit": "reaction"
						},
						"entries": [],
						"generic": {
							"tag": "ability"
						}
					}
				],
				"bot": [
					{
						"name": "Iobane Vision",
						"traits": [
							"fortune"
						],
						"entries": [
							"As Warder-Chief Mpondo."
						]
					},
					{
						"name": "Spear Dance",
						"activity": {
							"number": 2,
							"unit": "action"
						},
						"entries": [
							"The Iobane magus makes three spear {@action Strike||Strikes}, each with a range of 10 feet."
						]
					},
					{
						"name": "Spellstrike",
						"activity": {
							"number": 2,
							"unit": "action"
						},
						"entries": [
							"As Warder-Chief Mpondo."
						],
						"generic": {
							"tag": "action",
							"source": "SoM"
						}
					}
				]
			},
			"description": "Human magus",
			"defenses": {
				"ac": {
					"std": 33
				},
				"savingThrows": {
					"fort": {
						"std": 25
					},
					"ref": {
						"std": 23
					},
					"will": {
						"std": 24
					}
				},
				"hp": [
					{
						"hp": 235
					}
				]
			}
		},
		{
			"name": "Khefak Scuttler",
			"source": "SoT5",
			"page": 87,
			"level": -1,
			"traits": [
				"uncommon",
				"n",
				"small",
				"animal"
			],
			"perception": {
				"std": 4
			},
			"senses": [
				{
					"name": "darkvision"
				},
				{
					"name": "tremorsense",
					"range": {
						"unit": "feet",
						"number": 60
					},
					"type": "precise"
				}
			],
			"skills": {
				"acrobatics": {
					"std": 5
				},
				"athletics": {
					"std": 2
				},
				"stealth": {
					"std": 5
				}
			},
			"abilityMods": {
				"str": 0,
				"dex": 1,
				"con": 3,
				"int": -5,
				"wis": 0,
				"cha": -3
			},
			"speed": {
				"walk": 20,
				"burrow": 5,
				"climb": 20
			},
			"attacks": [
				{
					"range": "Melee",
					"activity": {
						"number": 1,
						"unit": "action"
					},
					"traits": [
						"agile",
						"finesse"
					],
					"name": "mandibles",
					"attack": 5,
					"damage": "{@damage 1d6} piercing"
				}
			],
			"abilities": {
				"top": [
					{
						"name": "Consume Objects",
						"entries": [
							"A khefak can gain nourishment by eating objects with hardness 10 or lower. When attacking an object with its mandibles, it ignores the first 10 points of that object's Hardness."
						]
					}
				]
			},
			"defenses": {
				"ac": {
					"std": 15
				},
				"savingThrows": {
					"fort": {
						"std": 7
					},
					"ref": {
						"std": 5
					},
					"will": {
						"std": 2
					}
				},
				"hp": [
					{
						"hp": 7
					}
				]
			}
		},
		{
			"name": "King of Biting Ants",
			"source": "SoT5",
			"page": 90,
			"level": 19,
			"traits": [
				"unique",
				"le",
				"medium",
				"aberration",
				"swarm"
			],
			"perception": {
				"std": 32
			},
			"senses": [
				{
					"name": "darkvision"
				},
				{
					"name": "tremorsense",
					"range": {
						"unit": "feet",
						"number": 30
					},
					"type": "precise"
				}
			],
			"languages": {
				"languages": [
					"abyssal",
					"akitonian",
					"aklo",
					"common",
					"infernal"
				]
			},
			"skills": {
				"acrobatics": {
					"std": 36
				},
				"arcana": {
					"std": 34
				},
				"crafting": {
					"std": 34
				},
				"deception": {
					"std": 38
				},
				"intimidation": {
					"std": 38
				},
				"occultism": {
					"std": 34
				},
				"society": {
					"std": 32
				},
				"stealth": {
					"std": 36
				}
			},
			"abilityMods": {
				"str": 5,
				"dex": 9,
				"con": 6,
				"int": 5,
				"wis": 5,
				"cha": 9
			},
			"items": [
				"wand of manifold missiles (7th)"
			],
			"speed": {
				"walk": 30,
				"climb": 20
			},
			"attacks": [
				{
					"range": "Melee",
					"activity": {
						"number": 1,
						"unit": "action"
					},
					"traits": [
						"reach 10 feet"
					],
					"name": "tendril",
					"attack": 34,
					"damage": "{@damage 4d10+15} {@condition persistent damage ||persistent piercing damage} plus swarming bites"
				}
			],
			"spellcasting": [
				{
					"name": "Occult Spontaneous",
					"tradition": "Occult",
					"type": "Spontaneous",
					"DC": 44,
					"attack": 34,
					"entry": {
						"0": {
							"level": 10,
							"spells": [
								{
									"name": "daze"
								},
								{
									"name": "detect magic"
								},
								{
									"name": "light"
								},
								{
									"name": "mage hand"
								},
								{
									"name": "shield"
								}
							]
						},
						"1": {
							"slots": 4,
							"spells": [
								{
									"name": "charm"
								},
								{
									"name": "illusory disguise"
								},
								{
									"name": "mindlink"
								},
								{
									"name": "ray of enfeeblement"
								}
							]
						},
						"2": {
							"slots": 4,
							"spells": [
								{
									"name": "comprehend language"
								},
								{
									"name": "illusory creature"
								},
								{
									"name": "mirror image"
								},
								{
									"name": "undetectable alignment"
								}
							]
						},
						"3": {
							"slots": 4,
							"spells": [
								{
									"name": "dream message"
								},
								{
									"name": "haste"
								},
								{
									"name": "hypercognition"
								},
								{
									"name": "slow"
								}
							]
						},
						"4": {
							"slots": 4,
							"spells": [
								{
									"name": "dimension door"
								},
								{
									"name": "modify memory"
								},
								{
									"name": "suggestion"
								},
								{
									"name": "veil"
								}
							]
						},
						"5": {
							"slots": 4,
							"spells": [
								{
									"name": "black tentacles"
								},
								{
									"name": "mind probe"
								},
								{
									"name": "phantom pain"
								},
								{
									"name": "subconscious suggestion"
								}
							]
						},
						"6": {
							"slots": 4,
							"spells": [
								{
									"name": "dominate"
								},
								{
									"name": "paranoia"
								},
								{
									"name": "slow"
								},
								{
									"name": "teleport"
								}
							]
						},
						"7": {
							"slots": 4,
							"spells": [
								{
									"name": "dispel magic"
								},
								{
									"name": "phantasmal killer"
								},
								{
									"name": "visions of danger",
									"note": "biting ants only"
								},
								{
									"name": "warp mind"
								}
							]
						},
						"8": {
							"slots": 4,
							"spells": [
								{
									"name": "disappearance"
								},
								{
									"name": "dispel magic"
								},
								{
									"name": "maze"
								},
								{
									"name": "mind blank"
								},
								{
									"name": "prismatic wall"
								}
							]
						},
						"9": {
							"slots": 3,
							"spells": [
								{
									"name": "foresight"
								},
								{
									"name": "wail of the banshee"
								},
								{
									"name": "weird"
								}
							]
						},
						"10": {
							"slots": 2,
							"spells": [
								{
									"name": "time stop"
								},
								{
									"name": "visions of danger",
									"note": "biting ants only"
								}
							]
						}
					}
				}
			],
			"abilities": {
				"mid": [
					{
						"name": "Counterspell",
						"activity": {
							"number": 1,
							"unit": "reaction"
						},
						"trigger": "A creature Casts a Spell the King of Biting Ants knows",
						"entries": [
							"The King of Biting Ants expends a spell slot to counter the triggering creature's casting. The King of Biting Ants loses his spell slot as if he had cast the triggering spell. He then attempts to counteract the triggering spell."
						]
					},
					{
						"name": "Discorporate When the King of Biting",
						"entries": [
							"Ants is reduced to 0 HP, he discorporates, and the component ants that make up his body disperse in every direction. If even a single ant escapes, the King of Biting Ants will eventually reform using a process that typically takes {@dice 1d10} days.",
							"Applying area damage immediately after the King of Biting Ants is killed prevents his return."
						]
					}
				],
				"bot": [
					{
						"name": "Squirming Embrace",
						"activity": {
							"number": 1,
							"unit": "action"
						},
						"entries": [
							"The King of"
						]
					},
					{
						"name": "Biting Ants",
						"entries": [
							"Strides to a creature, ends h i s movement sharing a space with it, and deals {@damage 3d8} piercing damage and {@damage 3d8} poison damage to it (DC 39 basic Reflex save). A creature that fails this save also takes {@damage 2d8} {@condition persistent damage ||persistent piercing damage}."
						]
					},
					{
						"name": "Swarm Shape",
						"activity": {
							"number": 1,
							"unit": "action"
						},
						"traits": [
							"concentrate"
						],
						"entries": [
							"The King of Biting Ants collapses into a shapeless swarm of ants. He drops all held, worn, and carried items. While discorporated, The"
						]
					},
					{
						"name": "King of Biting",
						"entries": [
							"Ants can't use attack actions and can't cast spells, but he can move through areas small enough for his individual ants to fit without having to {@action Squeeze}.",
							"He can use the same action to coalesce back into his normal form."
						]
					},
					{
						"name": "Swarming Bites",
						"entries": [
							"While a creature is taking {@condition persistent damage ||persistent piercing damage} from the King of Biting Ants's tendril"
						]
					},
					{
						"name": "Strike or Squirming",
						"entries": [
							"Embrace, or while within a visions of danger area that it has not disbelieved, it is also {@condition clumsy||clumsy 1}. If the creature attempts a concentrate or manipulate action while affected, it must succeed at a DC {@flatDC 5} flat check or the action is lost; roll the check after spending the action, but before {@trait any} effects are applied."
						]
					}
				]
			},
			"description": "Male worm that walks sorcerer (Pathfinder Bestiary 2 296)",
			"defenses": {
				"ac": {
					"std": null
				},
				"savingThrows": {
					"fort": {
						"std": 31
					},
					"ref": {
						"std": 36
					},
					"will": {
						"std": 32
					}
				},
				"hp": [
					{
						"hp": 300
					}
				],
				"immunities": [
					"disease",
					"paralyzed",
					"poison",
					"precision",
					"swarm mind",
					"unconscious"
				],
				"weaknesses": [
					{
						"name": "area damage",
						"amount": 15
					},
					{
						"name": "splash damage",
						"amount": 15
					}
				],
				"resistances": [
					{
						"name": "physical",
						"amount": 15
					}
				]
			}
		},
		{
			"name": "Mpondo",
			"source": "SoT5",
			"page": 20,
			"level": 15,
			"traits": [
				"unique",
				"ln",
				"medium",
				"human",
				"humanoid"
			],
			"perception": {
				"std": 26
			},
			"senses": [
				{
					"name": "Iobane vision"
				}
			],
			"languages": {
				"languages": [
					"common",
					"draconic",
					"necril"
				]
			},
			"skills": {
				"arcana": {
					"std": 29
				},
				"athletics": {
					"std": 28
				},
				"diplomacy": {
					"std": 23
				},
				"religion": {
					"std": 24
				},
				"stealth": {
					"std": 27
				}
			},
			"abilityMods": {
				"str": 5,
				"dex": 2,
				"con": 2,
				"int": 6,
				"wis": 3,
				"cha": 0
			},
			"items": [
				"high-grade black dragonhide buckler (Hardness 5",
				"HP 20",
				"BT 10",
				"immune to acid)",
				"chain shirt",
				"+2 greater striking bastard sword",
				"signal horn",
				"+2 striking spear"
			],
			"speed": {
				"walk": 25
			},
			"attacks": [
				{
					"range": "Melee",
					"activity": {
						"number": 1,
						"unit": "action"
					},
					"traits": [
						"magical",
						"two-hand d12"
					],
					"name": "bastard sword",
					"attack": 30,
					"damage": "{@damage 3d8+13} slashing"
				},
				{
					"range": "Melee",
					"activity": {
						"number": 1,
						"unit": "action"
					},
					"traits": [
						"magical"
					],
					"name": "spear",
					"attack": 30,
					"damage": "{@damage 2d6+13} piercing"
				},
				{
					"range": "Ranged",
					"activity": {
						"number": 1,
						"unit": "action"
					},
					"traits": [
						"magical",
						"thrown 20 feet"
					],
					"name": "spear",
					"attack": 27,
					"damage": "{@damage 2d6+13} piercing"
				}
			],
			"spellcasting": [
				{
					"name": "Arcane Prepared",
					"tradition": "Arcane",
					"type": "Prepared",
					"DC": 37,
					"attack": 28,
					"entry": {
						"0": {
							"level": 8,
							"spells": [
								{
									"name": "chill touch"
								},
								{
									"name": "daze"
								},
								{
									"name": "detect magic"
								},
								{
									"name": "electric arc"
								},
								{
									"name": "produce flame"
								}
							]
						},
						"4": {
							"spells": [
								{
									"name": "dimension door"
								},
								{
									"name": "true strike"
								}
							]
						},
						"7": {
							"spells": [
								{
									"name": "dimensional lock"
								},
								{
									"name": "spell turning"
								}
							]
						},
						"8": {
							"spells": [
								{
									"name": "maze"
								},
								{
									"name": "polar ray"
								}
							]
						}
					}
				},
				{
					"name": "Magus Conflux",
					"type": "Focus",
					"fp": 2,
					"entry": {
						"8": {
							"spells": [
								{
									"name": "dimensional assault",
									"source": "som"
								},
								{
									"name": "hasted assault",
									"source": "som"
								}
							]
						}
					}
				}
			],
			"rituals": [
				{
					"rituals": [
						{
							"name": "rite of the"
						}
					]
				}
			],
			"abilities": {
				"mid": [
					{
						"name": "Attack of Opportunity",
						"activity": {
							"number": 1,
							"unit": "reaction"
						},
						"entries": [],
						"generic": {
							"tag": "ability"
						}
					}
				],
				"bot": [
					{
						"name": "Red Star",
						"traits": [
							"see page 77"
						],
						"entries": []
					},
					{
						"name": "Iobane Vision",
						"traits": [
							"fortune"
						],
						"entries": [
							"Warder-Chief Mpondo can see {@condition invisible} creatures and objects as though they are {@condition concealed}. When he Seeks or Senses Motive, he can roll twice and take the higher result."
						]
					},
					{
						"name": "Spellstrike",
						"activity": {
							"number": 2,
							"unit": "action"
						},
						"frequency": {
							"special": "Until recharged"
						},
						"entries": []
					},
					{
						"name": "Warder-Chief Mpondo Casts a",
						"entries": [
							"Spell that takes 1 or 2 actions to cast and requires a spell attack roll. The effects of the spell do not occur immediately but are imbued into the attack instead. Mpondo makes a melee {@action Strike}. The spell is coupled with the attack, using the attack roll result to determine the effects of both the {@action Strike} and the spell. This counts as two attacks for Mpondo's multiple attack penalty, but don't apply the penalty until after he has completed the {@action Spellstrike|SoM}."
						]
					},
					{
						"name": "After",
						"entries": [
							"Mpondo uses {@action Spellstrike|SoM}, he can't do so again until he recharges his {@action Spellstrike|SoM} as a single action, which has the {@trait concentrate} trait. Mpondo also recharges his {@action Spellstrike|SoM} when he casts a conflux spell."
						]
					}
				]
			},
			"description": "Male human guardian",
			"defenses": {
				"ac": {
					"std": 37
				},
				"savingThrows": {
					"fort": {
						"std": 25
					},
					"ref": {
						"std": 23
					},
					"will": {
						"std": 27
					}
				},
				"hp": [
					{
						"hp": 285
					}
				]
			}
		},
		{
			"name": "Ravager of Tindalos",
			"source": "SoT5",
			"page": 40,
			"level": 18,
			"traits": [
				"rare",
				"ne",
				"large",
				"aberration",
				"time"
			],
			"perception": {
				"std": 31
			},
			"senses": [
				{
					"name": "greater darkvision"
				},
				{
					"name": "true seeing"
				}
			],
			"languages": {
				"languages": [
					"aklo"
				]
			},
			"skills": {
				"acrobatics": {
					"std": 35
				},
				"athletics": {
					"std": 32
				},
				"occultism": {
					"std": 35
				},
				"stealth": {
					"std": 35
				},
				"survival": {
					"std": 31,
					"to Track": 35
				}
			},
			"abilityMods": {
				"str": 6,
				"dex": 9,
				"con": 6,
				"int": 6,
				"wis": 7,
				"cha": 5
			},
			"speed": {
				"walk": 30,
				"fly": 30
			},
			"attacks": [
				{
					"range": "Melee",
					"activity": {
						"number": 1,
						"unit": "action"
					},
					"traits": [
						"magic"
					],
					"name": "jaws",
					"attack": 34,
					"damage": "{@damage 3d10+14} piercing plus {@damage 2d6} mental"
				},
				{
					"range": "Melee",
					"activity": {
						"number": 1,
						"unit": "action"
					},
					"traits": [
						"agile",
						"magic"
					],
					"name": "claw",
					"attack": 34,
					"damage": "{@damage 3d8+14} slashing plus {@damage 2d6} mental"
				}
			],
			"spellcasting": [
				{
					"name": "Occult Innate",
					"tradition": "Occult",
					"type": "Innate",
					"DC": 40,
					"attack": 32,
					"entry": {
						"6": {
							"spells": [
								{
									"name": "slow"
								}
							]
						},
						"7": {
							"spells": [
								{
									"name": "haste"
								}
							]
						},
						"8": {
							"spells": [
								{
									"name": "discern location"
								},
								{
									"name": "dimensional anchor"
								},
								{
									"name": "disappearance",
									"note": "self only"
								}
							]
						},
						"constant": {
							"9": {
								"spells": [
									{
										"name": "true seeing"
									}
								]
							}
						}
					}
				}
			],
			"abilities": {
				"mid": [
					{
						"name": "Otherworldly Mind",
						"traits": [
							"mental"
						],
						"entries": [
							"Whenever a creature targets the ravager of Tindalos with a {@trait mental} effect, that creature takes {@damage 9d6} mental damage (DC 40 basic Will save). On a critical failure, it also becomes {@condition confused} for 1 minute."
						]
					},
					{
						"name": "Ripping Gaze",
						"traits": [
							"aura",
							"evocation",
							"occult",
							"visual"
						],
						"entries": [
							"60 feet. As hound of Tindalos, but DC 37 and {@dice 9d6} damage."
						]
					},
					{
						"name": "Vulnerable to Curved Space",
						"entries": [
							"As hound of Tindalos."
						]
					}
				],
				"bot": [
					{
						"name": "Angled Entry",
						"activity": {
							"number": 1,
							"unit": "action"
						},
						"entries": [
							"As hound of Tindalos."
						]
					},
					{
						"name": "Ferocious Bites",
						"activity": {
							"number": 2,
							"unit": "action"
						},
						"entries": [
							"The ravager of Tindalos makes three {@action Strike||Strikes} with its jaws attack. Each {@action Strike} must be against a different opponent within its reach. Each attack counts toward the ravager's multiple attack penalty, but does not increase its penalty until it has made all the attacks."
						]
					}
				]
			},
			"description": "Variant hound of Tindalos (Pathfinder Bestiary 2 146)",
			"defenses": {
				"ac": {
					"std": 43
				},
				"savingThrows": {
					"fort": {
						"std": 30
					},
					"ref": {
						"std": 33
					},
					"will": {
						"std": 31
					}
				},
				"hp": [
					{
						"hp": 250
					}
				],
				"immunities": [
					"controlled",
					"emotion"
				],
				"resistances": [
					{
						"name": "mental",
						"amount": 20
					},
					{
						"name": "poison",
						"amount": 20
					},
					{
						"name": "physical",
						"amount": 20
					}
				]
			}
		},
		{
			"name": "Shobhad Enforcer",
			"source": "SoT5",
			"page": 88,
			"level": 16,
			"traits": [
				"uncommon",
				"n",
				"large",
				"humanoid"
			],
			"perception": {
				"std": 29
			},
			"senses": [
				{
					"name": "darkvision"
				}
			],
			"languages": {
				"languages": [
					"akitonian",
					"shobhad"
				]
			},
			"skills": {
				"athletics": {
					"std": 31
				},
				"intimidation": {
					"std": 30
				},
				"stealth": {
					"std": 30
				},
				"survival": {
					"std": 29
				}
			},
			"abilityMods": {
				"str": 7,
				"dex": 4,
				"con": 5,
				"int": 2,
				"wis": 5,
				"cha": 4
			},
			"items": [
				"+2 striking greatsword",
				"+2 striking handwraps of mighty blows",
				"+1 resilient chainmail"
			],
			"speed": {
				"walk": 30
			},
			"attacks": [
				{
					"range": "Melee",
					"activity": {
						"number": 1,
						"unit": "action"
					},
					"traits": [
						"magical",
						"reach 10 feet",
						"versatile P"
					],
					"name": "greatsword",
					"attack": 31,
					"damage": "{@damage 2d10+15} slashing plus {@dice 3d6} additional precision damage"
				},
				{
					"range": "Melee",
					"activity": {
						"number": 1,
						"unit": "action"
					},
					"traits": [
						"agile",
						"finesse",
						"magical",
						"nonlethal",
						"reach 10 feet",
						"unarmed"
					],
					"name": "fist",
					"attack": 31,
					"damage": "{@damage 2d4+15} bludgeoning plus {@dice 3d6} additional precision damage"
				}
			],
			"abilities": {
				"top": [
					{
						"name": "Four-Armed",
						"entries": [
							"Shobhad enforcers have four powerful arms.",
							"They can {@action Interact} with and manipulate objects or perform combat maneuvers that require a free hand such as grabbing or tripping, even while wielding a two-handed weapon or carrying an object in two hands."
						]
					}
				],
				"mid": [
					{
						"name": "Attack of Opportunity",
						"activity": {
							"number": 1,
							"unit": "reaction"
						},
						"entries": [],
						"generic": {
							"tag": "ability"
						}
					},
					{
						"name": "Ferocity",
						"activity": {
							"number": 1,
							"unit": "reaction"
						},
						"entries": [],
						"generic": {
							"tag": "ability"
						}
					}
				],
				"bot": [
					{
						"name": "Brutal Blows",
						"activity": {
							"number": 2,
							"unit": "action"
						},
						"requirements": "The shobhad enforcer has at least two free hands",
						"entries": [
							"The shobhad enforcer makes a fist {@action Strike} against an adjacent creature. If the {@action Strike} hits, the enforcer automatically Grapples its target and makes a second fist {@action Strike} with the following success conditions. The second {@action Strike} applies the enforcer's multiple attack penalty normally.",
							{
								"type": "successDegree",
								"entries": {
									"Critical Success": [
										"The target is {@condition stunned||stunned 1}, and {@condition stupefied||stupefied 2} for 1 round."
									],
									"Success": [
										"The target is {@condition stupefied||stupefied 1} for 1 round."
									]
								}
							}
						]
					}
				]
			},
			"defenses": {
				"ac": {
					"std": 38
				},
				"savingThrows": {
					"fort": {
						"std": 31
					},
					"ref": {
						"std": 26
					},
					"will": {
						"std": 27
					}
				},
				"hp": [
					{
						"hp": 320
					}
				]
			}
		},
		{
			"name": "Shobhad Sniper",
			"source": "SoT5",
			"page": 89,
			"level": 17,
			"traits": [
				"uncommon",
				"n",
				"large",
				"humanoid"
			],
			"perception": {
				"std": 30
			},
			"senses": [
				{
					"name": "darkvision"
				}
			],
			"languages": {
				"languages": [
					"akitonian",
					"shobhad"
				]
			},
			"skills": {
				"athletics": {
					"std": 31
				},
				"intimidation": {
					"std": 30
				},
				"stealth": {
					"std": 34
				},
				"survival": {
					"std": 30
				}
			},
			"abilityMods": {
				"str": 6,
				"dex": 9,
				"con": 5,
				"int": 2,
				"wis": 5,
				"cha": 2
			},
			"items": [
				"+2 greater striking shobhad longrifle (page 78)",
				"+2 striking handwraps of mighty blows",
				"+1 resilient leather armor"
			],
			"speed": {
				"walk": 30
			},
			"attacks": [
				{
					"range": "Melee",
					"activity": {
						"number": 1,
						"unit": "action"
					},
					"traits": [
						"agile",
						"finesse",
						"magical",
						"nonlethal",
						"reach 10 feet",
						"unarmed"
					],
					"name": "fist",
					"attack": 31,
					"damage": "{@damage 2d10+14} bludgeoning"
				},
				{
					"range": "Ranged",
					"activity": {
						"number": 1,
						"unit": "action"
					},
					"traits": [
						"backstabber",
						"concussive",
						"fatal d12",
						"kickback",
						"volley; range increment 120 feet",
						"reload 1"
					],
					"name": "longrifle",
					"attack": 34,
					"damage": "{@damage 3d8+9} bludgeoning; this includes the additional damage from kickback"
				}
			],
			"abilities": {
				"top": [
					{
						"name": "Four-Armed",
						"entries": [
							"As shobhad enforcer."
						]
					}
				],
				"mid": [
					{
						"name": "Attack of Opportunity",
						"activity": {
							"number": 1,
							"unit": "reaction"
						},
						"entries": [],
						"generic": {
							"tag": "ability"
						}
					},
					{
						"name": "Ferocity",
						"activity": {
							"number": 1,
							"unit": "reaction"
						},
						"entries": [],
						"generic": {
							"tag": "ability"
						}
					}
				],
				"bot": [
					{
						"name": "Sniping Shot",
						"activity": {
							"number": 2,
							"unit": "action"
						},
						"entries": [
							"The shobhad sniper makes a {@action Strike} with their longrifle, gaining a +2 circumstance bonus to this {@action Strike}'s attack roll and ignoring the target's concealment."
						]
					},
					{
						"name": "Sniper's Devastation",
						"activity": {
							"number": 3,
							"unit": "action"
						},
						"entries": [
							"The shobhad sniper makes a fist {@action Strike} against a Medium or smaller creature. If this attack is successful, the shobhad sniper deals no damage, but they immediately Grab and throw their target up to 30 feet in a direction of their choice and then make a ranged {@action Strike} with their longrifle against the target, after which the target falls {@condition prone} in the designated location.",
							"As normal, the creature doesn't take any additional falling damage from the throw."
						]
					}
				]
			},
			"defenses": {
				"ac": {
					"std": 40
				},
				"savingThrows": {
					"fort": {
						"std": 28
					},
					"ref": {
						"std": 32
					},
					"will": {
						"std": 26
					}
				},
				"hp": [
					{
						"hp": 320
					}
				]
			}
		},
		{
			"name": "Skartitch Chip-Tooth",
			"source": "SoT5",
			"page": 50,
			"level": 16,
			"traits": [
				"unique",
				"le",
				"small",
				"humanoid",
				"ratfolk"
			],
			"perception": {
				"std": 28
			},
			"senses": [
				{
					"name": "low-light vision"
				}
			],
			"languages": {
				"languages": [
					"akitonian",
					"shobhad"
				]
			},
			"skills": {
				"acrobatics": {
					"std": 29
				},
				"athletics": {
					"std": 26
				},
				"deception": {
					"std": 31
				},
				"diplomacy": {
					"std": 29
				},
				"engineering lore": {
					"std": 27
				},
				"intimidation": {
					"std": 31
				},
				"occultism": {
					"std": 25
				},
				"society": {
					"std": 27
				},
				"stealth": {
					"std": 29
				},
				"thievery": {
					"std": 31
				},
				"underworld lore": {
					"std": 29
				}
			},
			"abilityMods": {
				"str": 2,
				"dex": 5,
				"con": 2,
				"int": 3,
				"wis": 2,
				"cha": 5
			},
			"items": [
				"+2 greater striking crossbow (10 bolts)",
				"+2 striking handwraps of mighty blows",
				"+2 resilient leather armor",
				"disintegration bolt (3)"
			],
			"speed": {
				"walk": 25,
				"burrow": 15
			},
			"attacks": [
				{
					"range": "Melee",
					"activity": {
						"number": 1,
						"unit": "action"
					},
					"traits": [
						"agile",
						"finesse",
						"magical",
						"unarmed"
					],
					"name": "fangs",
					"attack": 31,
					"damage": "{@damage 2d6+13} piercing"
				},
				{
					"range": "Ranged",
					"activity": {
						"number": 1,
						"unit": "action"
					},
					"traits": [
						"magical",
						"range increment 120 feet",
						"reload 1"
					],
					"name": "crossbow",
					"attack": 31,
					"damage": "{@damage 3d8+8} piercing"
				}
			],
			"abilities": {
				"mid": [
					{
						"name": "Nimble Dodge",
						"activity": {
							"number": 1,
							"unit": "reaction"
						},
						"requirements": "Skartitch can't use this reaction while {@condition encumbered}",
						"trigger": "Skartitch is hit or critically hit by an attack made by a creature she can see",
						"entries": [
							"Skartitch gains a +2 circumstance bonus to her Armor Class against the triggering attack."
						]
					}
				],
				"bot": [
					{
						"name": "Cunning Discernment",
						"activity": {
							"number": 1,
							"unit": "action"
						},
						"entries": [
							"Skartitch attempts a {@action Recall Knowledge} check against an opponent using the standard DC for a creature of that level. On a success, that opponent is {@condition flat-footed} against Skartitch's attacks until the start of her next turn; on a critical success, the opponent is {@condition flat-footed} against Skartitch's attacks for 1 minute."
						]
					},
					{
						"name": "Deadly Deception",
						"activity": {
							"number": 2,
							"unit": "action"
						},
						"entries": [
							"Skartitch attempts a {@skill Deception} check to {@action Feint} against an opponent she can see. On a success, Skartitch can immediately {@action Strike} with one unarmed attack and one ranged weapon attack against the target. The ranged attack does not trigger reactions from the target of the {@action Feint}. Both of these attacks count toward her multiple attack penalty, but do not apply the penalty until both attacks are completed."
						]
					},
					{
						"name": "Sneak Attack",
						"entries": [
							"Skartitch deals an extra {@damage 4d6} precision damage to {@condition flat-footed} creatures."
						],
						"generic": {
							"tag": "ability"
						}
					}
				]
			},
			"description": "Female ratfolk crime lord (Pathfinder Bestiary 277)",
			"defenses": {
				"ac": {
					"std": 39
				},
				"savingThrows": {
					"fort": {
						"std": 26
					},
					"ref": {
						"std": 29
					},
					"will": {
						"std": 26
					}
				},
				"hp": [
					{
						"hp": 290
					}
				]
			}
		},
		{
			"name": "Sparkeater",
			"source": "SoT5",
			"page": 31,
			"_copy": {
				"name": "ravener husk",
				"source": "B2"
			},
			"level": 14,
			"traits": [
				"unique",
				"ce",
				"large",
				"dragon",
				"undead"
			],
			"description": "His melee {@action Strike||Strikes} have a reach of only 5 feet, and he lacks the Ravenous Repast ability, as he was never a ravener in the first place."
		},
		{
			"name": "Spawn of Taon",
			"source": "SoT5",
			"page": 28,
			"level": 11,
			"traits": [
				"rare",
				"ce",
				"medium",
				"undead"
			],
			"perception": {
				"std": 21
			},
			"senses": [
				{
					"name": "darkvision"
				}
			],
			"languages": {
				"languages": [
					"common",
					"necril"
				]
			},
			"skills": {
				"acrobatics": {
					"std": 20
				},
				"athletics": {
					"std": 24
				},
				"intimidation": {
					"std": 22
				},
				"society": {
					"std": 19
				},
				"stealth": {
					"std": 22
				}
			},
			"abilityMods": {
				"str": 7,
				"dex": 5,
				"con": 5,
				"int": 1,
				"wis": 4,
				"cha": 5
			},
			"speed": {
				"walk": 25
			},
			"attacks": [
				{
					"range": "Melee",
					"activity": {
						"number": 1,
						"unit": "action"
					},
					"name": "claw",
					"attack": 24,
					"damage": "{@damage 2d12+13} slashing plus Grab"
				},
				{
					"range": "Melee",
					"activity": {
						"number": 1,
						"unit": "action"
					},
					"traits": [
						"agile"
					],
					"name": "tongue",
					"attack": 24,
					"damage": "paralysis"
				}
			],
			"abilities": {
				"bot": [
					{
						"name": "Paralysis",
						"traits": [
							"occult",
							"incapacitation",
							"necromancy"
						],
						"entries": [
							"A living creature hit by a mohrg's tongue {@action Strike} must succeed at a DC 30 Fortitude save or become {@condition paralyzed}. The creature can attempt a new save at the end of each of its turns. The DC cumulatively decreases by 1 on each attempt."
						]
					}
				]
			},
			"description": "Variant mohrg spawn (Pathfinder Bestiary 2 172)",
			"defenses": {
				"ac": {
					"std": 30
				},
				"savingThrows": {
					"fort": {
						"std": 22
					},
					"ref": {
						"std": 22
					},
					"will": {
						"std": 19
					}
				},
				"hp": [
					{
						"hp": 175,
						"abilities": [
							"negative healing"
						]
					}
				],
				"immunities": [
					"death effects",
					"disease",
					"paralyzed",
					"poison",
					"unconscious"
				],
				"resistances": [
					{
						"name": "piercing",
						"amount": 12
					},
					{
						"name": "slashing",
						"amount": 6
					}
				]
			}
		},
		{
			"name": "Taon",
			"source": "SoT5",
			"page": 31,
			"level": 15,
			"traits": [
				"unique",
				"ce",
				"medium",
				"undead"
			],
			"perception": {
				"std": 25
			},
			"senses": [
				{
					"name": "darkvision"
				}
			],
			"languages": {
				"languages": [
					"common",
					"necril"
				]
			},
			"skills": {
				"acrobatics": {
					"std": 26
				},
				"athletics": {
					"std": 29
				},
				"intimidation": {
					"std": 29
				},
				"society": {
					"std": 22
				},
				"stealth": {
					"std": 28
				}
			},
			"abilityMods": {
				"str": 6,
				"dex": 5,
				"con": 4,
				"int": 1,
				"wis": 4,
				"cha": 6
			},
			"items": [
				"Spellcutter"
			],
			"speed": {
				"walk": 50,
				"climb": 25
			},
			"attacks": [
				{
					"range": "Melee",
					"activity": {
						"number": 1,
						"unit": "action"
					},
					"name": "claw",
					"attack": 29,
					"damage": "{@damage 3d12+14} slashing plus Grab"
				},
				{
					"range": "Melee",
					"activity": {
						"number": 1,
						"unit": "action"
					},
					"traits": [
						"agile",
						"reach 10 feet"
					],
					"name": "tongue",
					"attack": 29,
					"damage": "paralysis"
				},
				{
					"range": "Melee",
					"activity": {
						"number": 1,
						"unit": "action"
					},
					"traits": [
						"magical",
						"versatile P"
					],
					"name": "Spellcutter",
					"attack": 31,
					"damage": "{@damage 3d8+14} slashing (cannot damage living creatures)"
				}
			],
			"abilities": {
				"mid": [
					{
						"name": "Attack of Opportunity",
						"activity": {
							"number": 1,
							"unit": "reaction"
						},
						"entries": [],
						"generic": {
							"tag": "ability"
						}
					},
					{
						"name": "Mohrg Spawn",
						"traits": [
							"occult",
							"necromancy"
						],
						"entries": [
							"A living creature slain by a mohrg that had a lower level than the mohrg rises as a mohrg spawn (Pathfinder Bestiary 2 172) after {@dice 1d4} rounds, on its turn. This mohrg spawn is under the command of the mohrg that created it. If the creator of the mohrg spawn is destroyed, the mohrg spawn is destroyed as well, immediately collapsing into a pile of decayed flesh and bones."
						]
					}
				],
				"bot": [
					{
						"name": "Cruel Reactions",
						"entries": [
							"Taon gains an extra reaction each round that can be used only to make an {@action Attack of Opportunity}."
						]
					},
					{
						"name": "Paralysis",
						"traits": [
							"occult",
							"incapacitation",
							"necromancy"
						],
						"entries": [
							"A living creature hit by Taon's tongue {@action Strike} must succeed at a DC 36 Fortitude save or become {@condition paralyzed}. The creature can attempt a new save at the end of each of its turns, and the DC cumulatively decreases by 1 on each attempt."
						]
					}
				]
			},
			"description": "Male variant mohrg (Pathfinder Bestiary 2 172)",
			"defenses": {
				"ac": {
					"std": 38
				},
				"savingThrows": {
					"fort": {
						"std": 28
					},
					"ref": {
						"std": 26
					},
					"will": {
						"std": 23
					}
				},
				"hp": [
					{
						"hp": 230,
						"abilities": [
							"negative healing"
						]
					}
				],
				"immunities": [
					"death effects",
					"disease",
					"paralyzed",
					"poison"
				],
				"resistances": [
					{
						"name": "piercing",
						"amount": 15
					},
					{
						"name": "slashing",
						"amount": 10
					}
				]
			}
		},
		{
			"name": "Thasteron Khefak",
			"source": "SoT5",
			"page": 87,
			"level": 3,
			"traits": [
				"uncommon",
				"n",
				"medium",
				"beast"
			],
			"perception": {
				"std": 9
			},
			"senses": [
				{
					"name": "darkvision"
				},
				{
					"name": "tremorsense",
					"range": {
						"unit": "feet",
						"number": 60
					},
					"type": "precise"
				}
			],
			"skills": {
				"acrobatics": {
					"std": 9
				},
				"athletics": {
					"std": 10
				},
				"stealth": {
					"std": 9
				}
			},
			"abilityMods": {
				"str": 3,
				"dex": 2,
				"con": 3,
				"int": -5,
				"wis": 2,
				"cha": -3
			},
			"speed": {
				"walk": 20,
				"burrow": 5,
				"climb": 20
			},
			"attacks": [
				{
					"range": "Melee",
					"activity": {
						"number": 1,
						"unit": "action"
					},
					"traits": [
						"agile"
					],
					"name": "mandibles",
					"attack": 11,
					"damage": "{@damage 1d8+5} piercing"
				}
			],
			"abilities": {
				"top": [
					{
						"name": "Consume Objects",
						"entries": [
							"As khefak scuttler."
						]
					},
					{
						"name": "Radiation Aura",
						"traits": [
							"aura",
							"radiation"
						],
						"entries": [
							"10 feet. Thasteron khefaks convert radioactive minerals they eat into thasteron, a combustive fuel (page 77). The more radioactive elements of the material concentrates in their chitin and taints the air around them. A creature who begins their turn within this aura must succeed at a DC 20 Fortitude saving throw or become {@condition sickened||sickened 1} ({@condition sickened||sickened 2} on a critical failure)."
						]
					}
				]
			},
			"defenses": {
				"ac": {
					"std": 19
				},
				"savingThrows": {
					"fort": {
						"std": 12
					},
					"ref": {
						"std": 9
					},
					"will": {
						"std": 7
					}
				},
				"hp": [
					{
						"hp": 42
					}
				],
				"immunities": [
					"radiation"
				],
				"resistances": [
					{
						"name": "5 poison"
					}
				]
			}
		},
		{
			"name": "Tollvych",
			"source": "SoT5",
			"page": 27,
			"level": 15,
			"traits": [
				"unique",
				"le",
				"medium",
				"ghost",
				"incorporeal",
				"spirit",
				"undead"
			],
			"perception": {
				"std": 26
			},
			"senses": [
				{
					"name": "darkvision"
				}
			],
			"languages": {
				"languages": [
					"common",
					"infernal",
					"taldane"
				]
			},
			"skills": {
				"academia lore": {
					"std": 27
				},
				"arcana": {
					"std": 29
				},
				"intimidation": {
					"std": 27
				},
				"stealth": {
					"std": 29
				}
			},
			"abilityMods": {
				"str": -5,
				"dex": 4,
				"con": 0,
				"int": 6,
				"wis": 5,
				"cha": 6
			},
			"speed": {
				"fly": 25
			},
			"attacks": [
				{
					"range": "Melee",
					"activity": {
						"number": 1,
						"unit": "action"
					},
					"traits": [
						"agile",
						"finesse",
						"magical"
					],
					"name": "ghostly hand",
					"attack": 28,
					"damage": "{@damage 3d12+10} negative"
				}
			],
			"spellcasting": [
				{
					"name": "Arcane Innate",
					"tradition": "Arcane",
					"type": "Innate",
					"DC": 36,
					"attack": 28,
					"entry": {
						"0": {
							"level": 8,
							"spells": [
								{
									"name": "detect magic"
								},
								{
									"name": "ghost sound"
								},
								{
									"name": "mage hand"
								},
								{
									"name": "prestidigitation"
								}
							]
						},
						"1": {
							"spells": [
								{
									"name": "ray of enfeeblement",
									"amount": 3
								}
							]
						},
						"2": {
							"spells": [
								{
									"name": "telekinetic maneuver",
									"amount": 2
								}
							]
						},
						"3": {
							"spells": [
								{
									"name": "blindness"
								},
								{
									"name": "nondetection"
								}
							]
						},
						"4": {
							"spells": [
								{
									"name": "nightmare"
								},
								{
									"name": "suggestion"
								}
							]
						},
						"5": {
							"spells": [
								{
									"name": "cone of cold"
								},
								{
									"name": "hallucination"
								}
							]
						},
						"6": {
							"spells": [
								{
									"name": "chain lightning"
								},
								{
									"name": "disintegrate"
								}
							]
						},
						"7": {
							"spells": [
								{
									"name": "duplicate foe"
								}
							]
						},
						"8": {
							"spells": [
								{
									"name": "dispel magic"
								},
								{
									"name": "phantasmal killer"
								}
							]
						}
					}
				}
			],
			"abilities": {
				"bot": [
					{
						"name": "Bone-Shattering Cry",
						"activity": {
							"number": 2,
							"unit": "action"
						},
						"traits": [
							"divine",
							"evocation",
							"sonic"
						],
						"entries": [
							"Tollvych cries out in pain as his body twists and grinds into horrific, distorted shapes. All creatures within a 30-foot emanation take {@damage 16d6} bludgeoning damage (DC 36 basic Reflex save) as the sound of the Bone-Shattering Cry shakes and shatters their own bones.",
							"Tollvych can't use Bone-Shattering Cry for {@dice 1d4} rounds."
						]
					},
					{
						"name": "Frightful Moan",
						"activity": {
							"number": 2,
							"unit": "action"
						},
						"traits": [
							"auditory",
							"divine",
							"emotion",
							"enchantment",
							"fear",
							"mental"
						],
						"entries": [
							"Tollvych laments his fate, forcing each living creature within 30 feet to attempt a DC 36 Will save. On a failure, a creature becomes {@condition frightened||frightened 2} (or {@condition frightened||frightened 3} on a critical failure). On a success, a creature is temporarily immune to Tollvych's frightful moan for 1 minute."
						]
					}
				]
			},
			"description": "Male human ghost (Pathfinder Bestiary 166)",
			"defenses": {
				"ac": {
					"std": 33
				},
				"savingThrows": {
					"fort": {
						"std": 21
					},
					"ref": {
						"std": 25
					},
					"will": {
						"std": 28
					}
				},
				"hp": [
					{
						"hp": 200,
						"abilities": [
							"(negative healing",
							"rejuvenation)"
						]
					}
				],
				"immunities": [
					"death effects",
					"disease",
					"paralyzed",
					"poison",
					"precision",
					"unconscious"
				],
				"resistances": [
					{
						"name": "all damage",
						"amount": 15,
						"note": "except force"
					},
					{
						"name": "ghost touch"
					},
					{
						"name": "or positive; double resistance vs. non-magical)"
					}
				]
			}
		}
	]
}
