{
	"creature": [
		{
			"name": "Alak Stagram",
			"isNpc": false,
			"source": "AoA1",
			"page": 19,
			"level": 2,
			"traits": [
				"unique",
				"ln",
				"medium",
				"human",
				"humanoid"
			],
			"perception": {
				"std": 7
			},
			"languages": {
				"languages": [
					"common",
					"infernal",
					"varisian"
				]
			},
			"skills": {
				"athletics": {
					"std": 8
				},
				"intimidation": {
					"std": 4
				},
				"religion": {
					"std": 5
				},
				"society": {
					"std": 4
				}
			},
			"abilityMods": {
				"str": 4,
				"dex": 1,
				"con": 3,
				"int": 0,
				"wis": 1,
				"cha": 0
			},
			"items": [
				"full plate armor",
				"greatsword",
				"javelin (2)"
			],
			"speed": {
				"walk": 20
			},
			"attacks": [
				{
					"range": "Melee",
					"name": "greatsword",
					"attack": 10,
					"traits": [
						"versatile p"
					],
					"effects": [],
					"damage": "{@damage 1d12+4} slashing",
					"types": [
						"slashing"
					]
				},
				{
					"range": "Ranged",
					"name": "javelin",
					"attack": 7,
					"traits": [
						"versatile p"
					],
					"effects": [],
					"damage": "{@damage 1d6+4} piercing",
					"types": [
						"piercing"
					]
				}
			],
			"abilities": {
				"mid": [
					{
						"activity": {
							"number": 1,
							"unit": "reaction"
						},
						"entries": [
							"]"
						],
						"name": "Attack of Opportunity",
						"generic": {
							"tag": "ability"
						}
					}
				],
				"bot": [
					{
						"activity": {
							"number": 2,
							"unit": "action"
						},
						"traits": [
							"pathfinder core rulebook 146"
						],
						"entries": [],
						"name": "Intimidating Strike"
					},
					{
						"activity": {
							"number": 2,
							"unit": "action"
						},
						"traits": [
							"pathfinder core rulebook 144"
						],
						"entries": [],
						"name": "Power Attack"
					}
				]
			},
			"defenses": {
				"ac": {
					"std": 20
				},
				"savingThrows": {
					"fort": {
						"std": 9
					},
					"ref": {
						"std": 7
					},
					"will": {
						"std": 5
					}
				},
				"hp": [
					{
						"hp": 34,
						"abilities": null
					}
				]
			}
		},
		{
			"name": "Anadi Elder",
			"isNpc": false,
			"source": "AoA1",
			"page": 85,
			"level": 6,
			"traits": [
				"uncommon",
				"cg",
				"medium",
				"anadi",
				"humanoid"
			],
			"perception": {
				"std": 15
			},
			"languages": {
				"languages": [
					"anadi",
					"common"
				]
			},
			"skills": {
				"athletics": {
					"std": 12,
					"to Climb in true or spider form": 14
				},
				"crafting": {
					"std": 13,
					"weaving": 17
				},
				"deception": {
					"std": 12
				},
				"diplomacy": {
					"std": 10
				},
				"nature": {
					"std": 14
				},
				"society": {
					"std": 9
				},
				"survival": {
					"std": 12
				}
			},
			"abilityMods": {
				"str": 2,
				"dex": 4,
				"con": 0,
				"int": 1,
				"wis": 4,
				"cha": 2
			},
			"items": [
				"composite longbow (20 arrows)",
				"hide armor",
				"shortsword"
			],
			"speed": {
				"walk": 25,
				"climb": 25
			},
			"attacks": [
				{
					"range": "Melee",
					"name": "shortsword",
					"attack": 16,
					"traits": [
						"agile",
						"finesse",
						"versatile s"
					],
					"effects": [],
					"damage": "{@damage 1d6+5} piercing",
					"types": [
						"piercing"
					]
				},
				{
					"range": "Melee",
					"name": "fangs",
					"attack": 16,
					"traits": [
						"finesse"
					],
					"effects": [
						"anadi venom"
					],
					"damage": "{@damage 2d6+5} piercing plus anadi venom",
					"types": [
						"piercing"
					]
				},
				{
					"range": "Ranged",
					"name": "composite longbow",
					"attack": 16,
					"traits": [
						"deadly 1d10",
						"propulsive",
						"range increment 100 feet",
						"reload 0",
						"volley 30 feet"
					],
					"effects": [],
					"damage": "{@damage 1d8+1} piercing",
					"types": [
						"piercing"
					]
				}
			],
			"spellcasting": [
				{
					"name": "Arcane Innate",
					"type": "Innate",
					"tradition": "Arcane",
					"DC": 25,
					"attack": 17,
					"entry": {
						"0": {
							"level": 3,
							"spells": [
								{
									"name": "detect magic"
								},
								{
									"name": "electric arc"
								},
								{
									"name": "ghost sound"
								},
								{
									"name": "mage hand"
								},
								{
									"name": "message"
								}
							]
						},
						"1": {
							"spells": [
								{
									"name": "color spray"
								},
								{
									"name": "illusory disguise"
								},
								{
									"name": "illusory object"
								}
							]
						},
						"2": {
							"spells": [
								{
									"name": "blur"
								},
								{
									"name": "invisibility"
								},
								{
									"name": "mirror image"
								}
							]
						},
						"3": {
							"spells": [
								{
									"name": "hypnotic pattern"
								},
								{
									"name": "invisibility sphere"
								}
							]
						}
					}
				}
			],
			"abilities": {
				"bot": [
					{
						"type": "affliction",
						"name": "Anadi Venom",
						"traits": [
							"poison"
						],
						"DC": 22,
						"savingThrow": "Fortitude",
						"maxDuration": "6 rounds",
						"stages": [
							{
								"stage": 1,
								"entry": "{@damage 2d6} poison damage and {@condition flat-footed}",
								"duration": "1 round"
							},
							{
								"stage": 2,
								"entry": "{@damage 2d6} poison damage, {@condition flat-footed}, and {@condition clumsy|CRB|clumsy 1}",
								"duration": "1 round"
							}
						]
					},
					{
						"activity": {
							"number": 1,
							"unit": "action"
						},
						"traits": [
							"arcane",
							"concentrate",
							"polymorph",
							"transmutation"
						],
						"entries": [
							"As anadi hunter."
						],
						"name": "Change Shape",
						"generic": {
							"tag": "ability"
						},
						"entries_as_xyz": "Ability not found: '{@action Change Shape|LOAG} As anadi hunter.' in Anadi Elder, p.85"
					},
					{
						"entries": [
							"As anadi hunter."
						],
						"name": "Spin Silk",
						"entries_as_xyz": "Ability not found: 'Spin Silk As anadi hunter.' in Anadi Elder, p.85"
					}
				]
			},
			"defenses": {
				"ac": {
					"std": 23
				},
				"savingThrows": {
					"fort": {
						"std": 10
					},
					"ref": {
						"std": 14
					},
					"will": {
						"std": 16
					}
				},
				"hp": [
					{
						"hp": 95,
						"abilities": null
					}
				]
			}
		},
		{
			"name": "Anadi Hunter",
			"isNpc": false,
			"source": "AoA1",
			"page": 84,
			"level": 2,
			"traits": [
				"uncommon",
				"cg",
				"medium",
				"anadi",
				"humanoid"
			],
			"perception": {
				"std": 7
			},
			"languages": {
				"languages": [
					"anadi",
					"common"
				]
			},
			"skills": {
				"acrobatics": {
					"std": 8
				},
				"athletics": {
					"std": 6
				},
				"crafting": {
					"std": 6,
					"weaving": 10
				},
				"nature": {
					"std": 5
				},
				"stealth": {
					"std": 8
				}
			},
			"abilityMods": {
				"str": 2,
				"dex": 4,
				"con": 2,
				"int": 0,
				"wis": 1,
				"cha": 0
			},
			"speed": {
				"walk": 25,
				"climb": 25
			},
			"attacks": [
				{
					"range": "Melee",
					"name": "shortsword",
					"attack": 10,
					"traits": [
						"agile",
						"finesse",
						"versatile s"
					],
					"effects": [],
					"damage": "{@damage 1d6+2} piercing",
					"types": [
						"piercing"
					]
				},
				{
					"range": "Melee",
					"name": "fangs",
					"attack": 10,
					"traits": [
						"finesse"
					],
					"effects": [],
					"damage": "{@damage 1d8+2} piercing plus",
					"types": [
						"piercing"
					]
				}
			],
			"defenses": {
				"ac": {
					"std": 19
				},
				"savingThrows": {
					"fort": {
						"std": 6
					},
					"ref": {
						"std": 10
					},
					"will": {
						"std": 7
					}
				},
				"hp": [
					{
						"hp": 27,
						"abilities": null
					}
				]
			}
		},
		{
			"name": "Anadi Sage",
			"isNpc": false,
			"source": "AoA1",
			"page": 85,
			"level": 4,
			"traits": [
				"uncommon",
				"cg",
				"medium",
				"anadi",
				"humanoid"
			],
			"perception": {
				"std": 12
			},
			"languages": {
				"languages": [
					"anadi",
					"common"
				]
			},
			"skills": {
				"athletics": {
					"std": 6,
					"to Climb in true or spider form": 8
				},
				"crafting": {
					"std": 9,
					"weaving": 13
				},
				"deception": {
					"std": 8
				},
				"diplomacy": {
					"std": 10
				},
				"nature": {
					"std": 12
				},
				"survival": {
					"std": 10
				}
			},
			"abilityMods": {
				"str": 0,
				"dex": 2,
				"con": 0,
				"int": 1,
				"wis": 4,
				"cha": 2
			},
			"items": [
				"hide armor",
				"shortsword"
			],
			"speed": {
				"walk": 25,
				"climb": 25
			},
			"attacks": [
				{
					"range": "Melee",
					"name": "shortsword",
					"attack": 12,
					"traits": [
						"agile",
						"finesse",
						"versatile s"
					],
					"effects": [],
					"damage": "{@damage 1d6+3} piercing",
					"types": [
						"piercing"
					]
				},
				{
					"range": "Melee",
					"name": "fangs",
					"attack": 12,
					"traits": [
						"finesse"
					],
					"effects": [
						"anadi venom"
					],
					"damage": "{@damage 2d6+3} piercing plus anadi venom",
					"types": [
						"piercing"
					]
				}
			],
			"spellcasting": [
				{
					"name": "Arcane Innate",
					"type": "Innate",
					"tradition": "Arcane",
					"DC": 22,
					"entry": {
						"0": {
							"level": 2,
							"spells": [
								{
									"name": "detect magic"
								},
								{
									"name": "ghost sound"
								},
								{
									"name": "mage hand"
								},
								{
									"name": "message"
								}
							]
						},
						"1": {
							"spells": [
								{
									"name": "color spray"
								},
								{
									"name": "illusory disguise"
								},
								{
									"name": "illusory object"
								}
							]
						},
						"2": {
							"spells": [
								{
									"name": "blur"
								},
								{
									"name": "illusory creature"
								}
							]
						}
					}
				}
			],
			"abilities": {
				"top": [
					{
						"entries": [
							"+8, {@skill Diplomacy} +10, {@skill Nature} +12, {@skill Survival} +10 Str +0, Dex +2, Con +0, Int +1, Wis +4, Cha +2 Items hide armor, shortsword."
						],
						"name": "Deception"
					}
				],
				"bot": [
					{
						"type": "affliction",
						"name": "Anadi Venom",
						"traits": [
							"poison"
						],
						"DC": 20,
						"savingThrow": "Fortitude",
						"maxDuration": "4 rounds",
						"stages": [
							{
								"stage": 1,
								"entry": "{@damage 1d6} poison damage and {@condition flat-footed}",
								"duration": "1 round"
							},
							{
								"stage": 2,
								"entry": "{@damage 1d6} poison damage, {@condition flat-footed}, and {@condition clumsy|CRB|clumsy 1}",
								"duration": "1 round"
							}
						]
					},
					{
						"activity": {
							"number": 1,
							"unit": "action"
						},
						"traits": [
							"arcane",
							"concentrate",
							"polymorph",
							"transmutation"
						],
						"entries": [
							"As anadi hunter."
						],
						"name": "Change Shape",
						"generic": {
							"tag": "ability"
						},
						"entries_as_xyz": "Ability not found: '{@action Change Shape|LOAG} As anadi hunter.' in Anadi Sage, p.85"
					},
					{
						"entries": [
							"As anadi hunter."
						],
						"name": "Spin Silk",
						"entries_as_xyz": "Ability not found: 'Spin Silk As anadi hunter.' in Anadi Sage, p.85"
					}
				]
			},
			"defenses": {
				"ac": {
					"std": 21
				},
				"savingThrows": {
					"fort": {
						"std": 8
					},
					"ref": {
						"std": 10
					},
					"will": {
						"std": 12
					}
				},
				"hp": [
					{
						"hp": 58,
						"abilities": null
					}
				]
			}
		},
		{
			"name": "Bloody Blade Mercenary",
			"isNpc": false,
			"source": "AoA1",
			"page": 50,
			"level": 1,
			"traits": [
				"ne",
				"medium",
				"half-orc",
				"human",
				"humanoid",
				"orc"
			],
			"perception": {
				"std": 6
			},
			"languages": {
				"languages": [
					"common",
					"orcish"
				]
			},
			"skills": {
				"acrobatics": {
					"std": 6
				},
				"athletics": {
					"std": 7
				},
				"intimidation": {
					"std": 2
				},
				"nature": {
					"std": 4
				},
				"stealth": {
					"std": 6
				},
				"survival": {
					"std": 4
				},
				"thievery": {
					"std": 6
				}
			},
			"abilityMods": {
				"str": 4,
				"dex": 3,
				"con": 1,
				"int": 0,
				"wis": 1,
				"cha": -1
			},
			"speed": {
				"walk": 25
			},
			"attacks": [
				{
					"range": "Melee",
					"name": "longsword",
					"attack": 9,
					"traits": [
						"versatile p"
					],
					"effects": [],
					"damage": "{@damage 1d8+4} slashing",
					"types": [
						"slashing"
					]
				},
				{
					"range": "Ranged",
					"name": "shortbow",
					"attack": 8,
					"traits": [
						"deadly 1d10",
						"range increment 60 feet",
						"reload 0"
					],
					"effects": [],
					"damage": "{@damage 1d6} piercing",
					"types": [
						"piercing"
					]
				}
			],
			"abilities": {
				"top": [
					{
						"entries": [
							"+6, {@skill Survival} +4, {@skill Thievery} +6 Str +4, Dex +3, Con +1, Int +0, Wis +1, Cha \u20131 Items longsword, shortbow (20 arrows), studded leather, 15 sp."
						],
						"name": "Stealth"
					}
				],
				"bot": [
					{
						"activity": {
							"number": 1,
							"unit": "action"
						},
						"entries": [],
						"name": "Hunt Prey"
					},
					{
						"activity": {
							"number": 1,
							"unit": "action"
						},
						"traits": [
							"pathfinder core rulebook 171"
						],
						"entries": [],
						"name": "Hunted Shot"
					},
					{
						"entries": [
							"The first time the mercenary hits their hunted prey in a round, they deal {@dice 1d8} additional precision damage."
						],
						"name": "Precision"
					}
				]
			},
			"defenses": {
				"ac": {
					"std": 18
				},
				"savingThrows": {
					"fort": {
						"std": 6
					},
					"ref": {
						"std": 9
					},
					"will": {
						"std": 4
					}
				},
				"hp": [
					{
						"hp": 19,
						"abilities": null
					}
				]
			}
		},
		{
			"name": "Calmont",
			"isNpc": false,
			"source": "AoA1",
			"page": 27,
			"level": 3,
			"traits": [
				"unique",
				"le",
				"small",
				"halfling",
				"humanoid"
			],
			"perception": {
				"std": 6
			},
			"senses": [
				{
					"name": "keen eyes"
				}
			],
			"languages": {
				"languages": [
					"common",
					"goblin",
					"halfling"
				]
			},
			"skills": {
				"acrobatics": {
					"std": 9
				},
				"athletics": {
					"std": 7
				},
				"deception": {
					"std": 7
				},
				"intimidation": {
					"std": 7
				},
				"society": {
					"std": 7
				},
				"stealth": {
					"std": 11
				},
				"thievery": {
					"std": 11
				},
				"breachill lore": {
					"std": 8
				},
				"mercantile lore": {
					"std": 4
				}
			},
			"abilityMods": {
				"str": 2,
				"dex": 4,
				"con": 1,
				"int": -1,
				"wis": -1,
				"cha": 2
			},
			"speed": {
				"walk": 25
			},
			"attacks": [
				{
					"range": "Melee",
					"name": "dagger",
					"attack": 9,
					"traits": [
						"agile",
						"finesse",
						"versatile s"
					],
					"effects": [],
					"damage": "{@damage 1d4+4} piercing",
					"types": [
						"piercing"
					]
				},
				{
					"range": "Ranged",
					"name": "shortbow",
					"attack": 9,
					"traits": [
						"deadly 1d10",
						"range increment 60 feet",
						"reload 0"
					],
					"effects": [],
					"damage": "{@damage 1d6} piercing",
					"types": [
						"piercing"
					]
				},
				{
					"range": "Ranged",
					"name": "dagger",
					"attack": 9,
					"traits": [
						"agile",
						"thrown 10 feet",
						"versatile s"
					],
					"effects": [],
					"damage": "{@damage 1d4+4} piercing",
					"types": [
						"piercing"
					]
				}
			],
			"abilities": {
				"top": [
					{
						"entries": [
							"+7, {@skill Intimidation} +7, {@skill Lore||Mercantile Lore} +4"
						],
						"name": "Deception"
					},
					{
						"entries": [
							"+7, {@skill Stealth} +11, {@skill Thievery} +11 Str +2, Dex +4, Con +1, Int \u20131, Wis \u20131, Cha +2 Items dagger, leather armor, lesser healing potion (2), +1 shortbow (20 arrows), thieves' tools."
						],
						"name": "Society"
					}
				],
				"mid": [
					{
						"entries": [
							"Advantage Calmont isn't {@condition flat-footed} to {@condition hidden}, {@condition undetected}, or flanking creatures of level 3 or lower."
						],
						"name": "Deny"
					},
					{
						"activity": {
							"number": 1,
							"unit": "reaction"
						},
						"traits": [
							"pathfinder core rulebook 183"
						],
						"entries": [],
						"name": "Nimble Dodge"
					}
				],
				"bot": [
					{
						"activity": {
							"number": 1,
							"unit": "action"
						},
						"traits": [
							"pathfinder core rulebook 184"
						],
						"entries": [],
						"name": "Quick Draw"
					},
					{
						"entries": [
							"Attack Calmont deals {@damage 1d6} extra damage to flatfooted creatures."
						],
						"name": "Sneak"
					},
					{
						"entries": [
							"If Calmont used {@skill Deception} or {@skill Stealth} for initiative, creatures that haven't acted are {@condition flat-footed} to Calmont on the first round of combat."
						],
						"name": "Surprise Attack"
					}
				]
			},
			"defenses": {
				"ac": {
					"std": 20
				},
				"savingThrows": {
					"fort": {
						"std": 6
					},
					"ref": {
						"std": 11
					},
					"will": {
						"std": 6
					}
				},
				"hp": [
					{
						"hp": 35,
						"abilities": null
					}
				]
			}
		},
		{
			"name": "Dmiri Yoltosha",
			"isNpc": false,
			"source": "AoA1",
			"page": 51,
			"level": 4,
			"traits": [
				"unique",
				"le",
				"medium",
				"goblin",
				"humanoid"
			],
			"perception": {
				"std": 14
			},
			"senses": [
				{
					"name": "darkvision"
				}
			],
			"languages": {
				"languages": [
					"common",
					"goblin"
				]
			},
			"skills": {
				"acrobatics": {
					"std": 10
				},
				"athletics": {
					"std": 9
				},
				"deception": {
					"std": 5
				},
				"nature": {
					"std": 7
				},
				"stealth": {
					"std": 10
				},
				"survival": {
					"std": 7
				},
				"thievery": {
					"std": 10
				}
			},
			"abilityMods": {
				"str": 3,
				"dex": 4,
				"con": 1,
				"int": 0,
				"wis": 1,
				"cha": -1
			},
			"speed": {
				"walk": 25
			},
			"attacks": [
				{
					"range": "Melee",
					"name": "rapier",
					"attack": 13,
					"traits": [
						"deadly 1d8",
						"disarm",
						"finesse"
					],
					"effects": [],
					"damage": "{@damage 2d6+3} piercing",
					"types": [
						"piercing"
					]
				},
				{
					"range": "Melee",
					"name": "dagger",
					"attack": 12,
					"traits": [
						"agile",
						"finesse",
						"versatile s"
					],
					"effects": [],
					"damage": "{@damage 1d4+3} piercing",
					"types": [
						"piercing"
					]
				},
				{
					"range": "Ranged",
					"name": "composite shortbow",
					"attack": 12,
					"traits": [
						"deadly 1d10",
						"range increment 60 feet",
						"reload 0"
					],
					"effects": [],
					"damage": "{@damage 1d6+1} piercing",
					"types": [
						"piercing"
					]
				},
				{
					"range": "Ranged",
					"name": "dagger",
					"attack": 12,
					"traits": [
						"agile",
						"thrown 10 feet",
						"versatile s"
					],
					"effects": [],
					"damage": "{@damage 1d4+3} piercing",
					"types": [
						"piercing"
					]
				}
			],
			"abilities": {
				"bot": [
					{
						"entries": [
							"Dmira's multiple attack penalty against her hunted prey is \u20133 (\u20132 with an agile weapon) on her second attack and \u20136 (\u20134 with an agile weapon) on her third or subsequent attacks."
						],
						"name": "Flurry"
					},
					{
						"activity": {
							"number": 1,
							"unit": "action"
						},
						"entries": [],
						"name": "Hunt Prey"
					},
					{
						"activity": {
							"number": 2,
							"unit": "action"
						},
						"traits": [
							"pathfinder core rulebook 172"
						],
						"entries": [],
						"name": "Hunter's Aim"
					},
					{
						"activity": {
							"number": 1,
							"unit": "action"
						},
						"traits": [
							"pathfinder core rulebook 172"
						],
						"entries": [],
						"name": "Twin Parry"
					},
					{
						"activity": {
							"number": 1,
							"unit": "action"
						},
						"traits": [
							"pathfinder core rulebook 171"
						],
						"entries": [],
						"name": "Twin Takedown"
					}
				]
			},
			"defenses": {
				"ac": {
					"std": 22
				},
				"savingThrows": {
					"fort": {
						"std": 10
					},
					"ref": {
						"std": 12
					},
					"will": {
						"std": 9
					}
				},
				"hp": [
					{
						"hp": 52,
						"abilities": null
					}
				]
			}
		},
		{
			"name": "Doorwarden",
			"isNpc": false,
			"source": "AoA1",
			"page": 86,
			"level": 5,
			"traits": [
				"uncommon",
				"ln",
				"large",
				"construct"
			],
			"perception": {
				"std": 13
			},
			"senses": [
				{
					"name": "low-light vision"
				},
				{
					"name": "see invisibility"
				}
			],
			"languages": {
				"languages": [
					"common"
				]
			},
			"skills": {
				"athletics": {
					"std": 13
				},
				"intimidation": {
					"std": 11
				}
			},
			"abilityMods": {
				"str": 6,
				"dex": 0,
				"con": 3,
				"int": -1,
				"wis": 1,
				"cha": 2
			},
			"speed": {
				"walk": 20
			},
			"attacks": [
				{
					"range": "Melee",
					"name": "longsword",
					"attack": 15,
					"traits": [
						"reach 10 feet",
						"versatile p"
					],
					"effects": [],
					"damage": "{@damage 1d8+9} slashing",
					"types": [
						"slashing"
					]
				},
				{
					"range": "Melee",
					"name": "shield boss",
					"attack": 15,
					"effects": [],
					"damage": "{@damage 1d6+9} bludgeoning",
					"types": [
						"bludgeoning"
					]
				},
				{
					"range": "Melee",
					"name": "door",
					"attack": 13,
					"effects": [],
					"damage": "{@damage 1d4+8} bludgeoning",
					"types": [
						"bludgeoning"
					]
				}
			],
			"spellcasting": [
				{
					"name": "Innate Arcane",
					"type": "Innate",
					"tradition": "Arcane",
					"DC": 19,
					"entry": {
						"2": {
							"spells": [
								{
									"name": "see invisibility"
								}
							]
						}
					}
				}
			],
			"abilities": {
				"mid": [
					{
						"activity": {
							"number": 1,
							"unit": "reaction"
						},
						"entries": [],
						"name": "Attack of Opportunity",
						"generic": {
							"tag": "ability"
						}
					},
					{
						"activity": {
							"number": 1,
							"unit": "reaction"
						},
						"trigger": "An enemy hits the doorwarden with a melee {@action Strike}.",
						"entries": [
							"The doorwarden can Raise its Shield and gain its shield's benefit to AC against the triggering attack."
						],
						"name": "Reactive Shield"
					},
					{
						"activity": {
							"number": 1,
							"unit": "reaction"
						},
						"entries": [
							"When the doorwarden uses Shield Block against a melee attack from a creature within 5 feet, it can also push the creature 5 feet."
						],
						"name": "Shield Block",
						"generic": {
							"tag": "ability"
						}
					}
				],
				"bot": [
					{
						"activity": {
							"number": 1,
							"unit": "action"
						},
						"traits": [
							"concentrate"
						],
						"entries": [
							"Until the next time it acts, the doorwarden appears to be a door. It has an automatic result of 31."
						],
						"name": "Imitate Door"
					},
					{
						"entries": [
							"{@skill Deception} checks and DCs to pass as a door."
						],
						"name": "on"
					},
					{
						"activity": {
							"number": 2,
							"unit": "action"
						},
						"traits": [
							"concentrate"
						],
						"entries": [
							"The door opens and slams its doors, making two door {@action Strike||Strikes} against one creature. If both hit, the creature is {@condition grabbed}\u2014stuck between the doors. The doorwarden's multiple attack penalty doesn't increase until it has finished both attacks."
						],
						"name": "Slam Doors"
					}
				]
			},
			"defenses": {
				"ac": {
					"std": 22,
					"with shield raised": 24
				},
				"savingThrows": {
					"fort": {
						"std": 12
					},
					"ref": {
						"std": 7
					},
					"will": {
						"std": 10
					}
				},
				"hp": [
					{
						"hp": 60,
						"abilities": null
					}
				],
				"immunities": [
					"bleed",
					"death effects",
					"disease",
					"doomed"
				],
				"resistances": [
					{
						"name": "physical"
					}
				]
			}
		},
		{
			"name": "Emperor Bird",
			"isNpc": false,
			"source": "AoA1",
			"page": 87,
			"level": 2,
			"traits": [
				"uncommon",
				"n",
				"medium",
				"animal"
			],
			"perception": {
				"std": 8
			},
			"skills": {
				"acrobatics": {
					"std": 9
				},
				"intimidation": {
					"std": 7
				},
				"survival": {
					"std": 7
				}
			},
			"abilityMods": {
				"str": 2,
				"dex": 3,
				"con": 0,
				"int": -4,
				"wis": 1,
				"cha": 3
			},
			"speed": {
				"walk": 15,
				"fly": 20
			},
			"attacks": [
				{
					"range": "Melee",
					"name": "beak",
					"attack": 11,
					"effects": [],
					"damage": "{@damage 1d10+2} piercing",
					"types": [
						"piercing"
					]
				},
				{
					"range": "Melee",
					"name": "tail",
					"attack": 11,
					"traits": [
						"agile",
						"reach 10 feet"
					],
					"effects": [],
					"damage": "{@damage 1d8+3} slashing",
					"types": [
						"slashing"
					]
				}
			],
			"abilities": {
				"bot": [
					{
						"activity": {
							"number": 2,
							"unit": "action"
						},
						"traits": [
							"enchantment",
							"mental",
							"primal",
							"visual"
						],
						"entries": [
							"The emperor bird flaps its mesmerizing wings. Each creature within 15 feet that can see the emperor bird must attempt a DC 19 Will save.",
							{
								"type": "successDegree",
								"entries": {
									"Critical Success": "The creature is unaffected.",
									"Success": "The creature is {@condition dazzled} for 1 round.",
									"Failure": "The creature is {@condition dazzled} for {@dice 1d4} rounds.",
									"Critical Failure": "The creature is {@condition confused} for {@dice 1d4} rounds."
								}
							}
						],
						"name": "Dazzling Display"
					},
					{
						"activity": {
							"number": 2,
							"unit": "action"
						},
						"entries": [
							"The emperor bird makes tail {@action Strike||Strikes} against two different creatures within reach. The emperor bird's multiple attack penalty does not increase until it has finished both attacks."
						],
						"name": "Tail Lash"
					}
				]
			},
			"defenses": {
				"ac": {
					"std": 18
				},
				"savingThrows": {
					"fort": {
						"std": 6
					},
					"ref": {
						"std": 9
					},
					"will": {
						"std": 7
					}
				},
				"hp": [
					{
						"hp": 27,
						"abilities": null
					}
				]
			}
		},
		{
			"name": "Grauladon",
			"isNpc": false,
			"source": "AoA1",
			"page": 88,
			"level": 2,
			"traits": [
				"uncommon",
				"n",
				"large",
				"dragon"
			],
			"perception": {
				"std": 7
			},
			"senses": [
				{
					"name": "darkvision"
				},
				{
					"type": "imprecise",
					"name": "scent",
					"range": 30
				}
			],
			"languages": {
				"languages": [
					"draconic (can't speak any language)"
				]
			},
			"skills": {
				"athletics": {
					"std": 10
				},
				"stealth": {
					"std": 6
				},
				"survival": {
					"std": 5
				}
			},
			"abilityMods": {
				"str": 4,
				"dex": 0,
				"con": 4,
				"int": -3,
				"wis": 1,
				"cha": -2
			},
			"speed": {
				"walk": 20,
				"swim": 30
			},
			"attacks": [
				{
					"range": "Melee",
					"name": "jaws",
					"attack": 10,
					"effects": [],
					"damage": "{@damage 1d12+4} piercing",
					"types": [
						"piercing"
					]
				},
				{
					"range": "Melee",
					"name": "tail",
					"attack": 10,
					"traits": [
						"agile"
					],
					"effects": [],
					"damage": "{@damage 1d8+4} bludgeoning",
					"types": [
						"bludgeoning"
					]
				}
			],
			"abilities": {
				"mid": [
					{
						"activity": {
							"number": 1,
							"unit": "reaction"
						},
						"trigger": "The grauladon takes damage from an adjacent creature.",
						"entries": [
							"The grauladon uses Noxious Breath, including the triggering creature in the area."
						],
						"name": "Reactive Breath"
					}
				],
				"bot": [
					{
						"activity": {
							"number": 1,
							"unit": "action"
						},
						"requirements": "More than one enemy is adjacent to the grauladon.",
						"entries": [
							"The grauladon swings its tail at each adjacent enemy and attempts."
						],
						"name": "Body Slam"
					},
					{
						"entries": [
							"{@action Trip} each creature adjacent to it. It rolls only a single {@skill Athletics} check and compares the result to the Fortitude DC of each target."
						],
						"name": "to"
					},
					{
						"entries": [
							"A grauladon can hold its breath for 225 rounds (22-1/2 minutes)."
						],
						"name": "Deep Breath"
					},
					{
						"activity": {
							"number": 1,
							"unit": "action"
						},
						"entries": [
							"The grauladon hisses and unleashes a nauseating cloud of halitosis in a 15-foot cone. Each creature in the area must succeed at a DC 18 Fortitude saving throw or be {@condition sickened|CRB|sickened 1} ({@condition sickened|CRB|sickened 2} on a critical failure). The grauladon can't use."
						],
						"name": "Noxious Breath"
					},
					{
						"traits": [
							"again"
						],
						"entries": [
							"for {@dice 1d4} rounds."
						],
						"name": "Noxious Breath or Reactive Breath"
					}
				]
			},
			"defenses": {
				"ac": {
					"std": 17
				},
				"savingThrows": {
					"fort": {
						"std": 12
					},
					"ref": {
						"std": 6
					},
					"will": {
						"std": 7
					}
				},
				"hp": [
					{
						"hp": 35,
						"abilities": null
					}
				],
				"immunities": [
					"paralyzed",
					"sleep"
				]
			}
		},
		{
			"name": "Graveshell",
			"isNpc": false,
			"source": "AoA1",
			"page": 89,
			"level": 1,
			"traits": [
				"uncommon",
				"n",
				"large",
				"beast"
			],
			"perception": {
				"std": 4
			},
			"senses": [
				{
					"name": "darkvision"
				},
				{
					"type": "imprecise",
					"name": "wavesense",
					"range": 30
				}
			],
			"languages": {
				"languages": [
					"common",
					"undercommon"
				]
			},
			"skills": {
				"athletics": {
					"std": 6
				},
				"stealth": {
					"std": 4
				}
			},
			"abilityMods": {
				"str": 3,
				"dex": -1,
				"con": 3,
				"int": -3,
				"wis": 1,
				"cha": 0
			},
			"speed": {
				"walk": 20,
				"swim": 20
			},
			"attacks": [
				{
					"range": "Melee",
					"name": "jaws",
					"attack": 8,
					"effects": [],
					"damage": "{@damage 1d6+3} piercing",
					"types": [
						"piercing"
					]
				},
				{
					"range": "Melee",
					"name": "claw",
					"attack": 8,
					"traits": [
						"agile"
					],
					"effects": [],
					"damage": "{@damage 1d4+3} slashing",
					"types": [
						"slashing"
					]
				},
				{
					"range": "Melee",
					"name": "shell spikes",
					"attack": 8,
					"effects": [],
					"damage": "{@damage 1d4+3} piercing",
					"types": [
						"piercing"
					]
				}
			],
			"abilities": {
				"top": [
					{
						"traits": [
							"exploration"
						],
						"entries": [
							"The graveshell conceals its true nature over the course of a few minutes by impaling a corpse (typically humanoid) on its spiky shell before partially submerging itself in water. It has an automatic result of 22 on {@skill Deception} checks and DCs to pass as a corpse floating in the water."
						],
						"name": "Corpse Disguise"
					}
				],
				"mid": [
					{
						"activity": {
							"number": 1,
							"unit": "reaction"
						},
						"trigger": "The graveshell takes damage from a physical attack while withdrawn into its shell (see Shell Game below).",
						"entries": [
							"The graveshell reduces the damage from the attack by an amount equal to its shell's Hardness. A graveshell's shell has a Hardness of 6, 10 Hit Points, and a {@condition Broken} Threshold of 5. If its shell is {@condition broken}, the graveshell can't attack with shell spikes, nor can it use Shell Game. If the shell is destroyed, the graveshell's AC is reduced to 16. As long as a graveshell is alive, its shell naturally repairs itself after a week."
						],
						"name": "Shell Block"
					}
				],
				"bot": [
					{
						"entries": [
							"The graveshell can hold its breath for 200 rounds (20 minutes)."
						],
						"name": "Deep Breath"
					},
					{
						"activity": {
							"number": 1,
							"unit": "action"
						},
						"entries": [
							"The graveshell withdraws into its shell, gaining a +2 circumstance bonus."
						],
						"name": "Shell Game"
					},
					{
						"entries": [
							"AC and allowing it to use Shell Block. This lasts until the graveshell moves or attacks with any attack other than its shell spikes. The graveshell can't take this action or get any benefit from it if its shell is {@condition broken}."
						],
						"name": "to"
					}
				]
			},
			"defenses": {
				"ac": {
					"std": 17,
					"while withdrawn into its shell": 19
				},
				"savingThrows": {
					"fort": {
						"std": 8
					},
					"ref": {
						"std": 2
					},
					"will": {
						"std": 4
					}
				},
				"hp": [
					{
						"hp": 20,
						"abilities": null
					}
				]
			}
		},
		{
			"name": "Hellcrown",
			"isNpc": false,
			"source": "AoA1",
			"page": 90,
			"level": 1,
			"traits": [
				"uncommon",
				"le",
				"tiny",
				"undead"
			],
			"perception": {
				"std": 10
			},
			"senses": [
				{
					"name": "darkvision"
				}
			],
			"languages": {
				"languages": [
					"common"
				]
			},
			"skills": {
				"intimidation": {
					"std": 8
				},
				"stealth": {
					"std": 7
				}
			},
			"abilityMods": {
				"str": -2,
				"dex": 4,
				"con": 3,
				"int": -1,
				"wis": 1,
				"cha": 1
			},
			"speed": {
				"fly": 25
			},
			"attacks": [
				{
					"range": "Ranged",
					"name": "nail",
					"attack": 9,
					"traits": [
						"range increment 20 feet"
					],
					"effects": [
						"bleeding nail"
					],
					"damage": "{@damage 1d4+2} piercing plus bleeding nail",
					"types": [
						"piercing"
					]
				}
			],
			"abilities": {
				"bot": [
					{
						"entries": [
							"If the hellcrown hits with a nail {@action Strike}, the target must attempt a DC 16 Fortitude save. On a failure, the nail is embedded in the creature, making it {@condition enfeebled|CRB|enfeebled 1} for 1 minute and giving it 1 {@condition persistent damage ||persistent bleed damage} ({@condition enfeebled|CRB|enfeebled 2} and {@damage 1d4} {@condition persistent damage ||persistent bleed damage} on a critical failure). Each additional embedded nail increases the {@condition enfeebled} value by 1 (to a maximum of {@condition enfeebled|CRB|enfeebled 4}) and the bleed damage by 1. A creature can remove a nail with an {@action Interact} action to reduce the enfeeblement and amount of bleed damage. Pulling out the last nail removes both conditions."
						],
						"name": "Bleeding Nail"
					},
					{
						"activity": {
							"number": 1,
							"unit": "action"
						},
						"traits": [
							"fear",
							"mental",
							"visual"
						],
						"entries": [
							"All creatures that can see the hellcrown and are suffering from its bleeding nail must attempt a DC 16 Will saving throw.",
							"A creature that fails is {@condition frightened|CRB|frightened 1}, and on a critical failure becomes {@condition fleeing} for as long as it's {@condition frightened}. Any creature that attempts a save is then temporarily immune for 10 minutes."
						],
						"name": "Terrifying Stare"
					}
				]
			},
			"defenses": {
				"ac": {
					"std": 16
				},
				"savingThrows": {
					"fort": {
						"std": 4
					},
					"ref": {
						"std": 6
					},
					"will": {
						"std": 10
					}
				},
				"hp": [
					{
						"hp": 20,
						"abilities": [
							"negative healing"
						]
					}
				],
				"immunities": [
					"death effects",
					"disease",
					"paralyzed"
				]
			}
		},
		{
			"name": "Malarunk",
			"isNpc": false,
			"source": "AoA1",
			"page": 58,
			"level": 5,
			"traits": [
				"unique",
				"ce",
				"small",
				"charau-ka",
				"humanoid"
			],
			"perception": {
				"std": 13
			},
			"senses": [
				{
					"name": "darkvision"
				},
				{
					"type": "imprecise",
					"name": "scent",
					"range": 30
				}
			],
			"languages": {
				"languages": [
					"boggard",
					"draconic",
					"mwangi"
				]
			},
			"skills": {
				"athletics": {
					"std": 10
				},
				"intimidation": {
					"std": 11
				},
				"religion": {
					"std": 13
				},
				"stealth": {
					"std": 8
				},
				"dragon lore": {
					"std": 11
				}
			},
			"abilityMods": {
				"str": 3,
				"dex": 2,
				"con": 2,
				"int": 0,
				"wis": 4,
				"cha": 2
			},
			"speed": {
				"walk": 25,
				"climb": 25
			},
			"attacks": [
				{
					"range": "Melee",
					"name": "Cinderclaw gauntlet",
					"attack": 13,
					"traits": [
						"agile",
						"free-hand",
						"versatile s"
					],
					"effects": [],
					"damage": "{@damage 2d4+5} piercing plus {@damage 1d6} fire on a critical hit",
					"types": [
						"fire",
						"piercing"
					]
				},
				{
					"range": "Melee",
					"name": "hatchet",
					"attack": 12,
					"traits": [
						"agile",
						"sweep"
					],
					"effects": [],
					"damage": "{@damage 1d6+5} slashing",
					"types": [
						"slashing"
					]
				},
				{
					"range": "Ranged",
					"name": "hatchet",
					"attack": 12,
					"traits": [
						"agile",
						"sweep",
						"thrown 10 feet"
					],
					"effects": [],
					"damage": "{@damage 1d6+5} slashing",
					"types": [
						"slashing"
					]
				},
				{
					"range": "Ranged",
					"name": "thrown debris",
					"attack": 11,
					"traits": [
						"deadly 1d6",
						"range 20 feet"
					],
					"effects": [],
					"damage": "{@damage 2d6+5} bludgeoning",
					"types": [
						"bludgeoning"
					]
				}
			],
			"spellcasting": [
				{
					"name": "Divine Prepared",
					"type": "Prepared",
					"tradition": "Divine",
					"DC": 23,
					"attack": 13,
					"entry": {
						"1": {
							"spells": [
								{
									"name": "create water"
								},
								{
									"name": "heal"
								},
								{
									"name": "sanctuary"
								}
							]
						},
						"2": {
							"spells": [
								{
									"name": "create food"
								},
								{
									"name": "sound burst"
								},
								{
									"name": "spiritual weapon"
								}
							]
						},
						"3": {
							"spells": [
								{
									"name": "dream message"
								},
								{
									"name": "fireball"
								},
								{
									"name": "harm",
									"amount": 3
								}
							]
						}
					}
				}
			],
			"abilities": {
				"top": [
					{
						"entries": [
							"+13, {@skill Stealth} +8 Str +3, Dex +2, Con +2, Int +0, Wis +4, Cha +2 Items +1 chain shirt, Cinderclaw gauntlet (page 77), gold religious symbol of {@deity Dahak|LOGM} (worth 20 gp), hatchet, hunter's arrowhead (page 77)"
						],
						"name": "Religion"
					}
				],
				"bot": [
					{
						"activity": {
							"number": 2,
							"unit": "action"
						},
						"traits": [
							"pathfinder core rulebook 122"
						],
						"entries": [],
						"name": "Channel Smite"
					},
					{
						"activity": {
							"number": 1,
							"unit": "free"
						},
						"entries": [
							"As charau-ka; see page 37."
						],
						"name": "Shrieking Frenzy"
					},
					{
						"entries": [
							"As charau-ka; see page 37."
						],
						"name": "Thrown Weapon Mastery"
					}
				]
			},
			"defenses": {
				"ac": {
					"std": 22
				},
				"savingThrows": {
					"fort": {
						"std": 11
					},
					"ref": {
						"std": 9
					},
					"will": {
						"std": 13
					}
				},
				"hp": [
					{
						"hp": 63,
						"abilities": null
					}
				]
			}
		},
		{
			"name": "Renali",
			"isNpc": false,
			"source": "AoA1",
			"page": 79,
			"level": 4,
			"traits": [
				"unique",
				"cg",
				"medium",
				"anadi",
				"humanoid"
			],
			"perception": {
				"std": 12
			},
			"languages": {
				"languages": [
					"anadi",
					"common"
				]
			},
			"skills": {
				"athletics": {
					"std": 6
				},
				"crafting": {
					"std": 10,
					"weaving": 14
				},
				"deception": {
					"std": 7
				},
				"medicine": {
					"std": 12
				},
				"nature": {
					"std": 10
				},
				"stealth": {
					"std": 10
				},
				"survival": {
					"std": 10
				}
			},
			"abilityMods": {
				"str": 0,
				"dex": 2,
				"con": 0,
				"int": 2,
				"wis": 4,
				"cha": 1
			},
			"speed": {
				"walk": 25,
				"climb": 25
			},
			"attacks": [
				{
					"range": "Melee",
					"name": "fangs",
					"attack": 12,
					"traits": [
						"finesse"
					],
					"effects": [
						"anadi venom"
					],
					"damage": "{@damage 2d6+3} piercing plus anadi venom",
					"types": [
						"piercing"
					]
				}
			],
			"spellcasting": [
				{
					"name": "Arcane Innate",
					"type": "Innate",
					"tradition": "Arcane",
					"DC": 22,
					"entry": {
						"0": {
							"level": 2,
							"spells": [
								{
									"name": "detect magic"
								},
								{
									"name": "ghost sound"
								},
								{
									"name": "mage hand"
								},
								{
									"name": "message"
								}
							]
						},
						"1": {
							"spells": [
								{
									"name": "color spray"
								},
								{
									"name": "illusory disguise"
								},
								{
									"name": "illusory object"
								}
							]
						},
						"2": {
							"spells": [
								{
									"name": "illusory creature"
								},
								{
									"name": "invisibility"
								}
							]
						}
					}
				}
			],
			"abilities": {
				"top": [
					{
						"entries": [
							"+7, {@skill Medicine} +12, {@skill Nature} +10"
						],
						"name": "Deception"
					},
					{
						"entries": [
							"+10, {@skill Survival} +10 Str +0, Dex +2, Con +0, Int +2, Wis +4, Cha +1."
						],
						"name": "Stealth"
					}
				],
				"bot": [
					{
						"traits": [
							"poison"
						],
						"entries": [
							"Saving Throw DC 20 Fortitude"
						],
						"name": "Anadi Venom"
					},
					{
						"entries": [
							"4 rounds; Stage 1 {@damage 1d6} poison damage and {@condition flat-footed} (1 round); Stage 2 {@damage 1d6} poison damage, {@condition flat-footed}, and {@condition clumsy|CRB|clumsy 1} (1 round)"
						],
						"name": "Maximum Duration"
					},
					{
						"activity": {
							"number": 1,
							"unit": "action"
						},
						"traits": [
							"arcane",
							"concentrate",
							"polymorph",
							"transmutation"
						],
						"entries": [
							"As anadi hunter (page 84)."
						],
						"name": "Change Shape",
						"generic": {
							"tag": "ability"
						}
					},
					{
						"entries": [
							"As anadi hunter (page 84)."
						],
						"name": "Spin Silk"
					}
				]
			},
			"defenses": {
				"ac": {
					"std": 18
				},
				"savingThrows": {
					"fort": {
						"std": 8
					},
					"ref": {
						"std": 10
					},
					"will": {
						"std": 12
					}
				},
				"hp": [
					{
						"hp": 60,
						"abilities": null
					}
				]
			}
		},
		{
			"name": "Skeletal Hellknight",
			"isNpc": false,
			"source": "AoA1",
			"page": 40,
			"level": 2,
			"traits": [
				"unique",
				"le",
				"medium",
				"skeleton",
				"undead"
			],
			"perception": {
				"std": 7
			},
			"senses": [
				{
					"name": "darkvision"
				}
			],
			"languages": {
				"languages": [
					"common",
					"infernal"
				]
			},
			"skills": {
				"athletics": {
					"std": 9
				},
				"intimidation": {
					"std": 7
				}
			},
			"abilityMods": {
				"str": 4,
				"dex": 2,
				"con": 3,
				"int": -1,
				"wis": 0,
				"cha": 1
			},
			"items": [
				"+1 halberd",
				"half plate"
			],
			"speed": {
				"walk": 25,
				"climb": 25
			},
			"attacks": [
				{
					"range": "Melee",
					"name": "halberd",
					"attack": 11,
					"traits": [
						"reach 10 feet",
						"versatile s"
					],
					"effects": [
						"Invoke Reckoning"
					],
					"damage": "{@damage 1d10+4} piercing plus Invoke Reckoning",
					"types": [
						"piercing"
					]
				},
				{
					"range": "Melee",
					"name": "claw",
					"attack": 10,
					"traits": [
						"agile"
					],
					"effects": [],
					"damage": "{@damage 1d6+4} slashing",
					"types": [
						"slashing"
					]
				}
			],
			"abilities": {
				"mid": [
					{
						"activity": {
							"number": 1,
							"unit": "reaction"
						},
						"entries": [],
						"name": "Attack of Opportunity",
						"generic": {
							"tag": "ability"
						}
					}
				],
				"bot": [
					{
						"traits": [
							"divine",
							"necromancy"
						],
						"entries": [
							"The skeletal Hellknight can direct the actions of the nearby skeleton guards, commanding them to perform tactics such as flanking foes and focusing their attacks on specific targets. As long as the skeletal Hellknight is active and commanding the skeletons, they gain the {@action Attack of Opportunity} reaction."
						],
						"name": "Command Skeletons"
					},
					{
						"activity": {
							"number": 1,
							"unit": "reaction"
						},
						"traits": [
							"divine",
							"enchantment",
							"mental"
						],
						"trigger": "The skeletal Hellknight hits a foe with a {@action Strike}.",
						"entries": [
							"The skeletal Hellknight causes the creature struck to endure the pain of an Order of the Nail's reckoning\u2014a rite of mortification Hellknights of that order use to focus their minds. The creature struck feels as if nails are being driven into their body, and must succeed at a DC 17 Will save or be {@condition stunned|CRB|stunned 1} from the pain. On a critical failure, the pain manifests as actual puncture wounds, dealing an additional {@dice 2d6} points of piercing damage to the victim."
						],
						"name": "Invoke Reckoning"
					}
				]
			},
			"defenses": {
				"ac": {
					"std": 20
				},
				"savingThrows": {
					"fort": {
						"std": 9
					},
					"ref": {
						"std": 8
					},
					"will": {
						"std": 4
					}
				},
				"hp": [
					{
						"hp": 25,
						"abilities": [
							"negative healing"
						]
					}
				],
				"immunities": [
					"death effects"
				]
			}
		},
		{
			"name": "Skorp And Venak",
			"isNpc": false,
			"source": "AoA1",
			"page": 37,
			"level": 1,
			"traits": [
				"ce",
				"small",
				"charau-ka",
				"humanoid"
			],
			"perception": {
				"std": 6
			},
			"senses": [
				{
					"name": "darkvision"
				},
				{
					"type": "imprecise",
					"name": "scent",
					"range": 30
				}
			],
			"languages": {
				"languages": [
					"draconic",
					"mwangi"
				]
			},
			"skills": {
				"athletics": {
					"std": 6
				},
				"religion": {
					"std": 4
				},
				"stealth": {
					"std": 6
				}
			},
			"abilityMods": {
				"str": 3,
				"dex": 3,
				"con": 2,
				"int": -1,
				"wis": 1,
				"cha": 0
			},
			"speed": {
				"walk": 25,
				"climb": 25
			},
			"attacks": [
				{
					"range": "Melee",
					"name": "sickle",
					"attack": 8,
					"traits": [
						"agile",
						"finesse",
						"trip"
					],
					"effects": [],
					"damage": "{@damage 1d4+3} slashing",
					"types": [
						"slashing"
					]
				},
				{
					"range": "Melee",
					"name": "whip",
					"attack": 8,
					"traits": [
						"disarm",
						"finesse",
						"nonlethal",
						"reach",
						"trip"
					],
					"effects": [],
					"damage": "{@damage 1d4+3} slashing",
					"types": [
						"slashing"
					]
				},
				{
					"range": "Ranged",
					"name": "thrown debris",
					"attack": 8,
					"traits": [
						"deadly d6",
						"thrown 20 feet"
					],
					"effects": [],
					"damage": "{@damage 1d6+3} bludgeoning",
					"types": [
						"bludgeoning"
					]
				}
			],
			"abilities": {
				"bot": [
					{
						"activity": {
							"number": 1,
							"unit": "free"
						},
						"traits": [
							"primal",
							"transmutation"
						],
						"trigger": "The charau-ka's turn begins.",
						"frequency": {
							"unit": "hour",
							"freq": 1
						},
						"entries": [
							"The charau-ka is {@condition quickened} until the end of its turn, and can use the extra action to {@action Stride} or {@action Strike}. Due to its loud wailing while in a shrieking frenzy, the charau-ka can't speak and automatically critically fails all {@skill Stealth} checks."
						],
						"name": "Shrieking Frenzy"
					},
					{
						"entries": [
							"When a charau-ka throws a weapon, the weapon gains the deadly d6 weapon trait. When it throws an improvised weapon, it doesn't take the \u20132 penalty for using an improvised weapon, nor does it take the penalty for using that weapon to make a lethal attack instead of a nonlethal attack."
						],
						"name": "Thrown Weapon Mastery"
					}
				]
			},
			"defenses": {
				"ac": {
					"std": 18
				},
				"savingThrows": {
					"fort": {
						"std": 7
					},
					"ref": {
						"std": 8
					},
					"will": {
						"std": 4
					}
				},
				"hp": [
					{
						"hp": 18,
						"abilities": null
					}
				]
			}
		},
		{
			"name": "Tixitog",
			"isNpc": false,
			"source": "AoA1",
			"page": 91,
			"level": 3,
			"traits": [
				"uncommon",
				"ne",
				"medium",
				"aberration"
			],
			"perception": {
				"std": 9
			},
			"senses": [
				{
					"name": "darkvision"
				},
				{
					"type": "imprecise",
					"name": "web sense",
					"range": 60
				}
			],
			"languages": {
				"languages": [
					"aklo",
					"common"
				]
			},
			"skills": {
				"acrobatics": {
					"std": 8
				},
				"athletics": {
					"std": 10
				},
				"occultism": {
					"std": 7
				},
				"stealth": {
					"std": 10
				}
			},
			"abilityMods": {
				"str": 3,
				"dex": 3,
				"con": 2,
				"int": 0,
				"wis": 2,
				"cha": -1
			},
			"speed": {
				"walk": 25,
				"climb": 25
			},
			"attacks": [
				{
					"range": "Melee",
					"name": "jaws",
					"attack": 10,
					"effects": [],
					"damage": "{@damage 1d12+5} piercing",
					"types": [
						"piercing"
					]
				},
				{
					"range": "Melee",
					"name": "tongue",
					"attack": 12,
					"traits": [
						"reach 20 feet"
					],
					"effects": [
						"tongue pull"
					],
					"damage": "tongue pull",
					"types": []
				},
				{
					"range": "Melee",
					"name": "leg",
					"attack": 10,
					"traits": [
						"agile"
					],
					"effects": [],
					"damage": "{@damage 1d10+5} bludgeoning",
					"types": [
						"bludgeoning"
					]
				}
			],
			"abilities": {
				"top": [
					{
						"entries": [
							"+9, {@skill Stealth} +10 Str +3, Dex +3, Con +2, Int +0, Wis +2, Cha \u20131."
						],
						"name": "Spider Lore"
					},
					{
						"entries": [
							"The tixitog can detect the vibrations of creatures touching a web that the tixitog is also touching."
						],
						"name": "Web Sense"
					}
				],
				"bot": [
					{
						"activity": {
							"number": 1,
							"unit": "action"
						},
						"entries": [
							"Small, {@damage 1d12+3} bludgeoning, Rupture 10."
						],
						"name": "Swallow Whole",
						"generic": {
							"tag": "ability"
						}
					},
					{
						"entries": [
							"When a tixitog hits a Small or smaller creature with its tongue {@action Strike}, the target is pulled into the tixitog's mouth.",
							"The tixitog can then attempt to Swallow it Whole."
						],
						"name": "Tongue Pull"
					}
				]
			},
			"defenses": {
				"ac": {
					"std": 19
				},
				"savingThrows": {
					"fort": {
						"std": 9
					},
					"ref": {
						"std": 10
					},
					"will": {
						"std": 7
					}
				},
				"hp": [
					{
						"hp": 40,
						"abilities": null
					}
				]
			}
		},
		{
			"name": "Voz Lirayne",
			"isNpc": false,
			"source": "AoA1",
			"page": 81,
			"level": 5,
			"traits": [
				"unique",
				"ne",
				"medium",
				"elf",
				"human",
				"humanoid"
			],
			"perception": {
				"std": 7
			},
			"languages": {
				"languages": [
					"common",
					"elven",
					"goblin",
					"halfling",
					"necril",
					"orcish"
				]
			},
			"skills": {
				"arcana": {
					"std": 13
				},
				"deception": {
					"std": 11
				},
				"occultism": {
					"std": 11
				},
				"religion": {
					"std": 7
				},
				"society": {
					"std": 11
				},
				"stealth": {
					"std": 10
				},
				"library lore": {
					"std": 11
				},
				"mercantile lore": {
					"std": 11
				}
			},
			"abilityMods": {
				"str": 1,
				"dex": 3,
				"con": 3,
				"int": 4,
				"wis": 0,
				"cha": 2
			},
			"items": [
				"{@runeItem dagger||+1 weapon potency||+1 dagger} (bonded item)",
				"{@item healing potion (generic)||healing potion}",
				"scroll of sleep",
				"scroll of true strike"
			],
			"speed": {
				"walk": 25
			},
			"attacks": [
				{
					"range": "Melee",
					"name": "dagger",
					"attack": 13,
					"traits": [
						"agile",
						"finesse",
						"magical",
						"versatile s"
					],
					"effects": [],
					"damage": "{@damage 1d4+3} piercing",
					"types": [
						"piercing"
					]
				},
				{
					"range": "Ranged",
					"name": "dagger",
					"attack": 13,
					"traits": [
						"agile",
						"magical",
						"thrown 10 feet",
						"versatile s"
					],
					"effects": [],
					"damage": "{@damage 1d4+3} piercing",
					"types": [
						"piercing"
					]
				}
			],
			"spellcasting": [
				{
					"name": "Arcane Prepared",
					"type": "Prepared",
					"tradition": "Arcane",
					"DC": 23,
					"attack": 15,
					"entry": {
						"0": {
							"spells": [
								{
									"name": "chill touch"
								},
								{
									"name": "detect magic"
								},
								{
									"name": "light"
								},
								{
									"name": "read"
								},
								{
									"name": "shield"
								}
							]
						},
						"1": {
							"spells": [
								{
									"name": "fear"
								},
								{
									"name": "grim tendrils"
								},
								{
									"name": "mage armor"
								},
								{
									"name": "ray of enfeeblement"
								}
							]
						},
						"2": {
							"spells": [
								{
									"name": "acid arrow"
								},
								{
									"name": "false life"
								},
								{
									"name": "mirror image"
								},
								{
									"name": "spider climb"
								}
							]
						},
						"3": {
							"spells": [
								{
									"name": "bind undead"
								},
								{
									"name": "paralyze"
								},
								{
									"name": "vampiric touch"
								}
							]
						}
					}
				},
				{
					"name": "Wizard School",
					"type": "Focus",
					"DC": 23,
					"fp": 1,
					"entry": {
						"3": {
							"spells": [
								{
									"name": "call of the grave"
								}
							]
						}
					}
				}
			],
			"rituals": [
				{
					"tradition": "Arcane",
					"DC": 23,
					"rituals": [
						{
							"name": "create undead"
						}
					]
				}
			],
			"abilities": {
				"bot": [
					{
						"activity": {
							"number": 1,
							"unit": "free"
						},
						"entries": [
							"When Voz uses this ability, she also regains 1 Focus Point."
						],
						"name": "Drain Bonded Item",
						"generic": {
							"tag": "action"
						}
					},
					{
						"name": "Eschew Materials",
						"entries": [],
						"generic": {
							"tag": "feat"
						}
					},
					{
						"activity": {
							"number": 1,
							"unit": "action"
						},
						"entries": [],
						"name": "Reach Spell",
						"generic": {
							"tag": "feat",
							"add_hash": "Wizard"
						}
					}
				]
			},
			"defenses": {
				"ac": {
					"std": 20,
					"with mage armor": 21
				},
				"savingThrows": {
					"fort": {
						"std": 10
					},
					"ref": {
						"std": 12
					},
					"will": {
						"std": 9
					}
				},
				"hp": [
					{
						"hp": 56,
						"abilities": null
					}
				]
			}
		},
		{
			"name": "Warbal Bumblebrasher",
			"isNpc": false,
			"source": "AoA1",
			"page": 83,
			"level": 1,
			"traits": [
				"unique",
				"ng",
				"small",
				"goblin",
				"humanoid"
			],
			"perception": {
				"std": 3
			},
			"senses": [
				{
					"name": "darkvision"
				}
			],
			"languages": {
				"languages": [
					"common",
					"goblin"
				]
			},
			"skills": {
				"diplomacy": {
					"std": 8
				},
				"nature": {
					"std": 5
				},
				"religion": {
					"std": 5
				},
				"society": {
					"std": 7
				},
				"survival": {
					"std": 3
				},
				"goblin lore": {
					"std": 9
				}
			},
			"abilityMods": {
				"str": -1,
				"dex": 2,
				"con": 2,
				"int": 2,
				"wis": 0,
				"cha": 3
			},
			"speed": {
				"walk": 25
			},
			"attacks": [
				{
					"range": "Melee",
					"name": "fist",
					"attack": 5,
					"traits": [
						"agile",
						"finesse",
						"nonlethal",
						"unarmed"
					],
					"effects": [],
					"damage": "{@dice 1d4-1} bludgeoning",
					"types": [
						"bludgeoning"
					]
				},
				{
					"range": "Melee",
					"name": "heavy book",
					"attack": 0,
					"effects": [],
					"damage": "{@dice 1d6-1} bludgeoning",
					"types": [
						"bludgeoning"
					]
				},
				{
					"range": "Ranged",
					"name": "heavy book",
					"attack": 3,
					"traits": [
						"thrown 10 feet"
					],
					"effects": [],
					"damage": "{@dice 1d6-1} bludgeoning",
					"types": [
						"bludgeoning"
					]
				}
			],
			"abilities": {
				"top": [
					{
						"entries": [
							"+7, {@skill Survival} +3 Str \u20131, Dex +2, Con +2, Int +2, Wis +0, Cha +3 Items book titled History of the Bumblebrashers in Isger, religious symbol of {@deity Desna}, scholar's robes."
						],
						"name": "Society"
					},
					{
						"activity": {
							"number": 1,
							"unit": "reaction"
						},
						"trigger": "A goblin ally ends a move action adjacent to Warbal.",
						"entries": [
							"Warbal {@action Step||Steps}."
						],
						"name": "Goblin Scuttle"
					}
				]
			},
			"defenses": {
				"ac": {
					"std": 15
				},
				"savingThrows": {
					"fort": {
						"std": 5
					},
					"ref": {
						"std": 5
					},
					"will": {
						"std": 5
					}
				},
				"hp": [
					{
						"hp": 20,
						"abilities": null
					}
				]
			}
		}
	]
}
