{
	"creatureFluff": [
		{
			"name": "Theletos",
			"source": "B2",
			"entries": [],
			"images": [
				"https://2e.aonprd.com/Images/Monsters/Aeon_Theletos.png"
			]
		},
		{
			"name": "Zelekhut",
			"source": "B2",
			"entries": [],
			"images": [
				"https://2e.aonprd.com/Images/Monsters/Aeon_Zelekhut.png"
			]
		},
		{
			"name": "Marut",
			"source": "B2",
			"entries": [],
			"images": [
				"https://2e.aonprd.com/Images/Monsters/Aeon_Marut.png"
			]
		},
		{
			"name": "Bythos",
			"source": "B2",
			"entries": [],
			"images": [
				"https://2e.aonprd.com/Images/Monsters/Aeon_Bythos.png"
			]
		},
		{
			"name": "Ahuizotl",
			"source": "B2",
			"entries": [],
			"images": [
				"https://2e.aonprd.com/Images/Monsters/Ahuizotl.png"
			]
		},
		{
			"name": "Akata",
			"source": "B2",
			"entries": [],
			"images": [
				"https://2e.aonprd.com/Images/Monsters/Akata.png"
			]
		},
		{
			"name": "Movanic Deva",
			"source": "B2",
			"entries": [],
			"images": [
				"https://2e.aonprd.com/Images/Monsters/Angel_MovanicDeva.png"
			]
		},
		{
			"name": "Monadic Deva",
			"source": "B2",
			"entries": [],
			"images": [
				"https://2e.aonprd.com/Images/Monsters/Angel_MonadicDeva.png"
			]
		},
		{
			"name": "Planetar",
			"source": "B2",
			"entries": [],
			"images": [
				"https://2e.aonprd.com/Images/Monsters/Angel_Planetar.png"
			]
		},
		{
			"name": "Solar",
			"source": "B2",
			"entries": [],
			"images": [
				"https://2e.aonprd.com/Images/Monsters/Angel_Solar.png"
			]
		},
		{
			"name": "Animate Dream",
			"source": "B2",
			"entries": [],
			"images": [
				"https://2e.aonprd.com/Images/Monsters/AnimateDream.png"
			]
		},
		{
			"name": "Ankou",
			"source": "B2",
			"entries": [],
			"images": [
				"https://2e.aonprd.com/Images/Monsters/Ankou.png"
			]
		},
		{
			"name": "Giant Ant",
			"source": "B2",
			"entries": [],
			"images": [
				"https://2e.aonprd.com/Images/Monsters/Ant_GiantAnt.png"
			]
		},
		{
			"name": "Army Ant Swarm",
			"source": "B2",
			"entries": []
		},
		{
			"name": "Aolaz",
			"source": "B2",
			"entries": [],
			"images": [
				"https://2e.aonprd.com/Images/Monsters/Aolaz.png"
			]
		},
		{
			"name": "Hound Archon",
			"source": "B2",
			"entries": [],
			"images": [
				"https://2e.aonprd.com/Images/Monsters/Archon_HoundArchon.png"
			]
		},
		{
			"name": "Trumpet Archon",
			"source": "B2",
			"entries": [],
			"images": [
				"https://2e.aonprd.com/Images/Monsters/Archon_TrumpetArchon.png"
			]
		},
		{
			"name": "Star Archon",
			"source": "B2",
			"entries": [],
			"images": [
				"https://2e.aonprd.com/Images/Monsters/Archon_StarArchon.png"
			]
		},
		{
			"name": "Bastion Archon",
			"source": "B2",
			"entries": [],
			"images": [
				"https://2e.aonprd.com/Images/Monsters/Archon_BastionArchon.png"
			]
		},
		{
			"name": "Assassin Vine",
			"source": "B2",
			"entries": [],
			"images": [
				"https://2e.aonprd.com/Images/Monsters/AssassinVine.png"
			]
		},
		{
			"name": "Athach",
			"source": "B2",
			"entries": [],
			"images": [
				"https://2e.aonprd.com/Images/Monsters/Athach.png"
			]
		},
		{
			"name": "Attic Whisperer",
			"source": "B2",
			"entries": [],
			"images": [
				"https://2e.aonprd.com/Images/Monsters/AtticWhisperer.png"
			]
		},
		{
			"name": "Aurumvorax",
			"source": "B2",
			"entries": [],
			"images": [
				"https://2e.aonprd.com/Images/Monsters/Aurumvorax.png"
			]
		},
		{
			"name": "Bralani",
			"source": "B2",
			"entries": [],
			"images": [
				"https://2e.aonprd.com/Images/Monsters/Azata_Bralani.png"
			]
		},
		{
			"name": "Veranallia",
			"source": "B2",
			"entries": [],
			"images": [
				"https://2e.aonprd.com/Images/Monsters/Azata_Veranallia.png"
			]
		},
		{
			"name": "Badger",
			"source": "B2",
			"entries": [],
			"images": [
				"https://2e.aonprd.com/Images/Monsters/Badger.png"
			]
		},
		{
			"name": "Giant Badger",
			"source": "B2",
			"entries": [],
			"images": [
				"https://2e.aonprd.com/Images/Monsters/Badger.png"
			]
		},
		{
			"name": "Baobhan Sith",
			"source": "B2",
			"entries": [],
			"images": [
				"https://2e.aonprd.com/Images/Monsters/BaobhanSith.png"
			]
		},
		{
			"name": "Basidirond",
			"source": "B2",
			"entries": [],
			"images": [
				"https://2e.aonprd.com/Images/Monsters/Basidirond.png"
			]
		},
		{
			"name": "Dracolisk",
			"source": "B2",
			"entries": [],
			"images": [
				"https://2e.aonprd.com/Images/Monsters/Basilisk_Drakolisk.png"
			]
		},
		{
			"name": "Black Bear",
			"source": "B2",
			"entries": [],
			"images": [
				"https://2e.aonprd.com/Images/Monsters/Bear_BlackBear.png"
			]
		},
		{
			"name": "Polar Bear",
			"source": "B2",
			"entries": []
		},
		{
			"name": "Bebilith",
			"source": "B2",
			"entries": [],
			"images": [
				"https://2e.aonprd.com/Images/Monsters/Bebilith.png"
			]
		},
		{
			"name": "Behir",
			"source": "B2",
			"entries": [],
			"images": [
				"https://2e.aonprd.com/Images/Monsters/Behir.png"
			]
		},
		{
			"name": "Blindheim",
			"source": "B2",
			"entries": [],
			"images": [
				"https://2e.aonprd.com/Images/Monsters/Blindheim.png"
			]
		},
		{
			"name": "Blink Dog",
			"source": "B2",
			"entries": [],
			"images": [
				"https://2e.aonprd.com/Images/Monsters/BlinkDog.png"
			]
		},
		{
			"name": "Blodeuwedd",
			"source": "B2",
			"entries": [],
			"images": [
				"https://2e.aonprd.com/Images/Monsters/Blodeuwedd.png"
			]
		},
		{
			"name": "Bodak",
			"source": "B2",
			"entries": [],
			"images": [
				"https://2e.aonprd.com/Images/Monsters/Bodak.png"
			]
		},
		{
			"name": "Bog Strider",
			"source": "B2",
			"entries": [],
			"images": [
				"https://2e.aonprd.com/Images/Monsters/BogStrider.png"
			]
		},
		{
			"name": "Brownie",
			"source": "B2",
			"entries": [],
			"images": [
				"https://2e.aonprd.com/Images/Monsters/Brownie.png"
			]
		},
		{
			"name": "Calathgar",
			"source": "B2",
			"entries": [],
			"images": [
				"https://2e.aonprd.com/Images/Monsters/Calathgar.png"
			]
		},
		{
			"name": "Caligni Slayer",
			"source": "B2",
			"entries": [],
			"images": [
				"https://2e.aonprd.com/Images/Monsters/Caligni_CaligniSlayer.png"
			]
		},
		{
			"name": "Carbuncle",
			"source": "B2",
			"entries": [],
			"images": [
				"https://2e.aonprd.com/Images/Monsters/Carbuncle.png"
			]
		},
		{
			"name": "Catoblepas",
			"source": "B2",
			"entries": [],
			"images": [
				"https://2e.aonprd.com/Images/Monsters/Catoblepas.png"
			]
		},
		{
			"name": "Cave Fisher",
			"source": "B2",
			"entries": [],
			"images": [
				"https://2e.aonprd.com/Images/Monsters/CaveFisher.png"
			]
		},
		{
			"name": "Giant Whiptail Centipede",
			"source": "B2",
			"entries": []
		},
		{
			"name": "Titan Centipede",
			"source": "B2",
			"entries": [],
			"images": [
				"https://2e.aonprd.com/Images/Monsters/Centipede_TitanCentipede.png"
			]
		},
		{
			"name": "Choker",
			"source": "B2",
			"entries": [],
			"images": [
				"https://2e.aonprd.com/Images/Monsters/Choker.png"
			]
		},
		{
			"name": "Chupacabra",
			"source": "B2",
			"entries": [],
			"images": [
				"https://2e.aonprd.com/Images/Monsters/Chupacabra.png"
			]
		},
		{
			"name": "Giant Cockroach",
			"source": "B2",
			"entries": []
		},
		{
			"name": "Cockroach Swarm",
			"source": "B2",
			"entries": [],
			"images": [
				"https://2e.aonprd.com/Images/Monsters/Cockroach_CockroachSwarm.png"
			]
		},
		{
			"name": "Quetz Couatl",
			"source": "B2",
			"entries": [],
			"images": [
				"https://2e.aonprd.com/Images/Monsters/Couatl_Quetzcouatl.png"
			]
		},
		{
			"name": "Giant Crab",
			"source": "B2",
			"entries": [],
			"images": [
				"https://2e.aonprd.com/Images/Monsters/Crab_GiantCrab.png"
			]
		},
		{
			"name": "Crawling Hand",
			"source": "B2",
			"entries": [],
			"images": [
				"https://2e.aonprd.com/Images/Monsters/CrawlingHand.png"
			]
		},
		{
			"name": "Giant Crawling Hand",
			"source": "B2",
			"entries": [],
			"images": [
				"https://2e.aonprd.com/Images/Monsters/CrawlingHand.png"
			]
		},
		{
			"name": "Culdewen",
			"source": "B2",
			"entries": [],
			"images": [
				"https://2e.aonprd.com/Images/Monsters/Culdewen.png"
			]
		},
		{
			"name": "Piscodaemon",
			"source": "B2",
			"entries": [],
			"images": [
				"https://2e.aonprd.com/Images/Monsters/Daemon_Piscodaemon.png"
			]
		},
		{
			"name": "Meladaemon",
			"source": "B2",
			"entries": [],
			"images": [
				"https://2e.aonprd.com/Images/Monsters/Daemon_Meladaemon.png"
			]
		},
		{
			"name": "Derghodaemon",
			"source": "B2",
			"entries": [],
			"images": [
				"https://2e.aonprd.com/Images/Monsters/Daemon_Derghodaemon.png"
			]
		},
		{
			"name": "Thanadaemon",
			"source": "B2",
			"entries": [],
			"images": [
				"https://2e.aonprd.com/Images/Monsters/Daemon_Thanadaemon.png"
			]
		},
		{
			"name": "Purrodaemon",
			"source": "B2",
			"entries": [],
			"images": [
				"https://2e.aonprd.com/Images/Monsters/Daemon_Purrodaemon.png"
			]
		},
		{
			"name": "Olethrodaemon",
			"source": "B2",
			"entries": [],
			"images": [
				"https://2e.aonprd.com/Images/Monsters/Daemon_Olethrodaemon.png"
			]
		},
		{
			"name": "Babau",
			"source": "B2",
			"entries": [],
			"images": [
				"https://2e.aonprd.com/Images/Monsters/Demon_Babau.png"
			]
		},
		{
			"name": "Invidiak",
			"source": "B2",
			"entries": [],
			"images": [
				"https://2e.aonprd.com/Images/Monsters/Demon_Invidiak.png"
			]
		},
		{
			"name": "Nabasu",
			"source": "B2",
			"entries": [],
			"images": [
				"https://2e.aonprd.com/Images/Monsters/Demon_Nabasu.png"
			]
		},
		{
			"name": "Hezrou",
			"source": "B2",
			"entries": [],
			"images": [
				"https://2e.aonprd.com/Images/Monsters/Demon_Hezrou.png"
			]
		},
		{
			"name": "Nalfeshnee",
			"source": "B2",
			"entries": [],
			"images": [
				"https://2e.aonprd.com/Images/Monsters/Demon_Nalfeshnee.png"
			]
		},
		{
			"name": "Vrolikai",
			"source": "B2",
			"entries": [],
			"images": [
				"https://2e.aonprd.com/Images/Monsters/Demon_Vrolikai.png"
			]
		},
		{
			"name": "Denizen Of Leng",
			"source": "B2",
			"entries": [],
			"images": [
				"https://2e.aonprd.com/Images/Monsters/DenizenOfLeng.png"
			]
		},
		{
			"name": "Destrachan",
			"source": "B2",
			"entries": [],
			"images": [
				"https://2e.aonprd.com/Images/Monsters/Destrachan.png"
			]
		},
		{
			"name": "Zebub",
			"source": "B2",
			"entries": [],
			"images": [
				"https://2e.aonprd.com/Images/Monsters/Devil_Zebub.png"
			]
		},
		{
			"name": "Sarglagon",
			"source": "B2",
			"entries": [],
			"images": [
				"https://2e.aonprd.com/Images/Monsters/Devil_Sarglagon.png"
			]
		},
		{
			"name": "Osyluth",
			"source": "B2",
			"entries": [],
			"images": [
				"https://2e.aonprd.com/Images/Monsters/Devil_Osyluth.png"
			]
		},
		{
			"name": "Hamatula",
			"source": "B2",
			"entries": [],
			"images": [
				"https://2e.aonprd.com/Images/Monsters/Devil_Hamatula.png"
			]
		},
		{
			"name": "Gylou",
			"source": "B2",
			"entries": [],
			"images": [
				"https://2e.aonprd.com/Images/Monsters/Devil_Gylou.png"
			]
		},
		{
			"name": "Cornugon",
			"source": "B2",
			"entries": [],
			"images": [
				"https://2e.aonprd.com/Images/Monsters/Devil_Cornugon.png"
			]
		},
		{
			"name": "Devourer",
			"source": "B2",
			"entries": [],
			"images": [
				"https://2e.aonprd.com/Images/Monsters/Devourer.png"
			]
		},
		{
			"name": "Dig-widget",
			"source": "B2",
			"entries": [],
			"images": [
				"https://2e.aonprd.com/Images/Monsters/DigWidget.png"
			]
		},
		{
			"name": "Compsognathus",
			"source": "B2",
			"entries": []
		},
		{
			"name": "Pachycephalosaurus",
			"source": "B2",
			"entries": [],
			"images": [
				"https://2e.aonprd.com/Images/Monsters/Dinosaur_Pachycephalosaurus.png"
			]
		},
		{
			"name": "Hadrosaurid",
			"source": "B2",
			"entries": [],
			"images": [
				"https://2e.aonprd.com/Images/Monsters/Dinosaur_Hadrosaur.png"
			]
		},
		{
			"name": "Iguanodon",
			"source": "B2",
			"entries": [],
			"images": [
				"https://2e.aonprd.com/Images/Monsters/Dinosaur_Iguanodon.png"
			]
		},
		{
			"name": "Spinosaurus",
			"source": "B2",
			"entries": [],
			"images": [
				"https://2e.aonprd.com/Images/Monsters/Dinosaur_Spinosaurus.png"
			]
		},
		{
			"name": "Bottlenose Dolphin",
			"source": "B2",
			"entries": []
		},
		{
			"name": "Orca",
			"source": "B2",
			"entries": [],
			"images": [
				"https://2e.aonprd.com/Images/Monsters/Dolphin_Orca.png"
			]
		},
		{
			"name": "Doprillu",
			"source": "B2",
			"entries": [],
			"images": [
				"https://2e.aonprd.com/Images/Monsters/Doprillu.png"
			]
		},
		{
			"name": "Young Brine Dragon",
			"source": "B2",
			"entries": [],
			"images": [
				"https://2e.aonprd.com/Images/Monsters/DragonBrine.png"
			]
		},
		{
			"name": "Adult Brine Dragon",
			"source": "B2",
			"entries": [],
			"images": [
				"https://2e.aonprd.com/Images/Monsters/DragonBrine.png"
			]
		},
		{
			"name": "Ancient Brine Dragon",
			"source": "B2",
			"entries": [],
			"images": [
				"https://2e.aonprd.com/Images/Monsters/DragonBrine.png"
			]
		},
		{
			"name": "Young Cloud Dragon",
			"source": "B2",
			"entries": [],
			"images": [
				"https://2e.aonprd.com/Images/Monsters/DragonCloud.png"
			]
		},
		{
			"name": "Adult Cloud Dragon",
			"source": "B2",
			"entries": [],
			"images": [
				"https://2e.aonprd.com/Images/Monsters/DragonCloud.png"
			]
		},
		{
			"name": "Ancient Cloud Dragon",
			"source": "B2",
			"entries": [],
			"images": [
				"https://2e.aonprd.com/Images/Monsters/DragonCloud.png"
			]
		},
		{
			"name": "Young Crystal Dragon",
			"source": "B2",
			"entries": [],
			"images": [
				"https://2e.aonprd.com/Images/Monsters/DragonCrystal.png"
			]
		},
		{
			"name": "Adult Crystal Dragon",
			"source": "B2",
			"entries": [],
			"images": [
				"https://2e.aonprd.com/Images/Monsters/DragonCrystal.png"
			]
		},
		{
			"name": "Ancient Crystal Dragon",
			"source": "B2",
			"entries": [],
			"images": [
				"https://2e.aonprd.com/Images/Monsters/DragonCrystal.png"
			]
		},
		{
			"name": "Young Magma Dragon",
			"source": "B2",
			"entries": [],
			"images": [
				"https://2e.aonprd.com/Images/Monsters/DragonMagma.png"
			]
		},
		{
			"name": "Adult Magma Dragon",
			"source": "B2",
			"entries": [],
			"images": [
				"https://2e.aonprd.com/Images/Monsters/DragonMagma.png"
			]
		},
		{
			"name": "Ancient Magma Dragon",
			"source": "B2",
			"entries": [],
			"images": [
				"https://2e.aonprd.com/Images/Monsters/DragonMagma.png"
			]
		},
		{
			"name": "Young Umbral Dragon",
			"source": "B2",
			"entries": [],
			"images": [
				"https://2e.aonprd.com/Images/Monsters/DragonUmbral.png"
			]
		},
		{
			"name": "Adult Umbral Dragon",
			"source": "B2",
			"entries": [],
			"images": [
				"https://2e.aonprd.com/Images/Monsters/DragonUmbral.png"
			]
		},
		{
			"name": "Ancient Umbral Dragon",
			"source": "B2",
			"entries": [],
			"images": [
				"https://2e.aonprd.com/Images/Monsters/DragonUmbral.png"
			]
		},
		{
			"name": "Giant Dragonfly Nymph",
			"source": "B2",
			"entries": [],
			"images": [
				"https://2e.aonprd.com/Images/Monsters/Dragonfly_GiantDragonfly.png"
			]
		},
		{
			"name": "Giant Dragonfly",
			"source": "B2",
			"entries": [],
			"images": [
				"https://2e.aonprd.com/Images/Monsters/Dragonfly_GiantDragonfly.png"
			]
		},
		{
			"name": "Drainberry Bush",
			"source": "B2",
			"entries": [],
			"images": [
				"https://2e.aonprd.com/Images/Monsters/DrainberryBush.png"
			]
		},
		{
			"name": "Shadow Drake",
			"source": "B2",
			"entries": [],
			"images": [
				"https://2e.aonprd.com/Images/Monsters/Drake_ShadowDrake.png"
			]
		},
		{
			"name": "Sea Drake",
			"source": "B2",
			"entries": [],
			"images": [
				"https://2e.aonprd.com/Images/Monsters/Drake_SeaDrake.png"
			]
		},
		{
			"name": "Draugr",
			"source": "B2",
			"entries": [],
			"images": [
				"https://2e.aonprd.com/Images/Monsters/Draugr.png"
			]
		},
		{
			"name": "Dweomercat",
			"source": "B2",
			"entries": [],
			"images": [
				"https://2e.aonprd.com/Images/Monsters/Dweomercat.png"
			]
		},
		{
			"name": "D'ziriak",
			"source": "B2",
			"entries": [],
			"images": [
				"https://2e.aonprd.com/Images/Monsters/Dziriak.png"
			]
		},
		{
			"name": "Elasmosaurus",
			"source": "B2",
			"entries": [],
			"images": [
				"https://2e.aonprd.com/Images/Monsters/Elasmosaurus.png"
			]
		},
		{
			"name": "Spark Bat",
			"source": "B2",
			"entries": []
		},
		{
			"name": "Living Thunderclap",
			"source": "B2",
			"entries": [],
			"images": [
				"https://2e.aonprd.com/Images/Monsters/ElementalAir_LivingThunderclap.png"
			]
		},
		{
			"name": "Belker",
			"source": "B2",
			"entries": []
		},
		{
			"name": "Melody On The Wind",
			"source": "B2",
			"entries": [],
			"images": [
				"https://2e.aonprd.com/Images/Monsters/ElementalAir_MelodyOnTheWind.png"
			]
		},
		{
			"name": "Living Boulder",
			"source": "B2",
			"entries": []
		},
		{
			"name": "Earthen Destrier",
			"source": "B2",
			"entries": [],
			"images": [
				"https://2e.aonprd.com/Images/Monsters/ElementalEarth_EarthernDestrier.png"
			]
		},
		{
			"name": "Sand Sentry",
			"source": "B2",
			"entries": []
		},
		{
			"name": "Granite Glyptodont",
			"source": "B2",
			"entries": [],
			"images": [
				"https://2e.aonprd.com/Images/Monsters/ElementalEarth_GraniteGlyptodont.png"
			]
		},
		{
			"name": "Ember Fox",
			"source": "B2",
			"entries": [],
			"images": [
				"https://2e.aonprd.com/Images/Monsters/ElementalFire_EmberFox.png"
			]
		},
		{
			"name": "Filth Fire",
			"source": "B2",
			"entries": []
		},
		{
			"name": "Striding Fire",
			"source": "B2",
			"entries": []
		},
		{
			"name": "Magma Scorpion",
			"source": "B2",
			"entries": [],
			"images": [
				"https://2e.aonprd.com/Images/Monsters/ElementalFire_MagmaScorpion.png"
			]
		},
		{
			"name": "Dust Mephit",
			"source": "B2",
			"entries": [],
			"images": [
				"https://2e.aonprd.com/Images/Monsters/ElementalMephit_DustMephit.png"
			]
		},
		{
			"name": "Ice Mephit",
			"source": "B2",
			"entries": []
		},
		{
			"name": "Ooze Mephit",
			"source": "B2",
			"entries": [],
			"images": [
				"https://2e.aonprd.com/Images/Monsters/ElementalMephit_OozeMephit.png"
			]
		},
		{
			"name": "Steam Mephit",
			"source": "B2",
			"entries": []
		},
		{
			"name": "Icicle Snake",
			"source": "B2",
			"entries": [],
			"images": [
				"https://2e.aonprd.com/Images/Monsters/ElementalWater_IcicleSnake.png"
			]
		},
		{
			"name": "Mist Stalker",
			"source": "B2",
			"entries": []
		},
		{
			"name": "Blizzardborn",
			"source": "B2",
			"entries": []
		},
		{
			"name": "Icewyrm",
			"source": "B2",
			"entries": [],
			"images": [
				"https://2e.aonprd.com/Images/Monsters/ElementalWater_Icewyrm.png"
			]
		},
		{
			"name": "Anancus",
			"source": "B2",
			"entries": []
		},
		{
			"name": "Mastodon",
			"source": "B2",
			"entries": [],
			"images": [
				"https://2e.aonprd.com/Images/Monsters/Elephant_Mastodon.png"
			]
		},
		{
			"name": "Fetchling Scout",
			"source": "B2",
			"entries": [],
			"images": [
				"https://2e.aonprd.com/Images/Monsters/Fetchling_FetchlingScout.png"
			]
		},
		{
			"name": "Irnakurse",
			"source": "B2",
			"entries": [],
			"images": [
				"https://2e.aonprd.com/Images/Monsters/Fleshwarp_Irnakurse.png"
			]
		},
		{
			"name": "Ghonhatine",
			"source": "B2",
			"entries": [],
			"images": [
				"https://2e.aonprd.com/Images/Monsters/Fleshwarp_Ghonhatine.png"
			]
		},
		{
			"name": "Giant Maggot",
			"source": "B2",
			"entries": []
		},
		{
			"name": "Giant Fly",
			"source": "B2",
			"entries": [],
			"images": [
				"https://2e.aonprd.com/Images/Monsters/Fly_GiantFly.png"
			]
		},
		{
			"name": "Spear Frog",
			"source": "B2",
			"entries": []
		},
		{
			"name": "Giant Frog",
			"source": "B2",
			"entries": [],
			"images": [
				"https://2e.aonprd.com/Images/Monsters/Frog_GiantFrog.png"
			]
		},
		{
			"name": "Froghemoth",
			"source": "B2",
			"entries": [],
			"images": [
				"https://2e.aonprd.com/Images/Monsters/Froghemoth.png"
			]
		},
		{
			"name": "Frost Worm",
			"source": "B2",
			"entries": [],
			"images": [
				"https://2e.aonprd.com/Images/Monsters/Frostworm.png"
			]
		},
		{
			"name": "Wood Giant",
			"source": "B2",
			"entries": [],
			"images": [
				"https://2e.aonprd.com/Images/Monsters/Giant_WoodGiant.png"
			]
		},
		{
			"name": "Marsh Giant",
			"source": "B2",
			"entries": [],
			"images": [
				"https://2e.aonprd.com/Images/Monsters/Giant_MarshGiant.png"
			]
		},
		{
			"name": "Taiga Giant",
			"source": "B2",
			"entries": [],
			"images": [
				"https://2e.aonprd.com/Images/Monsters/Giant_TaigaGiant.png"
			]
		},
		{
			"name": "Shadow Giant",
			"source": "B2",
			"entries": [],
			"images": [
				"https://2e.aonprd.com/Images/Monsters/Giant_ShadowGiant.png"
			]
		},
		{
			"name": "Carrion Golem",
			"source": "B2",
			"entries": [],
			"images": [
				"https://2e.aonprd.com/Images/Monsters/Golem_CarrionGolem.png"
			]
		},
		{
			"name": "Ice Golem",
			"source": "B2",
			"entries": [],
			"images": [
				"https://2e.aonprd.com/Images/Monsters/Golem_IceGolem.png"
			]
		},
		{
			"name": "Wood Golem",
			"source": "B2",
			"entries": [],
			"images": [
				"https://2e.aonprd.com/Images/Monsters/Golem_WoodGolem.png"
			]
		},
		{
			"name": "Glass Golem",
			"source": "B2",
			"entries": [],
			"images": [
				"https://2e.aonprd.com/Images/Monsters/Golem_GlassGolem.png"
			]
		},
		{
			"name": "Gorgon",
			"source": "B2",
			"entries": [],
			"images": [
				"https://2e.aonprd.com/Images/Monsters/Gorgon.png"
			]
		},
		{
			"name": "Gosreg",
			"source": "B2",
			"entries": [],
			"images": [
				"https://2e.aonprd.com/Images/Monsters/Gosreg.png"
			]
		},
		{
			"name": "Vexgit",
			"source": "B2",
			"entries": [],
			"images": [
				"https://2e.aonprd.com/Images/Monsters/Gremlin_Vexgit.png"
			]
		},
		{
			"name": "Nuglub",
			"source": "B2",
			"entries": [],
			"images": [
				"https://2e.aonprd.com/Images/Monsters/Gremlin_Nuglub.png"
			]
		},
		{
			"name": "Grendel",
			"source": "B2",
			"entries": [],
			"images": [
				"https://2e.aonprd.com/Images/Monsters/Grendel.png"
			]
		},
		{
			"name": "Grimstalker",
			"source": "B2",
			"entries": [],
			"images": [
				"https://2e.aonprd.com/Images/Monsters/Grimstalker.png"
			]
		},
		{
			"name": "Grindylow",
			"source": "B2",
			"entries": [],
			"images": [
				"https://2e.aonprd.com/Images/Monsters/Grindylow.png"
			]
		},
		{
			"name": "Grippli Scout",
			"source": "B2",
			"entries": [],
			"images": [
				"https://2e.aonprd.com/Images/Monsters/Grippli_GrippliScout.png"
			]
		},
		{
			"name": "Grodair",
			"source": "B2",
			"entries": [],
			"images": [
				"https://2e.aonprd.com/Images/Monsters/Grodair.png"
			]
		},
		{
			"name": "Hellcat",
			"source": "B2",
			"entries": [],
			"images": [
				"https://2e.aonprd.com/Images/Monsters/Hellcat.png"
			]
		},
		{
			"name": "Hippocampus",
			"source": "B2",
			"entries": [],
			"images": [
				"https://2e.aonprd.com/Images/Monsters/Hippocampus.png"
			]
		},
		{
			"name": "Giant Hippocampus",
			"source": "B2",
			"entries": []
		},
		{
			"name": "Hippogriff",
			"source": "B2",
			"entries": [],
			"images": [
				"https://2e.aonprd.com/Images/Monsters/Hippogriff.png"
			]
		},
		{
			"name": "Hippopotamus",
			"source": "B2",
			"entries": [],
			"images": [
				"https://2e.aonprd.com/Images/Monsters/Hippopotamus.png"
			]
		},
		{
			"name": "Behemoth Hippopotamus",
			"source": "B2",
			"entries": [],
			"images": [
				"https://2e.aonprd.com/Images/Monsters/Hippopotamus.png"
			]
		},
		{
			"name": "Hodag",
			"source": "B2",
			"entries": [],
			"images": [
				"https://2e.aonprd.com/Images/Monsters/Hodag.png"
			]
		},
		{
			"name": "Hound Of Tindalos",
			"source": "B2",
			"entries": [],
			"images": [
				"https://2e.aonprd.com/Images/Monsters/HoundOfTindalos.png"
			]
		},
		{
			"name": "Intellect Devourer",
			"source": "B2",
			"entries": [],
			"images": [
				"https://2e.aonprd.com/Images/Monsters/IntellectDevourer.png"
			]
		},
		{
			"name": "Irlgaunt",
			"source": "B2",
			"entries": [],
			"images": [
				"https://2e.aonprd.com/Images/Monsters/Irlgaunt.png"
			]
		},
		{
			"name": "Isqulug",
			"source": "B2",
			"entries": [],
			"images": [
				"https://2e.aonprd.com/Images/Monsters/Isqulug.png"
			]
		},
		{
			"name": "Jabberwock",
			"source": "B2",
			"entries": [],
			"images": [
				"https://2e.aonprd.com/Images/Monsters/Jabberwock.png"
			]
		},
		{
			"name": "Fire Jellyfish Swarm",
			"source": "B2",
			"entries": []
		},
		{
			"name": "Giant Jellyfish",
			"source": "B2",
			"entries": [],
			"images": [
				"https://2e.aonprd.com/Images/Monsters/Jellyfish_GiantJellyfish.png"
			]
		},
		{
			"name": "Jyoti",
			"source": "B2",
			"entries": [],
			"images": [
				"https://2e.aonprd.com/Images/Monsters/Jyoti.png"
			]
		},
		{
			"name": "Kelpie",
			"source": "B2",
			"entries": [],
			"images": [
				"https://2e.aonprd.com/Images/Monsters/Kelpie.png"
			]
		},
		{
			"name": "Korred",
			"source": "B2",
			"entries": [],
			"images": [
				"https://2e.aonprd.com/Images/Monsters/Korred.png"
			]
		},
		{
			"name": "Giant Leech",
			"source": "B2",
			"entries": [],
			"images": [
				"https://2e.aonprd.com/Images/Monsters/Leech_GiantLeech.png"
			]
		},
		{
			"name": "Brood Leech Swarm",
			"source": "B2",
			"entries": []
		},
		{
			"name": "Leng Spider",
			"source": "B2",
			"entries": [],
			"images": [
				"https://2e.aonprd.com/Images/Monsters/LengSpider.png"
			]
		},
		{
			"name": "Leprechaun",
			"source": "B2",
			"entries": [],
			"images": [
				"https://2e.aonprd.com/Images/Monsters/Leprechaun.png"
			]
		},
		{
			"name": "Lerritan",
			"source": "B2",
			"entries": [],
			"images": [
				"https://2e.aonprd.com/Images/Monsters/Lerritan.png"
			]
		},
		{
			"name": "Sunflower Leshy",
			"source": "B2",
			"entries": [],
			"images": [
				"https://2e.aonprd.com/Images/Monsters/Leshy_SunflowerLeshy.png"
			]
		},
		{
			"name": "Flytrap Leshy",
			"source": "B2",
			"entries": [],
			"images": [
				"https://2e.aonprd.com/Images/Monsters/Leshy_FlytrapLeshy.png"
			]
		},
		{
			"name": "Leucrotta",
			"source": "B2",
			"entries": [],
			"images": [
				"https://2e.aonprd.com/Images/Monsters/Leucrotta.png"
			]
		},
		{
			"name": "Leydroth",
			"source": "B2",
			"entries": [],
			"images": [
				"https://2e.aonprd.com/Images/Monsters/Leydroth.png"
			]
		},
		{
			"name": "Shoal Linnorm",
			"source": "B2",
			"entries": [],
			"images": [
				"https://2e.aonprd.com/Images/Monsters/Linnorm_ShoalLinnorm.png"
			]
		},
		{
			"name": "Fjord Linnorm",
			"source": "B2",
			"entries": [],
			"images": [
				"https://2e.aonprd.com/Images/Monsters/Linnorm_FjordLinnorm.png"
			]
		},
		{
			"name": "Cairn Linnorm",
			"source": "B2",
			"entries": [],
			"images": [
				"https://2e.aonprd.com/Images/Monsters/Linnorm_CairnLinnorm.png"
			]
		},
		{
			"name": "Taiga Linnorm",
			"source": "B2",
			"entries": [],
			"images": [
				"https://2e.aonprd.com/Images/Monsters/Linnorm_TaigaLinnorm.png"
			]
		},
		{
			"name": "Giant Chameleon",
			"source": "B2",
			"entries": []
		},
		{
			"name": "Megalania",
			"source": "B2",
			"entries": [],
			"images": [
				"https://2e.aonprd.com/Images/Monsters/Lizard_Megalania.png"
			]
		},
		{
			"name": "Lurker In Light",
			"source": "B2",
			"entries": [],
			"images": [
				"https://2e.aonprd.com/Images/Monsters/LurkerInLight.png"
			]
		},
		{
			"name": "Mandragora",
			"source": "B2",
			"entries": [],
			"images": [
				"https://2e.aonprd.com/Images/Monsters/Mandragora.png"
			]
		},
		{
			"name": "Marrmora",
			"source": "B2",
			"entries": [],
			"images": [
				"https://2e.aonprd.com/Images/Monsters/Marrmora.png"
			]
		},
		{
			"name": "Mohrg",
			"source": "B2",
			"entries": [],
			"images": [
				"https://2e.aonprd.com/Images/Monsters/Mohrg.png"
			]
		},
		{
			"name": "Moonflower",
			"source": "B2",
			"entries": [],
			"images": [
				"https://2e.aonprd.com/Images/Monsters/Moonflower.png"
			]
		},
		{
			"name": "Morlock",
			"source": "B2",
			"entries": [],
			"images": [
				"https://2e.aonprd.com/Images/Monsters/Morlock.png"
			]
		},
		{
			"name": "Fen Mosquito Swarm",
			"source": "B2",
			"entries": [],
			"images": [
				"https://2e.aonprd.com/Images/Monsters/Mosquito_MosquitoSwarm.png"
			]
		},
		{
			"name": "Giant Mosquito",
			"source": "B2",
			"entries": []
		},
		{
			"name": "Mudwretch",
			"source": "B2",
			"entries": [],
			"images": [
				"https://2e.aonprd.com/Images/Monsters/Mudwretch.png"
			]
		},
		{
			"name": "Bog Mummy",
			"source": "B2",
			"entries": [],
			"images": [
				"https://2e.aonprd.com/Images/Monsters/Mummy_BogMummy.png"
			]
		},
		{
			"name": "Lunar Naga",
			"source": "B2",
			"entries": [],
			"images": [
				"https://2e.aonprd.com/Images/Monsters/Naga_LunarNaga.png"
			]
		},
		{
			"name": "Spirit Naga",
			"source": "B2",
			"entries": [],
			"images": [
				"https://2e.aonprd.com/Images/Monsters/Naga_SpiritNaga.png"
			]
		},
		{
			"name": "Necrophidius",
			"source": "B2",
			"entries": [],
			"images": [
				"https://2e.aonprd.com/Images/Monsters/Necrophidius.png"
			]
		},
		{
			"name": "Neothelid",
			"source": "B2",
			"entries": [],
			"images": [
				"https://2e.aonprd.com/Images/Monsters/Neothelid.png"
			]
		},
		{
			"name": "Nereid",
			"source": "B2",
			"entries": [],
			"images": [
				"https://2e.aonprd.com/Images/Monsters/Nereid.png"
			]
		},
		{
			"name": "Nixie",
			"source": "B2",
			"entries": [],
			"images": [
				"https://2e.aonprd.com/Images/Monsters/Nixie.png"
			]
		},
		{
			"name": "Norn",
			"source": "B2",
			"entries": [],
			"images": [
				"https://2e.aonprd.com/Images/Monsters/Norn.png"
			]
		},
		{
			"name": "Nuckelavee",
			"source": "B2",
			"entries": [],
			"images": [
				"https://2e.aonprd.com/Images/Monsters/Nuckelavee.png"
			]
		},
		{
			"name": "Blue-ringed Octopus",
			"source": "B2",
			"entries": [],
			"images": [
				"https://2e.aonprd.com/Images/Monsters/Octopus_BlueringOctopus.png"
			]
		},
		{
			"name": "Reef Octopus",
			"source": "B2",
			"entries": []
		},
		{
			"name": "Onidoshi",
			"source": "B2",
			"entries": [],
			"images": [
				"https://2e.aonprd.com/Images/Monsters/Oni_OniDoshi.png"
			]
		},
		{
			"name": "Ice Yai",
			"source": "B2",
			"entries": []
		},
		{
			"name": "Fire Yai",
			"source": "B2",
			"entries": [],
			"images": [
				"https://2e.aonprd.com/Images/Monsters/Oni_FireYai.png"
			]
		},
		{
			"name": "Water Yai",
			"source": "B2",
			"entries": [],
			"images": [
				"https://2e.aonprd.com/Images/Monsters/Oni_WaterYai.png"
			]
		},
		{
			"name": "Amoeba Swarm",
			"source": "B2",
			"entries": []
		},
		{
			"name": "Giant Amoeba",
			"source": "B2",
			"entries": [],
			"images": [
				"https://2e.aonprd.com/Images/Monsters/Ooze_GiantAmoeba.png"
			]
		},
		{
			"name": "Slime Mold",
			"source": "B2",
			"entries": [],
			"images": [
				"https://2e.aonprd.com/Images/Monsters/Ooze_SlimeMold.png"
			]
		},
		{
			"name": "Gray Ooze",
			"source": "B2",
			"entries": []
		},
		{
			"name": "Verdurous Ooze",
			"source": "B2",
			"entries": [],
			"images": [
				"https://2e.aonprd.com/Images/Monsters/Ooze_VerdurousOoze.png"
			]
		},
		{
			"name": "Carnivorous Blob",
			"source": "B2",
			"entries": [],
			"images": [
				"https://2e.aonprd.com/Images/Monsters/Ooze_CarnivorousBlob.png"
			]
		},
		{
			"name": "Peluda",
			"source": "B2",
			"entries": [],
			"images": [
				"https://2e.aonprd.com/Images/Monsters/Peluda.png"
			]
		},
		{
			"name": "Peryton",
			"source": "B2",
			"entries": [],
			"images": [
				"https://2e.aonprd.com/Images/Monsters/Peryton.png"
			]
		},
		{
			"name": "Petitioner",
			"source": "B2",
			"entries": [],
			"images": [
				"https://2e.aonprd.com/Images/Monsters/Petitioner.png"
			]
		},
		{
			"name": "Ifrit Pyrochemist",
			"source": "B2",
			"entries": []
		},
		{
			"name": "Oread Guard",
			"source": "B2",
			"entries": []
		},
		{
			"name": "Suli Dune Dancer",
			"source": "B2",
			"entries": []
		},
		{
			"name": "Sylph Sneak",
			"source": "B2",
			"entries": []
		},
		{
			"name": "Undine Hydromancer",
			"source": "B2",
			"entries": []
		},
		{
			"name": "Akizendri",
			"source": "B2",
			"entries": [],
			"images": [
				"https://2e.aonprd.com/Images/Monsters/Protean_Akizendri.png"
			]
		},
		{
			"name": "Azuretzi",
			"source": "B2",
			"entries": [],
			"images": [
				"https://2e.aonprd.com/Images/Monsters/Protean_Azuretzi.png"
			]
		},
		{
			"name": "Imentesh",
			"source": "B2",
			"entries": [],
			"images": [
				"https://2e.aonprd.com/Images/Monsters/Protean_Imentesh.png"
			]
		},
		{
			"name": "Esobok",
			"source": "B2",
			"entries": [],
			"images": [
				"https://2e.aonprd.com/Images/Monsters/Psychopomp_Esobok.png"
			]
		},
		{
			"name": "Catrina",
			"source": "B2",
			"entries": [],
			"images": [
				"https://2e.aonprd.com/Images/Monsters/Psychopomp_Catrina.png"
			]
		},
		{
			"name": "Vanth",
			"source": "B2",
			"entries": [],
			"images": [
				"https://2e.aonprd.com/Images/Monsters/Psychopomp_Vanth.png"
			]
		},
		{
			"name": "Yamaraj",
			"source": "B2",
			"entries": [],
			"images": [
				"https://2e.aonprd.com/Images/Monsters/Psychopomp_Yamaraj.png"
			]
		},
		{
			"name": "Cythnigot",
			"source": "B2",
			"entries": [],
			"images": [
				"https://2e.aonprd.com/Images/Monsters/Qlippoth_Cythnigot.png"
			]
		},
		{
			"name": "Shoggti",
			"source": "B2",
			"entries": [],
			"images": [
				"https://2e.aonprd.com/Images/Monsters/Qlippoth_Shoggti.png"
			]
		},
		{
			"name": "Nyogoth",
			"source": "B2",
			"entries": [],
			"images": [
				"https://2e.aonprd.com/Images/Monsters/Qlippoth_Nyogoth.png"
			]
		},
		{
			"name": "Chernobue",
			"source": "B2",
			"entries": [],
			"images": [
				"https://2e.aonprd.com/Images/Monsters/Qlippoth_Chernobue.png"
			]
		},
		{
			"name": "Augnagar",
			"source": "B2",
			"entries": [],
			"images": [
				"https://2e.aonprd.com/Images/Monsters/Qlippoth_Augnagar.png"
			]
		},
		{
			"name": "Thulgant",
			"source": "B2",
			"entries": [],
			"images": [
				"https://2e.aonprd.com/Images/Monsters/Qlippoth_Thulgant.png"
			]
		},
		{
			"name": "Quickling",
			"source": "B2",
			"entries": [],
			"images": [
				"https://2e.aonprd.com/Images/Monsters/Quickling.png"
			]
		},
		{
			"name": "Quoppopak",
			"source": "B2",
			"entries": [],
			"images": [
				"https://2e.aonprd.com/Images/Monsters/Quappokap.png"
			]
		},
		{
			"name": "Radiant Warden",
			"source": "B2",
			"entries": [],
			"images": [
				"https://2e.aonprd.com/Images/Monsters/RadiantWarden.png"
			]
		},
		{
			"name": "Raven",
			"source": "B2",
			"entries": [],
			"images": [
				"https://2e.aonprd.com/Images/Monsters/Raven.png"
			]
		},
		{
			"name": "Raven Swarm",
			"source": "B2",
			"entries": []
		},
		{
			"name": "Ravener",
			"source": "B2",
			"entries": [],
			"images": [
				"https://2e.aonprd.com/Images/Monsters/Ravener.png"
			]
		},
		{
			"name": "Ravener Husk",
			"source": "B2",
			"entries": [],
			"images": [
				"https://2e.aonprd.com/Images/Monsters/Ravener.png"
			]
		},
		{
			"name": "Stingray",
			"source": "B2",
			"entries": []
		},
		{
			"name": "Manta Ray",
			"source": "B2",
			"entries": [],
			"images": [
				"https://2e.aonprd.com/Images/Monsters/Ray_MantaRay.png"
			]
		},
		{
			"name": "Revenant",
			"source": "B2",
			"entries": [],
			"images": [
				"https://2e.aonprd.com/Images/Monsters/Revenant.png"
			]
		},
		{
			"name": "Rhinoceros",
			"source": "B2",
			"entries": []
		},
		{
			"name": "Woolly Rhinoceros",
			"source": "B2",
			"entries": []
		},
		{
			"name": "Rusalka",
			"source": "B2",
			"entries": [],
			"images": [
				"https://2e.aonprd.com/Images/Monsters/Rusalka.png"
			]
		},
		{
			"name": "Sandpoint Devil",
			"source": "B2",
			"entries": [],
			"images": [
				"https://2e.aonprd.com/Images/Monsters/SandpointDevil.png"
			]
		},
		{
			"name": "Sard",
			"source": "B2",
			"entries": [],
			"images": [
				"https://2e.aonprd.com/Images/Monsters/Sard.png"
			]
		},
		{
			"name": "Scarecrow",
			"source": "B2",
			"entries": [],
			"images": [
				"https://2e.aonprd.com/Images/Monsters/Scarecrow.png"
			]
		},
		{
			"name": "Sceaduinar",
			"source": "B2",
			"entries": [],
			"images": [
				"https://2e.aonprd.com/Images/Monsters/Sceaduinar.png"
			]
		},
		{
			"name": "Cave Scorpion",
			"source": "B2",
			"entries": [],
			"images": [
				"https://2e.aonprd.com/Images/Monsters/Scorpion_CaveScorpion.png"
			]
		},
		{
			"name": "Black Scorpion",
			"source": "B2",
			"entries": []
		},
		{
			"name": "Scythe Tree",
			"source": "B2",
			"entries": [],
			"images": [
				"https://2e.aonprd.com/Images/Monsters/ScytheTree.png"
			]
		},
		{
			"name": "Zyss Serpentfolk",
			"source": "B2",
			"entries": [],
			"images": [
				"https://2e.aonprd.com/Images/Monsters/Serpentfolk_ZyssSerpentfolk.png"
			]
		},
		{
			"name": "Aapoph Serpentfolk",
			"source": "B2",
			"entries": [
				{
					"type": "pf2-h3",
					"name": "Sample Text",
					"entries": [
						"Bottom Text"
					]
				}
			],
			"images": [
				"https://2e.aonprd.com/Images/Monsters/Serpentfolk_AapophSerpentfolk.png"
			]
		},
		{
			"name": "Coil Spy",
			"source": "B2",
			"entries": [],
			"images": [
				"https://2e.aonprd.com/Images/Monsters/Serpentfolk_CoilSpy.png"
			]
		},
		{
			"name": "Bone Prophet",
			"source": "B2",
			"entries": [],
			"images": [
				"https://2e.aonprd.com/Images/Monsters/Serpentfolk_BoneProphet.png"
			]
		},
		{
			"name": "Shocker Lizard",
			"source": "B2",
			"entries": [],
			"images": [
				"https://2e.aonprd.com/Images/Monsters/ShockerLizard.png"
			]
		},
		{
			"name": "Skaveling",
			"source": "B2",
			"entries": [],
			"images": [
				"https://2e.aonprd.com/Images/Monsters/Skaveling.png"
			]
		},
		{
			"name": "Skrik Nettle",
			"source": "B2",
			"entries": [],
			"images": [
				"https://2e.aonprd.com/Images/Monsters/SkrikNettle.png"
			]
		},
		{
			"name": "Skulk",
			"source": "B2",
			"entries": [],
			"images": [
				"https://2e.aonprd.com/Images/Monsters/Skulk.png"
			]
		},
		{
			"name": "Giant Slug",
			"source": "B2",
			"entries": [],
			"images": [
				"https://2e.aonprd.com/Images/Monsters/Slug_GiantSlug.png"
			]
		},
		{
			"name": "Sea Snake",
			"source": "B2",
			"entries": []
		},
		{
			"name": "Emperor Cobra",
			"source": "B2",
			"entries": [],
			"images": [
				"https://2e.aonprd.com/Images/Monsters/Snake_EmperorCobra.png"
			]
		},
		{
			"name": "Giant Solifugid",
			"source": "B2",
			"entries": [],
			"images": [
				"https://2e.aonprd.com/Images/Monsters/Solifugid.png"
			]
		},
		{
			"name": "Duneshaker Solifugid",
			"source": "B2",
			"entries": [],
			"images": [
				"https://2e.aonprd.com/Images/Monsters/Solifugid.png"
			]
		},
		{
			"name": "Soul Eater",
			"source": "B2",
			"entries": [],
			"images": [
				"https://2e.aonprd.com/Images/Monsters/SoulEater.png"
			]
		},
		{
			"name": "Specter",
			"source": "B2",
			"entries": [],
			"images": [
				"https://2e.aonprd.com/Images/Monsters/Spectre.png"
			]
		},
		{
			"name": "Dream Spider",
			"source": "B2",
			"entries": [],
			"images": [
				"https://2e.aonprd.com/Images/Monsters/Spider_DreamSpider.png"
			]
		},
		{
			"name": "Ogre Spider",
			"source": "B2",
			"entries": []
		},
		{
			"name": "Spiral Centurion",
			"source": "B2",
			"entries": [],
			"images": [
				"https://2e.aonprd.com/Images/Monsters/SpiralCenturion.png"
			]
		},
		{
			"name": "Sportlebore Swarm",
			"source": "B2",
			"entries": [],
			"images": [
				"https://2e.aonprd.com/Images/Monsters/Sportlebore.png"
			]
		},
		{
			"name": "Spriggan Bully",
			"source": "B2",
			"entries": [],
			"images": [
				"https://2e.aonprd.com/Images/Monsters/Spriggan.png"
			]
		},
		{
			"name": "Spriggan Warlord",
			"source": "B2",
			"entries": [],
			"images": [
				"https://2e.aonprd.com/Images/Monsters/Spriggan.png"
			]
		},
		{
			"name": "Vampire Squid",
			"source": "B2",
			"entries": []
		},
		{
			"name": "Giant Squid",
			"source": "B2",
			"entries": [],
			"images": [
				"https://2e.aonprd.com/Images/Monsters/Squid_GiantSquid.png"
			]
		},
		{
			"name": "Stygira",
			"source": "B2",
			"entries": [],
			"images": [
				"https://2e.aonprd.com/Images/Monsters/Stygira.png"
			]
		},
		{
			"name": "Tatzlwyrm",
			"source": "B2",
			"entries": [],
			"images": [
				"https://2e.aonprd.com/Images/Monsters/Tatzlwyrm.png"
			]
		},
		{
			"name": "Tendriculos",
			"source": "B2",
			"entries": [],
			"images": [
				"https://2e.aonprd.com/Images/Monsters/Tendriculos.png"
			]
		},
		{
			"name": "Thrasfyr",
			"source": "B2",
			"entries": [],
			"images": [
				"https://2e.aonprd.com/Images/Monsters/Thrasfyr.png"
			]
		},
		{
			"name": "Thunderbird",
			"source": "B2",
			"entries": [],
			"images": [
				"https://2e.aonprd.com/Images/Monsters/Thunderbird.png"
			]
		},
		{
			"name": "Giant Tick",
			"source": "B2",
			"entries": [],
			"images": [
				"https://2e.aonprd.com/Images/Monsters/Tick_GiantTick.png"
			]
		},
		{
			"name": "Tick Swarm",
			"source": "B2",
			"entries": []
		},
		{
			"name": "Giant Toad",
			"source": "B2",
			"entries": [],
			"images": [
				"https://2e.aonprd.com/Images/Monsters/Toad_GiantToad.png"
			]
		},
		{
			"name": "Totenmaske",
			"source": "B2",
			"entries": [],
			"images": [
				"https://2e.aonprd.com/Images/Monsters/Totenmaske.png"
			]
		},
		{
			"name": "Triton",
			"source": "B2",
			"entries": [],
			"images": [
				"https://2e.aonprd.com/Images/Monsters/Triton.png"
			]
		},
		{
			"name": "Frost Troll",
			"source": "B2",
			"entries": [],
			"images": [
				"https://2e.aonprd.com/Images/Monsters/Troll_FrostTroll.png"
			]
		},
		{
			"name": "Cavern Troll",
			"source": "B2",
			"entries": [],
			"images": [
				"https://2e.aonprd.com/Images/Monsters/Troll_CavernTroll.png"
			]
		},
		{
			"name": "Two-headed Troll",
			"source": "B2",
			"entries": [],
			"images": [
				"https://2e.aonprd.com/Images/Monsters/Troll_TwoHeadedTroll.png"
			]
		},
		{
			"name": "Jotund Troll",
			"source": "B2",
			"entries": [],
			"images": [
				"https://2e.aonprd.com/Images/Monsters/Troll_JotundTroll.png"
			]
		},
		{
			"name": "Trollhound",
			"source": "B2",
			"entries": [],
			"images": [
				"https://2e.aonprd.com/Images/Monsters/Troll_Trollhound.png"
			]
		},
		{
			"name": "Snapping Turtle",
			"source": "B2",
			"entries": []
		},
		{
			"name": "Giant Snapping Turtle",
			"source": "B2",
			"entries": [],
			"images": [
				"https://2e.aonprd.com/Images/Monsters/Turtle_SnappingTurtle.png"
			]
		},
		{
			"name": "Twigjack",
			"source": "B2",
			"entries": [],
			"images": [
				"https://2e.aonprd.com/Images/Monsters/Twigjack.png"
			]
		},
		{
			"name": "Umonlee",
			"source": "B2",
			"entries": [],
			"images": [
				"https://2e.aonprd.com/Images/Monsters/Umonlee.png"
			]
		},
		{
			"name": "Urdefhan Warrior",
			"source": "B2",
			"entries": [],
			"images": [
				"https://2e.aonprd.com/Images/Monsters/Urdefhan_UrdefhanWarrior.png"
			]
		},
		{
			"name": "Urdefhan Tormentor",
			"source": "B2",
			"entries": [],
			"images": [
				"https://2e.aonprd.com/Images/Monsters/Urdefhan_UrdefhanTormentor.png"
			]
		},
		{
			"name": "Vrykolakas Spawn",
			"source": "B2",
			"entries": [],
			"images": [
				"https://2e.aonprd.com/Images/Monsters/Vampire_VrykolakasSpawn.png"
			]
		},
		{
			"name": "Vrykolakas Master",
			"source": "B2",
			"entries": [],
			"images": [
				"https://2e.aonprd.com/Images/Monsters/Vampire_VrykolakasMaster.png"
			]
		},
		{
			"name": "Vrykolakas Ancient",
			"source": "B2",
			"entries": [],
			"images": [
				"https://2e.aonprd.com/Images/Monsters/Vampire_VrykolakasAncient.png"
			]
		},
		{
			"name": "Vampiric Mist",
			"source": "B2",
			"entries": [],
			"images": [
				"https://2e.aonprd.com/Images/Monsters/VampiricMist.png"
			]
		},
		{
			"name": "Vaspercham",
			"source": "B2",
			"entries": [],
			"images": [
				"https://2e.aonprd.com/Images/Monsters/Vaspercham.png"
			]
		},
		{
			"name": "Augur",
			"source": "B2",
			"entries": [],
			"images": [
				"https://2e.aonprd.com/Images/Monsters/Velstrac_Augur.png"
			]
		},
		{
			"name": "Ostiarius",
			"source": "B2",
			"entries": [],
			"images": [
				"https://2e.aonprd.com/Images/Monsters/Velstrac_Ostiarius.png"
			]
		},
		{
			"name": "Evangelist",
			"source": "B2",
			"entries": [],
			"images": [
				"https://2e.aonprd.com/Images/Monsters/Velstrac_Evangelist.png"
			]
		},
		{
			"name": "Sacristan",
			"source": "B2",
			"entries": [],
			"images": [
				"https://2e.aonprd.com/Images/Monsters/Velstrac_Sacristan.png"
			]
		},
		{
			"name": "Interlocutor",
			"source": "B2",
			"entries": [],
			"images": [
				"https://2e.aonprd.com/Images/Monsters/Velstrac_Interlocutor.png"
			]
		},
		{
			"name": "Eremite",
			"source": "B2",
			"entries": [],
			"images": [
				"https://2e.aonprd.com/Images/Monsters/Velstrac_Eremite.png"
			]
		},
		{
			"name": "Violet Fungus",
			"source": "B2",
			"entries": [],
			"images": [
				"https://2e.aonprd.com/Images/Monsters/VioletFungus.png"
			]
		},
		{
			"name": "Viper Vine",
			"source": "B2",
			"entries": [],
			"images": [
				"https://2e.aonprd.com/Images/Monsters/ViperVine.png"
			]
		},
		{
			"name": "Void Zombie",
			"source": "B2",
			"entries": [],
			"images": [
				"https://2e.aonprd.com/Images/Monsters/VoidZombie.png"
			]
		},
		{
			"name": "Water Orm",
			"source": "B2",
			"entries": [],
			"images": [
				"https://2e.aonprd.com/Images/Monsters/WaterOrm.png"
			]
		},
		{
			"name": "Wereboar",
			"source": "B2",
			"entries": [],
			"images": [
				"https://2e.aonprd.com/Images/Monsters/Werecreature_Wereboar.png"
			]
		},
		{
			"name": "Weretiger",
			"source": "B2",
			"entries": [],
			"images": [
				"https://2e.aonprd.com/Images/Monsters/Werecreature_Weretiger.png"
			]
		},
		{
			"name": "Cairn Wight",
			"source": "B2",
			"entries": [],
			"images": [
				"https://2e.aonprd.com/Images/Monsters/Wight_CairnWight.png"
			]
		},
		{
			"name": "Witchfire",
			"source": "B2",
			"entries": [],
			"images": [
				"https://2e.aonprd.com/Images/Monsters/Witchfire.png"
			]
		},
		{
			"name": "Witchwyrd",
			"source": "B2",
			"entries": [],
			"images": [
				"https://2e.aonprd.com/Images/Monsters/Witchwyrd.png"
			]
		},
		{
			"name": "Wolverine",
			"source": "B2",
			"entries": [],
			"images": [
				"https://2e.aonprd.com/Images/Monsters/Wolverine.png"
			]
		},
		{
			"name": "Giant Wolverine",
			"source": "B2",
			"entries": [],
			"images": [
				"https://2e.aonprd.com/Images/Monsters/Wolverine.png"
			]
		},
		{
			"name": "Worm That Walks Cultist",
			"source": "B2",
			"entries": []
		},
		{
			"name": "Dread Wraith",
			"source": "B2",
			"entries": [],
			"images": [
				"https://2e.aonprd.com/Images/Monsters/Wraith_DreadWraith.png"
			]
		},
		{
			"name": "Xill",
			"source": "B2",
			"entries": [],
			"images": [
				"https://2e.aonprd.com/Images/Monsters/Xill.png"
			]
		},
		{
			"name": "Yellow Musk Creeper",
			"source": "B2",
			"entries": [],
			"images": [
				"https://2e.aonprd.com/Images/Monsters/YellowMuskCreeper.png"
			]
		},
		{
			"name": "Yellow Musk Thrall",
			"source": "B2",
			"entries": [],
			"images": [
				"https://2e.aonprd.com/Images/Monsters/YellowMuskCreeper_Thrall.png"
			]
		},
		{
			"name": "Yellow Musk Brute",
			"source": "B2",
			"entries": []
		},
		{
			"name": "Yeth Hound",
			"source": "B2",
			"entries": [],
			"images": [
				"https://2e.aonprd.com/Images/Monsters/YethHound.png"
			]
		},
		{
			"name": "Zomok",
			"source": "B2",
			"entries": [],
			"images": [
				"https://2e.aonprd.com/Images/Monsters/Zomok.png"
			]
		}
	]
}
