{
	"creature": [
		{
			"name": "Princess Sunset",
			"isNpc": false,
			"source": "LTiBA",
			"page": 5,
			"level": 2,
			"traits": [
				"n",
				"medium",
				"construct",
				"mindless"
			],
			"creatureType": [
				"Construct"
			],
			"perception": {
				"std": 6
			},
			"skills": {
				"Athletics": {
					"std": 9
				}
			},
			"abilityMods": {
				"str": 3,
				"dex": 0,
				"con": 4,
				"int": -5,
				"wis": 0,
				"cha": -5
			},
			"ac": {
				"std": 17,
				"when broken": 13
			},
			"savingThrows": {
				"fort": {
					"std": 9
				},
				"ref": {
					"std": 5
				},
				"will": {
					"std": 3
				}
			},
			"hp": [
				{
					"hp": 20,
					"abilities": null
				}
			],
			"hardness": 5,
			"immunities": [
				"bleed",
				"death effects",
				"disease"
			],
			"speed": {
				"walk": 25
			},
			"attacks": [
				{
					"range": "Melee",
					"name": "headbutt",
					"attack": 8,
					"effects": [
						"{@damage 1d8+2} Bludgeoning"
					],
					"damage": "{@damage 1d8+2} Bludgeoning",
					"types": []
				}
			],
			"abilities": {
				"mid": [
					{
						"entries": [
							"Like normal objects, an animated rocking horse has Hardness. This Hardness reduces any damage it takes by an amount equal to the Hardness. Once the animated rocking horse is reduced to less than half its."
						],
						"name": "Construct Armor"
					},
					{
						"entries": [
							"Points, or immediately upon being damaged by a critical hit, its construct armor breaks and its."
						],
						"name": "Hit"
					},
					{
						"entries": [
							"Class is reduced to 13."
						],
						"name": "Armor"
					}
				],
				"bot": [
					{
						"activity": {
							"number": 3,
							"unit": "action"
						},
						"entries": [
							"Small or smaller, headbutt, DC 14."
						],
						"name": "Trample",
						"generic": true
					}
				]
			}
		}
	]
}
