{
	"creature": [
		{
			"name": "Carman Rajani",
			"isNpc": false,
			"source": "AV2",
			"page": 87,
			"level": 6,
			"traits": [
				"unique",
				"ne",
				"medium",
				"human",
				"humanoid"
			],
			"creatureType": [
				"Humanoid"
			],
			"perception": {
				"std": 12
			},
			"languages": {
				"languages": [
					"Common"
				],
				"languageAbilities": []
			},
			"skills": {
				"Acrobatics": {
					"std": 15
				},
				"Athletics": {
					"std": 14
				},
				"Intimidation": {
					"std": 14
				},
				"Society": {
					"std": 10
				},
				"Stealth": {
					"std": 15
				},
				"Thievery": {
					"std": 15
				}
			},
			"abilityMods": {
				"str": 4,
				"dex": 5,
				"con": 1,
				"int": 0,
				"wis": 0,
				"cha": 2
			},
			"ac": {
				"std": 24
			},
			"savingThrows": {
				"fort": {
					"std": 13
				},
				"ref": {
					"std": 17
				},
				"will": {
					"std": 10
				}
			},
			"hp": [
				{
					"hp": 95,
					"abilities": null
				}
			],
			"speed": {
				"walk": 25
			},
			"attacks": [
				{
					"range": "Melee",
					"name": "longsword",
					"attack": 17,
					"traits": [
						"magical",
						"versatile p"
					],
					"effects": [],
					"damage": "{@damage 2d8+8} slashing",
					"types": [
						"slashing"
					]
				},
				{
					"range": "Melee",
					"name": "light hammer",
					"attack": 16,
					"traits": [
						"agile"
					],
					"effects": [],
					"damage": "{@damage 1d6+4} bludgeoning",
					"types": [
						"bludgeoning"
					]
				},
				{
					"range": "Ranged",
					"name": "light hammer",
					"attack": 17,
					"traits": [
						"agile",
						"thrown 20 feet"
					],
					"effects": [],
					"damage": "{@damage 1d6+4} bludgeoning",
					"types": [
						"bludgeoning"
					]
				}
			],
			"abilities": {
				"top": [
					{
						"entries": [
							"+15 Str +4, Dex +5, Con +1, Int +0, Wis +0, Cha +2 Items Cooperative Blade (page 71), light hammer (4), +1 studded leather armor, thieves' tools, 110 gp."
						],
						"name": "Thievery"
					}
				],
				"mid": [
					{
						"activity": {
							"number": 1,
							"unit": "reaction"
						},
						"trigger": "Carman is targeted with a ranged attack by a thrown weapon and has a hand free",
						"entries": [
							"Carman gains a +2 circumstance bonus to his AC against the triggering attack. If the attack misses, Carman catches the weapon and can immediately make a ranged {@action Strike} with it."
						],
						"name": "Skillful Catch"
					}
				],
				"bot": [
					{
						"entries": [
							"Carman deals an extra {@damage 2d6} precision damage to {@condition flat-footed} creatures."
						],
						"name": "Sneak Attack",
						"generic": true
					},
					{
						"activity": {
							"number": 1,
							"unit": "action"
						},
						"traits": [
							"flourish"
						],
						"entries": [
							"Carman quickly draws a thrown weapon and makes a ranged {@action Strike} with it. His target must succeed at a DC 22 {@skill Perception} check or be caught {@condition flat-footed} by the attack."
						],
						"name": "Sudden Throw"
					},
					{
						"entries": [
							"On the first round of combat, creatures that haven't acted yet are {@condition flat-footed} to Carman."
						],
						"name": "Surprise Attacker"
					}
				]
			}
		},
		{
			"name": "Chafkhem",
			"isNpc": false,
			"source": "AV2",
			"page": 19,
			"level": 8,
			"traits": [
				"unique",
				"le",
				"medium",
				"mummy",
				"undead"
			],
			"creatureType": [
				"Undead"
			],
			"perception": {
				"std": 17
			},
			"senses": [
				{
					"name": "darkvision"
				}
			],
			"languages": {
				"languages": [
					"Aklo",
					"Common",
					"Necril"
				],
				"languageAbilities": []
			},
			"skills": {
				"Acrobatics": {
					"std": 16
				},
				"Arcana": {
					"std": 19
				},
				"Athletics": {
					"std": 15
				},
				"Diplomacy": {
					"std": 16
				},
				"Intimidation": {
					"std": 16
				},
				"Occultism": {
					"std": 17
				},
				"Religion": {
					"std": 15
				}
			},
			"abilityMods": {
				"str": 3,
				"dex": 4,
				"con": 3,
				"int": 7,
				"wis": 3,
				"cha": 4
			},
			"items": [
				"staff of abjuration"
			],
			"ac": {
				"std": 26
			},
			"savingThrows": {
				"fort": {
					"std": 15
				},
				"ref": {
					"std": 16
				},
				"will": {
					"std": 17
				}
			},
			"hp": [
				{
					"hp": 135,
					"abilities": [
						"negative healing"
					]
				}
			],
			"immunities": [
				"death effects"
			],
			"speed": {
				"walk": 20
			},
			"attacks": [
				{
					"range": "Melee",
					"name": "fist",
					"attack": 19,
					"traits": [
						"agile",
						"finesse"
					],
					"effects": [
						"mummy rot"
					],
					"damage": "{@damage 2d6+7} bludgeoning plus mummy rot",
					"types": [
						"bludgeoning"
					]
				},
				{
					"range": "Melee",
					"name": "staff",
					"attack": 18,
					"traits": [
						"two-hand d8"
					],
					"effects": [],
					"damage": "{@damage 1d4+7} bludgeoning",
					"types": [
						"bludgeoning"
					]
				}
			],
			"spellcasting": [
				{
					"name": "Arcane Prepared",
					"type": "Prepared",
					"tradition": "Arcane",
					"DC": 26,
					"attack": 18,
					"entry": {
						"0": {
							"level": 4,
							"spells": [
								{
									"name": "chill touch"
								},
								{
									"name": "daze"
								},
								{
									"name": "detect magic"
								},
								{
									"name": "shield"
								},
								{
									"name": "tanglefoot"
								}
							]
						},
						"1": {
							"spells": [
								{
									"name": "command"
								},
								{
									"name": "mending"
								},
								{
									"name": "ray of enfeeblement"
								},
								{
									"name": "unseen servant"
								}
							]
						},
						"2": {
							"spells": [
								{
									"name": "blur"
								},
								{
									"name": "dispel magic"
								},
								{
									"name": "hideous laughter"
								},
								{
									"name": "see invisibility"
								}
							]
						},
						"3": {
							"spells": [
								{
									"name": "glyph of warding"
								},
								{
									"name": "grim tendrils"
								},
								{
									"name": "haste"
								},
								{
									"name": "mind reading"
								}
							]
						},
						"4": {
							"spells": [
								{
									"name": "freedom of movement"
								},
								{
									"name": "invisibility"
								},
								{
									"name": "phantasmal killer"
								},
								{
									"name": "spell immunity"
								}
							]
						}
					}
				}
			],
			"abilities": {
				"top": [
					{
						"entries": [
							"+16, {@skill Intimidation} +16, {@skill Occultism} +17,"
						],
						"name": "Diplomacy"
					},
					{
						"entries": [
							"+15 Str +3, Dex +4, Con +3, Int +7, Wis +3, Cha +4 Items staff of abjuration."
						],
						"name": "Religion"
					}
				],
				"mid": [
					{
						"traits": [
							"aura",
							"divine",
							"emotion",
							"enchantment",
							"fear",
							"incapacitation",
							"mental"
						],
						"entries": [
							"30 feet. Living creatures are {@condition frightened|CRB|frightened 1} while in Chafkhem's despair aura. They can't naturally recover from this fear while in the area but recover instantly once they leave it. When a creature first enters the area, it must succeed at a DC 24 Will save (after taking the penalty from being {@condition frightened}) or be {@condition paralyzed} for 1 round. The creature is then temporarily immune for 24 hours."
						],
						"name": "Despair"
					},
					{
						"traits": [
							"divine",
							"necromancy"
						],
						"entries": [
							"When Chafkhem is destroyed, necromantic energies rebuild his body in the magic circle in his room over {@dice 1d10} days. If the re-forming body is destroyed during that time, the process starts anew. Chafkhem can be destroyed for good with a consecrate ritual, or if the magic circle is destroyed."
						],
						"name": "Rejuvenation"
					},
					{
						"activity": {
							"number": 1,
							"unit": "reaction"
						},
						"traits": [
							"abjuration",
							"arcane",
							"manipulation"
						],
						"trigger": "A creature Chafkhem can see makes a melee",
						"entries": [
							"{@action Strike} against Chafkhem; Chafkhem traces a magical glyph in the air that glows and fades. The triggering creature must attempt a DC 25 Fortitude save. Success The target is unaffected. Failure The target is {@condition blinded} until the start of its next turn. Critical Failure The target is {@condition blinded} for 1 minute."
						],
						"name": "Warding Script"
					}
				],
				"bot": [
					{
						"entries": [
							{
								"type": "affliction",
								"name": "",
								"traits": [
									"curse",
									"disease",
									"divine",
									"necromancy",
									"negative"
								],
								"note": "\nThis disease and any damage from it can't be healed\nuntil this curse is removed. A creature killed by mummy\nrot turns to dust and can't be resurrected except by a\n7th-level resurrect ritual or similar magic.",
								"DC": 24,
								"savingThrow": "Fortitude",
								"stages": [
									{
										"stage": 1,
										"entry": "carrier with no ill effect",
										"duration": "1 minute"
									},
									{
										"stage": 2,
										"entry": "{@damage 6d6} negative damage and {@condition stupefied|CRB|stupefied 1}",
										"duration": "1 day"
									}
								]
							}
						],
						"name": "Mummy Rot"
					}
				]
			}
		},
		{
			"name": "Dreshkan",
			"isNpc": false,
			"source": "AV2",
			"page": 78,
			"level": 4,
			"traits": [
				"uncommon",
				"n",
				"medium",
				"aberration",
				"construct"
			],
			"creatureType": [
				"Construct",
				"Aberration"
			],
			"perception": {
				"std": 11
			},
			"senses": [
				{
					"name": "darkvision"
				}
			],
			"languages": {
				"languages": [
					"Undercommon"
				],
				"languageAbilities": []
			},
			"skills": {
				"Acrobatics": {
					"std": 11
				},
				"Athletics": {
					"std": 12,
					"to Climb": 14
				},
				"Intimidation": {
					"std": 10
				},
				"Stealth": {
					"std": 13
				}
			},
			"abilityMods": {
				"str": 4,
				"dex": 5,
				"con": 2,
				"int": -2,
				"wis": 3,
				"cha": 2
			},
			"ac": {
				"std": 20
			},
			"savingThrows": {
				"fort": {
					"std": 10
				},
				"ref": {
					"std": 13
				},
				"will": {
					"std": 11
				}
			},
			"hp": [
				{
					"hp": 72,
					"abilities": null
				}
			],
			"immunities": [
				"electricity"
			],
			"speed": {
				"walk": 30,
				"climb": 30
			},
			"attacks": [
				{
					"range": "Melee",
					"name": "claw",
					"attack": 13,
					"traits": [
						"agile",
						"finesse"
					],
					"effects": [],
					"damage": "{@damage 2d6+4} slashing",
					"types": [
						"slashing"
					]
				},
				{
					"range": "Ranged",
					"name": "needle",
					"attack": 13,
					"traits": [
						"range increment 30 feet"
					],
					"effects": [],
					"damage": "{@damage 1d4} piercing plus {@damage 2d8} electricity",
					"types": [
						"electricity",
						"piercing"
					]
				}
			],
			"abilities": {
				"top": [
					{
						"entries": [
							"+10, {@skill Stealth} +13 Str +4, Dex +5, Con +2, Int \u20132, Wis +3,"
						],
						"name": "Intimidation"
					},
					{
						"entries": [
							"+2."
						],
						"name": "Cha"
					},
					{
						"entries": [],
						"name": "Light Blindness",
						"generic": true
					}
				],
				"mid": [
					{
						"entries": [
							"A dreshkan is partially technological. Positive {@trait healing} effects only heal a dreshkan half as much as normal."
						],
						"name": "Partially Technological"
					},
					{
						"activity": {
							"number": 1,
							"unit": "reaction"
						},
						"trigger": "A creature critically fails a melee {@action Strike} against the dreshkan",
						"entries": [
							"The dreshkan makes a needle {@action Strike} against that creature."
						],
						"name": "Defensive Needle"
					}
				],
				"bot": [
					{
						"activity": {
							"number": 3,
							"unit": "action"
						},
						"entries": [
							"The dreshkan braces itself on all four limbs and sprays needles at as many creatures as it would like in a 30-foot cone, dealing {@damage 2d4} piercing plus {@damage 2d8} electricity damage. Each targeted creature in the area must attempt a basic Reflex save."
						],
						"name": "Needle Spray"
					},
					{
						"entries": [
							"A dreshkan can share the same space as a morlock or another dreshkan, but no more than two such creatures can occupy the same space. When these creatures share the same space, they gain a +1 circumstance bonus to attack rolls."
						],
						"name": "Swarming Stance"
					}
				]
			}
		},
		{
			"name": "Gibtanius",
			"isNpc": false,
			"source": "AV2",
			"page": 81,
			"level": 8,
			"traits": [
				"uncommon",
				"cn",
				"large",
				"aberration"
			],
			"creatureType": [
				"Aberration"
			],
			"perception": {
				"std": 16
			},
			"senses": [
				{
					"name": "darkvision"
				},
				{
					"type": "imprecise",
					"name": "scent",
					"range": 30
				}
			],
			"languages": {
				"languages": [
					"Aklo (can't speak any language)"
				],
				"languageAbilities": []
			},
			"skills": {
				"Athletics": {
					"std": 18,
					"to High Jump or Long Jump": 22
				},
				"Intimidation": {
					"std": 15
				},
				"Survival": {
					"std": 16
				}
			},
			"abilityMods": {
				"str": 6,
				"dex": 3,
				"con": 6,
				"int": -3,
				"wis": 2,
				"cha": 3
			},
			"ac": {
				"std": 28
			},
			"savingThrows": {
				"fort": {
					"std": 20
				},
				"ref": {
					"std": 15
				},
				"will": {
					"std": 16
				}
			},
			"hp": [
				{
					"hp": 140,
					"abilities": null
				}
			],
			"immunities": [
				"acid"
			],
			"resistances": [
				{
					"amount": 10,
					"name": "bludgeoning"
				}
			],
			"speed": {
				"walk": 30
			},
			"attacks": [
				{
					"range": "Melee",
					"name": "jaws",
					"attack": 20,
					"traits": [
						"deadly 1d12",
						"reach 10 feet"
					],
					"effects": [],
					"damage": "{@damage 2d10+10} piercing plus {@damage 1d4} {@condition persistent damage ||persistent acid}",
					"types": [
						"persistent",
						"piercing"
					]
				},
				{
					"range": "Ranged",
					"name": "spit",
					"attack": 17,
					"traits": [
						"range increment 30 feet",
						"splash"
					],
					"effects": [],
					"damage": "{@damage 2d6} acid plus {@damage 1d6} {@condition persistent damage ||persistent acid} and {@damage 1d6} acid splash",
					"types": [
						"acid",
						"persistent"
					]
				}
			],
			"abilities": {
				"top": [
					{
						"entries": [
							"+16 Str +6, Dex +3, Con +6, Int \u20133, Wis +2, Cha +3."
						],
						"name": "Survival"
					}
				],
				"mid": [
					{
						"traits": [
							"aura",
							"olfactory"
						],
						"entries": [
							"20 feet. A creature that enters the aura must succeed at a DC 26 Fortitude save.",
							"On a failure, the creature is {@condition sickened|CRB|sickened 2}; on a critical failure, the creature is also {@condition slowed|CRB|slowed 1} for as long as it is {@condition sickened}. A creature that succeeds at its save is temporarily immune for 1 minute."
						],
						"name": "Powerful Stench"
					}
				],
				"bot": [
					{
						"activity": {
							"number": 2,
							"unit": "action"
						},
						"entries": [
							"The gibtanius Leaps and can end this {@action Leap} occupying the same space as other creatures. It deals {@damage 5d6} bludgeoning damage to each creature in the space it Leaps to (DC 26 basic Reflex save), then Shoves each of those creatures. If it fails to {@action Shove} any creature out of its space, it bounces to the closest available space of its choosing that does not contain any creatures. Bouncing Crush counts as one attack when determining the gibtanius's multiple attack penalty."
						],
						"name": "Bouncing Crush"
					},
					{
						"activity": {
							"number": 2,
							"unit": "action"
						},
						"traits": [
							"acid",
							"evocation",
							"primal"
						],
						"entries": [
							"The gibtanius vomits a stream of acid that deals {@damage 9d6} acid damage to all creatures in a 60-foot line (DC 26 basic Reflex save). It can't use Breath Weapon again for {@dice 1d4} rounds."
						],
						"name": "Breath Weapon"
					}
				]
			}
		},
		{
			"name": "Gibtas Bounder",
			"isNpc": false,
			"source": "AV2",
			"page": 80,
			"level": 5,
			"traits": [
				"uncommon",
				"cn",
				"small",
				"aberration"
			],
			"creatureType": [
				"Aberration"
			],
			"perception": {
				"std": 13
			},
			"senses": [
				{
					"name": "darkvision"
				},
				{
					"type": "imprecise",
					"name": "scent",
					"range": 30
				}
			],
			"languages": {
				"languages": [
					"Aklo (can't speak any language)"
				],
				"languageAbilities": []
			},
			"skills": {
				"Acrobatics": {
					"std": 11
				},
				"Athletics": {
					"std": 12,
					"to High Jump or Long Jump": 16
				},
				"Survival": {
					"std": 11
				}
			},
			"abilityMods": {
				"str": 5,
				"dex": 4,
				"con": 2,
				"int": -3,
				"wis": 2,
				"cha": 2
			},
			"ac": {
				"std": 22
			},
			"savingThrows": {
				"fort": {
					"std": 13
				},
				"ref": {
					"std": 13
				},
				"will": {
					"std": 11
				}
			},
			"hp": [
				{
					"hp": 76,
					"abilities": null
				}
			],
			"immunities": [
				"acid"
			],
			"speed": {
				"walk": 30
			},
			"attacks": [
				{
					"range": "Melee",
					"name": "jaws",
					"attack": 15,
					"traits": [
						"deadly 1d12"
					],
					"effects": [],
					"damage": "{@damage 1d8+7} piercing plus {@damage 1d6} {@condition persistent damage ||persistent acid}",
					"types": [
						"persistent",
						"piercing"
					]
				},
				{
					"range": "Ranged",
					"name": "spit",
					"attack": 14,
					"traits": [
						"range increment 30 feet",
						"splash"
					],
					"effects": [],
					"damage": "{@damage 1d6} acid plus {@damage 1d6} {@condition persistent damage ||persistent acid} and {@damage 1d6} acid splash damage",
					"types": [
						"acid",
						"persistent"
					]
				}
			],
			"abilities": {
				"bot": [
					{
						"activity": {
							"number": 1,
							"unit": "action"
						},
						"entries": [
							"The gibtas Leaps toward a Medium or smaller creature, landing in the creature's space and Shoving the creature. If the {@action Shove} fails, the gibtas bounces out of the target's square to an adjacent square of the target's choosing."
						],
						"name": "Bouncing Slam"
					},
					{
						"activity": {
							"number": 1,
							"unit": "action"
						},
						"requirements": "The gibtas's last action was a",
						"entries": [],
						"name": "Pinning Chomp"
					},
					{
						"entries": [
							"Slam and the gibtas successfully Shoved the target; The gibtas attempts to {@action Trip} the target of its Bouncing Slam, then makes a jaws {@action Strike} against the target. The {@action Trip} and {@action Strike} both count against the gibtas's multiple attack penalty, but the penalty doesn't increase until after both attacks."
						],
						"name": "Bouncing"
					}
				]
			}
		},
		{
			"name": "Gibtas Spawn Swarm",
			"isNpc": false,
			"source": "AV2",
			"page": 80,
			"level": 6,
			"traits": [
				"uncommon",
				"cn",
				"large",
				"aberration",
				"swarm"
			],
			"creatureType": [
				"Aberration"
			],
			"perception": {
				"std": 14
			},
			"senses": [
				{
					"name": "darkvision"
				},
				{
					"type": "imprecise",
					"name": "scent",
					"range": 30
				}
			],
			"skills": {
				"Acrobatics": {
					"std": 15
				},
				"Survival": {
					"std": 12
				}
			},
			"abilityMods": {
				"str": -4,
				"dex": 5,
				"con": 4,
				"int": -4,
				"wis": 2,
				"cha": 2
			},
			"ac": {
				"std": 23
			},
			"savingThrows": {
				"fort": {
					"std": 14
				},
				"ref": {
					"std": 17
				},
				"will": {
					"std": 12
				}
			},
			"hp": [
				{
					"hp": 70,
					"abilities": null
				}
			],
			"immunities": [
				"acid",
				"precision",
				"swarm mind"
			],
			"weaknesses": [
				{
					"amount": 5,
					"name": "area damage"
				}
			],
			"resistances": [
				{
					"amount": 9,
					"name": "bludgeoning"
				},
				{
					"amount": 5,
					"name": "piercing"
				},
				{
					"amount": 5,
					"name": "slashing"
				}
			],
			"speed": {
				"walk": 20
			},
			"attacks": [],
			"abilities": {
				"mid": [
					{
						"activity": {
							"number": 1,
							"unit": "reaction"
						},
						"trigger": "A creature that the gibtas spawn swarm can see targets the swarm with an attack",
						"entries": [
							"The swarm bounces to the side and gains a +2 circumstance bonus to AC against the triggering attack. After the attack, the swarm can {@action Stride} up to its Speed in a straight line as part of the reaction."
						],
						"name": "Bounce"
					}
				],
				"bot": [
					{
						"entries": [
							"The gibtas spawn swarm moves in loping bounces. The swarm ignores difficult terrain."
						],
						"name": "Bounding Swarm"
					},
					{
						"activity": {
							"number": 1,
							"unit": "action"
						},
						"entries": [
							"Each enemy in the swarm's space takes {@damage 2d8} piercing damage and {@damage 1d6} acid damage (DC 22 basic Reflex save). A creature that fails its save against Swarming Bites also takes {@damage 1d4} {@condition persistent damage ||persistent acid damage}."
						],
						"name": "Swarming Bites"
					}
				]
			}
		},
		{
			"name": "Gulzash",
			"isNpc": false,
			"source": "AV2",
			"page": 35,
			"level": 4,
			"traits": [
				"unique",
				"ce",
				"medium",
				"humanoid",
				"xulgath"
			],
			"creatureType": [
				"Humanoid"
			],
			"perception": {
				"std": 10
			},
			"senses": [
				{
					"name": "darkvision"
				}
			],
			"languages": {
				"languages": [
					"Common",
					"Draconic",
					"Undercommon"
				],
				"languageAbilities": []
			},
			"skills": {
				"Athletics": {
					"std": 12
				},
				"Intimidation": {
					"std": 10
				},
				"Performance": {
					"std": 12
				},
				"Stealth": {
					"std": 10
				}
			},
			"abilityMods": {
				"str": 4,
				"dex": 2,
				"con": 1,
				"int": 0,
				"wis": 2,
				"cha": 2
			},
			"ac": {
				"std": 20
			},
			"savingThrows": {
				"fort": {
					"std": 11
				},
				"ref": {
					"std": 10
				},
				"will": {
					"std": 13
				}
			},
			"hp": [
				{
					"hp": 72,
					"abilities": null
				}
			],
			"speed": {
				"walk": 30
			},
			"attacks": [
				{
					"range": "Melee",
					"name": "battle lute",
					"attack": 14,
					"traits": [
						"shove",
						"two-hand d8"
					],
					"effects": [],
					"damage": "{@damage 1d4+6} bludgeoning",
					"types": [
						"bludgeoning"
					]
				},
				{
					"range": "Melee",
					"name": "jaws",
					"attack": 13,
					"effects": [],
					"damage": "{@damage 1d6+6} piercing",
					"types": [
						"piercing"
					]
				},
				{
					"range": "Melee",
					"name": "claw",
					"attack": 13,
					"traits": [
						"agile"
					],
					"effects": [],
					"damage": "{@damage 1d4+6} slashing",
					"types": [
						"slashing"
					]
				},
				{
					"range": "Melee",
					"name": "dagger",
					"attack": 13,
					"traits": [
						"agile",
						"versatile s"
					],
					"effects": [],
					"damage": "{@damage 1d4+6} piercing",
					"types": [
						"piercing"
					]
				},
				{
					"range": "Ranged",
					"name": "dagger",
					"attack": 11,
					"traits": [
						"agile",
						"thrown 10 feet",
						"versatile s"
					],
					"effects": [],
					"damage": "{@damage 1d4+6} piercing",
					"types": [
						"piercing"
					]
				}
			],
			"abilities": {
				"top": [
					{
						"entries": [
							"+12, {@skill Stealth} +10 Str +4, Dex +2, Con +1, Int +0, Wis +2, Cha +2 Items +1 striking battle lute (page 73), daggers (4), leather armor."
						],
						"name": "Performance"
					}
				],
				"mid": [
					{
						"traits": [
							"aura",
							"olfactory"
						],
						"entries": [
							"30 feet. A creature that enters the area must attempt a DC 20 Fortitude save. On a failure, the creature is {@condition sickened|CRB|sickened 1}, and on a critical failure, the creature also takes a \u20135-foot status penalty to its Speeds for 1 round. While within the aura, the creature takes a \u20132 circumstance penalty to saves to recover from the {@condition sickened} condition.",
							"A creature that succeeds at its save is temporarily immune to all xulgaths' stenches for 1 minute."
						],
						"name": "Stench"
					},
					{
						"activity": {
							"number": 1,
							"unit": "free"
						},
						"entries": [
							"Gulzash can suppress or resume his stench as a free action."
						],
						"name": "Stench Suppression"
					}
				],
				"bot": [
					{
						"activity": {
							"number": 1,
							"unit": "action"
						},
						"entries": [
							"Gulzash Leaps to a square adjacent to a creature, then Shoves that creature. If Gulzash rolls a success on."
						],
						"name": "Mosh"
					},
					{
						"entries": [
							"{@action Shove}, he gets a critical success instead."
						],
						"name": "the"
					}
				]
			}
		},
		{
			"name": "Jafaki",
			"isNpc": false,
			"source": "AV2",
			"page": 88,
			"level": 8,
			"traits": [
				"unique",
				"ce",
				"large",
				"aberration",
				"seugathi"
			],
			"creatureType": [
				"Aberration"
			],
			"perception": {
				"std": 18
			},
			"senses": [
				{
					"name": "darkvision"
				},
				{
					"name": "{@ability tremorsense}",
					"range": 30
				}
			],
			"languages": {
				"languages": [
					"Aklo",
					"Common",
					"Undercommon"
				],
				"languageAbilities": [
					"telepathy 100 feet"
				]
			},
			"skills": {
				"Acrobatics": {
					"std": 18
				},
				"Crafting": {
					"std": 18
				},
				"Diplomacy": {
					"std": 15
				},
				"Intimidation": {
					"std": 17
				},
				"Medicine": {
					"std": 16
				},
				"Nature": {
					"std": 16
				},
				"Stealth": {
					"std": 18
				}
			},
			"abilityMods": {
				"str": 3,
				"dex": 6,
				"con": 4,
				"int": 4,
				"wis": 4,
				"cha": 3
			},
			"ac": {
				"std": 26
			},
			"savingThrows": {
				"fort": {
					"std": 14
				},
				"ref": {
					"std": 18
				},
				"will": {
					"std": 16
				}
			},
			"hp": [
				{
					"hp": 100,
					"abilities": null
				}
			],
			"immunities": [
				"mental",
				"poison"
			],
			"speed": {
				"walk": 25
			},
			"attacks": [
				{
					"range": "Melee",
					"name": "bite",
					"attack": 18,
					"traits": [
						"agile",
						"finesse"
					],
					"effects": [
						"seugathi venom"
					],
					"damage": "{@damage 2d6+5} piercing plus seugathi venom",
					"types": [
						"piercing"
					]
				},
				{
					"range": "Melee",
					"name": "rapier",
					"attack": 19,
					"traits": [
						"deadly 1d8",
						"disarm",
						"finesse",
						"reach 10 feet"
					],
					"effects": [
						"wyvern poison"
					],
					"damage": "{@damage 2d6+5} piercing plus wyvern poison",
					"types": [
						"piercing"
					]
				},
				{
					"range": "Ranged",
					"name": "acid flask",
					"attack": 19,
					"traits": [
						"bomb",
						"range increment 20 feet",
						"splash"
					],
					"effects": [],
					"damage": "5 acid plus {@damage 2d6+2} {@condition persistent damage ||persistent acid} and 6 acid splash",
					"types": [
						"acid",
						"persistent"
					]
				},
				{
					"range": "Ranged",
					"name": "bottled lightning",
					"attack": 19,
					"traits": [
						"bomb",
						"range increment 20 feet",
						"splash"
					],
					"effects": [],
					"damage": "{@damage 2d6+2} electricity plus 6 electricity splash",
					"types": [
						"electricity"
					]
				}
			],
			"spellcasting": [
				{
					"name": "Occult Innate",
					"type": "Innate",
					"tradition": "Occult",
					"DC": 26,
					"attack": 18,
					"entry": {
						"0": {
							"level": 4,
							"spells": [
								{
									"name": "daze"
								},
								{
									"name": "detect magic"
								},
								{
									"name": "mage hand"
								},
								{
									"name": "telekinetic projectile"
								}
							]
						},
						"3": {
							"spells": [
								{
									"name": "hypercognition"
								},
								{
									"name": "levitate"
								},
								{
									"name": "mind reading",
									"amount": 3
								}
							]
						},
						"4": {
							"spells": [
								{
									"name": "confusion",
									"amount": 3
								},
								{
									"name": "phantasmal killer"
								}
							]
						}
					}
				}
			],
			"abilities": {
				"top": [
					{
						"entries": [
							"+17, {@skill Medicine} +16, {@skill Nature} +16, {@skill Occultism} +18, {@skill Stealth} +18 Str +3, Dex +6, Con +4, Int +4, Wis +4, Cha +3 Items +1 striking rapier, wand of gentle repose, wand of 2nd-level {@spell magic missile}, expanded alchemist's tools, keys to areas B11 and C7."
						],
						"name": "Intimidation"
					},
					{
						"entries": [
							"Items Jafaki carries these infused items: 2 moderate acid flasks, 2 moderate bottled lightnings, 2 moderate cognitive mutagens, 2 lesser elixirs of life, 2 moderate mistform elixirs, and 2 doses of wyvern poison (one of which they have already applied to their rapier). These items last for 24 hours, or until the next time Jafaki makes their daily preparations."
						],
						"name": "Infused"
					}
				],
				"mid": [
					{
						"traits": [
							"enchantment",
							"mental"
						],
						"entries": [
							"20 feet. A creature that starts its turn in the aura must succeed at a DC 23 Will save or become {@condition confused} for 1 round; on a success, that creature is temporarily immune for 1 minute. Jafaki can suppress or activate this aura as a single action with the {@trait concentrate} trait."
						],
						"name": "Mindfog Aura"
					},
					{
						"activity": {
							"number": 1,
							"unit": "reaction"
						},
						"trigger": "A creature fails its save against Jafaki's mindfog aura",
						"entries": [
							"Jafaki determines who the {@condition confused} creature attacks for that round, instead of the target being randomly determined by."
						],
						"name": "Command Confusion"
					},
					{
						"entries": [
							"If the chosen target is the {@condition confused} creature's ally, the creature can immediately attempt a DC 21 Will save; on a success, its target is determined randomly as normal, and on a critical success the target is no longer {@condition confused}."
						],
						"name": "the GM."
					}
				],
				"bot": [
					{
						"activity": {
							"number": 1,
							"unit": "action"
						},
						"traits": [
							"manipulate"
						],
						"entries": [
							"Jafaki applies their innate seugathi venom to one weapon they wield."
						],
						"name": "Envenom Weapon"
					},
					{
						"entries": [
							"Mastery Jafaki can {@action Cast a Spell} from magic items even if the spell isn't on their spell list. All such spells are occult spells and use Jafaki's innate spell DC and attack modifier."
						],
						"name": "Magic Item"
					},
					{
						"activity": {
							"number": 1,
							"unit": "action"
						},
						"traits": [
							"flourish"
						],
						"entries": [
							"Jafaki Interacts to draw an elixir or mutagen, then drinks it."
						],
						"name": "Quick Consumption"
					},
					{
						"traits": [
							"poison"
						],
						"entries": [
							"Saving Throw DC 24 Fortitude;"
						],
						"name": "Seugathi Venom"
					},
					{
						"entries": [
							"6 rounds; Stage 1 {@damage 1d6} poison damage and {@condition stupefied|CRB|stupefied 1} (1 round); Stage 2 {@damage 2d6} poison damage and {@condition deafened} and {@condition stupefied|CRB|stupefied 2} (1 round)"
						],
						"name": "Maximum Duration"
					}
				]
			}
		},
		{
			"name": "Kragala",
			"isNpc": false,
			"source": "AV2",
			"page": 35,
			"level": 4,
			"traits": [
				"unique",
				"le",
				"medium",
				"duergar",
				"dwarf",
				"humanoid"
			],
			"creatureType": [
				"Humanoid"
			],
			"perception": {
				"std": 8
			},
			"senses": [
				{
					"name": "darkvision"
				}
			],
			"languages": {
				"languages": [
					"Common",
					"Dwarven",
					"Undercommon"
				],
				"languageAbilities": []
			},
			"skills": {
				"Athletics": {
					"std": 11
				},
				"Crafting": {
					"std": 8
				},
				"Intimidation": {
					"std": 12
				},
				"Performance": {
					"std": 12
				},
				"Survival": {
					"std": 8
				}
			},
			"abilityMods": {
				"str": 3,
				"dex": 0,
				"con": 4,
				"int": 2,
				"wis": 0,
				"cha": 2
			},
			"items": [
				"drumstick (2; as light hammer)",
				"folding drums (page 72)"
			],
			"ac": {
				"std": 21
			},
			"savingThrows": {
				"fort": {
					"std": 14
				},
				"ref": {
					"std": 8
				},
				"will": {
					"std": 11
				}
			},
			"hp": [
				{
					"hp": 62,
					"abilities": null
				}
			],
			"speed": {
				"walk": 20
			},
			"attacks": [],
			"spellcasting": [
				{
					"name": "Occult Spontaneous",
					"type": "Spontaneous",
					"tradition": "Occult",
					"DC": 21,
					"attack": 13,
					"entry": {
						"1": {
							"slots": 4,
							"spells": [
								{
									"name": "bless"
								},
								{
									"name": "magic missile"
								},
								{
									"name": "protection"
								},
								{
									"name": "sanctuary"
								}
							]
						},
						"2": {
							"slots": 3,
							"spells": [
								{
									"name": "death knell"
								},
								{
									"name": "sound burst"
								},
								{
									"name": "telekinetic maneuver"
								}
							]
						}
					}
				},
				{
					"name": "Occult Innate",
					"type": "Innate",
					"tradition": "Occult",
					"DC": 21,
					"entry": {
						"2": {
							"spells": [
								{
									"name": "enlarge",
									"notes": [
										"self only"
									]
								},
								{
									"name": "invisibility",
									"notes": [
										"self only"
									]
								}
							]
						}
					}
				}
			],
			"abilities": {
				"top": [
					{
						"entries": [],
						"name": "Light Blindness",
						"generic": true
					}
				],
				"mid": [
					{
						"activity": {
							"number": 1,
							"unit": "reaction"
						},
						"trigger": "Kragala is holding a drumstick and is targeted with a ranged weapon attack by an attacker she can see",
						"entries": [
							"Kragala gains a +2 circumstance bonus to AC against the triggering attack."
						],
						"name": "Knock It Away"
					}
				],
				"bot": [
					{
						"traits": [
							"2nd"
						],
						"entries": [
							"daze, ghost sound, guidance, mending, telekinetic projectile Occult Innate Spells DC 21; 2nd enlarge (self only), invisibility (self only)"
						],
						"name": "Cantrips"
					},
					{
						"traits": [
							"casts"
						],
						"entries": [
							"guidance while using a percussive instrument, her targets don't become temporarily immune to her guidance."
						],
						"name": "Guiding Rhythm When Kragala"
					},
					{
						"traits": [
							"deals"
						],
						"entries": [
							"an additional {@dice 1d6} damage with hammers, including drumsticks (already included in the Strikes' damage)."
						],
						"name": "Percussive Reverberation Kragala"
					}
				]
			}
		},
		{
			"name": "Mulventok",
			"isNpc": false,
			"source": "AV2",
			"page": 79,
			"level": 7,
			"traits": [
				"uncommon",
				"n",
				"medium",
				"aberration"
			],
			"creatureType": [
				"Aberration"
			],
			"perception": {
				"std": 15
			},
			"senses": [
				{
					"name": "darkvision"
				}
			],
			"languages": {
				"languages": [
					"Aklo",
					"Daemonic",
					"Undercommon"
				],
				"languageAbilities": []
			},
			"skills": {
				"Athletics": {
					"std": 17
				},
				"Intimidation": {
					"std": 17
				},
				"Survival": {
					"std": 15
				},
				"Purpose Lore": {
					"std": 15
				}
			},
			"abilityMods": {
				"str": 6,
				"dex": 0,
				"con": 4,
				"int": 2,
				"wis": 4,
				"cha": 6
			},
			"ac": {
				"std": 24,
				"with shield raised": 26
			},
			"savingThrows": {
				"fort": {
					"std": 15
				},
				"ref": {
					"std": 11
				},
				"will": {
					"std": 17
				}
			},
			"hp": [
				{
					"hp": 115,
					"abilities": [
						"negative healing"
					]
				}
			],
			"immunities": [
				"death effects"
			],
			"speed": {
				"walk": 25
			},
			"attacks": [
				{
					"range": "Melee",
					"name": "tamchal chakram",
					"attack": 18,
					"traits": [
						"agile",
						"deadly 1d6",
						"finesse",
						"magical"
					],
					"effects": [],
					"damage": "{@damage 1d6+8} slashing plus {@damage 1d6} mental",
					"types": [
						"mental",
						"slashing"
					]
				},
				{
					"range": "Melee",
					"name": "fist",
					"attack": 17,
					"effects": [],
					"damage": "{@damage 2d8+8} bludgeoning",
					"types": [
						"bludgeoning"
					]
				},
				{
					"range": "Ranged",
					"name": "tamchal chakram",
					"attack": 13,
					"traits": [
						"agile",
						"deadly 1d6",
						"magical",
						"thrown 20 feet"
					],
					"effects": [],
					"damage": "{@damage 1d6+8} slashing plus {@damage 1d6} mental",
					"types": [
						"mental",
						"slashing"
					]
				}
			],
			"abilities": {
				"top": [
					{
						"traits": [
							"emotion",
							"mental"
						],
						"entries": [
							"A mulventok's fervor inspires its allies. Allies within 30 feet that can see or hear the mulventok gain a +1 status bonus to attack rolls and skill checks as long as their actions don't impede the mulventok's imprinted purpose.",
							"Items +1 tamchal chakram (page 73), steel shield (Hardness 5, HP 20, BT 10)"
						],
						"name": "War Leader"
					}
				],
				"mid": [
					{
						"traits": [
							"necromancy",
							"negative",
							"occult"
						],
						"entries": [
							"When a mulventok dies, its mirrored flesh ruptures and explodes in a 20-foot radius. Creatures caught in the blast are covered with viscera and take {@damage 8d6} negative damage (DC 22 basic Reflex save)."
						],
						"name": "Explosive Decay"
					},
					{
						"activity": {
							"number": 1,
							"unit": "reaction"
						},
						"traits": [
							"healing",
							"necromancy",
							"occult"
						],
						"trigger": "An allied creature within 30 feet reaches 0 HP",
						"entries": [
							"The mulventok imparts some of its own energy to keep the ally fighting. The target creature gains 1 Hit Point, and the mulventok takes {@damage 2d6} mental damage."
						],
						"name": "Stay in the Fight"
					}
				],
				"bot": [
					{
						"activity": {
							"number": 1,
							"unit": "action"
						},
						"traits": [
							"auditory",
							"mental"
						],
						"entries": [
							"The mulventok shouts an order to one of its allies within 30 feet. That ally immediately takes a {@action Raise a Shield} or {@action Step} action. A creature can benefit from Fervent Command only once per round."
						],
						"name": "Fervent Command"
					},
					{
						"traits": [
							"occult",
							"transmutation"
						],
						"entries": [
							"A thrown weapon gains the effects of a returning rune when a mulventok throws it. Thrown weapons the mulventok uses deal an additional {@damage 1d6} mental damage, whether used in melee or thrown."
						],
						"name": "Psychokinetic Honing"
					}
				]
			}
		},
		{
			"name": "Murschen",
			"isNpc": false,
			"source": "AV2",
			"page": 39,
			"level": 8,
			"traits": [
				"unique",
				"ce",
				"medium",
				"humanoid",
				"skulk"
			],
			"creatureType": [
				"Humanoid"
			],
			"perception": {
				"std": 16
			},
			"senses": [
				{
					"name": "low-light vision"
				}
			],
			"languages": {
				"languages": [
					"Common",
					"Undercommon"
				],
				"languageAbilities": []
			},
			"skills": {
				"Acrobatics": {
					"std": 16
				},
				"Athletics": {
					"std": 17
				},
				"Deception": {
					"std": 13
				},
				"Survival": {
					"std": 17
				}
			},
			"abilityMods": {
				"str": 3,
				"dex": 4,
				"con": 3,
				"int": 0,
				"wis": 3,
				"cha": 1
			},
			"ac": {
				"std": 27
			},
			"savingThrows": {
				"fort": {
					"std": 17
				},
				"ref": {
					"std": 16
				},
				"will": {
					"std": 15
				}
			},
			"hp": [
				{
					"hp": 140,
					"abilities": null
				}
			],
			"speed": {
				"walk": 30
			},
			"attacks": [
				{
					"range": "Melee",
					"name": "fist",
					"attack": 20,
					"traits": [
						"agile",
						"finesse",
						"unarmed"
					],
					"effects": [],
					"damage": "{@damage 2d6+7} bludgeoning",
					"types": [
						"bludgeoning"
					]
				},
				{
					"range": "Melee",
					"name": "red claw",
					"attack": 20,
					"traits": [
						"finesse",
						"sweep",
						"unarmed"
					],
					"effects": [],
					"damage": "{@damage 2d10+7} slashing",
					"types": [
						"slashing"
					]
				},
				{
					"range": "Ranged",
					"name": "shuriken",
					"attack": 20,
					"traits": [
						"agile",
						"range increment 20 feet"
					],
					"effects": [],
					"damage": "{@damage 1d4+7} piercing",
					"types": [
						"piercing"
					]
				}
			],
			"abilities": {
				"top": [
					{
						"entries": [
							"{@action Step} Murschen gains the benefit of the {@action Cover Tracks} action in forests and subterranean settings without moving at half Speed."
						],
						"name": "Camouflaged"
					},
					{
						"entries": [
							"Murschen's skin shifts and changes to match the surroundings. As long as most of his body isn't covered by clothing or armor, he gains a +2 circumstance bonus to {@skill Stealth} checks to {@action Hide}."
						],
						"name": "Chameleon Skin"
					}
				],
				"bot": [
					{
						"activity": {
							"number": 1,
							"unit": "action"
						},
						"frequency": {
							"unit": "turn",
							"freq": 1
						},
						"entries": [
							"Murschen makes two unarmed Strikes. If both hit the same creature, combine their damage for the purposes of resistances and weaknesses. Murschen's multiple attack penalty applies normally to these Strikes."
						],
						"name": "Flurry of Blows"
					},
					{
						"activity": {
							"number": 1,
							"unit": "action"
						},
						"traits": [
							"stance"
						],
						"requirements": "Murschen is unarmored",
						"entries": [
							"Murschen takes the stance of the red ruin, designed to tear away chunks of flesh like a ferocious beast. Murschen can make red claw unarmed attacks. These attacks deal {@damage 1d10} slashing damage; are in the {@group brawling}; and have the finesse, {@trait sweep}, and {@trait unarmed} traits. While in this stance, when Murschen would reduce his {@condition frightened} condition value by 1, he reduces it to 0."
						],
						"name": "Red Ruin Stance"
					},
					{
						"entries": [
							"Strikes deals an additional {@damage 1d6} precision damage to {@condition flat-footed} creatures."
						],
						"name": "Sneak Attack Murschen's"
					}
				]
			}
		},
		{
			"name": "Nox",
			"isNpc": false,
			"source": "AV2",
			"page": 36,
			"level": 4,
			"traits": [
				"unique",
				"n",
				"medium",
				"caligni",
				"humanoid"
			],
			"creatureType": [
				"Humanoid"
			],
			"perception": {
				"std": 11
			},
			"senses": [
				{
					"name": "greater darkvision"
				}
			],
			"languages": {
				"languages": [
					"Caligni",
					"Common",
					"Undercommon"
				],
				"languageAbilities": []
			},
			"skills": {
				"Acrobatics": {
					"std": 11
				},
				"Deception": {
					"std": 10
				},
				"Performance": {
					"std": 12
				},
				"Society": {
					"std": 8
				},
				"Stealth": {
					"std": 11
				}
			},
			"abilityMods": {
				"str": 1,
				"dex": 3,
				"con": 0,
				"int": 0,
				"wis": 3,
				"cha": 4
			},
			"ac": {
				"std": 21
			},
			"savingThrows": {
				"fort": {
					"std": 8
				},
				"ref": {
					"std": 13
				},
				"will": {
					"std": 11
				}
			},
			"hp": [
				{
					"hp": 60,
					"abilities": null
				}
			],
			"speed": {
				"walk": 25
			},
			"attacks": [
				{
					"range": "Melee",
					"name": "kukri",
					"attack": 14,
					"traits": [
						"agile",
						"finesse",
						"trip"
					],
					"effects": [],
					"damage": "{@damage 1d6+5} slashing",
					"types": [
						"slashing"
					]
				},
				{
					"range": "Ranged",
					"name": "hand crossbow",
					"attack": 14,
					"traits": [
						"range increment 60 feet",
						"reload 1"
					],
					"effects": [],
					"damage": "{@damage 1d6+2} piercing",
					"types": [
						"piercing"
					]
				}
			],
			"spellcasting": [
				{
					"name": "Occult Innate",
					"type": "Innate",
					"tradition": "Occult",
					"DC": 20,
					"attack": 12,
					"entry": {
						"0": {
							"level": 2,
							"spells": [
								{
									"name": "detect magic"
								},
								{
									"name": "ghost sound"
								}
							]
						},
						"2": {
							"spells": [
								{
									"name": "darkness",
									"amount": "at will"
								},
								{
									"name": "sound burst",
									"amount": "at will"
								}
							]
						}
					}
				}
			],
			"abilities": {
				"top": [
					{
						"entries": [
							"+8, {@skill Stealth} +11 Str +1, Dex +3, Con +0, Int +0, Wis +3, Cha +4 Items hand crossbow (10 bolts), kukri, leather armor, virtuoso handheld musical instrument (theorbo)"
						],
						"name": "Society"
					},
					{
						"entries": [],
						"name": "Light Blindness",
						"generic": true
					}
				],
				"mid": [
					{
						"traits": [
							"light"
						],
						"entries": [
							"When Nox dies, their body combusts in a flash of white-hot flame that deals {@damage 5d6} fire damage to creatures in a 20-foot burst (DC 21 basic Reflex save)",
							"Nox's gear and treasure are unaffected by the flames and are left in a pile where they died."
						],
						"name": "Death Flame"
					}
				],
				"bot": [
					{
						"entries": [
							"When Nox has a musical instrument in hand, they can use {@skill Performance} to {@action Feint} or {@action Demoralize}."
						],
						"name": "Intense Performer"
					},
					{
						"entries": [
							"Attack Nox deals an additional {@damage 1d6} precision damage to {@condition flat-footed} creatures."
						],
						"name": "Sneak"
					}
				]
			}
		},
		{
			"name": "Ryta",
			"isNpc": false,
			"source": "AV2",
			"page": 36,
			"level": 4,
			"traits": [
				"unique",
				"ln",
				"small",
				"humanoid",
				"ratfolk"
			],
			"creatureType": [
				"Humanoid"
			],
			"perception": {
				"std": 10
			},
			"senses": [
				{
					"name": "darkvision"
				}
			],
			"languages": {
				"languages": [
					"Common",
					"Undercommon"
				],
				"languageAbilities": []
			},
			"skills": {
				"Acrobatics": {
					"std": 11
				},
				"Diplomacy": {
					"std": 12
				},
				"Intimidation": {
					"std": 12
				},
				"Performance": {
					"std": 12
				},
				"Society": {
					"std": 9
				},
				"Stealth": {
					"std": 11
				}
			},
			"abilityMods": {
				"str": 1,
				"dex": 3,
				"con": 0,
				"int": 1,
				"wis": 2,
				"cha": 4
			},
			"items": [
				"studded leather armor"
			],
			"ac": {
				"std": 21
			},
			"savingThrows": {
				"fort": {
					"std": 8
				},
				"ref": {
					"std": 13
				},
				"will": {
					"std": 10
				}
			},
			"hp": [
				{
					"hp": 60,
					"abilities": null
				}
			],
			"speed": {
				"walk": 25
			},
			"attacks": [
				{
					"range": "Melee",
					"name": "fangs",
					"attack": 13,
					"traits": [
						"agile",
						"finesse"
					],
					"effects": [],
					"damage": "{@damage 1d4+1} piercing",
					"types": [
						"piercing"
					]
				}
			],
			"spellcasting": [
				{
					"name": "Occult Spontaneous",
					"type": "Spontaneous",
					"tradition": "Occult",
					"DC": 21,
					"attack": 13,
					"entry": {
						"0": {
							"level": 2,
							"spells": [
								{
									"name": "dancing lights"
								},
								{
									"name": "daze"
								},
								{
									"name": "ghost sound"
								},
								{
									"name": "shield"
								},
								{
									"name": "telekinetic projectile"
								}
							]
						},
						"1": {
							"slots": 4,
							"spells": [
								{
									"name": "charm"
								},
								{
									"name": "command"
								},
								{
									"name": "soothe"
								},
								{
									"name": "ventriloquism"
								}
							]
						},
						"2": {
							"slots": 3,
							"spells": [
								{
									"name": "deafness"
								},
								{
									"name": "shatter"
								},
								{
									"name": "soothe"
								}
							]
						}
					}
				}
			],
			"abilities": {
				"top": [
					{
						"entries": [
							"+12, {@skill Society} +9, {@skill Stealth} +11 Str +1, Dex +3, Con +0, Int +1, Wis +2, Cha +4 Items studded leather armor."
						],
						"name": "Performance"
					}
				],
				"mid": [
					{
						"activity": {
							"number": 1,
							"unit": "reaction"
						},
						"trigger": "Ryta is targeted with a melee or ranged attack by an attacker she can see",
						"entries": [
							"Ryta {@action Step||Steps} and gains a +2 circumstance bonus to AC against the triggering attack."
						],
						"name": "Dance Moves"
					}
				],
				"bot": [
					{
						"entries": [
							"Pouches Ryta has stretchy cheek pouches that can store up to 1 cubic foot of objects (though no more than four light items). She can remove or store an item using."
						],
						"name": "Cheek"
					},
					{
						"entries": [
							"{@action Interact} action. As long as she has at least one object in her cheek pouches, her speech is noticeably difficult to understand.",
							"Swarming Ryta can end her movement in the same square as an ally that also has this ability. Only two such creatures can share the same space."
						],
						"name": "the"
					},
					{
						"activity": {
							"number": 1,
							"unit": "action"
						},
						"entries": [
							"Ryta sets up devastating vibrations that echo in her throat and her cheek pouches. Until the start of her next turn, her fangs Strikes deal an additional {@damage 2d8} sonic damage. Ryta can't use Vocal Warm-up if she has an object in her cheek pouches."
						],
						"name": "Vocal Warm-Up"
					}
				]
			}
		},
		{
			"name": "Sacuishu",
			"isNpc": false,
			"source": "AV2",
			"page": 57,
			"level": 9,
			"traits": [
				"unique",
				"ce",
				"small",
				"aberration",
				"air"
			],
			"creatureType": [
				"Aberration"
			],
			"perception": {
				"std": 21
			},
			"senses": [
				{
					"name": "darkvision"
				}
			],
			"languages": {
				"languages": [
					"Aklo",
					"Common",
					"Infernal",
					"Undercommon"
				],
				"languageAbilities": []
			},
			"skills": {
				"Acrobatics": {
					"std": 19
				},
				"Deception": {
					"std": 17
				},
				"Intimidation": {
					"std": 17
				},
				"Religion": {
					"std": 19
				},
				"Stealth": {
					"std": 19
				}
			},
			"abilityMods": {
				"str": -5,
				"dex": 6,
				"con": 0,
				"int": 3,
				"wis": 6,
				"cha": 4
			},
			"ac": {
				"std": 30
			},
			"savingThrows": {
				"fort": {
					"std": 16
				},
				"ref": {
					"std": 18
				},
				"will": {
					"std": 20
				}
			},
			"hp": [
				{
					"hp": 80,
					"abilities": null
				}
			],
			"immunities": [
				"magic"
			],
			"speed": {
				"fly": 50
			},
			"attacks": [
				{
					"range": "Melee",
					"name": "shock",
					"attack": 21,
					"traits": [
						"electricity",
						"magical"
					],
					"effects": [],
					"damage": "{@damage 2d8+8} electricity",
					"types": [
						"electricity"
					]
				}
			],
			"spellcasting": [
				{
					"name": "Divine Prepared",
					"type": "Prepared",
					"tradition": "Divine",
					"DC": 28,
					"attack": 20,
					"entry": {
						"0": {
							"level": 4,
							"spells": [
								{
									"name": "chill touch"
								},
								{
									"name": "daze"
								},
								{
									"name": "divine lance"
								},
								{
									"name": "prestidigitation"
								},
								{
									"name": "sigil"
								}
							]
						},
						"1": {
							"spells": [
								{
									"name": "bane"
								},
								{
									"name": "fear"
								},
								{
									"name": "ray of enfeeblement"
								},
								{
									"name": "sanctuary"
								}
							]
						},
						"2": {
							"spells": [
								{
									"name": "augury"
								},
								{
									"name": "darkness"
								},
								{
									"name": "grim tendrils"
								},
								{
									"name": "see invisibility"
								}
							]
						},
						"3": {
							"spells": [
								{
									"name": "blindness"
								},
								{
									"name": "chilling darkness"
								},
								{
									"name": "fear",
									"notes": [
										"2"
									]
								}
							]
						},
						"4": {
							"spells": [
								{
									"name": "crisis of faith"
								},
								{
									"name": "dispel magic"
								},
								{
									"name": "divine wrath"
								},
								{
									"name": "read omens"
								}
							]
						}
					}
				}
			],
			"abilities": {
				"top": [
					{
						"entries": [
							"+19, {@skill Stealth} +19 Str \u20135, Dex +6, Con +0, Int +3, Wis +6, Cha +4."
						],
						"name": "Religion"
					}
				],
				"mid": [
					{
						"traits": [
							"aura",
							"light"
						],
						"entries": [
							"20 feet. Sacuishu is naturally {@condition invisible} but glows with a sickly green light, casting bright light in the aura and making her visible."
						],
						"name": "Glow"
					},
					{
						"entries": [
							"Immunity Sacuishu is immune to all spells except faerie fire, glitterdust, magic missile, and maze."
						],
						"name": "Magic"
					}
				],
				"bot": [
					{
						"activity": {
							"number": 1,
							"unit": "action"
						},
						"traits": [
							"concentrate"
						],
						"entries": [
							"As spellvoid (page 62), but DC 28."
						],
						"name": "Feed on Magic"
					},
					{
						"activity": {
							"number": 1,
							"unit": "action"
						},
						"traits": [
							"concentrate"
						],
						"entries": [
							"Sacuishu extinguishes her glow, becoming {@condition invisible}.",
							"She can end this effect with another use of this action. If she uses her shock attack while {@condition invisible}, the arc of electricity lets any observer determine her location, making Sacuishu {@condition hidden} to observers only until she moves."
						],
						"name": "Go Dark"
					}
				]
			}
		},
		{
			"name": "Seugathi Reality Warper",
			"isNpc": false,
			"source": "AV2",
			"page": 83,
			"level": 9,
			"traits": [
				"uncommon",
				"ce",
				"large",
				"aberration",
				"seugathi"
			],
			"creatureType": [
				"Aberration"
			],
			"perception": {
				"std": 17
			},
			"senses": [
				{
					"name": "darkvision"
				},
				{
					"name": "{@ability tremorsense}",
					"range": 30
				}
			],
			"languages": {
				"languages": [
					"Aklo",
					"Undercommon"
				],
				"languageAbilities": [
					"telepathy 100 feet"
				]
			},
			"skills": {
				"Acrobatics": {
					"std": 19
				},
				"Arcana": {
					"std": 19
				},
				"Crafting": {
					"std": 19
				},
				"Deception": {
					"std": 20
				},
				"Intimidation": {
					"std": 18
				},
				"Nature": {
					"std": 17
				},
				"Occultism": {
					"std": 19
				},
				"Stealth": {
					"std": 19
				}
			},
			"abilityMods": {
				"str": 4,
				"dex": 6,
				"con": 3,
				"int": 4,
				"wis": 2,
				"cha": 5
			},
			"items": [
				"+1 battle axe"
			],
			"ac": {
				"std": 27
			},
			"savingThrows": {
				"fort": {
					"std": 18
				},
				"ref": {
					"std": 21
				},
				"will": {
					"std": 15
				}
			},
			"hp": [
				{
					"hp": 120,
					"abilities": null
				}
			],
			"immunities": [
				"mental",
				"poison"
			],
			"resistances": [
				{
					"amount": 10,
					"name": "bludgeoning"
				}
			],
			"speed": {
				"walk": 25
			},
			"attacks": [
				{
					"range": "Melee",
					"name": "bite",
					"attack": 19,
					"traits": [
						"agile",
						"finesse"
					],
					"effects": [
						"seugathi venom"
					],
					"damage": "{@damage 2d6+8} piercing plus {@damage 1d10} chaotic plus seugathi venom",
					"types": [
						"chaotic",
						"piercing"
					]
				},
				{
					"range": "Melee",
					"name": "battle axe",
					"attack": 18,
					"traits": [
						"magical",
						"sweep",
						"reach 10 feet"
					],
					"effects": [],
					"damage": "{@damage 1d8+8} bludgeoning plus {@damage 1d10} chaotic",
					"types": [
						"bludgeoning",
						"chaotic"
					]
				}
			],
			"spellcasting": [
				{
					"name": "Occult Innate",
					"type": "Innate",
					"tradition": "Occult",
					"DC": 28,
					"attack": 20,
					"entry": {
						"0": {
							"level": 5,
							"spells": [
								{
									"name": "daze"
								},
								{
									"name": "detect magic"
								},
								{
									"name": "mage hand"
								},
								{
									"name": "telekinetic projectile"
								}
							]
						},
						"3": {
							"spells": [
								{
									"name": "hypercognition",
									"amount": 3
								},
								{
									"name": "levitate",
									"amount": 3
								},
								{
									"name": "mind reading",
									"amount": 3
								}
							]
						},
						"4": {
							"spells": [
								{
									"name": "confusion",
									"amount": 3
								},
								{
									"name": "phantasmal killer"
								},
								{
									"name": "suggestion"
								}
							]
						},
						"5": {
							"spells": [
								{
									"name": "black tentacles"
								},
								{
									"name": "crushing despair"
								},
								{
									"name": "hallucination"
								},
								{
									"name": "synesthesia"
								}
							]
						}
					}
				}
			],
			"abilities": {
				"top": [
					{
						"entries": [
							"+17, {@skill Occultism} +19, {@skill Stealth} +19 Str +4, Dex +6, Con +3, Int +4, Wis +2, Cha +5 Items +1 battle axe."
						],
						"name": "Nature"
					}
				],
				"mid": [
					{
						"traits": [
							"enchantment",
							"mental"
						],
						"entries": [
							"20 feet. As seugathi servant, but DC 25."
						],
						"name": "Mindfog Aura",
						"entries_as_xyz": [
							"20 feet. A creature that starts its turn in the aura must succeed at a DC 21 Will save or become {@condition confused} for 1 round; on a success, that creature is temporarily immune for 1 minute. A seugathi can suppress or activate this aura as a single action with the {@trait concentrate} trait."
						]
					},
					{
						"activity": {
							"number": 1,
							"unit": "reaction"
						},
						"entries": [
							"As seugathi servant, but DC 25."
						],
						"name": "Command Confusion",
						"trigger": "A creature fails its save against the seugathi's mindfog aura",
						"entries_as_xyz": [
							"The seugathi determines who the {@condition confused} creature attacks for that round, instead of the target being randomly determined by the GM. If the chosen target is the {@condition confused} creature's ally, the creature can immediately attempt a DC 21 Will save; on a success, its target is determined randomly as normal for confusion, and on a critical success the target is no longer {@condition confused}."
						]
					}
				],
				"bot": [
					{
						"activity": {
							"number": 1,
							"unit": "action"
						},
						"traits": [
							"manipulate"
						],
						"entries": [
							"The seugathi applies their seugathi venom to one weapon they wield."
						],
						"name": "Envenom Weapon"
					},
					{
						"entries": [
							"A seugathi can {@action Cast a Spell} from a magic item even if the spell isn't on their spell list. All such spells are occult spells and use the seugathi's innate spell DC and attack modifier."
						],
						"name": "Magic Item Mastery"
					},
					{
						"traits": [
							"poison"
						],
						"entries": [
							"As seugathi servant, but DC 25."
						],
						"name": "Seugathi Venom",
						"entries_as_xyz": [
							{
								"type": "affliction",
								"name": "",
								"traits": [
									"poison"
								],
								"note": "",
								"DC": 21,
								"savingThrow": "Fortitude",
								"maxDuration": "6 rounds",
								"stages": [
									{
										"stage": 1,
										"entry": "{@damage 1d6} poison damage and {@condition stupefied|CRB|stupefied 1}",
										"duration": "1 round"
									},
									{
										"stage": 2,
										"entry": "{@damage 2d6} poison damage and {@condition deafened} and {@condition stupefied|CRB|stupefied 2}",
										"duration": "1 round"
									}
								]
							}
						]
					},
					{
						"activity": {
							"number": 3,
							"unit": "action"
						},
						"traits": [
							"concentrate",
							"occult",
							"transmutation"
						],
						"entries": [
							"The seugathi bends reality in their choice of a 10-foot emanation or a 60-foot line, altering the terrain of the area. The terrain becomes a different type of terrain (such as aquatic, arctic, or desert) and becomes normal or difficult terrain, as the seugathi chooses. Structures, general geographic features, and creatures in the area aren't transformed, but creatures in the area take {@damage 5d6} chaotic damage (DC 28 basic Fortitude save) as reality tries to bend them along with the terrain. Though changes to the area are permanent, the natural environment might eventually revert the land back to its original state (aquatic areas drain, arctic areas thaw, and so on)."
						],
						"name": "Warp Reality"
					}
				]
			}
		},
		{
			"name": "Seugathi Servant",
			"isNpc": false,
			"source": "AV2",
			"page": 82,
			"level": 6,
			"traits": [
				"uncommon",
				"ce",
				"large",
				"aberration",
				"seugathi"
			],
			"creatureType": [
				"Aberration"
			],
			"perception": {
				"std": 14
			},
			"senses": [
				{
					"name": "darkvision"
				},
				{
					"name": "{@ability tremorsense}",
					"range": 30
				}
			],
			"languages": {
				"languages": [
					"Aklo",
					"Undercommon"
				],
				"languageAbilities": [
					"telepathy 100 feet"
				]
			},
			"skills": {
				"Acrobatics": {
					"std": 15
				},
				"Crafting": {
					"std": 12
				},
				"Intimidation": {
					"std": 15
				},
				"Occultism": {
					"std": 12
				},
				"Stealth": {
					"std": 13
				},
				"Survival": {
					"std": 10
				}
			},
			"abilityMods": {
				"str": 2,
				"dex": 5,
				"con": 2,
				"int": 2,
				"wis": 4,
				"cha": 5
			},
			"items": [
				"longsword"
			],
			"ac": {
				"std": 23
			},
			"savingThrows": {
				"fort": {
					"std": 14
				},
				"ref": {
					"std": 17
				},
				"will": {
					"std": 12
				}
			},
			"hp": [
				{
					"hp": 75,
					"abilities": null
				}
			],
			"immunities": [
				"mental",
				"poison"
			],
			"resistances": [
				{
					"amount": 5,
					"name": "bludgeoning"
				}
			],
			"speed": {
				"walk": 25
			},
			"attacks": [
				{
					"range": "Melee",
					"name": "bite",
					"attack": 17,
					"traits": [
						"agile",
						"finesse"
					],
					"effects": [
						"seugathi venom"
					],
					"damage": "{@damage 2d6+5} piercing plus seugathi venom",
					"types": [
						"piercing"
					]
				},
				{
					"range": "Melee",
					"name": "longsword",
					"attack": 14,
					"traits": [
						"reach 10 feet",
						"versatile p"
					],
					"effects": [],
					"damage": "{@damage 1d8+5} piercing",
					"types": [
						"piercing"
					]
				}
			],
			"spellcasting": [
				{
					"name": "Occult Innate",
					"type": "Innate",
					"tradition": "Occult",
					"DC": 24,
					"attack": 16,
					"entry": {
						"0": {
							"level": 3,
							"spells": [
								{
									"name": "daze"
								},
								{
									"name": "detect magic"
								},
								{
									"name": "mage hand"
								},
								{
									"name": "telekinetic projectile"
								}
							]
						},
						"3": {
							"spells": [
								{
									"name": "hypercognition"
								},
								{
									"name": "levitate"
								},
								{
									"name": "mind reading",
									"amount": 3
								}
							]
						}
					}
				}
			],
			"abilities": {
				"top": [
					{
						"entries": [
							"+10 Str +2, Dex +5, Con +2, Int +2, Wis +4, Cha +5 Items longsword."
						],
						"name": "Survival"
					}
				],
				"mid": [
					{
						"traits": [
							"enchantment",
							"mental"
						],
						"entries": [
							"20 feet. A creature that starts its turn in the aura must succeed at a DC 21 Will save or become {@condition confused} for 1 round; on a success, that creature is temporarily immune for 1 minute. A seugathi can suppress or activate this aura as a single action with the {@trait concentrate} trait."
						],
						"name": "Mindfog Aura"
					},
					{
						"activity": {
							"number": 1,
							"unit": "reaction"
						},
						"trigger": "A creature fails its save against the seugathi's mindfog aura",
						"entries": [
							"The seugathi determines who the {@condition confused} creature attacks for that round, instead of the target being randomly determined by the GM. If the chosen target is the {@condition confused} creature's ally, the creature can immediately attempt a DC 21 Will save; on a success, its target is determined randomly as normal for confusion, and on a critical success the target is no longer {@condition confused}."
						],
						"name": "Command Confusion"
					}
				],
				"bot": [
					{
						"activity": {
							"number": 1,
							"unit": "action"
						},
						"traits": [
							"manipulate"
						],
						"entries": [
							"The seugathi applies their seugathi venom to one weapon they wield."
						],
						"name": "Envenom Weapon"
					},
					{
						"entries": [
							"A seugathi can {@action Cast a Spell} from a magic item even if the spell isn't on their spell list. All such spells are occult spells and use the seugathi's innate spell DC and attack modifier."
						],
						"name": "Magic Item Mastery"
					},
					{
						"entries": [
							{
								"type": "affliction",
								"name": "",
								"traits": [
									"poison"
								],
								"note": "",
								"DC": 21,
								"savingThrow": "Fortitude",
								"maxDuration": "6 rounds",
								"stages": [
									{
										"stage": 1,
										"entry": "{@damage 1d6} poison damage and {@condition stupefied|CRB|stupefied 1}",
										"duration": "1 round"
									},
									{
										"stage": 2,
										"entry": "{@damage 2d6} poison damage and {@condition deafened} and {@condition stupefied|CRB|stupefied 2}",
										"duration": "1 round"
									}
								]
							}
						],
						"name": "Seugathi Venom"
					}
				]
			}
		},
		{
			"name": "Shanrigol Behemoth",
			"isNpc": false,
			"source": "AV2",
			"page": 85,
			"level": 9,
			"traits": [
				"uncommon",
				"n",
				"gargantuan",
				"aberration",
				"undead"
			],
			"creatureType": [
				"Aberration",
				"Undead"
			],
			"perception": {
				"std": 18
			},
			"senses": [
				{
					"name": "darkvision"
				},
				{
					"type": "imprecise",
					"name": "{@ability tremorsense}",
					"range": 30
				}
			],
			"skills": {
				"Athletics": {
					"std": 20
				},
				"Stealth": {
					"std": 16
				}
			},
			"abilityMods": {
				"str": 7,
				"dex": 4,
				"con": 3,
				"int": -4,
				"wis": 3,
				"cha": -5
			},
			"ac": {
				"std": 27,
				"abilities": "all-around vision"
			},
			"savingThrows": {
				"fort": {
					"std": 21
				},
				"ref": {
					"std": 18
				},
				"will": {
					"std": 16
				}
			},
			"hp": [
				{
					"hp": 140,
					"abilities": [
						"negative healing"
					]
				}
			],
			"immunities": [
				"death effects",
				"disease"
			],
			"weaknesses": [
				{
					"amount": 10,
					"name": "positive"
				}
			],
			"resistances": [
				{
					"amount": 10,
					"name": "slashing"
				}
			],
			"speed": {
				"walk": 30,
				"climb": 20,
				"swim": 20
			},
			"attacks": [
				{
					"range": "Melee",
					"name": "fleshy slap",
					"attack": 21,
					"traits": [
						"forceful",
						"reach 15 feet"
					],
					"effects": [
						"Grab"
					],
					"damage": "{@damage 2d10+11} bludgeoning plus Grab",
					"types": [
						"bludgeoning"
					]
				},
				{
					"range": "Ranged",
					"name": "bone shard",
					"attack": 18,
					"traits": [
						"agile",
						"range increment 30 feet",
						"versatile p"
					],
					"effects": [],
					"damage": "{@damage 1d12+11} bludgeoning",
					"types": [
						"bludgeoning"
					]
				},
				{
					"range": "Ranged",
					"name": "web",
					"attack": 18,
					"traits": [
						"range increment 30 feet"
					],
					"effects": [
						"web trap"
					],
					"damage": "web trap",
					"types": []
				}
			],
			"abilities": {
				"mid": [
					{
						"traits": [
							"divine",
							"necromancy",
							"negative"
						],
						"entries": [
							"When the shanrigol behemoth dies, its flesh rots away and sublimates into a foul-smelling gas that fills a 5-foot emanation around the body. This gas deals {@damage 9d6} negative damage to creatures in this area as their flesh curdles and rots as well (DC 27 basic Fortitude save)."
						],
						"name": "Necrotic Decay"
					}
				],
				"bot": [
					{
						"activity": {
							"number": 1,
							"unit": "action"
						},
						"entries": [
							"As shanrigol heap, but {@damage 1d10+11} bludgeoning and {@damage 1d6} {@condition persistent damage ||persistent bleed}, DC 25."
						],
						"name": "Sapping Squeeze",
						"requirements": "The shanrigol has a creature {@condition grabbed}",
						"entries_as_xyz": [
							"The shanrigol squeezes the life essence from its target, dealing {@damage 1d6+5} bludgeoning and {@damage 1d4} {@condition persistent damage ||persistent bleed damage} (DC 18 basic Fortitude save). The shanrigol regains temporary Hit Points equal to half the amount of bludgeoning damage a single target takes; these temporary Hit Points last for 1 minute."
						]
					},
					{
						"entries": [
							"A shanrigol behemoth's attacks brutally rend its foes. Creatures critically hit by the shanrigol's fleshy slap {@action Strike} take an additional {@damage 2d6} {@condition persistent damage ||persistent bleed damage} and are {@condition enfeebled|CRB|enfeebled 1} for as long as they are bleeding."
						],
						"name": "Shred Flesh"
					},
					{
						"activity": {
							"number": 2,
							"unit": "action"
						},
						"entries": [
							"The shanrigol separates its flesh from its bones to fit through small spaces. It {@action Stride||Strides}, ignoring difficult terrain and fitting through tight spaces as though it were a Tiny creature.",
							"It can't use any actions other than Undulating {@action Step} until it occupies an area large enough for its normal form."
						],
						"name": "Undulating Step"
					},
					{
						"entries": [
							"A creature hit by the shanrigol behemoth's web attack is {@condition immobilized} and stuck to the nearest surface until it can {@action Escape} (DC 25)."
						],
						"name": "Web Trap"
					}
				]
			}
		},
		{
			"name": "Shanrigol Heap",
			"isNpc": false,
			"source": "AV2",
			"page": 84,
			"level": 4,
			"traits": [
				"n",
				"medium",
				"aberration",
				"undead"
			],
			"creatureType": [
				"Aberration",
				"Undead"
			],
			"perception": {
				"std": 9
			},
			"senses": [
				{
					"name": "darkvision"
				},
				{
					"type": "imprecise",
					"name": "{@ability tremorsense}",
					"range": 30
				}
			],
			"skills": {
				"Athletics": {
					"std": 12
				},
				"Stealth": {
					"std": 10
				}
			},
			"abilityMods": {
				"str": 5,
				"dex": 2,
				"con": 3,
				"int": -4,
				"wis": 1,
				"cha": -5
			},
			"ac": {
				"std": 20,
				"abilities": "all-around vision"
			},
			"savingThrows": {
				"fort": {
					"std": 14
				},
				"ref": {
					"std": 11
				},
				"will": {
					"std": 9
				}
			},
			"hp": [
				{
					"hp": 55,
					"abilities": [
						"negative healing"
					]
				}
			],
			"immunities": [
				"poison",
				"death effects",
				"disease",
				"paralyzed"
			],
			"resistances": [
				{
					"amount": 5,
					"name": "slashing"
				},
				{
					"amount": 5,
					"name": "piercing"
				}
			],
			"speed": {
				"walk": 20,
				"climb": 20,
				"swim": 20
			},
			"attacks": [
				{
					"range": "Melee",
					"name": "fleshy slap",
					"attack": 14,
					"traits": [
						"forceful"
					],
					"effects": [
						"Grab"
					],
					"damage": "{@damage 2d6+8} bludgeoning plus Grab",
					"types": [
						"bludgeoning"
					]
				},
				{
					"range": "Ranged",
					"name": "bone shard",
					"attack": 11,
					"traits": [
						"agile",
						"range increment 20 feet",
						"versatile p"
					],
					"effects": [],
					"damage": "{@damage 1d8+8} bludgeoning",
					"types": [
						"bludgeoning"
					]
				}
			],
			"abilities": {
				"bot": [
					{
						"activity": {
							"number": 1,
							"unit": "action"
						},
						"requirements": "The shanrigol has a creature {@condition grabbed}",
						"entries": [
							"The shanrigol squeezes the life essence from its target, dealing {@damage 1d6+5} bludgeoning and {@damage 1d4} {@condition persistent damage ||persistent bleed damage} (DC 18 basic Fortitude save). The shanrigol regains temporary Hit Points equal to half the amount of bludgeoning damage a single target takes; these temporary Hit Points last for 1 minute."
						],
						"name": "Sapping Squeeze"
					},
					{
						"entries": [
							"A shanrigol rips flesh away from targets in great chunks. Creatures critically hit by the shanrigol's fleshy slap {@action Strike} take an additional {@damage 1d6} {@condition persistent damage ||persistent bleed damage} and are {@condition enfeebled|CRB|enfeebled 1} for as long as they are bleeding."
						],
						"name": "Shred Flesh"
					},
					{
						"activity": {
							"number": 2,
							"unit": "action"
						},
						"entries": [
							"The shanrigol separates its flesh from its bones to fit through small spaces. It {@action Stride||Strides}, ignoring difficult terrain and fitting through tight spaces as though it were a Tiny creature.",
							"It can't use any actions other than Undulating {@action Step} until it occupies an area large enough for its normal form."
						],
						"name": "Undulating Step"
					}
				]
			}
		},
		{
			"name": "Urevian",
			"isNpc": false,
			"source": "AV2",
			"page": 90,
			"level": 9,
			"traits": [
				"unique",
				"le",
				"medium",
				"devil",
				"fiend"
			],
			"creatureType": [
				"Fiend"
			],
			"perception": {
				"std": 19
			},
			"senses": [
				{
					"name": "greater darkvision"
				}
			],
			"languages": {
				"languages": [
					"Abyssal",
					"Aklo",
					"Celestial",
					"Common",
					"Infernal,"
				],
				"languageAbilities": []
			},
			"skills": {
				"Acrobatics": {
					"std": 17
				},
				"Deception": {
					"std": 21
				},
				"Diplomacy": {
					"std": 19
				},
				"Intimidation": {
					"std": 19
				},
				"Religion": {
					"std": 19
				},
				"Thievery": {
					"std": 18
				},
				"Legal Lore": {
					"std": 23
				}
			},
			"abilityMods": {
				"str": 3,
				"dex": 4,
				"con": 3,
				"int": 6,
				"wis": 4,
				"cha": 6
			},
			"ac": {
				"std": 28
			},
			"savingThrows": {
				"fort": {
					"std": 18
				},
				"ref": {
					"std": 17
				},
				"will": {
					"std": 22
				}
			},
			"hp": [
				{
					"hp": 135,
					"abilities": null
				}
			],
			"immunities": [
				"fire",
				"ward contract"
			],
			"weaknesses": [
				{
					"amount": 10,
					"name": "good"
				}
			],
			"resistances": [
				{
					"name": "physical"
				}
			],
			"speed": {
				"walk": 25
			},
			"attacks": [
				{
					"range": "Melee",
					"name": "diabolic quill",
					"attack": 21,
					"traits": [
						"agile",
						"evil",
						"fatal 1d12",
						"finesse",
						"magical",
						"reach 10 feet"
					],
					"effects": [
						"infernal wound"
					],
					"damage": "{@damage 2d6+9} piercing plus {@damage 1d6} evil and infernal wound",
					"types": [
						"evil",
						"piercing"
					]
				},
				{
					"range": "Melee",
					"name": "horn",
					"attack": 20,
					"traits": [
						"magical"
					],
					"effects": [
						"infernal wound"
					],
					"damage": "{@damage 3d10+9} piercing and infernal wound",
					"types": [
						"piercing"
					]
				}
			],
			"spellcasting": [
				{
					"name": "Divine Innate",
					"type": "Innate",
					"tradition": "Divine",
					"DC": 30,
					"entry": {
						"0": {
							"level": 5,
							"spells": [
								{
									"name": "detect magic"
								}
							]
						},
						"3": {
							"spells": [
								{
									"name": "enthrall"
								},
								{
									"name": "mind reading",
									"amount": "at will"
								}
							]
						},
						"4": {
							"spells": [
								{
									"name": "dimension door",
									"amount": "at will"
								},
								{
									"name": "private sanctum"
								},
								{
									"name": "silence"
								}
							]
						},
						"5": {
							"spells": [
								{
									"name": "dimension door"
								},
								{
									"name": "flame strike"
								},
								{
									"name": "locate",
									"amount": "at will"
								},
								{
									"name": "mind probe"
								},
								{
									"name": "sending",
									"amount": 3
								},
								{
									"name": "wall of force"
								}
							]
						},
						"6": {
							"spells": [
								{
									"name": "scrying",
									"amount": "at will",
									"notes": [
										"see right of inspection"
									]
								}
							]
						},
						"constant": {
							"5": {
								"spells": [
									{
										"name": "tongues"
									}
								]
							}
						}
					}
				}
			],
			"abilities": {
				"top": [
					{
						"entries": [
							"Undercommon; telepathy 100 feet, tongues Skills {@skill Acrobatics} +17, {@skill Deception} +21, {@skill Diplomacy} +19,"
						],
						"name": "Necril,"
					},
					{
						"entries": [
							"+19, {@skill Lore||Legal Lore} +23, {@skill Religion} +19, {@skill Society} +19, {@skill Thievery} +18 Str +3, Dex +4, Con +3, Int +6, Wis +4, Cha +6."
						],
						"name": "Intimidation"
					}
				],
				"mid": [
					{
						"entries": [
							"Declaration Urevian keeps a few sly words at the ready to distract enemies. He always uses {@skill Deception} for initiative."
						],
						"name": "Distracting"
					},
					{
						"entries": [
							"Any signed contract Urevian carries (including any draped over his horns) is immune to damage from creatures other than Urevian. In addition, Urevian is immune to {@trait mental} effects that would make him alter, nullify, or destroy a contract."
						],
						"name": "Ward Contract"
					}
				],
				"bot": [
					{
						"activity": {
							"number": 3,
							"unit": "action"
						},
						"traits": [
							"conjuration",
							"divine",
							"manipulate"
						],
						"entries": [
							"Urevian produces an infernal contract for a single living mortal. This contract can grant a wide range of abilities and effects, akin to the power of a {@spell wish} spell but fulfilled to the letter by Urevian. To receive any of those benefits, the mortal must willingly sign its true name to the contract. At that point, the mortal's soul is bound to Urevian and to Hell.",
							"While the contract is in effect, the mortal can't be restored to life except by wish or similar magic. If the mortal is restored to life by those means, Urevian knows which mortal came to life and can locate the creature or creatures who restored the mortal to life for 1 year, gaining the effects of a {@spell locate} spell with unlimited range.",
							"Avoiding the terms of an infernal contract is difficult and often dangerous."
						],
						"name": "Draft Contract"
					},
					{
						"traits": [
							"divine",
							"necromancy"
						],
						"entries": [
							"Urevian's Strikes also deal {@damage 2d6} {@condition persistent damage ||persistent bleed damage} that resists attempts to heal them. The flat check to stop the bleeding starts at DC 20. The DC is reduced to 15 only if the bleeding creature or an ally successfully assists with the recovery."
						],
						"name": "Infernal Wound"
					},
					{
						"traits": [
							"a"
						],
						"entries": [
							"creature with an infernal wound is increased by 5. A spellcaster or item attempting to use healing magic on a creature suffering from an infernal wound must succeed at a DC 28 counteract check or the magic fails to heal the creature."
						],
						"name": "The DC to Administer First Aid to"
					},
					{
						"entries": [
							"Inspection Urevian can cast his innate {@spell scrying} spell at will, but only to target a creature with which he has a contract, a specific creature named in a contract he has, or a descendant of any of those creatures. The outcome of the target's saving throw is one step worse than the result it rolled."
						],
						"name": "Right of"
					}
				]
			}
		},
		{
			"name": "Vischari",
			"isNpc": false,
			"source": "AV2",
			"page": 34,
			"level": 7,
			"traits": [
				"unique",
				"ne",
				"medium",
				"humanoid",
				"urdefhan"
			],
			"creatureType": [
				"Humanoid"
			],
			"perception": {
				"std": 15
			},
			"senses": [
				{
					"name": "greater darkvision"
				}
			],
			"languages": {
				"languages": [
					"Aklo",
					"Daemonic",
					"Undercommon"
				],
				"languageAbilities": []
			},
			"skills": {
				"Acrobatics": {
					"std": 15
				},
				"Athletics": {
					"std": 17
				},
				"Intimidation": {
					"std": 15
				},
				"Medicine": {
					"std": 13
				},
				"Survival": {
					"std": 15
				}
			},
			"abilityMods": {
				"str": 6,
				"dex": 4,
				"con": 2,
				"int": 0,
				"wis": 2,
				"cha": 4
			},
			"ac": {
				"std": 25
			},
			"savingThrows": {
				"fort": {
					"std": 15
				},
				"ref": {
					"std": 17
				},
				"will": {
					"std": 13
				}
			},
			"hp": [
				{
					"hp": 115,
					"abilities": [
						"negative healing"
					]
				}
			],
			"immunities": [
				"death effects",
				"disease"
			],
			"weaknesses": [
				{
					"amount": 10,
					"name": "positive"
				}
			],
			"speed": {
				"walk": 25
			},
			"attacks": [
				{
					"range": "Melee",
					"name": "fist",
					"attack": 18,
					"traits": [
						"deadly d8"
					],
					"effects": [],
					"damage": "{@damage 2d8+10} bludgeoning",
					"types": [
						"bludgeoning"
					]
				},
				{
					"range": "Melee",
					"name": "jaws",
					"attack": 17,
					"effects": [
						"wicked bite"
					],
					"damage": "{@damage 2d6+10} piercing plus wicked bite",
					"types": [
						"piercing"
					]
				}
			],
			"spellcasting": [
				{
					"name": "Divine Innate",
					"type": "Innate",
					"tradition": "Divine",
					"DC": 22,
					"attack": 14,
					"entry": {
						"1": {
							"spells": [
								{
									"name": "feather fall",
									"amount": "at will",
									"notes": [
										"self only"
									]
								},
								{
									"name": "ray of enfeeblement"
								}
							]
						},
						"2": {
							"spells": [
								{
									"name": "darkness"
								},
								{
									"name": "death knell"
								}
							]
						},
						"3": {
							"spells": [
								{
									"name": "fear"
								}
							]
						}
					}
				}
			],
			"abilities": {
				"top": [
					{
						"entries": [
							"+15, {@skill Medicine} +13, {@skill Survival} +15 Str +6, Dex +4, Con +2, Int +0, Wis +2, Cha +4."
						],
						"name": "Shove), Intimidation"
					}
				],
				"mid": [
					{
						"traits": [
							"divine",
							"necromancy",
							"negative"
						],
						"entries": [
							"When Vischari dies, her {@condition invisible} flesh rots away and sublimates into a foul-smelling gas that fills a 5-foot emanation around her body. This gas deals {@damage 7d6} negative damage to creatures in this area as their flesh curdles and rots (DC 24 basic Fortitude save)."
						],
						"name": "Necrotic Decay"
					},
					{
						"activity": {
							"number": 1,
							"unit": "reaction"
						},
						"entries": [],
						"name": "Attack of Opportunity",
						"generic": true
					}
				],
				"bot": [
					{
						"activity": {
							"number": 2,
							"unit": "action"
						},
						"traits": [
							"incapacitation"
						],
						"entries": [
							"Vischari makes a fist {@action Strike} that shuts down her target's motor control.",
							"The target must make a DC 25 Fortitude save. If the {@action Strike} was a critical hit, treat the target's save result as one degree worse. The target is then temporarily immune for 1 hour.",
							{
								"type": "successDegree",
								"entries": {
									"Critical Success": "The target is unaffected.",
									"Success": "The target is {@condition stunned|CRB|stunned 1}.",
									"Failure": "The target is {@condition paralyzed} for 1 round.",
									"Critical Failure": "The target is {@condition paralyzed} for 1 minute. At the end of each of its turns, it can attempt a new Fortitude save to reduce the remaining duration by 1 round or end it entirely on a critical success."
								}
							}
						],
						"name": "Immobilizing Blow"
					},
					{
						"activity": {
							"number": 1,
							"unit": "action"
						},
						"requirements": "Vischari damaged a creature with a jaws {@action Strike} on her last action",
						"entries": [
							"Vischari maintains contact, turning the creature's flesh translucent around the site of the injury. Vischari chooses one of two options, each of which requires the target to attempt a DC 25 Fortitude save. If her jaws {@action Strike} was a critical hit, the creature suffers both effects, using the same save result for both.",
							{
								"type": "list",
								"items": [
									"{@bold Drain Blood} Vischari drinks some of the creature's blood. On a failed save, the creature is {@condition drained|CRB|drained 1} and Vischari regains 10 HP (on a critical failure, it's {@condition drained|CRB|drained 2} and Vischari regains 20 HP).",
									"{@bold Drain Vitality} (necromancy) Vischari draws out some of the creature's vital essence. The creature becomes {@condition enfeebled|CRB|enfeebled 1} for 1 hour on a failed save (or {@condition enfeebled|CRB|enfeebled 2} for 1 hour on a critical failure)."
								]
							}
						],
						"name": "Wicked Bite"
					}
				]
			}
		}
	]
}
