{
	"domain": [
		{
			"name": "Air",
			"source": "CRB",
			"page": 441,
			"entries": [
				"You can control winds and the weather."
			]
		},
		{
			"name": "Change",
			"source": "LOGM",
			"page": 112,
			"entries": [
				"You can restructure the physical and metaphysical."
			]
		},
		{
			"name": "Cold",
			"source": "LOGM",
			"page": 112,
			"entries": [
				"You control ice, snow, and freezing temperatures."
			]
		},
		{
			"name": "Decay",
			"source": "LOGM",
			"page": 112,
			"entries": [
				"You have the power to spoil and deteriorate matter."
			]
		},
		{
			"name": "Delirium",
			"source": "LOGM",
			"page": 113,
			"entries": [
				"You can bring about hallucinations and restlessness."
			]
		},
		{
			"name": "Dust",
			"source": "LOGM",
			"page": 114,
			"entries": [
				"You have the power to dry and crumble what opposes you."
			]
		},
		{
			"name": "Duty",
			"source": "LOGM",
			"page": 114,
			"entries": [
				"You defend oaths and carry out your divine missions with great dedication."
			]
		},
		{
			"name": "Glyph",
			"source": "LOGM",
			"page": 114,
			"entries": [
				"You wield power over written words and symbols."
			]
		},
		{
			"name": "Lightning",
			"source": "LOGM",
			"page": 115,
			"entries": [
				"You control electricity, thunder, and storms."
			]
		},
		{
			"name": "Plague",
			"source": "LOGM",
			"page": 115,
			"entries": [
				"You wield disease and pestilence like a weapon."
			]
		},
		{
			"name": "Repose",
			"source": "LOGM",
			"page": 116,
			"entries": [
				"You ease mental burdens."
			]
		},
		{
			"name": "Sorrow",
			"source": "LOGM",
			"page": 116,
			"entries": [
				"You have a painful connection to melancholy and sadness."
			]
		},
		{
			"name": "Soul",
			"source": "LOGM",
			"page": 117,
			"entries": [
				"You wield power over the spiritual."
			]
		},
		{
			"name": "Star",
			"source": "LOGM",
			"page": 117,
			"entries": [
				"You command the power of the stars."
			]
		},
		{
			"name": "Swarm",
			"source": "LOGM",
			"page": 117,
			"entries": [
				"You exert control over masses of creatures."
			]
		},
		{
			"name": "Time",
			"source": "LOGM",
			"page": 118,
			"entries": [
				"You reign over the flow of time."
			]
		},
		{
			"name": "Vigil",
			"source": "LOGM",
			"page": 118,
			"entries": [
				"You watch over those long passed and guard their secrets."
			]
		},
		{
			"name": "Void",
			"source": "LOGM",
			"page": 112,
			"entries": [
				"You draw power from emptiness."
			]
		},
		{
			"name": "Wyrmkin",
			"source": "LOGM",
			"page": 119,
			"entries": [
				"You draw on the power of dragons, linnorms, and other powerful reptilian creatures."
			]
		}
	]
}
