{"x":[{"c":3,"s":0,"id":0,"u":"access%20lore_apg","p":229,"h":1,"lvl":3,"n":"Access Lore"},{"c":3,"s":0,"id":1,"u":"agonizing%20despair_apg","p":214,"h":1,"lvl":3,"n":"Agonizing Despair"},{"c":3,"s":0,"id":2,"u":"ancestral%20defense_apg","p":230,"h":1,"lvl":3,"n":"Ancestral Defense"},{"c":3,"s":0,"id":3,"u":"ancestral%20form_apg","p":230,"h":1,"lvl":6,"n":"Ancestral Form"},{"c":3,"s":0,"id":4,"u":"ancestral%20touch_apg","p":230,"h":1,"lvl":1,"n":"Ancestral Touch"},{"c":3,"s":0,"id":5,"u":"animal%20feature_apg","p":234,"h":1,"lvl":2,"n":"Animal Feature"},{"c":3,"s":0,"id":6,"u":"animate%20dead_apg","p":214,"h":1,"lvl":1,"n":"Animate Dead"},{"c":3,"s":0,"id":7,"u":"animate%20rope_apg","p":214,"h":1,"lvl":1,"n":"Animate Rope"},{"c":3,"s":0,"id":8,"u":"animated%20assault_apg","p":214,"h":1,"lvl":2,"n":"Animated Assault"},{"c":3,"s":0,"id":9,"u":"aqueous%20orb_apg","p":214,"h":1,"lvl":3,"n":"Aqueous Orb"},{"c":3,"s":0,"id":10,"u":"armor%20of%20bones_apg","p":230,"h":1,"lvl":3,"n":"Armor Of Bones"},{"c":3,"s":0,"id":11,"u":"battlefield%20persistence_apg","p":230,"h":1,"lvl":3,"n":"Battlefield Persistence"},{"c":3,"s":0,"id":12,"u":"beastmaster%20trance_apg","p":161,"h":1,"lvl":3,"n":"Beastmaster Trance"},{"c":3,"s":0,"id":13,"u":"bestial%20curse_apg","p":215,"h":1,"lvl":4,"n":"Bestial Curse"},{"c":3,"s":0,"id":14,"u":"blanket%20of%20stars_apg","p":215,"h":1,"lvl":6,"n":"Blanket Of Stars"},{"c":3,"s":0,"id":15,"u":"blinding%20beauty_apg","p":235,"h":1,"lvl":3,"n":"Blinding Beauty"},{"c":3,"s":0,"id":16,"u":"blinding%20fury_apg","p":216,"h":1,"lvl":6,"n":"Blinding Fury"},{"c":3,"s":0,"id":17,"u":"blister_apg","p":216,"h":1,"lvl":5,"n":"Blister"},{"c":3,"s":0,"id":18,"u":"blistering%20invective_apg","p":216,"h":1,"lvl":2,"n":"Blistering Invective"},{"c":3,"s":0,"id":19,"u":"blood%20vendetta_apg","p":216,"h":1,"lvl":2,"n":"Blood Vendetta"},{"c":3,"s":0,"id":20,"u":"blood%20ward_apg","p":237,"h":1,"lvl":1,"n":"Blood Ward"},{"c":3,"s":0,"id":21,"u":"brain%20drain_apg","p":230,"h":1,"lvl":1,"n":"Brain Drain"},{"c":3,"s":0,"id":22,"u":"cackle_apg","p":237,"h":1,"lvl":1,"n":"Cackle"},{"c":3,"s":0,"id":23,"u":"call%20to%20arms_apg","p":230,"h":1,"lvl":1,"n":"Call To Arms"},{"c":3,"s":0,"id":24,"u":"chameleon%20coat_apg","p":216,"h":1,"lvl":5,"n":"Chameleon Coat"},{"c":3,"s":0,"id":25,"u":"charitable%20urge_apg","p":216,"h":1,"lvl":2,"n":"Charitable Urge"},{"c":3,"s":0,"id":26,"u":"chroma%20leach_apg","p":217,"h":1,"lvl":4,"n":"Chroma Leach"},{"c":3,"s":0,"id":27,"u":"claim%20undead_apg","p":230,"h":1,"lvl":6,"n":"Claim Undead"},{"c":3,"s":0,"id":28,"u":"clinging%20ice_apg","p":237,"h":1,"lvl":1,"n":"Clinging Ice"},{"c":3,"s":0,"id":29,"u":"clinging%20shadows%20stance_apg","p":229,"h":1,"lvl":4,"n":"Clinging Shadows Stance"},{"c":3,"s":0,"id":30,"u":"consuming%20darkness_apg","p":235,"h":1,"lvl":5,"n":"Consuming Darkness"},{"c":3,"s":0,"id":31,"u":"countless%20eyes_apg","p":217,"h":1,"lvl":4,"n":"Countless Eyes"},{"c":3,"s":0,"id":32,"u":"cozy%20cabin_apg","p":217,"h":1,"lvl":3,"n":"Cozy Cabin"},{"c":3,"s":0,"id":33,"u":"crashing%20wave_apg","p":217,"h":1,"lvl":3,"n":"Crashing Wave"},{"c":3,"s":0,"id":34,"u":"curse%20of%20death_apg","p":237,"h":1,"lvl":5,"n":"Curse Of Death"},{"c":3,"s":0,"id":35,"u":"curse%20of%20lost%20time_apg","p":217,"h":1,"lvl":3,"n":"Curse Of Lost Time"},{"c":3,"s":0,"id":36,"u":"dance%20of%20darkness_apg","p":193,"h":1,"lvl":5,"n":"Dance Of Darkness"},{"c":3,"s":0,"id":37,"u":"debilitating%20dichotomy_apg","p":231,"h":1,"lvl":4,"n":"Debilitating Dichotomy"},{"c":3,"s":0,"id":38,"u":"deceiver's%20cloak_apg","p":238,"h":1,"lvl":3,"n":"Deceiver's Cloak"},{"c":3,"s":0,"id":39,"u":"delay%20affliction_apg","p":231,"h":1,"lvl":3,"n":"Delay Affliction"},{"c":3,"s":0,"id":40,"u":"dim%20the%20light_apg","p":236,"h":1,"lvl":1,"n":"Dim The Light"},{"c":3,"s":0,"id":41,"u":"discern%20secrets_apg","p":238,"h":1,"lvl":1,"n":"Discern Secrets"},{"c":3,"s":0,"id":42,"u":"dismantle_apg","p":218,"h":1,"lvl":2,"n":"Dismantle"},{"c":3,"s":0,"id":43,"u":"dread%20secret_apg","p":231,"h":1,"lvl":6,"n":"Dread Secret"},{"c":3,"s":0,"id":44,"u":"dull%20ambition_apg","p":218,"h":1,"lvl":4,"n":"Dull Ambition"},{"c":3,"s":0,"id":45,"u":"d%c3%a9j%c3%a0%20vu_apg","p":218,"h":1,"lvl":1,"n":"Déjà Vu"},{"c":3,"s":0,"id":46,"u":"d%c3%a9j%c3%a0%20vu_apg","p":218,"h":1,"lvl":1,"n":"Deja Vu"},{"c":3,"s":0,"id":47,"u":"elemental%20betrayal_apg","p":238,"h":1,"lvl":1,"n":"Elemental Betrayal"},{"c":3,"s":0,"id":48,"u":"enervation_apg","p":218,"h":1,"lvl":4,"n":"Enervation"},{"c":3,"s":0,"id":49,"u":"enlarge%20companion_apg","p":234,"h":1,"lvl":4,"n":"Enlarge Companion"},{"c":3,"s":0,"id":50,"u":"ephemeral%20tracking_apg","p":234,"h":1,"lvl":3,"n":"Ephemeral Tracking"},{"c":3,"s":0,"id":51,"u":"establish%20ward_apg","p":236,"h":1,"lvl":5,"n":"Establish Ward"},{"c":3,"s":0,"id":52,"u":"evil%20eye_apg","p":238,"h":1,"lvl":1,"n":"Evil Eye"},{"c":3,"s":0,"id":53,"u":"familiar's%20face_apg","p":218,"h":1,"lvl":3,"n":"Familiar's Face"},{"c":3,"s":0,"id":54,"u":"final%20sacrifice_apg","p":219,"h":1,"lvl":2,"n":"Final Sacrifice"},{"c":3,"s":0,"id":55,"u":"flaming%20fusillade_apg","p":232,"h":1,"lvl":6,"n":"Flaming Fusillade"},{"c":3,"s":0,"id":56,"u":"force%20cage_apg","p":219,"h":1,"lvl":7,"n":"Force Cage"},{"c":3,"s":0,"id":57,"u":"fungal%20infestation_apg","p":220,"h":1,"lvl":2,"n":"Fungal Infestation"},{"c":3,"s":0,"id":58,"u":"genie's%20veil_apg","p":236,"h":1,"lvl":1,"n":"Genie's Veil"},{"c":3,"s":0,"id":59,"u":"ghostly%20tragedy_apg","p":220,"h":1,"lvl":4,"n":"Ghostly Tragedy"},{"c":3,"s":0,"id":60,"u":"gravity%20weapon_apg","p":234,"h":1,"lvl":1,"n":"Gravity Weapon"},{"c":3,"s":0,"id":61,"u":"grisly%20growths_apg","p":220,"h":1,"lvl":5,"n":"Grisly Growths"},{"c":3,"s":0,"id":62,"u":"heal%20companion_apg","p":234,"h":1,"lvl":1,"n":"Heal Companion"},{"c":3,"s":0,"id":63,"u":"heart's%20desire_apg","p":236,"h":1,"lvl":3,"n":"Heart's Desire"},{"c":3,"s":0,"id":64,"u":"heat%20metal_apg","p":220,"h":1,"lvl":2,"n":"Heat Metal"},{"c":3,"s":0,"id":65,"u":"heroic%20feat_apg","p":232,"h":1,"lvl":6,"n":"Heroic Feat"},{"c":3,"s":0,"id":66,"u":"hunter's%20luck_apg","p":235,"h":1,"lvl":2,"n":"Hunter's Luck"},{"c":3,"s":0,"id":67,"u":"hunter's%20vision_apg","p":235,"h":1,"lvl":5,"n":"Hunter's Vision"},{"c":3,"s":0,"id":68,"u":"hymn%20of%20healing_apg","p":228,"h":1,"lvl":1,"n":"Hymn Of Healing"},{"c":3,"s":0,"id":69,"u":"ice%20storm_apg","p":220,"h":1,"lvl":4,"n":"Ice Storm"},{"c":3,"s":0,"id":70,"u":"ill%20omen_apg","p":221,"h":1,"lvl":1,"n":"Ill Omen"},{"c":3,"s":0,"id":71,"u":"impaling%20spike_apg","p":221,"h":1,"lvl":5,"n":"Impaling Spike"},{"c":3,"s":0,"id":72,"u":"imprint%20message_apg","p":221,"h":1,"lvl":1,"n":"Imprint Message"},{"c":3,"s":0,"id":73,"u":"incendiary%20aura_apg","p":232,"h":1,"lvl":1,"n":"Incendiary Aura"},{"c":3,"s":0,"id":74,"u":"indestructibility_apg","p":221,"h":1,"lvl":10,"n":"Indestructibility"},{"c":3,"s":0,"id":75,"u":"interstellar%20void_apg","p":232,"h":1,"lvl":3,"n":"Interstellar Void"},{"c":3,"s":0,"id":76,"u":"invisible%20item_apg","p":221,"h":1,"lvl":1,"n":"Invisible Item"},{"c":3,"s":0,"id":77,"u":"ki%20form_apg","p":229,"h":1,"lvl":9,"n":"Ki Form"},{"c":3,"s":0,"id":78,"u":"life%20boost_apg","p":238,"h":1,"lvl":1,"n":"Life Boost"},{"c":3,"s":0,"id":79,"u":"life%20link_apg","p":232,"h":1,"lvl":1,"n":"Life Link"},{"c":3,"s":0,"id":80,"u":"life-giving%20form_apg","p":232,"h":1,"lvl":6,"n":"Life-giving Form"},{"c":3,"s":0,"id":81,"u":"lightning%20storm_apg","p":221,"h":1,"lvl":5,"n":"Lightning Storm"},{"c":3,"s":0,"id":82,"u":"litany%20of%20depravity_apg","p":228,"h":1,"lvl":7,"n":"Litany Of Depravity"},{"c":3,"s":0,"id":83,"u":"litany%20of%20self-interest_apg","p":229,"h":1,"lvl":5,"n":"Litany Of Self-interest"},{"c":3,"s":0,"id":84,"u":"mad%20monkeys_apg","p":222,"h":1,"lvl":3,"n":"Mad Monkeys"},{"c":3,"s":0,"id":85,"u":"magic%20hide_apg","p":235,"h":1,"lvl":1,"n":"Magic Hide"},{"c":3,"s":0,"id":86,"u":"magic%20stone_apg","p":222,"h":1,"lvl":1,"n":"Magic Stone"},{"c":3,"s":0,"id":87,"u":"malicious%20shadow_apg","p":238,"h":1,"lvl":3,"n":"Malicious Shadow"},{"c":3,"s":0,"id":88,"u":"medusa's%20wrath_apg","p":229,"h":1,"lvl":8,"n":"Medusa's Wrath"},{"c":3,"s":0,"id":89,"u":"moonlight%20bridge_apg","p":233,"h":1,"lvl":6,"n":"Moonlight Bridge"},{"c":3,"s":0,"id":90,"u":"needle%20of%20vengeance_apg","p":238,"h":1,"lvl":1,"n":"Needle Of Vengeance"},{"c":3,"s":0,"id":91,"u":"noxious%20vapors_apg","p":222,"h":1,"lvl":1,"n":"Noxious Vapors"},{"c":3,"s":0,"id":92,"u":"nudge%20fate_apg","p":239,"h":1,"lvl":1,"n":"Nudge Fate"},{"c":3,"s":0,"id":93,"u":"nymph's%20token_apg","p":236,"h":1,"lvl":1,"n":"Nymph's Token"},{"c":3,"s":0,"id":94,"u":"object%20reading_apg","p":222,"h":1,"lvl":1,"n":"Object Reading"},{"c":3,"s":0,"id":95,"u":"ode%20to%20ouroboros_apg","p":228,"h":1,"lvl":5,"n":"Ode To Ouroboros"},{"c":3,"s":0,"id":96,"u":"personal%20blizzard_apg","p":239,"h":1,"lvl":3,"n":"Personal Blizzard"},{"c":3,"s":0,"id":97,"u":"pet%20cache_apg","p":222,"h":1,"lvl":1,"n":"Pet Cache"},{"c":3,"s":0,"id":98,"u":"phantasmal%20treasure_apg","p":223,"h":1,"lvl":2,"n":"Phantasmal Treasure"},{"c":3,"s":0,"id":99,"u":"phase%20familiar_apg","p":239,"h":1,"lvl":1,"n":"Phase Familiar"},{"c":3,"s":0,"id":100,"u":"pied%20piping_apg","p":228,"h":1,"lvl":10,"n":"Pied Piping"},{"c":3,"s":0,"id":101,"u":"pummeling%20rubble_apg","p":223,"h":1,"lvl":1,"n":"Pummeling Rubble"},{"c":3,"s":0,"id":102,"u":"quench_apg","p":223,"h":1,"lvl":2,"n":"Quench"},{"c":3,"s":0,"id":103,"u":"ranger's%20bramble_apg","p":235,"h":1,"lvl":3,"n":"Ranger's Bramble"},{"c":3,"s":0,"id":104,"u":"reaper's%20lantern_apg","p":223,"h":1,"lvl":2,"n":"Reaper's Lantern"},{"c":3,"s":0,"id":105,"u":"restorative%20moment_apg","p":239,"h":1,"lvl":5,"n":"Restorative Moment"},{"c":3,"s":0,"id":106,"u":"rusting%20grasp_apg","p":223,"h":1,"lvl":4,"n":"Rusting Grasp"},{"c":3,"s":0,"id":107,"u":"safe%20passage_apg","p":224,"h":1,"lvl":3,"n":"Safe Passage"},{"c":3,"s":0,"id":108,"u":"scintillating%20safeguard_apg","p":224,"h":1,"lvl":6,"n":"Scintillating Safeguard"},{"c":3,"s":0,"id":109,"u":"sculpt%20sound_apg","p":224,"h":1,"lvl":3,"n":"Sculpt Sound"},{"c":3,"s":0,"id":110,"u":"seal%20fate_apg","p":224,"h":1,"lvl":4,"n":"Seal Fate"},{"c":3,"s":0,"id":111,"u":"secret%20chest_apg","p":225,"h":1,"lvl":5,"n":"Secret Chest"},{"c":3,"s":0,"id":112,"u":"sepulchral%20mask_apg","p":236,"h":1,"lvl":1,"n":"Sepulchral Mask"},{"c":3,"s":0,"id":113,"u":"shadow%20illusion_apg","p":193,"h":1,"lvl":6,"n":"Shadow Illusion"},{"c":3,"s":0,"id":114,"u":"shadow%20jump_apg","p":193,"h":1,"lvl":5,"n":"Shadow Jump"},{"c":3,"s":0,"id":115,"u":"shadow's%20web_apg","p":229,"h":1,"lvl":7,"n":"Shadow's Web"},{"c":3,"s":0,"id":116,"u":"shepherd%20of%20souls_apg","p":236,"h":1,"lvl":5,"n":"Shepherd Of Souls"},{"c":3,"s":0,"id":117,"u":"shroud%20of%20night_apg","p":239,"h":1,"lvl":1,"n":"Shroud Of Night"},{"c":3,"s":0,"id":118,"u":"snare%20hopping_apg","p":235,"h":1,"lvl":1,"n":"Snare Hopping"},{"c":3,"s":0,"id":119,"u":"song%20of%20marching_apg","p":228,"h":1,"lvl":3,"n":"Song Of Marching"},{"c":3,"s":0,"id":120,"u":"song%20of%20strength_apg","p":228,"h":1,"lvl":1,"n":"Song Of Strength"},{"c":3,"s":0,"id":121,"u":"soothing%20mist_apg","p":235,"h":1,"lvl":2,"n":"Soothing Mist"},{"c":3,"s":0,"id":122,"u":"soul%20siphon_apg","p":233,"h":1,"lvl":1,"n":"Soul Siphon"},{"c":3,"s":0,"id":123,"u":"spike%20stones_apg","p":225,"h":1,"lvl":4,"n":"Spike Stones"},{"c":3,"s":0,"id":124,"u":"spirit%20sense_apg","p":225,"h":1,"lvl":2,"n":"Spirit Sense"},{"c":3,"s":0,"id":125,"u":"spirit%20veil_apg","p":237,"h":1,"lvl":3,"n":"Spirit Veil"},{"c":3,"s":0,"id":126,"u":"spray%20of%20stars_apg","p":233,"h":1,"lvl":1,"n":"Spray Of Stars"},{"c":3,"s":0,"id":127,"u":"steal%20shadow_apg","p":237,"h":1,"lvl":3,"n":"Steal Shadow"},{"c":3,"s":0,"id":128,"u":"stoke%20the%20heart_apg","p":239,"h":1,"lvl":1,"n":"Stoke The Heart"},{"c":3,"s":0,"id":129,"u":"strange%20geometry_apg","p":226,"h":1,"lvl":5,"n":"Strange Geometry"},{"c":3,"s":0,"id":130,"u":"sudden%20blight_apg","p":226,"h":1,"lvl":2,"n":"Sudden Blight"},{"c":3,"s":0,"id":131,"u":"summon%20instrument_apg","p":226,"h":1,"lvl":1,"n":"Summon Instrument"},{"c":3,"s":0,"id":132,"u":"symphony%20of%20the%20unfettered%20heart_apg","p":228,"h":1,"lvl":5,"n":"Symphony Of The Unfettered Heart"},{"c":3,"s":0,"id":133,"u":"tempest%20form_apg","p":233,"h":1,"lvl":6,"n":"Tempest Form"},{"c":3,"s":0,"id":134,"u":"tempest%20touch_apg","p":233,"h":1,"lvl":1,"n":"Tempest Touch"},{"c":3,"s":0,"id":135,"u":"terrain%20transposition_apg","p":235,"h":1,"lvl":5,"n":"Terrain Transposition"},{"c":3,"s":0,"id":136,"u":"thoughtful%20gift_apg","p":226,"h":1,"lvl":1,"n":"Thoughtful Gift"},{"c":3,"s":0,"id":137,"u":"threefold%20aspect_apg","p":226,"h":1,"lvl":3,"n":"Threefold Aspect"},{"c":3,"s":0,"id":138,"u":"thunderburst_apg","p":234,"h":1,"lvl":3,"n":"Thunderburst"},{"c":3,"s":0,"id":139,"u":"touch%20of%20corruption_apg","p":229,"h":1,"lvl":1,"n":"Touch Of Corruption"},{"c":3,"s":0,"id":140,"u":"transmute%20rock%20and%20mud_apg","p":226,"h":1,"lvl":5,"n":"Transmute Rock And Mud"},{"c":3,"s":0,"id":141,"u":"vampiric%20maiden_apg","p":227,"h":1,"lvl":4,"n":"Vampiric Maiden"},{"c":3,"s":0,"id":142,"u":"veil%20of%20dreams_apg","p":239,"h":1,"lvl":1,"n":"Veil Of Dreams"},{"c":3,"s":0,"id":143,"u":"vision%20of%20weakness_apg","p":234,"h":1,"lvl":2,"n":"Vision Of Weakness"},{"c":3,"s":0,"id":144,"u":"vomit%20swarm_apg","p":227,"h":1,"lvl":2,"n":"Vomit Swarm"},{"c":3,"s":0,"id":145,"u":"wall%20of%20flesh_apg","p":227,"h":1,"lvl":5,"n":"Wall Of Flesh"},{"c":3,"s":0,"id":146,"u":"whirling%20flames_apg","p":234,"h":1,"lvl":3,"n":"Whirling Flames"},{"c":3,"s":0,"id":147,"u":"wilding%20word_apg","p":239,"h":1,"lvl":1,"n":"Wilding Word"},{"c":3,"s":0,"id":148,"u":"wish-twisted%20form_apg","p":237,"h":1,"lvl":5,"n":"Wish-twisted Form"},{"c":3,"s":1,"id":149,"u":"aberrant%20whispers_crb","p":402,"h":1,"lvl":3,"n":"Aberrant Whispers"},{"c":3,"s":1,"id":150,"u":"abundant%20step_crb","p":401,"h":1,"lvl":4,"n":"Abundant Step"},{"c":3,"s":1,"id":151,"u":"abyssal%20plague_crb","p":316,"h":1,"lvl":5,"n":"Abyssal Plague"},{"c":3,"s":1,"id":152,"u":"abyssal%20wrath_crb","p":402,"h":1,"lvl":5,"n":"Abyssal Wrath"},{"c":3,"s":1,"id":153,"u":"acid%20arrow_crb","p":316,"h":1,"lvl":2,"n":"Acid Arrow"},{"c":3,"s":1,"id":154,"u":"acid%20splash_crb","p":316,"h":1,"lvl":1,"n":"Acid Splash"},{"c":3,"s":1,"id":155,"u":"aerial%20form_crb","p":316,"h":1,"lvl":4,"n":"Aerial Form"},{"c":3,"s":1,"id":156,"u":"agile%20feet_crb","p":389,"h":1,"lvl":1,"n":"Agile Feet"},{"c":3,"s":1,"id":157,"u":"air%20bubble_crb","p":316,"h":1,"lvl":1,"n":"Air Bubble"},{"c":3,"s":1,"id":158,"u":"air%20walk_crb","p":317,"h":1,"lvl":4,"n":"Air Walk"},{"c":3,"s":1,"id":159,"u":"alarm_crb","p":317,"h":1,"lvl":1,"n":"Alarm"},{"c":3,"s":1,"id":160,"u":"allegro_crb","p":386,"h":1,"lvl":7,"n":"Allegro"},{"c":3,"s":1,"id":161,"u":"alter%20reality_crb","p":317,"h":1,"lvl":10,"n":"Alter Reality"},{"c":3,"s":1,"id":162,"u":"anathematic%20reprisal_crb","p":317,"h":1,"lvl":4,"n":"Anathematic Reprisal"},{"c":3,"s":1,"id":163,"u":"ancestral%20memories_crb","p":402,"h":1,"lvl":1,"n":"Ancestral Memories"},{"c":3,"s":1,"id":164,"u":"angelic%20halo_crb","p":402,"h":1,"lvl":1,"n":"Angelic Halo"},{"c":3,"s":1,"id":165,"u":"angelic%20wings_crb","p":403,"h":1,"lvl":3,"n":"Angelic Wings"},{"c":3,"s":1,"id":166,"u":"animal%20form_crb","p":317,"h":1,"lvl":2,"n":"Animal Form"},{"c":3,"s":1,"id":167,"u":"animal%20messenger_crb","p":318,"h":1,"lvl":2,"n":"Animal Messenger"},{"c":3,"s":1,"id":168,"u":"animal%20vision_crb","p":318,"h":1,"lvl":3,"n":"Animal Vision"},{"c":3,"s":1,"id":169,"u":"ant%20haul_crb","p":318,"h":1,"lvl":1,"n":"Ant Haul"},{"c":3,"s":1,"id":170,"u":"antimagic%20field_crb","p":318,"h":1,"lvl":8,"n":"Antimagic Field"},{"c":3,"s":1,"id":171,"u":"appearance%20of%20wealth_crb","p":389,"h":1,"lvl":1,"n":"Appearance Of Wealth"},{"c":3,"s":1,"id":172,"u":"arcane%20countermeasure_crb","p":403,"h":1,"lvl":5,"n":"Arcane Countermeasure"},{"c":3,"s":1,"id":173,"u":"artistic%20flourish_crb","p":389,"h":1,"lvl":4,"n":"Artistic Flourish"},{"c":3,"s":1,"id":174,"u":"athletic%20rush_crb","p":389,"h":1,"lvl":1,"n":"Athletic Rush"},{"c":3,"s":1,"id":175,"u":"augment%20summoning_crb","p":406,"h":1,"lvl":1,"n":"Augment Summoning"},{"c":3,"s":1,"id":176,"u":"augury_crb","p":318,"h":1,"lvl":2,"n":"Augury"},{"c":3,"s":1,"id":177,"u":"avatar_crb","p":318,"h":1,"lvl":10,"n":"Avatar"},{"c":3,"s":1,"id":178,"u":"baleful%20polymorph_crb","p":320,"h":1,"lvl":6,"n":"Baleful Polymorph"},{"c":3,"s":1,"id":179,"u":"bane_crb","p":320,"h":1,"lvl":1,"n":"Bane"},{"c":3,"s":1,"id":180,"u":"banishment_crb","p":320,"h":1,"lvl":5,"n":"Banishment"},{"c":3,"s":1,"id":181,"u":"barkskin_crb","p":320,"h":1,"lvl":2,"n":"Barkskin"},{"c":3,"s":1,"id":182,"u":"bind%20soul_crb","p":320,"h":1,"lvl":9,"n":"Bind Soul"},{"c":3,"s":1,"id":183,"u":"bind%20undead_crb","p":321,"h":1,"lvl":3,"n":"Bind Undead"},{"c":3,"s":1,"id":184,"u":"bit%20of%20luck_crb","p":389,"h":1,"lvl":1,"n":"Bit Of Luck"},{"c":3,"s":1,"id":185,"u":"black%20tentacles_crb","p":321,"h":1,"lvl":5,"n":"Black Tentacles"},{"c":3,"s":1,"id":186,"u":"blade%20barrier_crb","p":321,"h":1,"lvl":6,"n":"Blade Barrier"},{"c":3,"s":1,"id":187,"u":"bless_crb","p":321,"h":1,"lvl":1,"n":"Bless"},{"c":3,"s":1,"id":188,"u":"blind%20ambition_crb","p":389,"h":1,"lvl":1,"n":"Blind Ambition"},{"c":3,"s":1,"id":189,"u":"blindness_crb","p":321,"h":1,"lvl":3,"n":"Blindness"},{"c":3,"s":1,"id":190,"u":"blink_crb","p":321,"h":1,"lvl":4,"n":"Blink"},{"c":3,"s":1,"id":191,"u":"blur_crb","p":321,"h":1,"lvl":2,"n":"Blur"},{"c":3,"s":1,"id":192,"u":"breath%20of%20life_crb","p":322,"h":1,"lvl":5,"n":"Breath Of Life"},{"c":3,"s":1,"id":193,"u":"burning%20hands_crb","p":322,"h":1,"lvl":1,"n":"Burning Hands"},{"c":3,"s":1,"id":194,"u":"call%20of%20the%20grave_crb","p":406,"h":1,"lvl":1,"n":"Call Of The Grave"},{"c":3,"s":1,"id":195,"u":"calm%20emotions_crb","p":322,"h":1,"lvl":2,"n":"Calm Emotions"},{"c":3,"s":1,"id":196,"u":"captivating%20adoration_crb","p":389,"h":1,"lvl":4,"n":"Captivating Adoration"},{"c":3,"s":1,"id":197,"u":"cataclysm_crb","p":322,"h":1,"lvl":10,"n":"Cataclysm"},{"c":3,"s":1,"id":198,"u":"celestial%20brand_crb","p":403,"h":1,"lvl":5,"n":"Celestial Brand"},{"c":3,"s":1,"id":199,"u":"chain%20lightning_crb","p":322,"h":1,"lvl":6,"n":"Chain Lightning"},{"c":3,"s":1,"id":200,"u":"champion's%20sacrifice_crb","p":387,"h":1,"lvl":6,"n":"Champion's Sacrifice"},{"c":3,"s":1,"id":201,"u":"charm_crb","p":322,"h":1,"lvl":1,"n":"Charm"},{"c":3,"s":1,"id":202,"u":"charming%20touch_crb","p":390,"h":1,"lvl":1,"n":"Charming Touch"},{"c":3,"s":1,"id":203,"u":"charming%20words_crb","p":406,"h":1,"lvl":1,"n":"Charming Words"},{"c":3,"s":1,"id":204,"u":"chill%20touch_crb","p":323,"h":1,"lvl":1,"n":"Chill Touch"},{"c":3,"s":1,"id":205,"u":"chilling%20darkness_crb","p":323,"h":1,"lvl":3,"n":"Chilling Darkness"},{"c":3,"s":1,"id":206,"u":"chromatic%20wall_crb","p":323,"h":1,"lvl":5,"n":"Chromatic Wall"},{"c":3,"s":1,"id":207,"u":"circle%20of%20protection_crb","p":324,"h":1,"lvl":3,"n":"Circle Of Protection"},{"c":3,"s":1,"id":208,"u":"clairaudience_crb","p":324,"h":1,"lvl":3,"n":"Clairaudience"},{"c":3,"s":1,"id":209,"u":"clairvoyance_crb","p":324,"h":1,"lvl":4,"n":"Clairvoyance"},{"c":3,"s":1,"id":210,"u":"cloak%20of%20colors_crb","p":324,"h":1,"lvl":5,"n":"Cloak Of Colors"},{"c":3,"s":1,"id":211,"u":"cloak%20of%20shadow_crb","p":390,"h":1,"lvl":1,"n":"Cloak Of Shadow"},{"c":3,"s":1,"id":212,"u":"cloudkill_crb","p":324,"h":1,"lvl":5,"n":"Cloudkill"},{"c":3,"s":1,"id":213,"u":"collective%20transposition_crb","p":324,"h":1,"lvl":6,"n":"Collective Transposition"},{"c":3,"s":1,"id":214,"u":"color%20spray_crb","p":324,"h":1,"lvl":1,"n":"Color Spray"},{"c":3,"s":1,"id":215,"u":"command_crb","p":325,"h":1,"lvl":1,"n":"Command"},{"c":3,"s":1,"id":216,"u":"commanding%20lash_crb","p":390,"h":1,"lvl":4,"n":"Commanding Lash"},{"c":3,"s":1,"id":217,"u":"competitive%20edge_crb","p":390,"h":1,"lvl":4,"n":"Competitive Edge"},{"c":3,"s":1,"id":218,"u":"comprehend%20language_crb","p":325,"h":1,"lvl":2,"n":"Comprehend Language"},{"c":3,"s":1,"id":219,"u":"cone%20of%20cold_crb","p":325,"h":1,"lvl":5,"n":"Cone Of Cold"},{"c":3,"s":1,"id":220,"u":"confusion_crb","p":325,"h":1,"lvl":4,"n":"Confusion"},{"c":3,"s":1,"id":221,"u":"contingency_crb","p":326,"h":1,"lvl":7,"n":"Contingency"},{"c":3,"s":1,"id":222,"u":"continual%20flame_crb","p":326,"h":1,"lvl":2,"n":"Continual Flame"},{"c":3,"s":1,"id":223,"u":"control%20water_crb","p":326,"h":1,"lvl":5,"n":"Control Water"},{"c":3,"s":1,"id":224,"u":"counter%20performance_crb","p":386,"h":1,"lvl":1,"n":"Counter Performance"},{"c":3,"s":1,"id":225,"u":"create%20food_crb","p":326,"h":1,"lvl":2,"n":"Create Food"},{"c":3,"s":1,"id":226,"u":"create%20water_crb","p":326,"h":1,"lvl":1,"n":"Create Water"},{"c":3,"s":1,"id":227,"u":"creation_crb","p":326,"h":1,"lvl":4,"n":"Creation"},{"c":3,"s":1,"id":228,"u":"crisis%20of%20faith_crb","p":326,"h":1,"lvl":3,"n":"Crisis Of Faith"},{"c":3,"s":1,"id":229,"u":"crusade_crb","p":327,"h":1,"lvl":9,"n":"Crusade"},{"c":3,"s":1,"id":230,"u":"crushing%20despair_crb","p":327,"h":1,"lvl":5,"n":"Crushing Despair"},{"c":3,"s":1,"id":231,"u":"cry%20of%20destruction_crb","p":390,"h":1,"lvl":1,"n":"Cry Of Destruction"},{"c":3,"s":1,"id":232,"u":"dancing%20lights_crb","p":327,"h":1,"lvl":1,"n":"Dancing Lights"},{"c":3,"s":1,"id":233,"u":"darkened%20eyes_crb","p":390,"h":1,"lvl":4,"n":"Darkened Eyes"},{"c":3,"s":1,"id":234,"u":"darkness_crb","p":327,"h":1,"lvl":2,"n":"Darkness"},{"c":3,"s":1,"id":235,"u":"darkvision_crb","p":327,"h":1,"lvl":2,"n":"Darkvision"},{"c":3,"s":1,"id":236,"u":"daze_crb","p":327,"h":1,"lvl":1,"n":"Daze"},{"c":3,"s":1,"id":237,"u":"dazzling%20flash_crb","p":391,"h":1,"lvl":1,"n":"Dazzling Flash"},{"c":3,"s":1,"id":238,"u":"deafness_crb","p":327,"h":1,"lvl":2,"n":"Deafness"},{"c":3,"s":1,"id":239,"u":"death%20knell_crb","p":328,"h":1,"lvl":2,"n":"Death Knell"},{"c":3,"s":1,"id":240,"u":"death%20ward_crb","p":328,"h":1,"lvl":5,"n":"Death Ward"},{"c":3,"s":1,"id":241,"u":"death's%20call_crb","p":391,"h":1,"lvl":1,"n":"Death's Call"},{"c":3,"s":1,"id":242,"u":"delusional%20pride_crb","p":391,"h":1,"lvl":4,"n":"Delusional Pride"},{"c":3,"s":1,"id":243,"u":"destructive%20aura_crb","p":391,"h":1,"lvl":4,"n":"Destructive Aura"},{"c":3,"s":1,"id":244,"u":"detect%20alignment_crb","p":328,"h":1,"lvl":1,"n":"Detect Alignment"},{"c":3,"s":1,"id":245,"u":"detect%20magic_crb","p":328,"h":1,"lvl":1,"n":"Detect Magic"},{"c":3,"s":1,"id":246,"u":"detect%20poison_crb","p":328,"h":1,"lvl":1,"n":"Detect Poison"},{"c":3,"s":1,"id":247,"u":"detect%20scrying_crb","p":328,"h":1,"lvl":4,"n":"Detect Scrying"},{"c":3,"s":1,"id":248,"u":"diabolic%20edict_crb","p":403,"h":1,"lvl":1,"n":"Diabolic Edict"},{"c":3,"s":1,"id":249,"u":"dimension%20door_crb","p":328,"h":1,"lvl":4,"n":"Dimension Door"},{"c":3,"s":1,"id":250,"u":"dimensional%20anchor_crb","p":329,"h":1,"lvl":4,"n":"Dimensional Anchor"},{"c":3,"s":1,"id":251,"u":"dimensional%20lock_crb","p":329,"h":1,"lvl":7,"n":"Dimensional Lock"},{"c":3,"s":1,"id":252,"u":"dimensional%20steps_crb","p":406,"h":1,"lvl":4,"n":"Dimensional Steps"},{"c":3,"s":1,"id":253,"u":"dinosaur%20form_crb","p":329,"h":1,"lvl":4,"n":"Dinosaur Form"},{"c":3,"s":1,"id":254,"u":"dirge%20of%20doom_crb","p":386,"h":1,"lvl":3,"n":"Dirge Of Doom"},{"c":3,"s":1,"id":255,"u":"disappearance_crb","p":330,"h":1,"lvl":8,"n":"Disappearance"},{"c":3,"s":1,"id":256,"u":"discern%20lies_crb","p":330,"h":1,"lvl":4,"n":"Discern Lies"},{"c":3,"s":1,"id":257,"u":"discern%20location_crb","p":330,"h":1,"lvl":8,"n":"Discern Location"},{"c":3,"s":1,"id":258,"u":"disintegrate_crb","p":330,"h":1,"lvl":6,"n":"Disintegrate"},{"c":3,"s":1,"id":259,"u":"disjunction_crb","p":330,"h":1,"lvl":9,"n":"Disjunction"},{"c":3,"s":1,"id":260,"u":"dispel%20magic_crb","p":330,"h":1,"lvl":2,"n":"Dispel Magic"},{"c":3,"s":1,"id":261,"u":"disperse%20into%20air_crb","p":391,"h":1,"lvl":4,"n":"Disperse Into Air"},{"c":3,"s":1,"id":262,"u":"disrupt%20undead_crb","p":331,"h":1,"lvl":1,"n":"Disrupt Undead"},{"c":3,"s":1,"id":263,"u":"disrupting%20weapons_crb","p":331,"h":1,"lvl":1,"n":"Disrupting Weapons"},{"c":3,"s":1,"id":264,"u":"divine%20aura_crb","p":331,"h":1,"lvl":8,"n":"Divine Aura"},{"c":3,"s":1,"id":265,"u":"divine%20decree_crb","p":331,"h":1,"lvl":7,"n":"Divine Decree"},{"c":3,"s":1,"id":266,"u":"divine%20inspiration_crb","p":331,"h":1,"lvl":8,"n":"Divine Inspiration"},{"c":3,"s":1,"id":267,"u":"divine%20lance_crb","p":331,"h":1,"lvl":1,"n":"Divine Lance"},{"c":3,"s":1,"id":268,"u":"divine%20vessel_crb","p":331,"h":1,"lvl":7,"n":"Divine Vessel"},{"c":3,"s":1,"id":269,"u":"divine%20wrath_crb","p":332,"h":1,"lvl":4,"n":"Divine Wrath"},{"c":3,"s":1,"id":270,"u":"diviner's%20sight_crb","p":406,"h":1,"lvl":1,"n":"Diviner's Sight"},{"c":3,"s":1,"id":271,"u":"dominate_crb","p":332,"h":1,"lvl":6,"n":"Dominate"},{"c":3,"s":1,"id":272,"u":"downpour_crb","p":391,"h":1,"lvl":4,"n":"Downpour"},{"c":3,"s":1,"id":273,"u":"dragon%20breath_crb","p":403,"h":1,"lvl":3,"n":"Dragon Breath"},{"c":3,"s":1,"id":274,"u":"dragon%20claws_crb","p":403,"h":1,"lvl":1,"n":"Dragon Claws"},{"c":3,"s":1,"id":275,"u":"dragon%20form_crb","p":332,"h":1,"lvl":6,"n":"Dragon Form"},{"c":3,"s":1,"id":276,"u":"dragon%20wings_crb","p":403,"h":1,"lvl":5,"n":"Dragon Wings"},{"c":3,"s":1,"id":277,"u":"drain%20life_crb","p":403,"h":1,"lvl":3,"n":"Drain Life"},{"c":3,"s":1,"id":278,"u":"dread%20aura_crb","p":406,"h":1,"lvl":4,"n":"Dread Aura"},{"c":3,"s":1,"id":279,"u":"dream%20council_crb","p":333,"h":1,"lvl":8,"n":"Dream Council"},{"c":3,"s":1,"id":280,"u":"dream%20message_crb","p":333,"h":1,"lvl":3,"n":"Dream Message"},{"c":3,"s":1,"id":281,"u":"dreamer's%20call_crb","p":391,"h":1,"lvl":4,"n":"Dreamer's Call"},{"c":3,"s":1,"id":282,"u":"dreaming%20potential_crb","p":333,"h":1,"lvl":5,"n":"Dreaming Potential"},{"c":3,"s":1,"id":283,"u":"drop%20dead_crb","p":333,"h":1,"lvl":5,"n":"Drop Dead"},{"c":3,"s":1,"id":284,"u":"duplicate%20foe_crb","p":334,"h":1,"lvl":7,"n":"Duplicate Foe"},{"c":3,"s":1,"id":285,"u":"earthbind_crb","p":334,"h":1,"lvl":3,"n":"Earthbind"},{"c":3,"s":1,"id":286,"u":"earthquake_crb","p":334,"h":1,"lvl":8,"n":"Earthquake"},{"c":3,"s":1,"id":287,"u":"eclipse%20burst_crb","p":334,"h":1,"lvl":7,"n":"Eclipse Burst"},{"c":3,"s":1,"id":288,"u":"electric%20arc_crb","p":335,"h":1,"lvl":1,"n":"Electric Arc"},{"c":3,"s":1,"id":289,"u":"elemental%20blast_crb","p":404,"h":1,"lvl":5,"n":"Elemental Blast"},{"c":3,"s":1,"id":290,"u":"elemental%20form_crb","p":335,"h":1,"lvl":5,"n":"Elemental Form"},{"c":3,"s":1,"id":291,"u":"elemental%20motion_crb","p":404,"h":1,"lvl":3,"n":"Elemental Motion"},{"c":3,"s":1,"id":292,"u":"elemental%20tempest_crb","p":406,"h":1,"lvl":4,"n":"Elemental Tempest"},{"c":3,"s":1,"id":293,"u":"elemental%20toss_crb","p":404,"h":1,"lvl":1,"n":"Elemental Toss"},{"c":3,"s":1,"id":294,"u":"embrace%20the%20pit_crb","p":404,"h":1,"lvl":3,"n":"Embrace The Pit"},{"c":3,"s":1,"id":295,"u":"empty%20body_crb","p":401,"h":1,"lvl":9,"n":"Empty Body"},{"c":3,"s":1,"id":296,"u":"endure%20elements_crb","p":335,"h":1,"lvl":2,"n":"Endure Elements"},{"c":3,"s":1,"id":297,"u":"enduring%20might_crb","p":392,"h":1,"lvl":4,"n":"Enduring Might"},{"c":3,"s":1,"id":298,"u":"energy%20absorption_crb","p":407,"h":1,"lvl":4,"n":"Energy Absorption"},{"c":3,"s":1,"id":299,"u":"energy%20aegis_crb","p":335,"h":1,"lvl":7,"n":"Energy Aegis"},{"c":3,"s":1,"id":300,"u":"enhance%20victuals_crb","p":335,"h":1,"lvl":2,"n":"Enhance Victuals"},{"c":3,"s":1,"id":301,"u":"enlarge_crb","p":336,"h":1,"lvl":2,"n":"Enlarge"},{"c":3,"s":1,"id":302,"u":"entangle_crb","p":336,"h":1,"lvl":2,"n":"Entangle"},{"c":3,"s":1,"id":303,"u":"enthrall_crb","p":336,"h":1,"lvl":3,"n":"Enthrall"},{"c":3,"s":1,"id":304,"u":"eradicate%20undeath_crb","p":392,"h":1,"lvl":4,"n":"Eradicate Undeath"},{"c":3,"s":1,"id":305,"u":"ethereal%20jaunt_crb","p":336,"h":1,"lvl":7,"n":"Ethereal Jaunt"},{"c":3,"s":1,"id":306,"u":"extend%20spell_crb","p":404,"h":1,"lvl":3,"n":"Extend Spell"},{"c":3,"s":1,"id":307,"u":"fabricated%20truth_crb","p":336,"h":1,"lvl":10,"n":"Fabricated Truth"},{"c":3,"s":1,"id":308,"u":"face%20in%20the%20crowd_crb","p":392,"h":1,"lvl":1,"n":"Face In The Crowd"},{"c":3,"s":1,"id":309,"u":"faerie%20dust_crb","p":404,"h":1,"lvl":1,"n":"Faerie Dust"},{"c":3,"s":1,"id":310,"u":"faerie%20fire_crb","p":337,"h":1,"lvl":2,"n":"Faerie Fire"},{"c":3,"s":1,"id":311,"u":"false%20life_crb","p":337,"h":1,"lvl":2,"n":"False Life"},{"c":3,"s":1,"id":312,"u":"false%20vision_crb","p":337,"h":1,"lvl":5,"n":"False Vision"},{"c":3,"s":1,"id":313,"u":"fatal%20aria_crb","p":386,"h":1,"lvl":10,"n":"Fatal Aria"},{"c":3,"s":1,"id":314,"u":"fear_crb","p":337,"h":1,"lvl":1,"n":"Fear"},{"c":3,"s":1,"id":315,"u":"feather%20fall_crb","p":337,"h":1,"lvl":1,"n":"Feather Fall"},{"c":3,"s":1,"id":316,"u":"feeblemind_crb","p":337,"h":1,"lvl":6,"n":"Feeblemind"},{"c":3,"s":1,"id":317,"u":"feet%20to%20fins_crb","p":337,"h":1,"lvl":3,"n":"Feet To Fins"},{"c":3,"s":1,"id":318,"u":"fey%20disappearance_crb","p":404,"h":1,"lvl":3,"n":"Fey Disappearance"},{"c":3,"s":1,"id":319,"u":"fey%20glamour_crb","p":404,"h":1,"lvl":5,"n":"Fey Glamour"},{"c":3,"s":1,"id":320,"u":"field%20of%20life_crb","p":337,"h":1,"lvl":6,"n":"Field Of Life"},{"c":3,"s":1,"id":321,"u":"fiery%20body_crb","p":337,"h":1,"lvl":7,"n":"Fiery Body"},{"c":3,"s":1,"id":322,"u":"finger%20of%20death_crb","p":338,"h":1,"lvl":7,"n":"Finger Of Death"},{"c":3,"s":1,"id":323,"u":"fire%20ray_crb","p":392,"h":1,"lvl":1,"n":"Fire Ray"},{"c":3,"s":1,"id":324,"u":"fire%20seeds_crb","p":338,"h":1,"lvl":6,"n":"Fire Seeds"},{"c":3,"s":1,"id":325,"u":"fire%20shield_crb","p":338,"h":1,"lvl":4,"n":"Fire Shield"},{"c":3,"s":1,"id":326,"u":"fireball_crb","p":338,"h":1,"lvl":3,"n":"Fireball"},{"c":3,"s":1,"id":327,"u":"flame%20barrier_crb","p":392,"h":1,"lvl":4,"n":"Flame Barrier"},{"c":3,"s":1,"id":328,"u":"flame%20strike_crb","p":338,"h":1,"lvl":5,"n":"Flame Strike"},{"c":3,"s":1,"id":329,"u":"flaming%20sphere_crb","p":338,"h":1,"lvl":2,"n":"Flaming Sphere"},{"c":3,"s":1,"id":330,"u":"fleet%20step_crb","p":338,"h":1,"lvl":1,"n":"Fleet Step"},{"c":3,"s":1,"id":331,"u":"flesh%20to%20stone_crb","p":339,"h":1,"lvl":6,"n":"Flesh To Stone"},{"c":3,"s":1,"id":332,"u":"floating%20disk_crb","p":339,"h":1,"lvl":1,"n":"Floating Disk"},{"c":3,"s":1,"id":333,"u":"fly_crb","p":339,"h":1,"lvl":4,"n":"Fly"},{"c":3,"s":1,"id":334,"u":"forbidding%20ward_crb","p":339,"h":1,"lvl":1,"n":"Forbidding Ward"},{"c":3,"s":1,"id":335,"u":"force%20bolt_crb","p":407,"h":1,"lvl":1,"n":"Force Bolt"},{"c":3,"s":1,"id":336,"u":"forced%20quiet_crb","p":393,"h":1,"lvl":1,"n":"Forced Quiet"},{"c":3,"s":1,"id":337,"u":"foresight_crb","p":340,"h":1,"lvl":9,"n":"Foresight"},{"c":3,"s":1,"id":338,"u":"freedom%20of%20movement_crb","p":340,"h":1,"lvl":4,"n":"Freedom Of Movement"},{"c":3,"s":1,"id":339,"u":"gaseous%20form_crb","p":340,"h":1,"lvl":4,"n":"Gaseous Form"},{"c":3,"s":1,"id":340,"u":"gate_crb","p":340,"h":1,"lvl":10,"n":"Gate"},{"c":3,"s":1,"id":341,"u":"gentle%20repose_crb","p":340,"h":1,"lvl":2,"n":"Gentle Repose"},{"c":3,"s":1,"id":342,"u":"ghost%20sound_crb","p":340,"h":1,"lvl":1,"n":"Ghost Sound"},{"c":3,"s":1,"id":343,"u":"ghostly%20weapon_crb","p":340,"h":1,"lvl":3,"n":"Ghostly Weapon"},{"c":3,"s":1,"id":344,"u":"ghoulish%20cravings_crb","p":341,"h":1,"lvl":2,"n":"Ghoulish Cravings"},{"c":3,"s":1,"id":345,"u":"glibness_crb","p":341,"h":1,"lvl":4,"n":"Glibness"},{"c":3,"s":1,"id":346,"u":"glimpse%20the%20truth_crb","p":393,"h":1,"lvl":4,"n":"Glimpse The Truth"},{"c":3,"s":1,"id":347,"u":"glitterdust_crb","p":341,"h":1,"lvl":2,"n":"Glitterdust"},{"c":3,"s":1,"id":348,"u":"globe%20of%20invulnerability_crb","p":341,"h":1,"lvl":4,"n":"Globe Of Invulnerability"},{"c":3,"s":1,"id":349,"u":"glutton's%20jaws_crb","p":404,"h":1,"lvl":1,"n":"Glutton's Jaws"},{"c":3,"s":1,"id":350,"u":"glyph%20of%20warding_crb","p":341,"h":1,"lvl":3,"n":"Glyph Of Warding"},{"c":3,"s":1,"id":351,"u":"goblin%20pox_crb","p":341,"h":1,"lvl":1,"n":"Goblin Pox"},{"c":3,"s":1,"id":352,"u":"goodberry_crb","p":399,"h":1,"lvl":1,"n":"Goodberry"},{"c":3,"s":1,"id":353,"u":"grasping%20grave_crb","p":404,"h":1,"lvl":5,"n":"Grasping Grave"},{"c":3,"s":1,"id":354,"u":"grease_crb","p":342,"h":1,"lvl":1,"n":"Grease"},{"c":3,"s":1,"id":355,"u":"grim%20tendrils_crb","p":342,"h":1,"lvl":1,"n":"Grim Tendrils"},{"c":3,"s":1,"id":356,"u":"guidance_crb","p":342,"h":1,"lvl":1,"n":"Guidance"},{"c":3,"s":1,"id":357,"u":"gust%20of%20wind_crb","p":342,"h":1,"lvl":1,"n":"Gust Of Wind"},{"c":3,"s":1,"id":358,"u":"hallucination_crb","p":342,"h":1,"lvl":5,"n":"Hallucination"},{"c":3,"s":1,"id":359,"u":"hallucinatory%20terrain_crb","p":343,"h":1,"lvl":4,"n":"Hallucinatory Terrain"},{"c":3,"s":1,"id":360,"u":"hand%20of%20the%20apprentice_crb","p":407,"h":1,"lvl":1,"n":"Hand Of The Apprentice"},{"c":3,"s":1,"id":361,"u":"harm_crb","p":343,"h":1,"lvl":1,"n":"Harm"},{"c":3,"s":1,"id":362,"u":"haste_crb","p":343,"h":1,"lvl":3,"n":"Haste"},{"c":3,"s":1,"id":363,"u":"heal_crb","p":343,"h":1,"lvl":1,"n":"Heal"},{"c":3,"s":1,"id":364,"u":"heal%20animal_crb","p":399,"h":1,"lvl":1,"n":"Heal Animal"},{"c":3,"s":1,"id":365,"u":"healer's%20blessing_crb","p":393,"h":1,"lvl":1,"n":"Healer's Blessing"},{"c":3,"s":1,"id":366,"u":"hellfire%20plume_crb","p":405,"h":1,"lvl":5,"n":"Hellfire Plume"},{"c":3,"s":1,"id":367,"u":"hero's%20defiance_crb","p":387,"h":1,"lvl":10,"n":"Hero's Defiance"},{"c":3,"s":1,"id":368,"u":"heroism_crb","p":343,"h":1,"lvl":3,"n":"Heroism"},{"c":3,"s":1,"id":369,"u":"hideous%20laughter_crb","p":343,"h":1,"lvl":2,"n":"Hideous Laughter"},{"c":3,"s":1,"id":370,"u":"holy%20cascade_crb","p":344,"h":1,"lvl":4,"n":"Holy Cascade"},{"c":3,"s":1,"id":371,"u":"horrid%20wilting_crb","p":344,"h":1,"lvl":8,"n":"Horrid Wilting"},{"c":3,"s":1,"id":372,"u":"horrific%20visage_crb","p":405,"h":1,"lvl":3,"n":"Horrific Visage"},{"c":3,"s":1,"id":373,"u":"house%20of%20imaginary%20walls_crb","p":386,"h":1,"lvl":5,"n":"House Of Imaginary Walls"},{"c":3,"s":1,"id":374,"u":"humanoid%20form_crb","p":344,"h":1,"lvl":2,"n":"Humanoid Form"},{"c":3,"s":1,"id":375,"u":"hurtling%20stone_crb","p":393,"h":1,"lvl":1,"n":"Hurtling Stone"},{"c":3,"s":1,"id":376,"u":"hydraulic%20push_crb","p":344,"h":1,"lvl":1,"n":"Hydraulic Push"},{"c":3,"s":1,"id":377,"u":"hydraulic%20torrent_crb","p":344,"h":1,"lvl":4,"n":"Hydraulic Torrent"},{"c":3,"s":1,"id":378,"u":"hypercognition_crb","p":344,"h":1,"lvl":3,"n":"Hypercognition"},{"c":3,"s":1,"id":379,"u":"hypnotic%20pattern_crb","p":344,"h":1,"lvl":3,"n":"Hypnotic Pattern"},{"c":3,"s":1,"id":380,"u":"illusory%20creature_crb","p":345,"h":1,"lvl":2,"n":"Illusory Creature"},{"c":3,"s":1,"id":381,"u":"illusory%20disguise_crb","p":345,"h":1,"lvl":1,"n":"Illusory Disguise"},{"c":3,"s":1,"id":382,"u":"illusory%20object_crb","p":345,"h":1,"lvl":1,"n":"Illusory Object"},{"c":3,"s":1,"id":383,"u":"illusory%20scene_crb","p":345,"h":1,"lvl":5,"n":"Illusory Scene"},{"c":3,"s":1,"id":384,"u":"impaling%20briars_crb","p":400,"h":1,"lvl":8,"n":"Impaling Briars"},{"c":3,"s":1,"id":385,"u":"implosion_crb","p":346,"h":1,"lvl":9,"n":"Implosion"},{"c":3,"s":1,"id":386,"u":"insect%20form_crb","p":346,"h":1,"lvl":3,"n":"Insect Form"},{"c":3,"s":1,"id":387,"u":"inspire%20competence_crb","p":386,"h":1,"lvl":1,"n":"Inspire Competence"},{"c":3,"s":1,"id":388,"u":"inspire%20courage_crb","p":386,"h":1,"lvl":1,"n":"Inspire Courage"},{"c":3,"s":1,"id":389,"u":"inspire%20defense_crb","p":386,"h":1,"lvl":2,"n":"Inspire Defense"},{"c":3,"s":1,"id":390,"u":"inspire%20heroics_crb","p":387,"h":1,"lvl":4,"n":"Inspire Heroics"},{"c":3,"s":1,"id":391,"u":"invisibility_crb","p":347,"h":1,"lvl":2,"n":"Invisibility"},{"c":3,"s":1,"id":392,"u":"invisibility%20cloak_crb","p":407,"h":1,"lvl":4,"n":"Invisibility Cloak"},{"c":3,"s":1,"id":393,"u":"invisibility%20sphere_crb","p":347,"h":1,"lvl":3,"n":"Invisibility Sphere"},{"c":3,"s":1,"id":394,"u":"item%20facade_crb","p":347,"h":1,"lvl":1,"n":"Item Facade"},{"c":3,"s":1,"id":395,"u":"jealous%20hex_crb","p":405,"h":1,"lvl":1,"n":"Jealous Hex"},{"c":3,"s":1,"id":396,"u":"jump_crb","p":347,"h":1,"lvl":1,"n":"Jump"},{"c":3,"s":1,"id":397,"u":"ki%20blast_crb","p":401,"h":1,"lvl":3,"n":"Ki Blast"},{"c":3,"s":1,"id":398,"u":"ki%20rush_crb","p":401,"h":1,"lvl":1,"n":"Ki Rush"},{"c":3,"s":1,"id":399,"u":"ki%20strike_crb","p":401,"h":1,"lvl":1,"n":"Ki Strike"},{"c":3,"s":1,"id":400,"u":"knock_crb","p":347,"h":1,"lvl":2,"n":"Knock"},{"c":3,"s":1,"id":401,"u":"know%20direction_crb","p":348,"h":1,"lvl":1,"n":"Know Direction"},{"c":3,"s":1,"id":402,"u":"know%20the%20enemy_crb","p":393,"h":1,"lvl":4,"n":"Know The Enemy"},{"c":3,"s":1,"id":403,"u":"lay%20on%20hands_crb","p":387,"h":1,"lvl":1,"n":"Lay On Hands"},{"c":3,"s":1,"id":404,"u":"levitate_crb","p":348,"h":1,"lvl":3,"n":"Levitate"},{"c":3,"s":1,"id":405,"u":"life%20siphon_crb","p":407,"h":1,"lvl":4,"n":"Life Siphon"},{"c":3,"s":1,"id":406,"u":"light_crb","p":348,"h":1,"lvl":1,"n":"Light"},{"c":3,"s":1,"id":407,"u":"lightning%20bolt_crb","p":348,"h":1,"lvl":3,"n":"Lightning Bolt"},{"c":3,"s":1,"id":408,"u":"lingering%20composition_crb","p":387,"h":1,"lvl":1,"n":"Lingering Composition"},{"c":3,"s":1,"id":409,"u":"litany%20against%20sloth_crb","p":388,"h":1,"lvl":5,"n":"Litany Against Sloth"},{"c":3,"s":1,"id":410,"u":"litany%20against%20wrath_crb","p":388,"h":1,"lvl":3,"n":"Litany Against Wrath"},{"c":3,"s":1,"id":411,"u":"litany%20of%20righteousness_crb","p":388,"h":1,"lvl":7,"n":"Litany Of Righteousness"},{"c":3,"s":1,"id":412,"u":"localized%20quake_crb","p":393,"h":1,"lvl":4,"n":"Localized Quake"},{"c":3,"s":1,"id":413,"u":"locate_crb","p":348,"h":1,"lvl":3,"n":"Locate"},{"c":3,"s":1,"id":414,"u":"lock_crb","p":348,"h":1,"lvl":1,"n":"Lock"},{"c":3,"s":1,"id":415,"u":"longstrider_crb","p":348,"h":1,"lvl":1,"n":"Longstrider"},{"c":3,"s":1,"id":416,"u":"loremaster's%20etude_crb","p":387,"h":1,"lvl":1,"n":"Loremaster's Etude"},{"c":3,"s":1,"id":417,"u":"lucky%20break_crb","p":393,"h":1,"lvl":4,"n":"Lucky Break"},{"c":3,"s":1,"id":418,"u":"mage%20armor_crb","p":348,"h":1,"lvl":1,"n":"Mage Armor"},{"c":3,"s":1,"id":419,"u":"mage%20hand_crb","p":349,"h":1,"lvl":1,"n":"Mage Hand"},{"c":3,"s":1,"id":420,"u":"magic%20aura_crb","p":349,"h":1,"lvl":1,"n":"Magic Aura"},{"c":3,"s":1,"id":421,"u":"magic%20fang_crb","p":349,"h":1,"lvl":1,"n":"Magic Fang"},{"c":3,"s":1,"id":422,"u":"magic%20missile_crb","p":349,"h":1,"lvl":1,"n":"Magic Missile"},{"c":3,"s":1,"id":423,"u":"magic%20mouth_crb","p":349,"h":1,"lvl":2,"n":"Magic Mouth"},{"c":3,"s":1,"id":424,"u":"magic%20weapon_crb","p":349,"h":1,"lvl":1,"n":"Magic Weapon"},{"c":3,"s":1,"id":425,"u":"magic's%20vessel_crb","p":393,"h":1,"lvl":1,"n":"Magic's Vessel"},{"c":3,"s":1,"id":426,"u":"magnificent%20mansion_crb","p":349,"h":1,"lvl":7,"n":"Magnificent Mansion"},{"c":3,"s":1,"id":427,"u":"malignant%20sustenance_crb","p":394,"h":1,"lvl":4,"n":"Malignant Sustenance"},{"c":3,"s":1,"id":428,"u":"mariner's%20curse_crb","p":350,"h":1,"lvl":5,"n":"Mariner's Curse"},{"c":3,"s":1,"id":429,"u":"mask%20of%20terror_crb","p":350,"h":1,"lvl":7,"n":"Mask Of Terror"},{"c":3,"s":1,"id":430,"u":"massacre_crb","p":350,"h":1,"lvl":9,"n":"Massacre"},{"c":3,"s":1,"id":431,"u":"maze_crb","p":350,"h":1,"lvl":8,"n":"Maze"},{"c":3,"s":1,"id":432,"u":"meld%20into%20stone_crb","p":350,"h":1,"lvl":3,"n":"Meld Into Stone"},{"c":3,"s":1,"id":433,"u":"mending_crb","p":351,"h":1,"lvl":1,"n":"Mending"},{"c":3,"s":1,"id":434,"u":"message_crb","p":351,"h":1,"lvl":1,"n":"Message"},{"c":3,"s":1,"id":435,"u":"meteor%20swarm_crb","p":351,"h":1,"lvl":9,"n":"Meteor Swarm"},{"c":3,"s":1,"id":436,"u":"mind%20blank_crb","p":351,"h":1,"lvl":8,"n":"Mind Blank"},{"c":3,"s":1,"id":437,"u":"mind%20probe_crb","p":351,"h":1,"lvl":5,"n":"Mind Probe"},{"c":3,"s":1,"id":438,"u":"mind%20reading_crb","p":351,"h":1,"lvl":3,"n":"Mind Reading"},{"c":3,"s":1,"id":439,"u":"mindlink_crb","p":352,"h":1,"lvl":1,"n":"Mindlink"},{"c":3,"s":1,"id":440,"u":"miracle_crb","p":352,"h":1,"lvl":10,"n":"Miracle"},{"c":3,"s":1,"id":441,"u":"mirror%20image_crb","p":352,"h":1,"lvl":2,"n":"Mirror Image"},{"c":3,"s":1,"id":442,"u":"misdirection_crb","p":352,"h":1,"lvl":2,"n":"Misdirection"},{"c":3,"s":1,"id":443,"u":"mislead_crb","p":352,"h":1,"lvl":6,"n":"Mislead"},{"c":3,"s":1,"id":444,"u":"modify%20memory_crb","p":352,"h":1,"lvl":4,"n":"Modify Memory"},{"c":3,"s":1,"id":445,"u":"moment%20of%20renewal_crb","p":353,"h":1,"lvl":8,"n":"Moment Of Renewal"},{"c":3,"s":1,"id":446,"u":"monstrosity%20form_crb","p":353,"h":1,"lvl":8,"n":"Monstrosity Form"},{"c":3,"s":1,"id":447,"u":"moon%20frenzy_crb","p":353,"h":1,"lvl":5,"n":"Moon Frenzy"},{"c":3,"s":1,"id":448,"u":"moonbeam_crb","p":394,"h":1,"lvl":1,"n":"Moonbeam"},{"c":3,"s":1,"id":449,"u":"mystic%20beacon_crb","p":394,"h":1,"lvl":4,"n":"Mystic Beacon"},{"c":3,"s":1,"id":450,"u":"nature%20incarnate_crb","p":354,"h":1,"lvl":10,"n":"Nature Incarnate"},{"c":3,"s":1,"id":451,"u":"nature's%20bounty_crb","p":394,"h":1,"lvl":4,"n":"Nature's Bounty"},{"c":3,"s":1,"id":452,"u":"nature's%20enmity_crb","p":354,"h":1,"lvl":9,"n":"Nature's Enmity"},{"c":3,"s":1,"id":453,"u":"negate%20aroma_crb","p":354,"h":1,"lvl":1,"n":"Negate Aroma"},{"c":3,"s":1,"id":454,"u":"neutralize%20poison_crb","p":354,"h":1,"lvl":3,"n":"Neutralize Poison"},{"c":3,"s":1,"id":455,"u":"nightmare_crb","p":354,"h":1,"lvl":4,"n":"Nightmare"},{"c":3,"s":1,"id":456,"u":"nondetection_crb","p":355,"h":1,"lvl":3,"n":"Nondetection"},{"c":3,"s":1,"id":457,"u":"obscuring%20mist_crb","p":355,"h":1,"lvl":2,"n":"Obscuring Mist"},{"c":3,"s":1,"id":458,"u":"outcast's%20curse_crb","p":355,"h":1,"lvl":4,"n":"Outcast's Curse"},{"c":3,"s":1,"id":459,"u":"overstuff_crb","p":394,"h":1,"lvl":1,"n":"Overstuff"},{"c":3,"s":1,"id":460,"u":"overwhelming%20presence_crb","p":356,"h":1,"lvl":9,"n":"Overwhelming Presence"},{"c":3,"s":1,"id":461,"u":"paralyze_crb","p":356,"h":1,"lvl":3,"n":"Paralyze"},{"c":3,"s":1,"id":462,"u":"paranoia_crb","p":356,"h":1,"lvl":2,"n":"Paranoia"},{"c":3,"s":1,"id":463,"u":"pass%20without%20trace_crb","p":356,"h":1,"lvl":1,"n":"Pass Without Trace"},{"c":3,"s":1,"id":464,"u":"passwall_crb","p":356,"h":1,"lvl":5,"n":"Passwall"},{"c":3,"s":1,"id":465,"u":"perfected%20form_crb","p":394,"h":1,"lvl":4,"n":"Perfected Form"},{"c":3,"s":1,"id":466,"u":"perfected%20mind_crb","p":394,"h":1,"lvl":1,"n":"Perfected Mind"},{"c":3,"s":1,"id":467,"u":"pest%20form_crb","p":356,"h":1,"lvl":1,"n":"Pest Form"},{"c":3,"s":1,"id":468,"u":"phantasmal%20calamity_crb","p":357,"h":1,"lvl":6,"n":"Phantasmal Calamity"},{"c":3,"s":1,"id":469,"u":"phantasmal%20killer_crb","p":357,"h":1,"lvl":4,"n":"Phantasmal Killer"},{"c":3,"s":1,"id":470,"u":"phantom%20pain_crb","p":357,"h":1,"lvl":1,"n":"Phantom Pain"},{"c":3,"s":1,"id":471,"u":"phantom%20steed_crb","p":357,"h":1,"lvl":2,"n":"Phantom Steed"},{"c":3,"s":1,"id":472,"u":"physical%20boost_crb","p":407,"h":1,"lvl":1,"n":"Physical Boost"},{"c":3,"s":1,"id":473,"u":"plane%20shift_crb","p":357,"h":1,"lvl":7,"n":"Plane Shift"},{"c":3,"s":1,"id":474,"u":"plant%20form_crb","p":358,"h":1,"lvl":5,"n":"Plant Form"},{"c":3,"s":1,"id":475,"u":"polar%20ray_crb","p":358,"h":1,"lvl":8,"n":"Polar Ray"},{"c":3,"s":1,"id":476,"u":"positive%20luminance_crb","p":394,"h":1,"lvl":4,"n":"Positive Luminance"},{"c":3,"s":1,"id":477,"u":"possession_crb","p":358,"h":1,"lvl":7,"n":"Possession"},{"c":3,"s":1,"id":478,"u":"power%20word%20blind_crb","p":358,"h":1,"lvl":7,"n":"Power Word Blind"},{"c":3,"s":1,"id":479,"u":"power%20word%20kill_crb","p":358,"h":1,"lvl":9,"n":"Power Word Kill"},{"c":3,"s":1,"id":480,"u":"power%20word%20stun_crb","p":359,"h":1,"lvl":8,"n":"Power Word Stun"},{"c":3,"s":1,"id":481,"u":"precious%20metals_crb","p":395,"h":1,"lvl":4,"n":"Precious Metals"},{"c":3,"s":1,"id":482,"u":"prestidigitation_crb","p":359,"h":1,"lvl":1,"n":"Prestidigitation"},{"c":3,"s":1,"id":483,"u":"primal%20herd_crb","p":359,"h":1,"lvl":10,"n":"Primal Herd"},{"c":3,"s":1,"id":484,"u":"primal%20phenomenon_crb","p":359,"h":1,"lvl":10,"n":"Primal Phenomenon"},{"c":3,"s":1,"id":485,"u":"primal%20summons_crb","p":400,"h":1,"lvl":6,"n":"Primal Summons"},{"c":3,"s":1,"id":486,"u":"prismatic%20sphere_crb","p":359,"h":1,"lvl":9,"n":"Prismatic Sphere"},{"c":3,"s":1,"id":487,"u":"prismatic%20spray_crb","p":360,"h":1,"lvl":7,"n":"Prismatic Spray"},{"c":3,"s":1,"id":488,"u":"prismatic%20wall_crb","p":360,"h":1,"lvl":8,"n":"Prismatic Wall"},{"c":3,"s":1,"id":489,"u":"private%20sanctum_crb","p":360,"h":1,"lvl":4,"n":"Private Sanctum"},{"c":3,"s":1,"id":490,"u":"produce%20flame_crb","p":360,"h":1,"lvl":1,"n":"Produce Flame"},{"c":3,"s":1,"id":491,"u":"project%20image_crb","p":360,"h":1,"lvl":7,"n":"Project Image"},{"c":3,"s":1,"id":492,"u":"protection_crb","p":361,"h":1,"lvl":1,"n":"Protection"},{"c":3,"s":1,"id":493,"u":"protective%20ward_crb","p":407,"h":1,"lvl":1,"n":"Protective Ward"},{"c":3,"s":1,"id":494,"u":"protector's%20sacrifice_crb","p":395,"h":1,"lvl":1,"n":"Protector's Sacrifice"},{"c":3,"s":1,"id":495,"u":"protector's%20sphere_crb","p":395,"h":1,"lvl":4,"n":"Protector's Sphere"},{"c":3,"s":1,"id":496,"u":"prying%20eye_crb","p":361,"h":1,"lvl":5,"n":"Prying Eye"},{"c":3,"s":1,"id":497,"u":"pulse%20of%20the%20city_crb","p":395,"h":1,"lvl":4,"n":"Pulse Of The City"},{"c":3,"s":1,"id":498,"u":"punishing%20winds_crb","p":361,"h":1,"lvl":8,"n":"Punishing Winds"},{"c":3,"s":1,"id":499,"u":"purify%20food%20and%20drink_crb","p":362,"h":1,"lvl":1,"n":"Purify Food And Drink"},{"c":3,"s":1,"id":500,"u":"purple%20worm%20sting_crb","p":362,"h":1,"lvl":6,"n":"Purple Worm Sting"},{"c":3,"s":1,"id":501,"u":"pushing%20gust_crb","p":395,"h":1,"lvl":1,"n":"Pushing Gust"},{"c":3,"s":1,"id":502,"u":"quivering%20palm_crb","p":401,"h":1,"lvl":8,"n":"Quivering Palm"},{"c":3,"s":1,"id":503,"u":"raise%20dead_crb","p":362,"h":1,"lvl":6,"n":"Raise Dead"},{"c":3,"s":1,"id":504,"u":"ray%20of%20enfeeblement_crb","p":362,"h":1,"lvl":1,"n":"Ray Of Enfeeblement"},{"c":3,"s":1,"id":505,"u":"ray%20of%20frost_crb","p":362,"h":1,"lvl":1,"n":"Ray Of Frost"},{"c":3,"s":1,"id":506,"u":"read%20aura_crb","p":362,"h":1,"lvl":1,"n":"Read Aura"},{"c":3,"s":1,"id":507,"u":"read%20fate_crb","p":395,"h":1,"lvl":1,"n":"Read Fate"},{"c":3,"s":1,"id":508,"u":"read%20omens_crb","p":363,"h":1,"lvl":4,"n":"Read Omens"},{"c":3,"s":1,"id":509,"u":"rebuke%20death_crb","p":396,"h":1,"lvl":4,"n":"Rebuke Death"},{"c":3,"s":1,"id":510,"u":"regenerate_crb","p":363,"h":1,"lvl":7,"n":"Regenerate"},{"c":3,"s":1,"id":511,"u":"remake_crb","p":363,"h":1,"lvl":10,"n":"Remake"},{"c":3,"s":1,"id":512,"u":"remove%20curse_crb","p":363,"h":1,"lvl":4,"n":"Remove Curse"},{"c":3,"s":1,"id":513,"u":"remove%20disease_crb","p":363,"h":1,"lvl":3,"n":"Remove Disease"},{"c":3,"s":1,"id":514,"u":"remove%20fear_crb","p":363,"h":1,"lvl":2,"n":"Remove Fear"},{"c":3,"s":1,"id":515,"u":"remove%20paralysis_crb","p":363,"h":1,"lvl":2,"n":"Remove Paralysis"},{"c":3,"s":1,"id":516,"u":"repulsion_crb","p":363,"h":1,"lvl":6,"n":"Repulsion"},{"c":3,"s":1,"id":517,"u":"resilient%20sphere_crb","p":364,"h":1,"lvl":4,"n":"Resilient Sphere"},{"c":3,"s":1,"id":518,"u":"resist%20energy_crb","p":364,"h":1,"lvl":2,"n":"Resist Energy"},{"c":3,"s":1,"id":519,"u":"resplendent%20mansion_crb","p":364,"h":1,"lvl":9,"n":"Resplendent Mansion"},{"c":3,"s":1,"id":520,"u":"restoration_crb","p":364,"h":1,"lvl":2,"n":"Restoration"},{"c":3,"s":1,"id":521,"u":"restore%20senses_crb","p":364,"h":1,"lvl":2,"n":"Restore Senses"},{"c":3,"s":1,"id":522,"u":"retributive%20pain_crb","p":396,"h":1,"lvl":4,"n":"Retributive Pain"},{"c":3,"s":1,"id":523,"u":"retrocognition_crb","p":365,"h":1,"lvl":7,"n":"Retrocognition"},{"c":3,"s":1,"id":524,"u":"reverse%20gravity_crb","p":365,"h":1,"lvl":7,"n":"Reverse Gravity"},{"c":3,"s":1,"id":525,"u":"revival_crb","p":366,"h":1,"lvl":10,"n":"Revival"},{"c":3,"s":1,"id":526,"u":"righteous%20might_crb","p":366,"h":1,"lvl":6,"n":"Righteous Might"},{"c":3,"s":1,"id":527,"u":"rope%20trick_crb","p":366,"h":1,"lvl":4,"n":"Rope Trick"},{"c":3,"s":1,"id":528,"u":"safeguard%20secret_crb","p":396,"h":1,"lvl":4,"n":"Safeguard Secret"},{"c":3,"s":1,"id":529,"u":"sanctified%20ground_crb","p":366,"h":1,"lvl":3,"n":"Sanctified Ground"},{"c":3,"s":1,"id":530,"u":"sanctuary_crb","p":366,"h":1,"lvl":1,"n":"Sanctuary"},{"c":3,"s":1,"id":531,"u":"savor%20the%20sting_crb","p":396,"h":1,"lvl":1,"n":"Savor The Sting"},{"c":3,"s":1,"id":532,"u":"scholarly%20recollection_crb","p":396,"h":1,"lvl":1,"n":"Scholarly Recollection"},{"c":3,"s":1,"id":533,"u":"scintillating%20pattern_crb","p":367,"h":1,"lvl":8,"n":"Scintillating Pattern"},{"c":3,"s":1,"id":534,"u":"scrying_crb","p":367,"h":1,"lvl":6,"n":"Scrying"},{"c":3,"s":1,"id":535,"u":"searing%20light_crb","p":367,"h":1,"lvl":3,"n":"Searing Light"},{"c":3,"s":1,"id":536,"u":"secret%20page_crb","p":367,"h":1,"lvl":3,"n":"Secret Page"},{"c":3,"s":1,"id":537,"u":"see%20invisibility_crb","p":367,"h":1,"lvl":2,"n":"See Invisibility"},{"c":3,"s":1,"id":538,"u":"sending_crb","p":367,"h":1,"lvl":5,"n":"Sending"},{"c":3,"s":1,"id":539,"u":"shadow%20blast_crb","p":367,"h":1,"lvl":5,"n":"Shadow Blast"},{"c":3,"s":1,"id":540,"u":"shadow%20siphon_crb","p":368,"h":1,"lvl":5,"n":"Shadow Siphon"},{"c":3,"s":1,"id":541,"u":"shadow%20walk_crb","p":368,"h":1,"lvl":5,"n":"Shadow Walk"},{"c":3,"s":1,"id":542,"u":"shape%20stone_crb","p":368,"h":1,"lvl":4,"n":"Shape Stone"},{"c":3,"s":1,"id":543,"u":"shape%20wood_crb","p":368,"h":1,"lvl":2,"n":"Shape Wood"},{"c":3,"s":1,"id":544,"u":"shapechange_crb","p":368,"h":1,"lvl":9,"n":"Shapechange"},{"c":3,"s":1,"id":545,"u":"shared%20nightmare_crb","p":396,"h":1,"lvl":4,"n":"Shared Nightmare"},{"c":3,"s":1,"id":546,"u":"shatter_crb","p":368,"h":1,"lvl":2,"n":"Shatter"},{"c":3,"s":1,"id":547,"u":"shield_crb","p":368,"h":1,"lvl":1,"n":"Shield"},{"c":3,"s":1,"id":548,"u":"shield%20other_crb","p":369,"h":1,"lvl":2,"n":"Shield Other"},{"c":3,"s":1,"id":549,"u":"shifting%20form_crb","p":407,"h":1,"lvl":4,"n":"Shifting Form"},{"c":3,"s":1,"id":550,"u":"shillelagh_crb","p":369,"h":1,"lvl":1,"n":"Shillelagh"},{"c":3,"s":1,"id":551,"u":"shocking%20grasp_crb","p":369,"h":1,"lvl":1,"n":"Shocking Grasp"},{"c":3,"s":1,"id":552,"u":"shrink_crb","p":369,"h":1,"lvl":2,"n":"Shrink"},{"c":3,"s":1,"id":553,"u":"shrink%20item_crb","p":369,"h":1,"lvl":3,"n":"Shrink Item"},{"c":3,"s":1,"id":554,"u":"sigil_crb","p":369,"h":1,"lvl":1,"n":"Sigil"},{"c":3,"s":1,"id":555,"u":"silence_crb","p":369,"h":1,"lvl":2,"n":"Silence"},{"c":3,"s":1,"id":556,"u":"sleep_crb","p":370,"h":1,"lvl":1,"n":"Sleep"},{"c":3,"s":1,"id":557,"u":"slow_crb","p":370,"h":1,"lvl":3,"n":"Slow"},{"c":3,"s":1,"id":558,"u":"solid%20fog_crb","p":370,"h":1,"lvl":4,"n":"Solid Fog"},{"c":3,"s":1,"id":559,"u":"soothe_crb","p":370,"h":1,"lvl":1,"n":"Soothe"},{"c":3,"s":1,"id":560,"u":"soothing%20ballad_crb","p":387,"h":1,"lvl":7,"n":"Soothing Ballad"},{"c":3,"s":1,"id":561,"u":"soothing%20words_crb","p":396,"h":1,"lvl":1,"n":"Soothing Words"},{"c":3,"s":1,"id":562,"u":"sound%20burst_crb","p":370,"h":1,"lvl":2,"n":"Sound Burst"},{"c":3,"s":1,"id":563,"u":"speak%20with%20animals_crb","p":370,"h":1,"lvl":2,"n":"Speak With Animals"},{"c":3,"s":1,"id":564,"u":"speak%20with%20plants_crb","p":370,"h":1,"lvl":4,"n":"Speak With Plants"},{"c":3,"s":1,"id":565,"u":"spectral%20hand_crb","p":370,"h":1,"lvl":2,"n":"Spectral Hand"},{"c":3,"s":1,"id":566,"u":"spell%20immunity_crb","p":371,"h":1,"lvl":4,"n":"Spell Immunity"},{"c":3,"s":1,"id":567,"u":"spell%20turning_crb","p":371,"h":1,"lvl":7,"n":"Spell Turning"},{"c":3,"s":1,"id":568,"u":"spellwrack_crb","p":371,"h":1,"lvl":6,"n":"Spellwrack"},{"c":3,"s":1,"id":569,"u":"spider%20climb_crb","p":371,"h":1,"lvl":2,"n":"Spider Climb"},{"c":3,"s":1,"id":570,"u":"spider%20sting_crb","p":371,"h":1,"lvl":1,"n":"Spider Sting"},{"c":3,"s":1,"id":571,"u":"spirit%20blast_crb","p":371,"h":1,"lvl":6,"n":"Spirit Blast"},{"c":3,"s":1,"id":572,"u":"spirit%20link_crb","p":371,"h":1,"lvl":1,"n":"Spirit Link"},{"c":3,"s":1,"id":573,"u":"spirit%20song_crb","p":372,"h":1,"lvl":8,"n":"Spirit Song"},{"c":3,"s":1,"id":574,"u":"spiritual%20epidemic_crb","p":372,"h":1,"lvl":8,"n":"Spiritual Epidemic"},{"c":3,"s":1,"id":575,"u":"spiritual%20guardian_crb","p":373,"h":1,"lvl":5,"n":"Spiritual Guardian"},{"c":3,"s":1,"id":576,"u":"spiritual%20weapon_crb","p":373,"h":1,"lvl":2,"n":"Spiritual Weapon"},{"c":3,"s":1,"id":577,"u":"splash%20of%20art_crb","p":397,"h":1,"lvl":1,"n":"Splash Of Art"},{"c":3,"s":1,"id":578,"u":"stabilize_crb","p":373,"h":1,"lvl":1,"n":"Stabilize"},{"c":3,"s":1,"id":579,"u":"status_crb","p":373,"h":1,"lvl":2,"n":"Status"},{"c":3,"s":1,"id":580,"u":"stinking%20cloud_crb","p":373,"h":1,"lvl":3,"n":"Stinking Cloud"},{"c":3,"s":1,"id":581,"u":"stone%20tell_crb","p":374,"h":1,"lvl":6,"n":"Stone Tell"},{"c":3,"s":1,"id":582,"u":"stone%20to%20flesh_crb","p":374,"h":1,"lvl":6,"n":"Stone To Flesh"},{"c":3,"s":1,"id":583,"u":"stoneskin_crb","p":374,"h":1,"lvl":4,"n":"Stoneskin"},{"c":3,"s":1,"id":584,"u":"storm%20lord_crb","p":400,"h":1,"lvl":9,"n":"Storm Lord"},{"c":3,"s":1,"id":585,"u":"storm%20of%20vengeance_crb","p":374,"h":1,"lvl":9,"n":"Storm Of Vengeance"},{"c":3,"s":1,"id":586,"u":"stormwind%20flight_crb","p":400,"h":1,"lvl":4,"n":"Stormwind Flight"},{"c":3,"s":1,"id":587,"u":"subconscious%20suggestion_crb","p":374,"h":1,"lvl":5,"n":"Subconscious Suggestion"},{"c":3,"s":1,"id":588,"u":"sudden%20shift_crb","p":397,"h":1,"lvl":1,"n":"Sudden Shift"},{"c":3,"s":1,"id":589,"u":"suggestion_crb","p":374,"h":1,"lvl":4,"n":"Suggestion"},{"c":3,"s":1,"id":590,"u":"summon%20animal_crb","p":375,"h":1,"lvl":1,"n":"Summon Animal"},{"c":3,"s":1,"id":591,"u":"summon%20celestial_crb","p":375,"h":1,"lvl":5,"n":"Summon Celestial"},{"c":3,"s":1,"id":592,"u":"summon%20construct_crb","p":375,"h":1,"lvl":1,"n":"Summon Construct"},{"c":3,"s":1,"id":593,"u":"summon%20dragon_crb","p":375,"h":1,"lvl":5,"n":"Summon Dragon"},{"c":3,"s":1,"id":594,"u":"summon%20elemental_crb","p":375,"h":1,"lvl":2,"n":"Summon Elemental"},{"c":3,"s":1,"id":595,"u":"summon%20entity_crb","p":375,"h":1,"lvl":5,"n":"Summon Entity"},{"c":3,"s":1,"id":596,"u":"summon%20fey_crb","p":375,"h":1,"lvl":1,"n":"Summon Fey"},{"c":3,"s":1,"id":597,"u":"summon%20fiend_crb","p":375,"h":1,"lvl":5,"n":"Summon Fiend"},{"c":3,"s":1,"id":598,"u":"summon%20giant_crb","p":376,"h":1,"lvl":5,"n":"Summon Giant"},{"c":3,"s":1,"id":599,"u":"summon%20plant%20or%20fungus_crb","p":376,"h":1,"lvl":1,"n":"Summon Plant Or Fungus"},{"c":3,"s":1,"id":600,"u":"sunburst_crb","p":376,"h":1,"lvl":7,"n":"Sunburst"},{"c":3,"s":1,"id":601,"u":"swamp%20of%20sloth_crb","p":405,"h":1,"lvl":3,"n":"Swamp Of Sloth"},{"c":3,"s":1,"id":602,"u":"sweet%20dream_crb","p":397,"h":1,"lvl":1,"n":"Sweet Dream"},{"c":3,"s":1,"id":603,"u":"synaptic%20pulse_crb","p":376,"h":1,"lvl":5,"n":"Synaptic Pulse"},{"c":3,"s":1,"id":604,"u":"synesthesia_crb","p":376,"h":1,"lvl":5,"n":"Synesthesia"},{"c":3,"s":1,"id":605,"u":"take%20its%20course_crb","p":397,"h":1,"lvl":4,"n":"Take Its Course"},{"c":3,"s":1,"id":606,"u":"talking%20corpse_crb","p":376,"h":1,"lvl":4,"n":"Talking Corpse"},{"c":3,"s":1,"id":607,"u":"tanglefoot_crb","p":377,"h":1,"lvl":1,"n":"Tanglefoot"},{"c":3,"s":1,"id":608,"u":"tangling%20creepers_crb","p":377,"h":1,"lvl":6,"n":"Tangling Creepers"},{"c":3,"s":1,"id":609,"u":"telekinetic%20haul_crb","p":377,"h":1,"lvl":5,"n":"Telekinetic Haul"},{"c":3,"s":1,"id":610,"u":"telekinetic%20maneuver_crb","p":377,"h":1,"lvl":2,"n":"Telekinetic Maneuver"},{"c":3,"s":1,"id":611,"u":"telekinetic%20projectile_crb","p":377,"h":1,"lvl":1,"n":"Telekinetic Projectile"},{"c":3,"s":1,"id":612,"u":"telepathic%20bond_crb","p":377,"h":1,"lvl":5,"n":"Telepathic Bond"},{"c":3,"s":1,"id":613,"u":"telepathic%20demand_crb","p":377,"h":1,"lvl":9,"n":"Telepathic Demand"},{"c":3,"s":1,"id":614,"u":"telepathy_crb","p":377,"h":1,"lvl":4,"n":"Telepathy"},{"c":3,"s":1,"id":615,"u":"teleport_crb","p":378,"h":1,"lvl":6,"n":"Teleport"},{"c":3,"s":1,"id":616,"u":"tempest%20surge_crb","p":400,"h":1,"lvl":1,"n":"Tempest Surge"},{"c":3,"s":1,"id":617,"u":"tempt%20fate_crb","p":397,"h":1,"lvl":4,"n":"Tempt Fate"},{"c":3,"s":1,"id":618,"u":"tentacular%20limbs_crb","p":405,"h":1,"lvl":1,"n":"Tentacular Limbs"},{"c":3,"s":1,"id":619,"u":"tidal%20surge_crb","p":397,"h":1,"lvl":1,"n":"Tidal Surge"},{"c":3,"s":1,"id":620,"u":"time%20stop_crb","p":378,"h":1,"lvl":10,"n":"Time Stop"},{"c":3,"s":1,"id":621,"u":"tongues_crb","p":378,"h":1,"lvl":5,"n":"Tongues"},{"c":3,"s":1,"id":622,"u":"touch%20of%20idiocy_crb","p":378,"h":1,"lvl":2,"n":"Touch Of Idiocy"},{"c":3,"s":1,"id":623,"u":"touch%20of%20obedience_crb","p":398,"h":1,"lvl":1,"n":"Touch Of Obedience"},{"c":3,"s":1,"id":624,"u":"touch%20of%20the%20moon_crb","p":398,"h":1,"lvl":4,"n":"Touch Of The Moon"},{"c":3,"s":1,"id":625,"u":"touch%20of%20undeath_crb","p":398,"h":1,"lvl":1,"n":"Touch Of Undeath"},{"c":3,"s":1,"id":626,"u":"traveler's%20transit_crb","p":398,"h":1,"lvl":4,"n":"Traveler's Transit"},{"c":3,"s":1,"id":627,"u":"tree%20shape_crb","p":378,"h":1,"lvl":2,"n":"Tree Shape"},{"c":3,"s":1,"id":628,"u":"tree%20stride_crb","p":378,"h":1,"lvl":5,"n":"Tree Stride"},{"c":3,"s":1,"id":629,"u":"trickster's%20twin_crb","p":398,"h":1,"lvl":4,"n":"Trickster's Twin"},{"c":3,"s":1,"id":630,"u":"triple%20time_crb","p":387,"h":1,"lvl":2,"n":"Triple Time"},{"c":3,"s":1,"id":631,"u":"true%20seeing_crb","p":378,"h":1,"lvl":6,"n":"True Seeing"},{"c":3,"s":1,"id":632,"u":"true%20strike_crb","p":379,"h":1,"lvl":1,"n":"True Strike"},{"c":3,"s":1,"id":633,"u":"true%20target_crb","p":379,"h":1,"lvl":7,"n":"True Target"},{"c":3,"s":1,"id":634,"u":"uncontrollable%20dance_crb","p":379,"h":1,"lvl":8,"n":"Uncontrollable Dance"},{"c":3,"s":1,"id":635,"u":"undeath's%20blessing_crb","p":405,"h":1,"lvl":1,"n":"Undeath's Blessing"},{"c":3,"s":1,"id":636,"u":"undetectable%20alignment_crb","p":379,"h":1,"lvl":2,"n":"Undetectable Alignment"},{"c":3,"s":1,"id":637,"u":"unfathomable%20song_crb","p":379,"h":1,"lvl":9,"n":"Unfathomable Song"},{"c":3,"s":1,"id":638,"u":"unfettered%20pack_crb","p":379,"h":1,"lvl":7,"n":"Unfettered Pack"},{"c":3,"s":1,"id":639,"u":"unimpeded%20stride_crb","p":398,"h":1,"lvl":1,"n":"Unimpeded Stride"},{"c":3,"s":1,"id":640,"u":"unity_crb","p":398,"h":1,"lvl":4,"n":"Unity"},{"c":3,"s":1,"id":641,"u":"unrelenting%20observation_crb","p":379,"h":1,"lvl":8,"n":"Unrelenting Observation"},{"c":3,"s":1,"id":642,"u":"unseen%20servant_crb","p":380,"h":1,"lvl":1,"n":"Unseen Servant"},{"c":3,"s":1,"id":643,"u":"unusual%20anatomy_crb","p":405,"h":1,"lvl":5,"n":"Unusual Anatomy"},{"c":3,"s":1,"id":644,"u":"vampiric%20exsanguination_crb","p":380,"h":1,"lvl":6,"n":"Vampiric Exsanguination"},{"c":3,"s":1,"id":645,"u":"vampiric%20touch_crb","p":380,"h":1,"lvl":3,"n":"Vampiric Touch"},{"c":3,"s":1,"id":646,"u":"veil_crb","p":380,"h":1,"lvl":4,"n":"Veil"},{"c":3,"s":1,"id":647,"u":"veil%20of%20confidence_crb","p":398,"h":1,"lvl":1,"n":"Veil Of Confidence"},{"c":3,"s":1,"id":648,"u":"ventriloquism_crb","p":381,"h":1,"lvl":1,"n":"Ventriloquism"},{"c":3,"s":1,"id":649,"u":"vibrant%20pattern_crb","p":381,"h":1,"lvl":6,"n":"Vibrant Pattern"},{"c":3,"s":1,"id":650,"u":"vibrant%20thorns_crb","p":399,"h":1,"lvl":1,"n":"Vibrant Thorns"},{"c":3,"s":1,"id":651,"u":"vigilant%20eye_crb","p":407,"h":1,"lvl":4,"n":"Vigilant Eye"},{"c":3,"s":1,"id":652,"u":"visions%20of%20danger_crb","p":381,"h":1,"lvl":7,"n":"Visions Of Danger"},{"c":3,"s":1,"id":653,"u":"vital%20beacon_crb","p":382,"h":1,"lvl":4,"n":"Vital Beacon"},{"c":3,"s":1,"id":654,"u":"volcanic%20eruption_crb","p":382,"h":1,"lvl":7,"n":"Volcanic Eruption"},{"c":3,"s":1,"id":655,"u":"wail%20of%20the%20banshee_crb","p":382,"h":1,"lvl":9,"n":"Wail Of The Banshee"},{"c":3,"s":1,"id":656,"u":"waking%20nightmare_crb","p":399,"h":1,"lvl":1,"n":"Waking Nightmare"},{"c":3,"s":1,"id":657,"u":"wall%20of%20fire_crb","p":382,"h":1,"lvl":4,"n":"Wall Of Fire"},{"c":3,"s":1,"id":658,"u":"wall%20of%20force_crb","p":382,"h":1,"lvl":6,"n":"Wall Of Force"},{"c":3,"s":1,"id":659,"u":"wall%20of%20ice_crb","p":382,"h":1,"lvl":5,"n":"Wall Of Ice"},{"c":3,"s":1,"id":660,"u":"wall%20of%20stone_crb","p":383,"h":1,"lvl":5,"n":"Wall Of Stone"},{"c":3,"s":1,"id":661,"u":"wall%20of%20thorns_crb","p":383,"h":1,"lvl":3,"n":"Wall Of Thorns"},{"c":3,"s":1,"id":662,"u":"wall%20of%20wind_crb","p":383,"h":1,"lvl":3,"n":"Wall Of Wind"},{"c":3,"s":1,"id":663,"u":"wanderer's%20guide_crb","p":383,"h":1,"lvl":3,"n":"Wanderer's Guide"},{"c":3,"s":1,"id":664,"u":"warp%20mind_crb","p":383,"h":1,"lvl":7,"n":"Warp Mind"},{"c":3,"s":1,"id":665,"u":"warped%20terrain_crb","p":407,"h":1,"lvl":1,"n":"Warped Terrain"},{"c":3,"s":1,"id":666,"u":"water%20breathing_crb","p":384,"h":1,"lvl":2,"n":"Water Breathing"},{"c":3,"s":1,"id":667,"u":"water%20walk_crb","p":384,"h":1,"lvl":2,"n":"Water Walk"},{"c":3,"s":1,"id":668,"u":"weapon%20of%20judgment_crb","p":384,"h":1,"lvl":9,"n":"Weapon Of Judgment"},{"c":3,"s":1,"id":669,"u":"weapon%20storm_crb","p":384,"h":1,"lvl":4,"n":"Weapon Storm"},{"c":3,"s":1,"id":670,"u":"weapon%20surge_crb","p":399,"h":1,"lvl":1,"n":"Weapon Surge"},{"c":3,"s":1,"id":671,"u":"web_crb","p":384,"h":1,"lvl":2,"n":"Web"},{"c":3,"s":1,"id":672,"u":"weird_crb","p":385,"h":1,"lvl":9,"n":"Weird"},{"c":3,"s":1,"id":673,"u":"wholeness%20of%20body_crb","p":402,"h":1,"lvl":2,"n":"Wholeness Of Body"},{"c":3,"s":1,"id":674,"u":"wild%20morph_crb","p":400,"h":1,"lvl":1,"n":"Wild Morph"},{"c":3,"s":1,"id":675,"u":"wild%20shape_crb","p":401,"h":1,"lvl":1,"n":"Wild Shape"},{"c":3,"s":1,"id":676,"u":"wild%20winds%20stance_crb","p":402,"h":1,"lvl":4,"n":"Wild Winds Stance"},{"c":3,"s":1,"id":677,"u":"wind%20jump_crb","p":402,"h":1,"lvl":5,"n":"Wind Jump"},{"c":3,"s":1,"id":678,"u":"wind%20walk_crb","p":385,"h":1,"lvl":8,"n":"Wind Walk"},{"c":3,"s":1,"id":679,"u":"wish_crb","p":385,"h":1,"lvl":10,"n":"Wish"},{"c":3,"s":1,"id":680,"u":"word%20of%20freedom_crb","p":399,"h":1,"lvl":4,"n":"Word Of Freedom"},{"c":3,"s":1,"id":681,"u":"word%20of%20truth_crb","p":399,"h":1,"lvl":1,"n":"Word Of Truth"},{"c":3,"s":1,"id":682,"u":"you're%20mine_crb","p":406,"h":1,"lvl":5,"n":"You're Mine"},{"c":3,"s":1,"id":683,"u":"zeal%20for%20battle_crb","p":399,"h":1,"lvl":4,"n":"Zeal For Battle"},{"c":3,"s":1,"id":684,"u":"zealous%20conviction_crb","p":385,"h":1,"lvl":6,"n":"Zealous Conviction"},{"c":3,"s":1,"id":685,"u":"zone%20of%20truth_crb","p":385,"h":1,"lvl":3,"n":"Zone Of Truth"},{"c":3,"s":2,"id":686,"u":"exchange%20image_aoa3","p":73,"h":1,"lvl":1,"n":"Exchange Image"},{"c":3,"s":2,"id":687,"u":"forgotten%20lines_aoa3","p":73,"h":1,"lvl":4,"n":"Forgotten Lines"},{"c":3,"s":2,"id":688,"u":"imprint%20message_aoa3","p":74,"h":1,"lvl":1,"n":"Imprint Message"},{"c":3,"s":2,"id":689,"u":"join%20pasts_aoa3","p":74,"h":1,"lvl":1,"n":"Join Pasts"},{"c":3,"s":2,"id":690,"u":"object%20reading_aoa3","p":74,"h":1,"lvl":1,"n":"Object Reading"},{"c":3,"s":2,"id":691,"u":"silver's%20refrain_aoa3","p":74,"h":1,"lvl":1,"n":"Silver's Refrain"},{"c":3,"s":2,"id":692,"u":"spiritual%20anamnesis_aoa3","p":74,"h":1,"lvl":4,"n":"Spiritual Anamnesis"},{"c":3,"s":3,"id":693,"u":"electrified%20crystal%20ward_aoa4","p":75,"h":1,"lvl":3,"n":"Electrified Crystal Ward"},{"c":3,"s":3,"id":694,"u":"practice%20makes%20perfect_aoa4","p":63,"h":1,"lvl":1,"n":"Practice Makes Perfect"},{"c":3,"s":3,"id":695,"u":"tireless%20worker_aoa4","p":63,"h":1,"lvl":4,"n":"Tireless Worker"},{"c":3,"s":4,"id":696,"u":"apex%20companion_aoa6","p":77,"h":1,"lvl":10,"n":"Apex Companion"},{"c":3,"s":4,"id":697,"u":"song%20of%20the%20fallen_aoa6","p":77,"h":1,"lvl":10,"n":"Song Of The Fallen"},{"c":3,"s":5,"id":698,"u":"admonishing%20ray_aoe2","p":76,"h":1,"lvl":1,"n":"Admonishing Ray"},{"c":3,"s":5,"id":699,"u":"magical%20fetters_aoe2","p":77,"h":1,"lvl":3,"n":"Magical Fetters"},{"c":3,"s":5,"id":700,"u":"maze%20of%20locked%20doors_aoe2","p":77,"h":1,"lvl":7,"n":"Maze Of Locked Doors"},{"c":3,"s":5,"id":701,"u":"putrefy%20food%20and%20drink_aoe2","p":77,"h":1,"lvl":1,"n":"Putrefy Food And Drink"},{"c":3,"s":5,"id":702,"u":"speaking%20sky_aoe2","p":79,"h":1,"lvl":6,"n":"Speaking Sky"},{"c":3,"s":5,"id":703,"u":"steal%20the%20sky_aoe2","p":79,"h":1,"lvl":5,"n":"Steal The Sky"},{"c":3,"s":6,"id":704,"u":"imp%20sting_aoe4","p":80,"h":1,"lvl":2,"n":"Imp Sting"},{"c":3,"s":6,"id":705,"u":"leng%20sting_aoe4","p":80,"h":1,"lvl":7,"n":"Leng Sting"},{"c":3,"s":6,"id":706,"u":"linnorm%20sting_aoe4","p":81,"h":1,"lvl":9,"n":"Linnorm Sting"},{"c":3,"s":6,"id":707,"u":"swarming%20wasp%20stings_aoe4","p":81,"h":1,"lvl":4,"n":"Swarming Wasp Stings"},{"c":3,"s":6,"id":708,"u":"wyvern%20sting_aoe4","p":81,"h":1,"lvl":5,"n":"Wyvern Sting"},{"c":3,"s":7,"id":709,"u":"ordained%20purpose_aoe5","p":75,"h":1,"lvl":4,"n":"Ordained Purpose"},{"c":3,"s":7,"id":710,"u":"split%20the%20tongue_aoe5","p":75,"h":1,"lvl":1,"n":"Split The Tongue"},{"c":3,"s":8,"id":711,"u":"divinity%20leech_aoe6","p":75,"h":1,"lvl":9,"n":"Divinity Leech"},{"c":3,"s":8,"id":712,"u":"prismatic%20shield_aoe6","p":75,"h":1,"lvl":9,"n":"Prismatic Shield"},{"c":3,"s":9,"id":713,"u":"worm's%20repast_av1","p":80,"h":1,"lvl":2,"n":"Worm's Repast"},{"c":3,"s":10,"id":714,"u":"daydreamer's%20curse_av2","p":73,"h":1,"lvl":4,"n":"Daydreamer's Curse"},{"c":3,"s":10,"id":715,"u":"savant's%20curse_av2","p":73,"h":1,"lvl":4,"n":"Savant's Curse"},{"c":3,"s":11,"id":716,"u":"call%20the%20blood_av3","p":75,"h":1,"lvl":4,"n":"Call The Blood"},{"c":3,"s":11,"id":717,"u":"ectoplasmic%20expulsion_av3","p":75,"h":1,"lvl":5,"n":"Ectoplasmic Expulsion"},{"c":3,"s":11,"id":718,"u":"fearful%20feast_av3","p":65,"h":1,"lvl":4,"n":"Fearful Feast"},{"c":3,"s":11,"id":719,"u":"lift%20nature's%20caul_av3","p":65,"h":1,"lvl":1,"n":"Lift Nature's Caul"},{"c":3,"s":12,"id":720,"u":"breath%20of%20drought_ec1","p":78,"h":1,"lvl":2,"n":"Breath Of Drought"},{"c":3,"s":12,"id":721,"u":"personal%20rain%20cloud_ec1","p":78,"h":1,"lvl":1,"n":"Personal Rain Cloud"},{"c":3,"s":12,"id":722,"u":"rime%20slick_ec1","p":78,"h":1,"lvl":2,"n":"Rime Slick"},{"c":3,"s":12,"id":723,"u":"scouring%20sand_ec1","p":78,"h":1,"lvl":1,"n":"Scouring Sand"},{"c":3,"s":12,"id":724,"u":"sea%20surge_ec1","p":78,"h":1,"lvl":2,"n":"Sea Surge"},{"c":3,"s":12,"id":725,"u":"sudden%20bolt_ec1","p":79,"h":1,"lvl":2,"n":"Sudden Bolt"},{"c":3,"s":12,"id":726,"u":"unseasonable%20squall_ec1","p":79,"h":1,"lvl":3,"n":"Unseasonable Squall"},{"c":3,"s":12,"id":727,"u":"verdant%20sprout_ec1","p":79,"h":1,"lvl":1,"n":"Verdant Sprout"},{"c":3,"s":13,"id":728,"u":"clownish%20curse_ec2","p":77,"h":1,"lvl":4,"n":"Clownish Curse"},{"c":3,"s":13,"id":729,"u":"favorable%20review_ec2","p":77,"h":1,"lvl":4,"n":"Favorable Review"},{"c":3,"s":13,"id":730,"u":"pillar%20of%20water_ec2","p":77,"h":1,"lvl":3,"n":"Pillar Of Water"},{"c":3,"s":13,"id":731,"u":"pyrotechnics_ec2","p":77,"h":1,"lvl":3,"n":"Pyrotechnics"},{"c":3,"s":14,"id":732,"u":"ravening%20maw_ec3","p":67,"h":1,"lvl":5,"n":"Ravening Maw"},{"c":3,"s":15,"id":733,"u":"blood%20feast_ec4","p":74,"h":1,"lvl":5,"n":"Blood Feast"},{"c":3,"s":15,"id":734,"u":"entrancing%20eyes_ec4","p":74,"h":1,"lvl":7,"n":"Entrancing Eyes"},{"c":3,"s":15,"id":735,"u":"necrotic%20radiation_ec4","p":75,"h":1,"lvl":4,"n":"Necrotic Radiation"},{"c":3,"s":16,"id":736,"u":"blightburn%20blast_ec5","p":73,"h":1,"lvl":7,"n":"Blightburn Blast"},{"c":3,"s":16,"id":737,"u":"control%20sand_ec5","p":73,"h":1,"lvl":7,"n":"Control Sand"},{"c":3,"s":16,"id":738,"u":"pillars%20of%20sand_ec5","p":74,"h":1,"lvl":5,"n":"Pillars Of Sand"},{"c":3,"s":17,"id":739,"u":"astral%20labyrinth_ec6","p":76,"h":1,"lvl":9,"n":"Astral Labyrinth"},{"c":3,"s":17,"id":740,"u":"deluge_ec6","p":76,"h":1,"lvl":8,"n":"Deluge"},{"c":3,"s":17,"id":741,"u":"devour%20life_ec6","p":76,"h":1,"lvl":8,"n":"Devour Life"},{"c":3,"s":17,"id":742,"u":"prying%20survey_ec6","p":76,"h":1,"lvl":8,"n":"Prying Survey"},{"c":3,"s":17,"id":743,"u":"undermine%20reality_ec6","p":76,"h":1,"lvl":8,"n":"Undermine Reality"},{"c":3,"s":17,"id":744,"u":"upheaval_ec6","p":77,"h":1,"lvl":9,"n":"Upheaval"},{"c":3,"s":18,"id":745,"u":"aura%20of%20the%20unremarkable_frp1","p":77,"h":1,"lvl":6,"n":"Aura Of The Unremarkable"},{"c":3,"s":18,"id":746,"u":"return%20beacon_frp1","p":77,"h":1,"lvl":5,"n":"Return Beacon"},{"c":3,"s":18,"id":747,"u":"wronged%20monk's%20wrath_frp1","p":77,"h":1,"lvl":5,"n":"Wronged Monk's Wrath"},{"c":3,"s":19,"id":748,"u":"cleansing%20flames_frp3","p":74,"h":1,"lvl":5,"n":"Cleansing Flames"},{"c":3,"s":19,"id":749,"u":"rejuvenating%20flames_frp3","p":74,"h":1,"lvl":1,"n":"Rejuvenating Flames"},{"c":3,"s":19,"id":750,"u":"shroud%20of%20flame_frp3","p":74,"h":1,"lvl":3,"n":"Shroud Of Flame"},{"c":3,"s":20,"id":751,"u":"invoke%20the%20crimson%20oath_locg","p":90,"h":1,"lvl":2,"n":"Invoke The Crimson Oath"},{"c":3,"s":20,"id":752,"u":"light%20of%20revelation_locg","p":91,"h":1,"lvl":2,"n":"Light Of Revelation"},{"c":3,"s":20,"id":753,"u":"perfect%20strike_locg","p":131,"h":1,"lvl":2,"n":"Perfect Strike"},{"c":3,"s":20,"id":754,"u":"sun%20blade_locg","p":91,"h":1,"lvl":2,"n":"Sun Blade"},{"c":3,"s":21,"id":755,"u":"acid%20storm_logm","p":106,"h":1,"lvl":5,"n":"Acid Storm"},{"c":3,"s":21,"id":756,"u":"acidic%20burst_logm","p":106,"h":1,"lvl":1,"n":"Acidic Burst"},{"c":3,"s":21,"id":757,"u":"adapt%20self_logm","p":112,"h":1,"lvl":1,"n":"Adapt Self"},{"c":3,"s":21,"id":758,"u":"adaptive%20ablation_logm","p":112,"h":1,"lvl":4,"n":"Adaptive Ablation"},{"c":3,"s":21,"id":759,"u":"agitate_logm","p":106,"h":1,"lvl":1,"n":"Agitate"},{"c":3,"s":21,"id":760,"u":"animus%20mine_logm","p":106,"h":1,"lvl":2,"n":"Animus Mine"},{"c":3,"s":21,"id":761,"u":"anticipate%20peril_logm","p":107,"h":1,"lvl":1,"n":"Anticipate Peril"},{"c":3,"s":21,"id":762,"u":"asterism_logm","p":117,"h":1,"lvl":4,"n":"Asterism"},{"c":3,"s":21,"id":763,"u":"befuddle_logm","p":107,"h":1,"lvl":1,"n":"Befuddle"},{"c":3,"s":21,"id":764,"u":"bottle%20the%20storm_logm","p":115,"h":1,"lvl":4,"n":"Bottle The Storm"},{"c":3,"s":21,"id":765,"u":"brand%20the%20impenitent_logm","p":107,"h":1,"lvl":2,"n":"Brand The Impenitent"},{"c":3,"s":21,"id":766,"u":"charged%20javelin_logm","p":115,"h":1,"lvl":1,"n":"Charged Javelin"},{"c":3,"s":21,"id":767,"u":"chilling%20spray_logm","p":107,"h":1,"lvl":1,"n":"Chilling Spray"},{"c":3,"s":21,"id":768,"u":"cup%20of%20dust_logm","p":107,"h":1,"lvl":3,"n":"Cup Of Dust"},{"c":3,"s":21,"id":769,"u":"delay%20consequence_logm","p":118,"h":1,"lvl":1,"n":"Delay Consequence"},{"c":3,"s":21,"id":770,"u":"diamond%20dust_logm","p":112,"h":1,"lvl":4,"n":"Diamond Dust"},{"c":3,"s":21,"id":771,"u":"divine%20plagues_logm","p":115,"h":1,"lvl":1,"n":"Divine Plagues"},{"c":3,"s":21,"id":772,"u":"door%20to%20beyond_logm","p":119,"h":1,"lvl":4,"n":"Door To Beyond"},{"c":3,"s":21,"id":773,"u":"draconic%20barrage_logm","p":119,"h":1,"lvl":1,"n":"Draconic Barrage"},{"c":3,"s":21,"id":774,"u":"dust%20storm_logm","p":114,"h":1,"lvl":4,"n":"Dust Storm"},{"c":3,"s":21,"id":775,"u":"dutiful%20challenge_logm","p":114,"h":1,"lvl":4,"n":"Dutiful Challenge"},{"c":3,"s":21,"id":776,"u":"ectoplasmic%20interstice_logm","p":117,"h":1,"lvl":4,"n":"Ectoplasmic Interstice"},{"c":3,"s":21,"id":777,"u":"eject%20soul_logm","p":117,"h":1,"lvl":1,"n":"Eject Soul"},{"c":3,"s":21,"id":778,"u":"empty%20inside_logm","p":119,"h":1,"lvl":1,"n":"Empty Inside"},{"c":3,"s":21,"id":779,"u":"endure_logm","p":107,"h":1,"lvl":1,"n":"Endure"},{"c":3,"s":21,"id":780,"u":"ephemeral%20hazards_logm","p":113,"h":1,"lvl":4,"n":"Ephemeral Hazards"},{"c":3,"s":21,"id":781,"u":"expeditious%20excavation_logm","p":107,"h":1,"lvl":2,"n":"Expeditious Excavation"},{"c":3,"s":21,"id":782,"u":"fallow%20field_logm","p":113,"h":1,"lvl":4,"n":"Fallow Field"},{"c":3,"s":21,"id":783,"u":"feast%20of%20ashes_logm","p":107,"h":1,"lvl":2,"n":"Feast Of Ashes"},{"c":3,"s":21,"id":784,"u":"font%20of%20serenity_logm","p":116,"h":1,"lvl":4,"n":"Font Of Serenity"},{"c":3,"s":21,"id":785,"u":"foul%20miasma_logm","p":115,"h":1,"lvl":4,"n":"Foul Miasma"},{"c":3,"s":21,"id":786,"u":"fungal%20hyphae_logm","p":108,"h":1,"lvl":2,"n":"Fungal Hyphae"},{"c":3,"s":21,"id":787,"u":"ghostly%20transcription_logm","p":115,"h":1,"lvl":4,"n":"Ghostly Transcription"},{"c":3,"s":21,"id":788,"u":"gravity%20well_logm","p":108,"h":1,"lvl":3,"n":"Gravity Well"},{"c":3,"s":21,"id":789,"u":"hyperfocus_logm","p":113,"h":1,"lvl":1,"n":"Hyperfocus"},{"c":3,"s":21,"id":790,"u":"ill%20omen_logm","p":108,"h":1,"lvl":1,"n":"Ill Omen"},{"c":3,"s":21,"id":791,"u":"iron%20gut_logm","p":108,"h":1,"lvl":2,"n":"Iron Gut"},{"c":3,"s":21,"id":792,"u":"lament_logm","p":116,"h":1,"lvl":1,"n":"Lament"},{"c":3,"s":21,"id":793,"u":"liberating%20command_logm","p":108,"h":1,"lvl":1,"n":"Liberating Command"},{"c":3,"s":21,"id":794,"u":"message%20rune_logm","p":108,"h":1,"lvl":1,"n":"Message Rune"},{"c":3,"s":21,"id":795,"u":"oathkeeper's%20insignia_logm","p":114,"h":1,"lvl":1,"n":"Oathkeeper's Insignia"},{"c":3,"s":21,"id":796,"u":"object%20memory_logm","p":118,"h":1,"lvl":1,"n":"Object Memory"},{"c":3,"s":21,"id":797,"u":"overflowing%20sorrow_logm","p":116,"h":1,"lvl":4,"n":"Overflowing Sorrow"},{"c":3,"s":21,"id":798,"u":"parch_logm","p":114,"h":1,"lvl":1,"n":"Parch"},{"c":3,"s":21,"id":799,"u":"penumbral%20shroud_logm","p":109,"h":1,"lvl":1,"n":"Penumbral Shroud"},{"c":3,"s":21,"id":800,"u":"redact_logm","p":114,"h":1,"lvl":1,"n":"Redact"},{"c":3,"s":21,"id":801,"u":"reflective%20scales_logm","p":109,"h":1,"lvl":4,"n":"Reflective Scales"},{"c":3,"s":21,"id":802,"u":"remember%20the%20lost_logm","p":119,"h":1,"lvl":4,"n":"Remember The Lost"},{"c":3,"s":21,"id":803,"u":"roar%20of%20the%20wyrm_logm","p":119,"h":1,"lvl":4,"n":"Roar Of The Wyrm"},{"c":3,"s":21,"id":804,"u":"share%20burden_logm","p":116,"h":1,"lvl":1,"n":"Share Burden"},{"c":3,"s":21,"id":805,"u":"share%20lore_logm","p":109,"h":1,"lvl":1,"n":"Share Lore"},{"c":3,"s":21,"id":806,"u":"shattering%20gem_logm","p":109,"h":1,"lvl":1,"n":"Shattering Gem"},{"c":3,"s":21,"id":807,"u":"shifting%20sand_logm","p":110,"h":1,"lvl":3,"n":"Shifting Sand"},{"c":3,"s":21,"id":808,"u":"shockwave_logm","p":110,"h":1,"lvl":1,"n":"Shockwave"},{"c":3,"s":21,"id":809,"u":"show%20the%20way_logm","p":110,"h":1,"lvl":3,"n":"Show The Way"},{"c":3,"s":21,"id":810,"u":"slough%20skin_logm","p":110,"h":1,"lvl":2,"n":"Slough Skin"},{"c":3,"s":21,"id":811,"u":"stasis_logm","p":118,"h":1,"lvl":4,"n":"Stasis"},{"c":3,"s":21,"id":812,"u":"swarm%20form_logm","p":118,"h":1,"lvl":4,"n":"Swarm Form"},{"c":3,"s":21,"id":813,"u":"swarmsense_logm","p":117,"h":1,"lvl":1,"n":"Swarmsense"},{"c":3,"s":21,"id":814,"u":"temporary%20tool_logm","p":110,"h":1,"lvl":1,"n":"Temporary Tool"},{"c":3,"s":21,"id":815,"u":"tether_logm","p":111,"h":1,"lvl":1,"n":"Tether"},{"c":3,"s":21,"id":816,"u":"time%20beacon_logm","p":111,"h":1,"lvl":7,"n":"Time Beacon"},{"c":3,"s":21,"id":817,"u":"whirling%20scarves_logm","p":111,"h":1,"lvl":3,"n":"Whirling Scarves"},{"c":3,"s":21,"id":818,"u":"winter%20bolt_logm","p":112,"h":1,"lvl":1,"n":"Winter Bolt"},{"c":3,"s":21,"id":819,"u":"withering%20grasp_logm","p":112,"h":1,"lvl":1,"n":"Withering Grasp"},{"c":3,"s":21,"id":820,"u":"zenith%20star_logm","p":117,"h":1,"lvl":1,"n":"Zenith Star"},{"c":3,"s":22,"id":821,"u":"achaekek's%20clutch_lol","p":58,"h":1,"lvl":4,"n":"Achaekek's Clutch"},{"c":3,"s":22,"id":822,"u":"all%20is%20one%2c%20one%20is%20all_lol","p":65,"h":1,"lvl":8,"n":"All Is One, One Is All"},{"c":3,"s":22,"id":823,"u":"aromatic%20lure_lol","p":37,"h":1,"lvl":4,"n":"Aromatic Lure"},{"c":3,"s":22,"id":824,"u":"glacial%20heart_lol","p":32,"h":1,"lvl":5,"n":"Glacial Heart"},{"c":3,"s":22,"id":825,"u":"halcyon%20infusion_lol","p":66,"h":1,"lvl":6,"n":"Halcyon Infusion"},{"c":3,"s":22,"id":826,"u":"rebounding%20barrier_lol","p":37,"h":1,"lvl":4,"n":"Rebounding Barrier"},{"c":3,"s":22,"id":827,"u":"shall%20not%20falter%2c%20shall%20not%20rout_lol","p":69,"h":1,"lvl":5,"n":"Shall Not Falter, Shall Not Rout"},{"c":3,"s":22,"id":828,"u":"spirit%20object_lol","p":32,"h":1,"lvl":1,"n":"Spirit Object"},{"c":3,"s":22,"id":829,"u":"sun's%20fury_lol","p":101,"h":1,"lvl":3,"n":"Sun's Fury"},{"c":3,"s":23,"id":830,"u":"familiar%20form_lopsg","p":5500,"h":1,"lvl":4,"n":"Familiar Form"},{"c":3,"s":23,"id":831,"u":"perseis's%20precautions_lopsg","p":124,"h":1,"lvl":3,"n":"Perseis's Precautions"},{"c":3,"s":23,"id":832,"u":"spellmaster's%20ward_lopsg","p":5500,"h":1,"lvl":5,"n":"Spellmaster's Ward"},{"c":3,"s":23,"id":833,"u":"transcribe%20moment_lopsg","p":46,"h":1,"lvl":4,"n":"Transcribe Moment"},{"c":3,"s":24,"id":834,"u":"magic%20warrior%20aspect_lowg","p":95,"h":1,"lvl":2,"n":"Magic Warrior Aspect"},{"c":3,"s":24,"id":835,"u":"magic%20warrior%20transformation_lowg","p":95,"h":1,"lvl":2,"n":"Magic Warrior Transformation"},{"c":3,"s":24,"id":836,"u":"mantis%20form_lowg","p":71,"h":1,"lvl":4,"n":"Mantis Form"},{"c":3,"s":24,"id":837,"u":"perfect%20strike_lowg","p":83,"h":1,"lvl":2,"n":"Perfect Strike"},{"c":3,"s":24,"id":838,"u":"snowball_lowg","p":112,"h":1,"lvl":1,"n":"Snowball"},{"c":3,"s":24,"id":839,"u":"unblinking%20flame%20revelation_lowg","p":83,"h":1,"lvl":3,"n":"Unblinking Flame Revelation"},{"c":3,"s":24,"id":840,"u":"unbreaking%20wave%20advance_lowg","p":83,"h":1,"lvl":3,"n":"Unbreaking Wave Advance"},{"c":3,"s":24,"id":841,"u":"unfolding%20wind%20rush_lowg","p":83,"h":1,"lvl":3,"n":"Unfolding Wind Rush"},{"c":3,"s":24,"id":842,"u":"untwisting%20iron%20buffer_lowg","p":83,"h":1,"lvl":3,"n":"Untwisting Iron Buffer"},{"c":3,"s":25,"id":843,"u":"aberrant%20form_som","p":88,"h":1,"lvl":5,"n":"Aberrant Form"},{"c":3,"s":25,"id":844,"u":"angel%20form_som","p":89,"h":1,"lvl":7,"n":"Angel Form"},{"c":3,"s":25,"id":845,"u":"animal%20allies_som","p":89,"h":1,"lvl":1,"n":"Animal Allies"},{"c":3,"s":25,"id":846,"u":"approximate_som","p":90,"h":1,"lvl":1,"n":"Approximate"},{"c":3,"s":25,"id":847,"u":"ash%20cloud_som","p":90,"h":1,"lvl":2,"n":"Ash Cloud"},{"c":3,"s":25,"id":848,"u":"bandit's%20doom_som","p":90,"h":1,"lvl":5,"n":"Bandit's Doom"},{"c":3,"s":25,"id":849,"u":"befitting%20attire_som","p":90,"h":1,"lvl":2,"n":"Befitting Attire"},{"c":3,"s":25,"id":850,"u":"biting%20words_som","p":90,"h":1,"lvl":1,"n":"Biting Words"},{"c":3,"s":25,"id":851,"u":"blazing%20dive_som","p":90,"h":1,"lvl":3,"n":"Blazing Dive"},{"c":3,"s":25,"id":852,"u":"blazing%20fissure_som","p":91,"h":1,"lvl":5,"n":"Blazing Fissure"},{"c":3,"s":25,"id":853,"u":"blessing%20of%20defiance_som","p":91,"h":1,"lvl":5,"n":"Blessing Of Defiance"},{"c":3,"s":25,"id":854,"u":"blink%20charge_som","p":92,"h":1,"lvl":5,"n":"Blink Charge"},{"c":3,"s":25,"id":855,"u":"bloodspray%20curse_som","p":92,"h":1,"lvl":4,"n":"Bloodspray Curse"},{"c":3,"s":25,"id":856,"u":"boil%20blood_som","p":92,"h":1,"lvl":8,"n":"Boil Blood"},{"c":3,"s":25,"id":857,"u":"boost%20eidolon_som","p":144,"h":1,"lvl":1,"n":"Boost Eidolon"},{"c":3,"s":25,"id":858,"u":"bottomless%20stomach_som","p":92,"h":1,"lvl":3,"n":"Bottomless Stomach"},{"c":3,"s":25,"id":859,"u":"breadcrumbs_som","p":92,"h":1,"lvl":1,"n":"Breadcrumbs"},{"c":3,"s":25,"id":860,"u":"bullhorn_som","p":93,"h":1,"lvl":1,"n":"Bullhorn"},{"c":3,"s":25,"id":861,"u":"burning%20blossoms_som","p":93,"h":1,"lvl":8,"n":"Burning Blossoms"},{"c":3,"s":25,"id":862,"u":"canticle%20of%20everlasting%20grief_som","p":94,"h":1,"lvl":8,"n":"Canticle Of Everlasting Grief"},{"c":3,"s":25,"id":863,"u":"cascade%20countermeasure_som","p":143,"h":1,"lvl":3,"n":"Cascade Countermeasure"},{"c":3,"s":25,"id":864,"u":"cast%20into%20time_som","p":94,"h":1,"lvl":6,"n":"Cast Into Time"},{"c":3,"s":25,"id":865,"u":"catch%20your%20name_som","p":247,"h":1,"lvl":6,"n":"Catch Your Name"},{"c":3,"s":25,"id":866,"u":"chromatic%20armor_som","p":95,"h":1,"lvl":4,"n":"Chromatic Armor"},{"c":3,"s":25,"id":867,"u":"chromatic%20image_som","p":95,"h":1,"lvl":6,"n":"Chromatic Image"},{"c":3,"s":25,"id":868,"u":"chromatic%20ray_som","p":95,"h":1,"lvl":4,"n":"Chromatic Ray"},{"c":3,"s":25,"id":869,"u":"claim%20curse_som","p":95,"h":1,"lvl":3,"n":"Claim Curse"},{"c":3,"s":25,"id":870,"u":"clone%20companion_som","p":96,"h":1,"lvl":8,"n":"Clone Companion"},{"c":3,"s":25,"id":871,"u":"combustion_som","p":200,"h":1,"lvl":3,"n":"Combustion"},{"c":3,"s":25,"id":872,"u":"compel%20true%20name_som","p":247,"h":1,"lvl":4,"n":"Compel True Name"},{"c":3,"s":25,"id":873,"u":"concordant%20choir_som","p":96,"h":1,"lvl":1,"n":"Concordant Choir"},{"c":3,"s":25,"id":874,"u":"coral%20eruption_som","p":96,"h":1,"lvl":4,"n":"Coral Eruption"},{"c":3,"s":25,"id":875,"u":"corrosive%20body_som","p":96,"h":1,"lvl":7,"n":"Corrosive Body"},{"c":3,"s":25,"id":876,"u":"cosmic%20form_som","p":97,"h":1,"lvl":7,"n":"Cosmic Form"},{"c":3,"s":25,"id":877,"u":"crushing%20ground_som","p":200,"h":1,"lvl":1,"n":"Crushing Ground"},{"c":3,"s":25,"id":878,"u":"daemon%20form_som","p":98,"h":1,"lvl":6,"n":"Daemon Form"},{"c":3,"s":25,"id":879,"u":"darklight_som","p":227,"h":1,"lvl":7,"n":"Darklight"},{"c":3,"s":25,"id":880,"u":"day's%20weight_som","p":98,"h":1,"lvl":3,"n":"Day's Weight"},{"c":3,"s":25,"id":881,"u":"deity's%20strike_som","p":99,"h":1,"lvl":7,"n":"Deity's Strike"},{"c":3,"s":25,"id":882,"u":"demon%20form_som","p":99,"h":1,"lvl":6,"n":"Demon Form"},{"c":3,"s":25,"id":883,"u":"devil%20form_som","p":99,"h":1,"lvl":6,"n":"Devil Form"},{"c":3,"s":25,"id":884,"u":"dimensional%20assault_som","p":143,"h":1,"lvl":1,"n":"Dimensional Assault"},{"c":3,"s":25,"id":885,"u":"distracting%20chatter_som","p":100,"h":1,"lvl":3,"n":"Distracting Chatter"},{"c":3,"s":25,"id":886,"u":"divine%20armageddon_som","p":100,"h":1,"lvl":8,"n":"Divine Armageddon"},{"c":3,"s":25,"id":887,"u":"draw%20ire_som","p":101,"h":1,"lvl":1,"n":"Draw Ire"},{"c":3,"s":25,"id":888,"u":"draw%20the%20lightning_som","p":101,"h":1,"lvl":4,"n":"Draw The Lightning"},{"c":3,"s":25,"id":889,"u":"echoing%20weapon_som","p":101,"h":1,"lvl":1,"n":"Echoing Weapon"},{"c":3,"s":25,"id":890,"u":"efficient%20apport_som","p":241,"h":1,"lvl":1,"n":"Efficient Apport"},{"c":3,"s":25,"id":891,"u":"eidolon's%20wrath_som","p":144,"h":1,"lvl":3,"n":"Eidolon's Wrath"},{"c":3,"s":25,"id":892,"u":"element%20embodied_som","p":101,"h":1,"lvl":10,"n":"Element Embodied"},{"c":3,"s":25,"id":893,"u":"elemental%20absorption_som","p":102,"h":1,"lvl":3,"n":"Elemental Absorption"},{"c":3,"s":25,"id":894,"u":"elemental%20annihilation%20wave_som","p":102,"h":1,"lvl":3,"n":"Elemental Annihilation Wave"},{"c":3,"s":25,"id":895,"u":"elemental%20confluence_som","p":102,"h":1,"lvl":6,"n":"Elemental Confluence"},{"c":3,"s":25,"id":896,"u":"elemental%20gift_som","p":103,"h":1,"lvl":4,"n":"Elemental Gift"},{"c":3,"s":25,"id":897,"u":"elemental%20zone_som","p":104,"h":1,"lvl":2,"n":"Elemental Zone"},{"c":3,"s":25,"id":898,"u":"envenom%20companion_som","p":104,"h":1,"lvl":3,"n":"Envenom Companion"},{"c":3,"s":25,"id":899,"u":"evolution%20surge_som","p":144,"h":1,"lvl":1,"n":"Evolution Surge"},{"c":3,"s":25,"id":900,"u":"extend%20boost_som","p":145,"h":1,"lvl":1,"n":"Extend Boost"},{"c":3,"s":25,"id":901,"u":"extract%20poison_som","p":104,"h":1,"lvl":2,"n":"Extract Poison"},{"c":3,"s":25,"id":902,"u":"fated%20confrontation_som","p":105,"h":1,"lvl":10,"n":"Fated Confrontation"},{"c":3,"s":25,"id":903,"u":"feral%20shades_som","p":105,"h":1,"lvl":2,"n":"Feral Shades"},{"c":3,"s":25,"id":904,"u":"fey%20form_som","p":105,"h":1,"lvl":4,"n":"Fey Form"},{"c":3,"s":25,"id":905,"u":"flame%20vortex_som","p":106,"h":1,"lvl":6,"n":"Flame Vortex"},{"c":3,"s":25,"id":906,"u":"flame%20wisp_som","p":106,"h":1,"lvl":2,"n":"Flame Wisp"},{"c":3,"s":25,"id":907,"u":"flammable%20fumes_som","p":106,"h":1,"lvl":5,"n":"Flammable Fumes"},{"c":3,"s":25,"id":908,"u":"flowing%20strike_som","p":106,"h":1,"lvl":5,"n":"Flowing Strike"},{"c":3,"s":25,"id":909,"u":"force%20fang_som","p":143,"h":1,"lvl":1,"n":"Force Fang"},{"c":3,"s":25,"id":910,"u":"forceful%20hand_som","p":106,"h":1,"lvl":5,"n":"Forceful Hand"},{"c":3,"s":25,"id":911,"u":"frigid%20flurry_som","p":108,"h":1,"lvl":7,"n":"Frigid Flurry"},{"c":3,"s":25,"id":912,"u":"gale%20blast_som","p":108,"h":1,"lvl":1,"n":"Gale Blast"},{"c":3,"s":25,"id":913,"u":"geyser_som","p":108,"h":1,"lvl":5,"n":"Geyser"},{"c":3,"s":25,"id":914,"u":"glimmer%20of%20charm_som","p":108,"h":1,"lvl":5,"n":"Glimmer Of Charm"},{"c":3,"s":25,"id":915,"u":"gouging%20claw_som","p":109,"h":1,"lvl":1,"n":"Gouging Claw"},{"c":3,"s":25,"id":916,"u":"gravitational%20pull_som","p":109,"h":1,"lvl":1,"n":"Gravitational Pull"},{"c":3,"s":25,"id":917,"u":"guiding%20star_som","p":109,"h":1,"lvl":2,"n":"Guiding Star"},{"c":3,"s":25,"id":918,"u":"hasted%20assault_som","p":143,"h":1,"lvl":7,"n":"Hasted Assault"},{"c":3,"s":25,"id":919,"u":"haunting%20hymn_som","p":109,"h":1,"lvl":1,"n":"Haunting Hymn"},{"c":3,"s":25,"id":920,"u":"healing%20plaster_som","p":109,"h":1,"lvl":1,"n":"Healing Plaster"},{"c":3,"s":25,"id":921,"u":"healing%20well_som","p":110,"h":1,"lvl":5,"n":"Healing Well"},{"c":3,"s":25,"id":922,"u":"horizon%20thunder%20sphere_som","p":110,"h":1,"lvl":1,"n":"Horizon Thunder Sphere"},{"c":3,"s":25,"id":923,"u":"ignite%20fireworks_som","p":110,"h":1,"lvl":2,"n":"Ignite Fireworks"},{"c":3,"s":25,"id":924,"u":"impending%20doom_som","p":110,"h":1,"lvl":3,"n":"Impending Doom"},{"c":3,"s":25,"id":925,"u":"inevitable%20disaster_som","p":111,"h":1,"lvl":5,"n":"Inevitable Disaster"},{"c":3,"s":25,"id":926,"u":"inexhaustible%20cynicism_som","p":111,"h":1,"lvl":7,"n":"Inexhaustible Cynicism"},{"c":3,"s":25,"id":927,"u":"infectious%20enthusiasm_som","p":112,"h":1,"lvl":1,"n":"Infectious Enthusiasm"},{"c":3,"s":25,"id":928,"u":"infectious%20melody_som","p":112,"h":1,"lvl":4,"n":"Infectious Melody"},{"c":3,"s":25,"id":929,"u":"inner%20radiance%20torrent_som","p":112,"h":1,"lvl":2,"n":"Inner Radiance Torrent"},{"c":3,"s":25,"id":930,"u":"inscrutable%20mask_som","p":227,"h":1,"lvl":3,"n":"Inscrutable Mask"},{"c":3,"s":25,"id":931,"u":"instant%20armor_som","p":112,"h":1,"lvl":2,"n":"Instant Armor"},{"c":3,"s":25,"id":932,"u":"invisibility%20curtain_som","p":112,"h":1,"lvl":4,"n":"Invisibility Curtain"},{"c":3,"s":25,"id":933,"u":"invoke%20spirits_som","p":113,"h":1,"lvl":5,"n":"Invoke Spirits"},{"c":3,"s":25,"id":934,"u":"invoke%20true%20name_som","p":247,"h":1,"lvl":1,"n":"Invoke True Name"},{"c":3,"s":25,"id":935,"u":"juvenile%20companion_som","p":113,"h":1,"lvl":1,"n":"Juvenile Companion"},{"c":3,"s":25,"id":936,"u":"life%20connection_som","p":113,"h":1,"lvl":3,"n":"Life Connection"},{"c":3,"s":25,"id":937,"u":"lifelink%20surge_som","p":145,"h":1,"lvl":2,"n":"Lifelink Surge"},{"c":3,"s":25,"id":938,"u":"lose%20the%20path_som","p":113,"h":1,"lvl":1,"n":"Lose The Path"},{"c":3,"s":25,"id":939,"u":"lucky%20number_som","p":113,"h":1,"lvl":2,"n":"Lucky Number"},{"c":3,"s":25,"id":940,"u":"magic%20mailbox_som","p":114,"h":1,"lvl":4,"n":"Magic Mailbox"},{"c":3,"s":25,"id":941,"u":"magnetic%20acceleration_som","p":114,"h":1,"lvl":3,"n":"Magnetic Acceleration"},{"c":3,"s":25,"id":942,"u":"magnetic%20attraction_som","p":114,"h":1,"lvl":2,"n":"Magnetic Attraction"},{"c":3,"s":25,"id":943,"u":"magnetic%20repulsion_som","p":115,"h":1,"lvl":2,"n":"Magnetic Repulsion"},{"c":3,"s":25,"id":944,"u":"mantle%20of%20the%20frozen%20heart_som","p":115,"h":1,"lvl":5,"n":"Mantle Of The Frozen Heart"},{"c":3,"s":25,"id":945,"u":"mantle%20of%20the%20magma%20heart_som","p":115,"h":1,"lvl":5,"n":"Mantle Of The Magma Heart"},{"c":3,"s":25,"id":946,"u":"mimic%20undead_som","p":115,"h":1,"lvl":2,"n":"Mimic Undead"},{"c":3,"s":25,"id":947,"u":"mind%20of%20menace_som","p":116,"h":1,"lvl":3,"n":"Mind Of Menace"},{"c":3,"s":25,"id":948,"u":"mirror%20malefactors_som","p":116,"h":1,"lvl":5,"n":"Mirror Malefactors"},{"c":3,"s":25,"id":949,"u":"mirror's%20misfortune_som","p":117,"h":1,"lvl":4,"n":"Mirror's Misfortune"},{"c":3,"s":25,"id":950,"u":"mud%20pit_som","p":117,"h":1,"lvl":1,"n":"Mud Pit"},{"c":3,"s":25,"id":951,"u":"murderous%20vine_som","p":117,"h":1,"lvl":4,"n":"Murderous Vine"},{"c":3,"s":25,"id":952,"u":"nature's%20reprisal_som","p":117,"h":1,"lvl":6,"n":"Nature's Reprisal"},{"c":3,"s":25,"id":953,"u":"necromancer's%20generosity_som","p":117,"h":1,"lvl":1,"n":"Necromancer's Generosity"},{"c":3,"s":25,"id":954,"u":"necrotize_som","p":118,"h":1,"lvl":6,"n":"Necrotize"},{"c":3,"s":25,"id":955,"u":"nudge%20the%20odds_som","p":118,"h":1,"lvl":1,"n":"Nudge The Odds"},{"c":3,"s":25,"id":956,"u":"nullify_som","p":118,"h":1,"lvl":10,"n":"Nullify"},{"c":3,"s":25,"id":957,"u":"ocular%20overload_som","p":118,"h":1,"lvl":4,"n":"Ocular Overload"},{"c":3,"s":25,"id":958,"u":"one%20with%20the%20land_som","p":118,"h":1,"lvl":9,"n":"One With The Land"},{"c":3,"s":25,"id":959,"u":"oneiric%20mire_som","p":119,"h":1,"lvl":3,"n":"Oneiric Mire"},{"c":3,"s":25,"id":960,"u":"ooze%20form_som","p":119,"h":1,"lvl":3,"n":"Ooze Form"},{"c":3,"s":25,"id":961,"u":"organsight_som","p":120,"h":1,"lvl":3,"n":"Organsight"},{"c":3,"s":25,"id":962,"u":"painful%20vibrations_som","p":120,"h":1,"lvl":4,"n":"Painful Vibrations"},{"c":3,"s":25,"id":963,"u":"pernicious%20poltergeist_som","p":121,"h":1,"lvl":4,"n":"Pernicious Poltergeist"},{"c":3,"s":25,"id":964,"u":"persistent%20servant_som","p":121,"h":1,"lvl":2,"n":"Persistent Servant"},{"c":3,"s":25,"id":965,"u":"petal%20storm_som","p":121,"h":1,"lvl":4,"n":"Petal Storm"},{"c":3,"s":25,"id":966,"u":"phantom%20crowd_som","p":121,"h":1,"lvl":2,"n":"Phantom Crowd"},{"c":3,"s":25,"id":967,"u":"phantom%20prison_som","p":121,"h":1,"lvl":3,"n":"Phantom Prison"},{"c":3,"s":25,"id":968,"u":"pocket%20library_som","p":122,"h":1,"lvl":1,"n":"Pocket Library"},{"c":3,"s":25,"id":969,"u":"portrait%20of%20the%20artist_som","p":122,"h":1,"lvl":5,"n":"Portrait Of The Artist"},{"c":3,"s":25,"id":970,"u":"positive%20attunement_som","p":122,"h":1,"lvl":3,"n":"Positive Attunement"},{"c":3,"s":25,"id":971,"u":"powerful%20inhalation_som","p":201,"h":1,"lvl":3,"n":"Powerful Inhalation"},{"c":3,"s":25,"id":972,"u":"prismatic%20armor_som","p":122,"h":1,"lvl":7,"n":"Prismatic Armor"},{"c":3,"s":25,"id":973,"u":"proliferating%20eyes_som","p":122,"h":1,"lvl":9,"n":"Proliferating Eyes"},{"c":3,"s":25,"id":974,"u":"protect%20companion_som","p":123,"h":1,"lvl":1,"n":"Protect Companion"},{"c":3,"s":25,"id":975,"u":"protector%20tree_som","p":123,"h":1,"lvl":1,"n":"Protector Tree"},{"c":3,"s":25,"id":976,"u":"puff%20of%20poison_som","p":124,"h":1,"lvl":1,"n":"Puff Of Poison"},{"c":3,"s":25,"id":977,"u":"pulverizing%20cascade_som","p":201,"h":1,"lvl":3,"n":"Pulverizing Cascade"},{"c":3,"s":25,"id":978,"u":"quick%20sort_som","p":124,"h":1,"lvl":1,"n":"Quick Sort"},{"c":3,"s":25,"id":979,"u":"rapid%20adaptation_som","p":124,"h":1,"lvl":2,"n":"Rapid Adaptation"},{"c":3,"s":25,"id":980,"u":"ravenous%20portal_som","p":124,"h":1,"lvl":4,"n":"Ravenous Portal"},{"c":3,"s":25,"id":981,"u":"read%20the%20air_som","p":125,"h":1,"lvl":1,"n":"Read The Air"},{"c":3,"s":25,"id":982,"u":"reinforce%20eidolon_som","p":145,"h":1,"lvl":1,"n":"Reinforce Eidolon"},{"c":3,"s":25,"id":983,"u":"repelling%20pulse_som","p":125,"h":1,"lvl":5,"n":"Repelling Pulse"},{"c":3,"s":25,"id":984,"u":"replicate_som","p":125,"h":1,"lvl":4,"n":"Replicate"},{"c":3,"s":25,"id":985,"u":"restyle_som","p":126,"h":1,"lvl":1,"n":"Restyle"},{"c":3,"s":25,"id":986,"u":"rewinding%20step_som","p":126,"h":1,"lvl":5,"n":"Rewinding Step"},{"c":3,"s":25,"id":987,"u":"rip%20the%20spirit_som","p":126,"h":1,"lvl":5,"n":"Rip The Spirit"},{"c":3,"s":25,"id":988,"u":"rising%20surf_som","p":201,"h":1,"lvl":1,"n":"Rising Surf"},{"c":3,"s":25,"id":989,"u":"roaring%20applause_som","p":126,"h":1,"lvl":3,"n":"Roaring Applause"},{"c":3,"s":25,"id":990,"u":"rouse%20skeletons_som","p":126,"h":1,"lvl":3,"n":"Rouse Skeletons"},{"c":3,"s":25,"id":991,"u":"runic%20impression_som","p":143,"h":1,"lvl":4,"n":"Runic Impression"},{"c":3,"s":25,"id":992,"u":"sanguine%20mist_som","p":127,"h":1,"lvl":4,"n":"Sanguine Mist"},{"c":3,"s":25,"id":993,"u":"scatter%20scree_som","p":127,"h":1,"lvl":1,"n":"Scatter Scree"},{"c":3,"s":25,"id":994,"u":"schadenfreude_som","p":127,"h":1,"lvl":1,"n":"Schadenfreude"},{"c":3,"s":25,"id":995,"u":"scorching%20ray_som","p":127,"h":1,"lvl":2,"n":"Scorching Ray"},{"c":3,"s":25,"id":996,"u":"seashell%20of%20stolen%20sound_som","p":127,"h":1,"lvl":1,"n":"Seashell Of Stolen Sound"},{"c":3,"s":25,"id":997,"u":"shadow%20army_som","p":128,"h":1,"lvl":10,"n":"Shadow Army"},{"c":3,"s":25,"id":998,"u":"shadow%20projectile_som","p":128,"h":1,"lvl":3,"n":"Shadow Projectile"},{"c":3,"s":25,"id":999,"u":"shadow%20raid_som","p":129,"h":1,"lvl":7,"n":"Shadow Raid"},{"c":3,"s":25,"id":1000,"u":"shielding%20strike_som","p":143,"h":1,"lvl":1,"n":"Shielding Strike"},{"c":3,"s":25,"id":1001,"u":"shift%20blame_som","p":129,"h":1,"lvl":3,"n":"Shift Blame"},{"c":3,"s":25,"id":1002,"u":"shooting%20star_som","p":143,"h":1,"lvl":1,"n":"Shooting Star"},{"c":3,"s":25,"id":1003,"u":"sonata%20span_som","p":129,"h":1,"lvl":2,"n":"Sonata Span"},{"c":3,"s":25,"id":1004,"u":"soothing%20blossoms_som","p":129,"h":1,"lvl":3,"n":"Soothing Blossoms"},{"c":3,"s":25,"id":1005,"u":"soothing%20spring_som","p":129,"h":1,"lvl":4,"n":"Soothing Spring"},{"c":3,"s":25,"id":1006,"u":"spinning%20staff_som","p":144,"h":1,"lvl":1,"n":"Spinning Staff"},{"c":3,"s":25,"id":1007,"u":"spiritual%20attunement_som","p":130,"h":1,"lvl":4,"n":"Spiritual Attunement"},{"c":3,"s":25,"id":1008,"u":"spout_som","p":130,"h":1,"lvl":1,"n":"Spout"},{"c":3,"s":25,"id":1009,"u":"stone%20lance_som","p":201,"h":1,"lvl":3,"n":"Stone Lance"},{"c":3,"s":25,"id":1010,"u":"sudden%20recollection_som","p":130,"h":1,"lvl":3,"n":"Sudden Recollection"},{"c":3,"s":25,"id":1011,"u":"summon%20anarch_som","p":131,"h":1,"lvl":5,"n":"Summon Anarch"},{"c":3,"s":25,"id":1012,"u":"summon%20archmage_som","p":131,"h":1,"lvl":8,"n":"Summon Archmage"},{"c":3,"s":25,"id":1013,"u":"summon%20axiom_som","p":131,"h":1,"lvl":5,"n":"Summon Axiom"},{"c":3,"s":25,"id":1014,"u":"summon%20deific%20herald_som","p":131,"h":1,"lvl":8,"n":"Summon Deific Herald"},{"c":3,"s":25,"id":1015,"u":"summon%20draconic%20legion_som","p":133,"h":1,"lvl":9,"n":"Summon Draconic Legion"},{"c":3,"s":25,"id":1016,"u":"summon%20kaiju_som","p":133,"h":1,"lvl":10,"n":"Summon Kaiju"},{"c":3,"s":25,"id":1017,"u":"summon%20lesser%20servitor_som","p":134,"h":1,"lvl":1,"n":"Summon Lesser Servitor"},{"c":3,"s":25,"id":1018,"u":"summoner's%20precaution_som","p":135,"h":1,"lvl":2,"n":"Summoner's Precaution"},{"c":3,"s":25,"id":1019,"u":"summoner's%20visage_som","p":135,"h":1,"lvl":2,"n":"Summoner's Visage"},{"c":3,"s":25,"id":1020,"u":"synchronize_som","p":135,"h":1,"lvl":1,"n":"Synchronize"},{"c":3,"s":25,"id":1021,"u":"tame_som","p":135,"h":1,"lvl":1,"n":"Tame"},{"c":3,"s":25,"id":1022,"u":"tempest%20of%20shades_som","p":135,"h":1,"lvl":7,"n":"Tempest Of Shades"},{"c":3,"s":25,"id":1023,"u":"temporary%20glyph_som","p":136,"h":1,"lvl":5,"n":"Temporary Glyph"},{"c":3,"s":25,"id":1024,"u":"thicket%20of%20knives_som","p":136,"h":1,"lvl":1,"n":"Thicket Of Knives"},{"c":3,"s":25,"id":1025,"u":"thundering%20dominance_som","p":136,"h":1,"lvl":2,"n":"Thundering Dominance"},{"c":3,"s":25,"id":1026,"u":"thunderous%20strike_som","p":144,"h":1,"lvl":1,"n":"Thunderous Strike"},{"c":3,"s":25,"id":1027,"u":"time%20jump_som","p":136,"h":1,"lvl":3,"n":"Time Jump"},{"c":3,"s":25,"id":1028,"u":"timely%20tutor_som","p":137,"h":1,"lvl":2,"n":"Timely Tutor"},{"c":3,"s":25,"id":1029,"u":"tortoise%20and%20the%20hare_som","p":137,"h":1,"lvl":4,"n":"Tortoise And The Hare"},{"c":3,"s":25,"id":1030,"u":"umbral%20extraction_som","p":137,"h":1,"lvl":2,"n":"Umbral Extraction"},{"c":3,"s":25,"id":1031,"u":"umbral%20graft_som","p":137,"h":1,"lvl":4,"n":"Umbral Graft"},{"c":3,"s":25,"id":1032,"u":"unexpected%20transposition_som","p":138,"h":1,"lvl":6,"n":"Unexpected Transposition"},{"c":3,"s":25,"id":1033,"u":"unfetter%20eidolon_som","p":145,"h":1,"lvl":1,"n":"Unfetter Eidolon"},{"c":3,"s":25,"id":1034,"u":"unspeakable%20shadow_som","p":138,"h":1,"lvl":9,"n":"Unspeakable Shadow"},{"c":3,"s":25,"id":1035,"u":"updraft_som","p":201,"h":1,"lvl":1,"n":"Updraft"},{"c":3,"s":25,"id":1036,"u":"variable%20gravity_som","p":138,"h":1,"lvl":4,"n":"Variable Gravity"},{"c":3,"s":25,"id":1037,"u":"voracious%20gestalt_som","p":139,"h":1,"lvl":9,"n":"Voracious Gestalt"},{"c":3,"s":25,"id":1038,"u":"wall%20of%20water_som","p":139,"h":1,"lvl":3,"n":"Wall Of Water"},{"c":3,"s":25,"id":1039,"u":"warding%20aggression_som","p":140,"h":1,"lvl":3,"n":"Warding Aggression"},{"c":3,"s":25,"id":1040,"u":"warrior's%20regret_som","p":140,"h":1,"lvl":2,"n":"Warrior's Regret"},{"c":3,"s":25,"id":1041,"u":"wash%20your%20luck_som","p":140,"h":1,"lvl":1,"n":"Wash Your Luck"},{"c":3,"s":25,"id":1042,"u":"web%20of%20eyes_som","p":140,"h":1,"lvl":3,"n":"Web Of Eyes"},{"c":3,"s":25,"id":1043,"u":"whirlwind_som","p":141,"h":1,"lvl":8,"n":"Whirlwind"},{"c":3,"s":25,"id":1044,"u":"wildfire_som","p":201,"h":1,"lvl":1,"n":"Wildfire"},{"c":3,"s":25,"id":1045,"u":"winning%20streak_som","p":141,"h":1,"lvl":4,"n":"Winning Streak"},{"c":3,"s":25,"id":1046,"u":"zero%20gravity_som","p":141,"h":1,"lvl":6,"n":"Zero Gravity"},{"c":3,"s":26,"id":1047,"u":"airburst_sot1","p":76,"h":1,"lvl":1,"n":"Airburst"},{"c":3,"s":26,"id":1048,"u":"friendfetch_sot1","p":77,"h":1,"lvl":1,"n":"Friendfetch"},{"c":3,"s":26,"id":1049,"u":"grave%20impressions_sot1","p":77,"h":1,"lvl":2,"n":"Grave Impressions"},{"c":3,"s":26,"id":1050,"u":"impeccable%20flow_sot1","p":76,"h":1,"lvl":2,"n":"Impeccable Flow"},{"c":3,"s":26,"id":1051,"u":"mind%20games_sot1","p":77,"h":1,"lvl":2,"n":"Mind Games"},{"c":3,"s":26,"id":1052,"u":"stumbling%20curse_sot1","p":75,"h":1,"lvl":1,"n":"Stumbling Curse"},{"c":3,"s":26,"id":1053,"u":"verminous%20lure_sot1","p":76,"h":1,"lvl":1,"n":"Verminous Lure"}],"m":{"s":{"APG":0,"CRB":1,"AoA3":2,"AoA4":3,"AoA6":4,"AoE2":5,"AoE4":6,"AoE5":7,"AoE6":8,"AV1":9,"AV2":10,"AV3":11,"EC1":12,"EC2":13,"EC3":14,"EC4":15,"EC5":16,"EC6":17,"FRP1":18,"FRP3":19,"LOCG":20,"LOGM":21,"LOL":22,"LOPSG":23,"LOWG":24,"SoM":25,"SoT1":26}}}