{
	"class": [
		{
			"name": "Oracle",
			"source": "APG",
			"page": 67,
			"keyAbility": "Charisma",
			"hp": 8,
			"initialProficiencies": {
				"perception": "T",
				"fort": "T",
				"ref": "T",
				"will": "E",
				"skills": {
					"t": [
						{
							"skill": [
								"Religion"
							]
						},
						{
							"skill": [
								"Subclass Dependant"
							],
							"entry": "one or more skills determined by your mystery"
						}
					],
					"add": 3
				},
				"attacks": {
					"t": [
						"simple weapons",
						"unarmed attacks"
					]
				},
				"defenses": {
					"t": [
						"light armor",
						"unarmored defense"
					]
				},
				"spells": {
					"t": [
						"divine spell attacks",
						"divine spell DCs"
					]
				}
			},
			"advancement": {
				"classFeats": [
					2,
					4,
					6,
					8,
					10,
					12,
					14,
					16,
					18,
					20
				],
				"skillFeats": [
					2,
					4,
					6,
					8,
					10,
					12,
					14,
					16,
					18,
					20
				],
				"generalFeats": [
					3,
					7,
					11,
					15,
					19
				],
				"ancestryFeats": [
					5,
					9,
					13,
					17
				],
				"skillIncrease": [
					3,
					5,
					7,
					9,
					11,
					13,
					15,
					17,
					19
				],
				"abilityBoosts": [
					5,
					10,
					15,
					20
				]
			},
			"classFeatures": [
				"Ancestry and Background|Oracle|APG|1",
				"Initial Proficiencies|Oracle|APG|1",
				"Divine Spellcasting|Oracle|APG|1",
				"Spell Repertoire|Oracle|APG|1",
				{
					"classFeature": "Mystery|Oracle|APG|1",
					"gainSubclassFeature": true
				},
				"Oracle Feats|Oracle|APG|2",
				"Skill Feats|Oracle|APG|2",
				"General Feats|Oracle|APG|3",
				"Signature Spells|Oracle|APG|3",
				"Skill Increases|Oracle|APG|3",
				"Ability Boosts|Oracle|APG|5",
				"Ancestry Feats|Oracle|APG|5",
				"Expert Spellcaster|Oracle|APG|7",
				"Resolve|Oracle|APG|7",
				"Magical Fortitude|Oracle|APG|9",
				"Alertness|Oracle|APG|11",
				{
					"classFeature": "Major Curse|Oracle|APG|11",
					"gainSubclassFeature": true
				},
				"Weapon Expertise|Oracle|APG|11",
				"Light Armor Expertise|Oracle|APG|13",
				"Lightning Reflexes|Oracle|APG|13",
				"Weapon Specialization|Oracle|APG|13",
				"Master Spellcaster|Oracle|APG|15",
				"Extreme Curse|Oracle|APG|17",
				"Greater Resolve|Oracle|APG|17",
				"Legendary Spellcaster|Oracle|APG|19",
				"Oracular Clarity|Oracle|APG|19"
			],
			"subclasses": [
				{
					"name": "Ancestors",
					"type": "Mystery",
					"shortName": "Ancestors",
					"source": "APG",
					"page": 73,
					"subclassFeatures": [
						"Mystery|Oracle|APG|Ancestors|APG|1",
						"Major Curse|Oracle|APG|Ancestors|APG|11"
					]
				},
				{
					"name": "Battle",
					"type": "Mystery",
					"shortName": "Battle",
					"source": "APG",
					"page": 74,
					"subclassFeatures": [
						"Mystery|Oracle|APG|Battle|APG|1",
						"Major Curse|Oracle|APG|Battle|APG|11"
					]
				},
				{
					"name": "Bones",
					"type": "Mystery",
					"shortName": "Bones",
					"source": "APG",
					"page": 75,
					"subclassFeatures": [
						"Mystery|Oracle|APG|Bones|APG|1",
						"Major Curse|Oracle|APG|Bones|APG|11"
					]
				},
				{
					"name": "Cosmos",
					"type": "Mystery",
					"shortName": "Cosmos",
					"source": "APG",
					"page": 75,
					"subclassFeatures": [
						"Mystery|Oracle|APG|Cosmos|APG|1",
						"Major Curse|Oracle|APG|Cosmos|APG|11"
					]
				},
				{
					"name": "Flames",
					"type": "Mystery",
					"shortName": "Flames",
					"source": "APG",
					"page": 76,
					"subclassFeatures": [
						"Mystery|Oracle|APG|Flames|APG|1",
						"Major Curse|Oracle|APG|Flames|APG|11"
					]
				},
				{
					"name": "Life",
					"type": "Mystery",
					"shortName": "Life",
					"source": "APG",
					"page": 77,
					"subclassFeatures": [
						"Mystery|Oracle|APG|Life|APG|1",
						"Major Curse|Oracle|APG|Life|APG|11"
					]
				},
				{
					"name": "Lore",
					"type": "Mystery",
					"shortName": "Lore",
					"source": "APG",
					"page": 77,
					"subclassFeatures": [
						"Mystery|Oracle|APG|Lore|APG|1",
						"Major Curse|Oracle|APG|Lore|APG|11"
					]
				},
				{
					"name": "Tempest",
					"type": "Mystery",
					"shortName": "Tempest",
					"source": "APG",
					"page": 78,
					"subclassFeatures": [
						"Mystery|Oracle|APG|Tempest|APG|1",
						"Major Curse|Oracle|APG|Tempest|APG|11"
					]
				},
				{
					"name": "Time",
					"type": "Mystery",
					"shortName": "Time",
					"source": "DA",
					"page": 188,
					"subclassFeatures": [
						"Mystery|Oracle|APG|Time|DA|1",
						"Major Curse|Oracle|APG|Time|DA|11"
					]
				}
			],
			"flavor": [
				"Your conduit to divine power eschews the traditional channels of prayer and servitude\u2014you instead glean divine truths that extend beyond any single deity. You understand the great mysteries of the universe embodied in overarching concepts that transcend good and evil or chaos and law, whether because you perceive the common ground across multiple deities or circumvent their power entirely. You explore one of these mysteries and draw upon its power to cast miraculous spells, but that power comes with a terrible price: a curse that grows stronger the more you draw upon it. Your abilities are a double-edged sword, which you might uphold as an instrument of the divine or view as a curse from the gods."
			],
			"fluff": [
				{
					"type": "pf2-h3",
					"name": "During combat encounters...",
					"entries": [
						"You draw upon your mystery to empower yourself in combat, balancing miraculous effects with the increasing severity of your curse as conflicting divine demands overtax your physical body. You cast spells to aid your allies and devastate your foes, or depending on your mystery, you might wade into battle yourself."
					]
				},
				{
					"type": "pf2-h3",
					"page": 67,
					"name": "During social encounters...",
					"entries": [
						"You rely upon the insights drawn from your mystery. You might leverage your curse to intimidate people or hide its effects to better blend in."
					]
				},
				{
					"type": "pf2-h3",
					"page": 67,
					"name": "While exploring...",
					"entries": [
						"You recenter yourself to bring the terrible metaphysical conflicts causing your curse back under control so you can draw upon your mystery's power again later. You remain aware of supernatural forces acting around you, perhaps peeking into the future to gain insights."
					]
				},
				{
					"type": "pf2-h3",
					"page": 67,
					"name": "In downtime...",
					"entries": [
						"You might seek to learn more about your mystery and the divine wellsprings that fuel your power. Associating with others interested in the subject of your mystery can make it easier to live with your curse. You could associate with an organized religion or even start your own faithful following devoted to your mystery."
					]
				},
				{
					"type": "pf2-h3",
					"page": 67,
					"name": "You Might...",
					"entries": [
						{
							"type": "list",
							"items": [
								"View your oracular powers as a blessing, a curse, or both.",
								"Push yourself to the limits of what you can withstand to work great acts of magic.",
								"Rely on magical items to provide a pool of safer and more reliable magic."
							]
						}
					]
				},
				{
					"type": "pf2-h3",
					"page": 67,
					"name": "Others Probably...",
					"entries": [
						{
							"type": "list",
							"items": [
								"Don't realize your spellcasting draws upon divine power and instead believe you command stranger\u2014and possibly evil\u2014powers.",
								"Assume you performed some terrible transgression to become cursed by the gods.",
								"Admire your determination and the sacrifices you make to perform wondrous acts."
							]
						}
					]
				}
			],
			"summary": {
				"text": "The oracle balances powerful divine magic with a supernatural curse.",
				"images": [
					"https://2e.aonprd.com/Images/Classes/Iconic_Korakai.png"
				],
				"keyAbility": "Charisma",
				"sndAbility": "Dexterity, Constitution"
			}
		}
	],
	"classFeature": [
		{
			"name": "Ancestry and Background",
			"source": "APG",
			"page": 68,
			"className": "Oracle",
			"classSource": "APG",
			"level": 1,
			"entries": [
				"In addition to what you get from your class at 1st level, you have the benefits of your selected ancestry and background."
			]
		},
		{
			"name": "Initial Proficiencies",
			"source": "APG",
			"page": 68,
			"className": "Oracle",
			"classSource": "APG",
			"level": 1,
			"entries": [
				"At 1st level, you gain a number of proficiencies that represent your basic training. These proficiencies are noted at the start of this class."
			]
		},
		{
			"name": "Divine Spellcasting",
			"source": "APG",
			"page": 68,
			"className": "Oracle",
			"classSource": "APG",
			"level": 1,
			"entries": [
				"Your mystery provides you with divine magical power. You can cast spells using the {@action Cast a Spell} activity, and you can supply material, somatic, and verbal components when casting spells. Your unconventional access to this divine power means you can usually replace material components with somatic components, so you don't need to use a material component pouch when casting spells.",
				"At 1st level, you can cast up to two 1st-level spells per day. You must know spells to cast them, and you learn them via the spell repertoire class feature. The number of spells you can cast each day is called your spell slots. As you increase in level as an oracle, your number of spells per day increases, as does the highest level of spells you can cast, as shown on Table 2\u20133: Oracle Spells per Day on page 71.",
				"Some of your spells require you to attempt a spell attack roll to see how effective they are, or have your enemies roll against your spell DC (typically by attempting a saving throw). Since your key ability is Charisma, your spell attack rolls and spell DCs use your Charisma modifier.",
				{
					"type": "pf2-h4",
					"page": 68,
					"name": "Heightening Spells",
					"entries": [
						"When you get spell slots of 2nd level and higher, you can fill those slots with stronger versions of lower-level spells. To cast a heightened spell, you must have the heightened version in your repertoire; for example, you can't cast a 3rd-level version of a spell that is only in your repertoire at 1st level. Many spells have specific improvements when they are heightened to certain levels. The signature spells class feature (page 71) lets you heighten certain spells freely."
					]
				},
				{
					"type": "pf2-h4",
					"page": 68,
					"name": "Cantrips",
					"entries": [
						"Some of your spells are cantrips. A cantrip is a special type of spell that doesn't use spell slots. You can cast a cantrip at will, any number of times per day. A cantrip is automatically heightened to half your level rounded up\u2014this is usually equal to the highest level of oracle spell slot you have. For example, as a 1st-level oracle, your cantrips are 1st-level spells, and as a 5th-level oracle, your cantrips are 3rd-level spells."
					]
				},
				{
					"type": "table",
					"minimizeTo": [
						0,
						1
					],
					"name": "Oracle Spells per Day",
					"id": "2-3",
					"spans": [
						[
							[
								1,
								2
							],
							[
								2,
								13
							]
						]
					],
					"labelRowIdx": [
						0,
						1
					],
					"cellStyles": [
						{
							"row": 0,
							"col": 1,
							"style": "text-center"
						}
					],
					"colStyles": [
						"",
						"text-center",
						"text-center",
						"text-center",
						"text-center",
						"text-center",
						"text-center",
						"text-center",
						"text-center",
						"text-center",
						"text-center",
						"text-center"
					],
					"footnotes": [
						"* The oracular clarity class feature gives you a 10th level spell slot that works differently from other spell slots."
					],
					"rows": [
						[
							"Your",
							"Spell Level"
						],
						[
							"Level",
							"Cantrips",
							"1st",
							"2nd",
							"3rd",
							"4th",
							"5th",
							"6th",
							"7th",
							"8th",
							"9th",
							"10th"
						],
						[
							1,
							5,
							2,
							"\u2014",
							"\u2014",
							"\u2014",
							"\u2014",
							"\u2014",
							"\u2014",
							"\u2014",
							"\u2014",
							"\u2014"
						],
						[
							2,
							5,
							3,
							"\u2014",
							"\u2014",
							"\u2014",
							"\u2014",
							"\u2014",
							"\u2014",
							"\u2014",
							"\u2014",
							"\u2014"
						],
						[
							3,
							5,
							3,
							2,
							"\u2014",
							"\u2014",
							"\u2014",
							"\u2014",
							"\u2014",
							"\u2014",
							"\u2014",
							"\u2014"
						],
						[
							4,
							5,
							3,
							3,
							"\u2014",
							"\u2014",
							"\u2014",
							"\u2014",
							"\u2014",
							"\u2014",
							"\u2014",
							"\u2014"
						],
						[
							5,
							5,
							3,
							3,
							2,
							"\u2014",
							"\u2014",
							"\u2014",
							"\u2014",
							"\u2014",
							"\u2014",
							"\u2014"
						],
						[
							6,
							5,
							3,
							3,
							3,
							"\u2014",
							"\u2014",
							"\u2014",
							"\u2014",
							"\u2014",
							"\u2014",
							"\u2014"
						],
						[
							7,
							5,
							3,
							3,
							3,
							2,
							"\u2014",
							"\u2014",
							"\u2014",
							"\u2014",
							"\u2014",
							"\u2014"
						],
						[
							8,
							5,
							3,
							3,
							3,
							3,
							"\u2014",
							"\u2014",
							"\u2014",
							"\u2014",
							"\u2014",
							"\u2014"
						],
						[
							9,
							5,
							3,
							3,
							3,
							3,
							2,
							"\u2014",
							"\u2014",
							"\u2014",
							"\u2014",
							"\u2014"
						],
						[
							10,
							5,
							3,
							3,
							3,
							3,
							3,
							"\u2014",
							"\u2014",
							"\u2014",
							"\u2014",
							"\u2014"
						],
						[
							11,
							5,
							3,
							3,
							3,
							3,
							3,
							2,
							"\u2014",
							"\u2014",
							"\u2014",
							"\u2014"
						],
						[
							12,
							5,
							3,
							3,
							3,
							3,
							3,
							3,
							"\u2014",
							"\u2014",
							"\u2014",
							"\u2014"
						],
						[
							13,
							5,
							3,
							3,
							3,
							3,
							3,
							3,
							2,
							"\u2014",
							"\u2014",
							"\u2014"
						],
						[
							14,
							5,
							3,
							3,
							3,
							3,
							3,
							3,
							3,
							"\u2014",
							"\u2014",
							"\u2014"
						],
						[
							15,
							5,
							3,
							3,
							3,
							3,
							3,
							3,
							3,
							2,
							"\u2014",
							"\u2014"
						],
						[
							16,
							5,
							3,
							3,
							3,
							3,
							3,
							3,
							3,
							3,
							"\u2014",
							"\u2014"
						],
						[
							17,
							5,
							3,
							3,
							3,
							3,
							3,
							3,
							3,
							3,
							2,
							"\u2014"
						],
						[
							18,
							5,
							3,
							3,
							3,
							3,
							3,
							3,
							3,
							3,
							3,
							"\u2014"
						],
						[
							19,
							5,
							3,
							3,
							3,
							3,
							3,
							3,
							3,
							3,
							3,
							"1*"
						],
						[
							20,
							5,
							3,
							3,
							3,
							3,
							3,
							3,
							3,
							3,
							3,
							"1*"
						]
					]
				}
			]
		},
		{
			"name": "Spell Repertoire",
			"source": "APG",
			"page": 68,
			"className": "Oracle",
			"classSource": "APG",
			"level": 1,
			"entries": [
				"The collection of spells you can cast is called your spell repertoire. At 1st level, you learn two {@filter 1st-level spells|spells||spell type=spell|tradition & spell list=divine|rarity=common|level=1} and five {@filter cantrips|spells||spell type=cantrip|tradition & spell list=divine|rarity=common|level=0} of your choice. You choose these from the common spells from the divine spell list, or from other divine spells to which you have access. You can cast any spell in your spell repertoire by using a spell slot of an appropriate spell level.",
				"You add to this spell repertoire as you increase in level. Each time you get a spell slot (see Table 2\u20133), you add a spell of the same level to your spell repertoire. At 2nd level, you select another 1st-level spell; at 3rd level, you select two 2nd-level spells, and so on. When you add spells, you might add a higher-level version of a spell you already have, so you can cast a heightened version of that spell.",
				"Though you gain them at the same rate, your spell slots and the spells in your spell repertoire are separate. If a feat or other ability adds a spell to your spell repertoire, it wouldn't give you another spell slot, and vice versa.",
				{
					"type": "pf2-h4",
					"page": 68,
					"name": "Swapping Spells in Your Repertoire",
					"entries": [
						"As you gain new spells in your repertoire, you might want to replace some of the spells you previously learned. Each time you gain a level and learn new spells, you can swap out one of your old spells for a different spell of the same level. You can also instead swap a cantrip. You can also swap out spells by retraining during downtime."
					]
				}
			]
		},
		{
			"name": "Mystery",
			"source": "APG",
			"subclasses": "Mystery",
			"page": 69,
			"className": "Oracle",
			"classSource": "APG",
			"level": 1,
			"entries": [
				"An oracle wields divine power, but not from a single divine being. This power could come from a potent concept or ideal, the attention of multiple divine entities whose areas of concern all touch on that subject, or a direct and dangerous conduit to raw divine power. This is the oracle's mystery, a source of divine magic not beholden to any deity.",
				"Choose the mystery that empowers your magic. Your mystery grants you special spells called revelation spells and might later grant you divine domain spells. It dictates the effects of your oracular curse, adds an additional cantrip to your repertoire, and gives you one or more trained skills. Drawing insight and power from the collective divine influences that fuel your magic also provides you with a special benefit.",
				{
					"type": "refClassFeature",
					"classFeature": "Revelation Spells|Oracle|APG|1"
				},
				{
					"type": "refClassFeature",
					"classFeature": "Oracular Curse|Oracle|APG|1"
				}
			]
		},
		{
			"name": "Revelation Spells",
			"source": "APG",
			"subclasses": "Mystery",
			"page": 69,
			"className": "Oracle",
			"classSource": "APG",
			"level": 1,
			"entries": [
				{
					"type": "pf2-h4",
					"source": "APG",
					"page": 69,
					"name": "Revelation Spells",
					"entries": [
						"The powers of your mystery manifest in the form of revelation spells, which are a type of focus spell. Casting a revelation spell costs 1 Focus Point and increases the effects of your {@classFeature oracular curse|oracle|apg|1||curse}. You start with a focus pool of 2 Focus Points. You refill your focus pool during your daily preparations, and you can regain 1 Focus Point by spending 10 minutes using the {@action Refocus} activity to reconcile the conflicting or unconventional nature of your divine mystery.",
						"Focus spells are automatically heightened to half your level rounded up. Focus spells don't require spell slots, and you can't cast them using spell slots (see {@classFeature Divine Spellcasting|oracle|apg|1}). Taking feats can give you more focus spells and increase the size of your focus pool, though your focus pool can never hold more than 3 Focus Points. The full rules for focus spells appear on page 300 of the Core Rulebook.",
						"Revelation spells have the {@trait cursebound} trait, unlike other focus spells. This trait means they increase the severity of your {@classFeature oracular curse|oracle|apg|1||curse} (see below) when cast. You can't cast a {@trait cursebound} spell if you don't have an {@classFeature oracular curse|oracle|apg|1||curse}.",
						"You learn two revelation spells at 1st level. The first is an initial revelation spell determined by your mystery. The second is an initial domain spell you select from one of the domains associated with your mystery, which you cast as a revelation spell, causing it to gain the {@trait cursebound} trait."
					]
				}
			]
		},
		{
			"name": "Oracular Curse",
			"source": "APG",
			"subclasses": "Mystery",
			"page": 70,
			"className": "Oracle",
			"classSource": "APG",
			"level": 1,
			"entries": [
				{
					"type": "pf2-h4",
					"page": 70,
					"source": "APG",
					"name": "Oracular Curse",
					"entries": [
						"Drawing on multiple disparate sources of power inevitably places an incredible stress on your body, manifesting as a supernatural curse. The more revelation spells you cast, the worse the effects of your curse, but these increasingly conflicting energies can also provide you with divine benefits.",
						"The specific effects of your curse are tied to your mystery, but all curses follow the same progression. A curse continually gives you a mild but constant reminder that you carry otherworldly power. As you cast revelation spells, your curse intensifies, first to a minor effect and then to a moderate effect.",
						"Your curse progresses to its minor stage the first time you finish casting a revelation spell after your daily preparations. Once your minor curse has manifested, it remains in effect until you rest for 8 hours and again make your daily preparations. If you cast a revelation spell while your minor curse is in effect, you progress to the moderate curse effect immediately after you finish {@action Cast a Spell||Casting the Spell}. The minor effect continues to affect you, though some moderate curse effects might alter the specifics of your minor curse. At higher levels, you can cast more revelation spells, progressing your curse to its major stage and then an extreme stage; these stronger curses are cumulative with the effects of the lower stages and can alter them. When you {@action Refocus} while under the effects of your moderate or stronger curse, you reduce your curse's severity to minor in addition to regaining a Focus Point.",
						"Drawing upon your mystery's power while your curse is at its worst causes an irreconcilable conflict between you and the sources of your power. Immediately after casting a revelation spell while under the moderate effect of your curse, you are overwhelmed. While overwhelmed, you can't {@action Cast a Spell||Cast} or {@action Sustain a Spell||Sustain} any revelation spells\u2014you effectively lose access to those spells. You can still {@action Refocus} to reduce the effects of your curse and regain a Focus Point, but doing so doesn't allow you to cast further revelation spells. These effects last until you rest for 8 hours and make your daily preparations, at which point your curse returns to its basic state. At higher levels, you can grow to withstand your curse's major and even extreme effects, enabling you to cast more revelation spells without becoming overwhelmed.",
						"Your curse has the {@trait curse}, {@trait divine}, and {@trait necromancy} traits. You can't mitigate, reduce, or remove the effects of your oracular curse by any means other than {@action Refocus|CRB|Refocusing} and resting for 8 hours. For example, if your curse makes creatures concealed from you, you can't negate that concealed condition through a magic item or spell, such as true strike (though you would still benefit from the other effects of that item or spell). Likewise, remove curse and similar spells don't affect your curse at all."
					]
				}
			]
		},
		{
			"name": "Oracle Feats",
			"source": "APG",
			"page": 70,
			"className": "Oracle",
			"classSource": "APG",
			"level": 2,
			"entries": [
				"At 2nd level and every 2 levels thereafter, you gain an {@filter oracle class feat|feats||type=class|Class=oracle|level=[1;2]}."
			]
		},
		{
			"name": "Skill Feats",
			"source": "APG",
			"page": 70,
			"className": "Oracle",
			"classSource": "APG",
			"level": 2,
			"entries": [
				"At 2nd level and every 2 levels thereafter, you gain a {@filter skill feat|feats||type=skill;!archetype}. You must be trained or better in the corresponding skill to select a skill feat."
			]
		},
		{
			"name": "General Feats",
			"source": "APG",
			"page": 70,
			"className": "Oracle",
			"classSource": "APG",
			"level": 3,
			"entries": [
				"At 3rd level and every 4 levels thereafter, you gain a {@filter general feat|feats||type=general|level=[1;3]}."
			]
		},
		{
			"name": "Signature Spells",
			"source": "APG",
			"page": 71,
			"className": "Oracle",
			"classSource": "APG",
			"level": 3,
			"entries": [
				"Experience enables you to cast some spells more flexibly. For each spell level you have access to, choose one spell of that level to be a signature spell. You don't need to learn heightened versions of signature spells separately; instead, you can heighten these spells freely. If you've learned a signature spell at a higher level than its minimum, you can also cast all its lower-level versions without learning those separately. If you swap out a signature spell, you can replace it with any spell you could have chosen when you first selected it (i.e., of the same spell level or lower). You can also {@action Retraining|CRB|retrain} specifically to change a signature spell to a different spell of that level without swapping any spells; this takes as much time as {@action Retraining|CRB|retraining} a spell normally does."
			]
		},
		{
			"name": "Skill Increases",
			"source": "APG",
			"page": 71,
			"className": "Oracle",
			"classSource": "APG",
			"level": 3,
			"entries": [
				"At 3rd level and every 2 levels thereafter, you gain a skill increase. You can use this increase to either become trained in one skill you're untrained in, or become an expert in one skill in which you're already trained.",
				"At 7th level, you can use skill increases to become a master in a skill in which you're already an expert, and at 15th level, you can use them to become legendary in a skill in which you're already a master."
			]
		},
		{
			"name": "Ability Boosts",
			"source": "APG",
			"page": 71,
			"className": "Oracle",
			"classSource": "APG",
			"level": 5,
			"entries": [
				"At 5th level and every 5 levels thereafter, you boost four different ability scores. You can use these ability boosts to increase your ability scores above 18. Boosting an ability score increases it by 1 if it's already 18 or above, or by 2 if starts out below 18."
			]
		},
		{
			"name": "Ancestry Feats",
			"source": "APG",
			"page": 71,
			"className": "Oracle",
			"classSource": "APG",
			"level": 5,
			"entries": [
				"In addition to the ancestry feat you started with, you gain an {@filter ancestry feat|feats||type=ancestry} at 5th level and every 4 levels thereafter."
			]
		},
		{
			"name": "Expert Spellcaster",
			"source": "APG",
			"page": 71,
			"className": "Oracle",
			"classSource": "APG",
			"level": 7,
			"entries": [
				"The intricacy of your divine power has grown clearer over time. Your proficiency ranks for divine spell attack rolls and spell DCs increase to expert."
			]
		},
		{
			"name": "Resolve",
			"source": "APG",
			"page": 71,
			"className": "Oracle",
			"classSource": "APG",
			"level": 7,
			"entries": [
				"You've steeled your mind with resolve. Your proficiency rank for Will saves increases to master. When you roll a success on a Will save, you get a critical success instead."
			]
		},
		{
			"name": "Magical Fortitude",
			"source": "APG",
			"page": 71,
			"className": "Oracle",
			"classSource": "APG",
			"level": 9,
			"entries": [
				"Magical power has improved your body's resiliency. Your proficiency rank for Fortitude saves increases to expert."
			]
		},
		{
			"name": "Alertness",
			"source": "APG",
			"page": 71,
			"className": "Oracle",
			"classSource": "APG",
			"level": 11,
			"entries": [
				"You remain alert to threats around you. Your proficiency rank for {@skill Perception} increases to expert."
			]
		},
		{
			"name": "Major Curse",
			"source": "APG",
			"subclasses": "Mystery",
			"page": 71,
			"className": "Oracle",
			"classSource": "APG",
			"level": 11,
			"entries": [
				"You've learned to better balance the conflicting powers wreaking havoc on your body. Immediately after completing the casting of a revelation spell while you are affected by your moderate curse, your curse progresses to its major effect, rather than overwhelming you. This effect lasts until you {@action Refocus}, which reduces your curse to its minor effect. If you cast a revelation spell while under the effects of your major curse, you are overwhelmed by your curse.",
				"In addition, increase the number of Focus Points in your focus pool from 2 to 3. If you spend at least 2 Focus Points before you again {@action Refocus}, you recover 2 Focus Points when you {@action Refocus} instead of 1."
			]
		},
		{
			"name": "Weapon Expertise",
			"source": "APG",
			"page": 72,
			"className": "Oracle",
			"classSource": "APG",
			"level": 11,
			"entries": [
				"You've dedicated yourself to learning the intricacies of your weapons. Your proficiency ranks for simple weapons and unarmed attacks increase to expert."
			]
		},
		{
			"name": "Light Armor Expertise",
			"source": "APG",
			"page": 72,
			"className": "Oracle",
			"classSource": "APG",
			"level": 13,
			"entries": [
				"You've learned how to dodge while wearing light or no armor. Your proficiency rank for light armor and unarmored defense increases to expert."
			]
		},
		{
			"name": "Lightning Reflexes",
			"source": "APG",
			"page": 72,
			"className": "Oracle",
			"classSource": "APG",
			"level": 13,
			"entries": [
				"Your reflexes are lightning fast. Your proficiency rank for Reflex saves increases to expert."
			]
		},
		{
			"name": "Weapon Specialization",
			"source": "APG",
			"page": 72,
			"className": "Oracle",
			"classSource": "APG",
			"level": 13,
			"entries": [
				"You've learned how to inflict greater injuries with the weapons you know best. You deal 2 additional damage with weapons and unarmed attacks in which you are an expert. This damage increases to 3 if you're a master and 4 if you're legendary."
			]
		},
		{
			"name": "Master Spellcaster",
			"source": "APG",
			"page": 72,
			"className": "Oracle",
			"classSource": "APG",
			"level": 15,
			"entries": [
				"You truly understand the deep and complex divine power within your mystery. Your proficiency ranks for divine spell attack rolls and spell DCs increase to master."
			]
		},
		{
			"name": "Extreme Curse",
			"source": "APG",
			"page": 72,
			"className": "Oracle",
			"classSource": "APG",
			"level": 17,
			"entries": [
				"You have mastered a perilous balance between the conflicting divine powers of your mystery, gaining the power to change your fate, but straining both body and soul. When you cast a revelation spell while affected by your major curse, your curse intensifies to an extreme effect instead of overwhelming you. All mysteries share the same effects for their extreme curse.",
				"When affected by your extreme curse, you become {@condition doomed} 2 (or increase your {@condition doomed} condition by 2 if you were already {@condition doomed}). Once every 10 minutes, when you fail an attack roll, skill or {@skill Perception} check, or saving throw, you can reroll it and use the second result. The reroll has the {@trait fortune} trait and doesn't require you to spend an action, meaning you can use the reroll even if you can't act. These effects are in addition to all the effects of your major curse, and they can't be removed by any means until you {@action Refocus} to reduce your curse to its minor effect.",
				"If you cast a revelation spell while under the effects of this extreme curse, you are overwhelmed by your curse, and you remain {@condition doomed} 2 even if you {@action Refocus}.",
				"Additionally, if you spend at least 3 Focus Points before you again {@action Refocus}, you recover 3 Focus Points when you {@action Refocus} instead of 1."
			]
		},
		{
			"name": "Greater Resolve",
			"source": "APG",
			"page": 72,
			"className": "Oracle",
			"classSource": "APG",
			"level": 17,
			"entries": [
				"Your unbelievable training grants you mental resiliency. Your proficiency rank for Will saves increases to legendary. When you roll a success on a Will save, you get a critical success instead. When you roll a critical failure on a Will save, you get a failure instead. When you roll a failure a Will save against a damaging effect, you take half damage."
			]
		},
		{
			"name": "Legendary Spellcaster",
			"source": "APG",
			"page": 72,
			"className": "Oracle",
			"classSource": "APG",
			"level": 19,
			"entries": [
				"You can harness divine power at a level few others can match. Your proficiency ranks for divine spell attack rolls and spell DCs increase to legendary."
			]
		},
		{
			"name": "Oracular Clarity",
			"source": "APG",
			"page": 72,
			"className": "Oracle",
			"classSource": "APG",
			"level": 19,
			"entries": [
				"You now fully grasp the nature of the divine power behind your mystery, allowing you to work magic akin to miracles. Add two {@filter 10th-level divine spells|spells||level=10|tradition & spell list=divine|rarity=common} to your repertoire. You gain a single 10th-level spell slot you can use to cast one of those two spells using oracle spellcasting. You don't gain more 10th-level spells as you level up, unlike other spell slots, and you can't use 10th-level slots with abilities that give you more spell slots or that let you cast spells without expending spell slots. You can take the {@feat Oracular Providence|APG} feat to gain a second slot."
			]
		}
	],
	"subclassFeature": [
		{
			"name": "Mystery",
			"source": "APG",
			"page": 73,
			"className": "Oracle",
			"classSource": "APG",
			"subclassShortName": "Ancestors",
			"subclassSource": "APG",
			"level": 1,
			"entries": [
				{
					"type": "pf2-h3",
					"page": 73,
					"name": "Ancestors",
					"entries": [
						"The voices of generations past speak to you, and you hear their words. You might resent the constant interruption, or you might revere the spirits of those who came before. Perhaps you hail from a culture with strong ancestral traditions, such as the {@deity Shoanti Animism|LOGM|Shoanti} Skoan-Quah (Skull Clan), a traditional dwarven community that worships {@deity Torag}'s family {@deity dwarven pantheon|logm|pantheon}, or a group that reveres {@deity Erastil} or {@deity Pharasma}. You might commune with powerful psychopomps who shepherd souls to the afterlife, with the River of Souls itself, or with those spirits who have become trapped outside of the great cycle of spiritual rebirth. You learn from their whispers and the fragments of their memories, but opening your mind to their knowledge and experience also allows them to meddle in your worldly affairs.",
						{
							"type": "pf2-options",
							"style": "pf2-p",
							"skipSort": true,
							"items": [
								{
									"type": "item",
									"name": "Mystery Benefit",
									"entries": [
										"The whispers of your ancestors have bestowed additional knowledge upon you. You gain an additional ancestry feat at 1st level and another additional ancestry feat at 11th level. These feats can't be ones that grant physiological effects, such as additional senses or unarmed attacks."
									]
								},
								{
									"type": "item",
									"name": "Trained Skill",
									"entries": [
										"{@skill Society}"
									]
								},
								{
									"type": "item",
									"name": "Granted Cantrip",
									"entries": [
										"{@spell guidance|CRB}"
									]
								},
								{
									"type": "item",
									"name": "Revelation Spells",
									"entries": [
										"initial: {@spell ancestral touch|APG}; advanced: {@spell ancestral defense|APG}; greater: {@spell ancestral form|APG}"
									]
								},
								{
									"type": "item",
									"name": "Related Domains",
									"entries": [
										"{@filter death, family|spells||domains=family; death|level=1}"
									]
								}
							]
						}
					]
				},
				{
					"type": "pf2-h4",
					"page": 73,
					"name": "Curse of Ancestral Meddling",
					"entries": [
						"The ancestral spirits you commune with haunt you and meddle with your belongings and actions, either out of a well-intentioned (but ultimately detrimental) attempt to assist you, as punishment for your audacity in circumventing the traditional means of achieving divine power, for their own amusement, or a mixture of the above. Your hair, clothing, and belongings constantly shift and stir, seemingly of their own volition.",
						"{@b Minor Curse} One of your ancestors becomes predominant in their meddling. The first time you gain this effect each day, roll {@dice 1d4} on Table 2\u20134: Ancestral Influence on page 75 to determine which type of ancestor becomes predominant. This predominant ancestor guides you to use their preferred type of action. When you try to use one of the types of actions listed for the other ancestors, you must succeed at a DC {@flatDC 4} flat check. On a failure, you spend the action but gain no effect (though you don't lose the spell if you were {@action Cast a Spell|CRB|Casting a Spell}). If your action would take 1 minute or longer, it's long enough that you can overcome the meddling, and you don't need to attempt a flat check.",
						"During combat or another tense, round-by-round encounter, other ancestors wrestle for control of your actions. When you roll initiative, and then at the end of each of your turns during the encounter, roll {@dice 1d4} and change your predominant ancestor appropriately. Once the encounter ends, you return to the influence of the ancestor you first rolled for the day.",
						"{@b Moderate Curse} The flat check DC to use other actions is 6, and you get the moderate curse benefit listed for your predominant ancestor in Table 2\u20134.",
						{
							"type": "table",
							"name": "Ancestral Influence",
							"id": "2-4",
							"source": "APG",
							"page": 75,
							"spans": [
								[
									[
										1,
										2
									],
									[
										2,
										6
									]
								]
							],
							"labelRowIdx": [
								0
							],
							"colStyles": [
								"text-left",
								"text-left",
								"text-left",
								"text-left",
								"text-left"
							],
							"rows": [
								[
									"1d4",
									"Ancestor",
									"Preferred Action",
									"Moderate Curse Benefit",
									"Major Curse Benefit"
								],
								[
									"1",
									"Martial",
									"Strikes",
									"Your Strikes gain a +1 status bonus to attack rolls and a +2 status bonus to damage.",
									"Your Strikes gain a +1 status bonus to attack rolls and a +6 status bonus to damage."
								],
								[
									"2",
									"Skillful",
									"{@skill Perception} and Skill actions",
									"You gain a +1 status bonus to skill checks and {@skill Perception} checks.",
									"You gain a +2 status bonus to skill checks and {@skill Perception} checks."
								],
								[
									"3",
									"Spellcasting",
									"{@action Cast a Spell}",
									"Non-cantrip spells without a duration gain a status bonus to their damage and healing equal to the spell's level.",
									"Non-cantrip spells without a duration gain a status bonus to their damage and healing equal to the spell's level +3."
								],
								[
									"4",
									"You choose which ancestor guides your actions"
								]
							]
						}
					]
				}
			]
		},
		{
			"name": "Major Curse",
			"source": "APG",
			"page": 74,
			"className": "Oracle",
			"classSource": "APG",
			"subclassShortName": "Ancestors",
			"subclassSource": "APG",
			"level": 11,
			"entries": [
				{
					"type": "pf2-h3",
					"page": 73,
					"name": "Ancestors",
					"entries": [
						"The flat check DC is 8, and you get the major curse benefit listed for your predominant ancestor instead of the moderate curse benefit."
					]
				}
			]
		},
		{
			"name": "Mystery",
			"source": "APG",
			"page": 74,
			"className": "Oracle",
			"classSource": "APG",
			"subclassShortName": "Battle",
			"subclassSource": "APG",
			"level": 1,
			"entries": [
				{
					"type": "pf2-h3",
					"page": 74,
					"name": "Battle",
					"entries": [
						"Warlike forces fill you with physical might and tactical knowledge, aiming to have you uphold the glory of combat, fight to improve the world, prepare against the necessity of conflict, or endure the inevitability of war. You might draw upon deities such as Gorum, Iomedae, Rovagug, the Horseman of War Szuriel, the Queen of the Night Eiseth, the Vudrani god Diomazul, and others, or you might find power in the unending conflict between the armies of Heaven and Hell, the Elemental Planes, the Outer Gods, or even the collective spirits of those who fought in wars over the ages.",
						{
							"type": "pf2-options",
							"style": "pf2-p",
							"skipSort": true,
							"items": [
								{
									"type": "item",
									"name": "Mystery Benefit",
									"entries": [
										"You are no stranger to the trappings of warfare. You are trained in medium and heavy armor. At 13th level, if you gain the light armor expertise class feature, you also gain expert proficiency in these armors.",
										"Choose one weapon group that embodies your mystery. You are trained in all martial weapons of that group. At 11th level, if you gain the weapon expertise class feature, you also gain expert proficiency for martial weapons in your chosen group, and you become trained in advanced weapons in that group."
									]
								},
								{
									"type": "item",
									"name": "Trained Skill",
									"entries": [
										"{@skill Athletics}"
									]
								},
								{
									"type": "item",
									"name": "Granted Cantrip",
									"entries": [
										"{@spell shield|CRB}"
									]
								},
								{
									"type": "item",
									"name": "Revelation Spells",
									"entries": [
										"initial: {@spell call to arms|APG}; advanced: {@spell battlefield persistence|APG}; greater: {@spell heroic feat|APG}"
									]
								},
								{
									"type": "item",
									"name": "Related Domains",
									"entries": [
										"{@filter might, zeal|spells||domains=might; zeal|level=1}"
									]
								}
							]
						}
					]
				},
				{
					"type": "pf2-h4",
					"page": 74,
					"name": "Curse of the Hero's Burden",
					"entries": [
						"You thrive while adrenaline flows and your life depends on your might alone, but holding the collective battle prowess of the ages within you leaves your body weakened after a fight. You smell faintly of steel and blood no matter how you try to remove or mask the scent, you appear more muscular than you actually are, and you hear the faint clash and clamor of battle in the distance at all times.",
						"{@b Minor Curse} Your body languishes when you aren't bringing harm to your foes. You take a \u20132 status penalty to AC and saving throws, but each time you make a {@action Strike}, you can suspend these penalties until the start of your next turn.",
						"{@b Moderate Curse} The strain of conflict wears upon your body, even though you gain vitality from it. Making a {@action Strike} reduces the penalty from your minor curse to \u20131 rather than suspending it entirely. You gain a +2 status bonus to weapon and unarmed damage rolls. You also gain fast healing equal to half your level while in a non-trivial combat encounter."
					]
				}
			]
		},
		{
			"name": "Major Curse",
			"source": "APG",
			"page": 74,
			"className": "Oracle",
			"classSource": "APG",
			"subclassShortName": "Battle",
			"subclassSource": "APG",
			"level": 11,
			"entries": [
				{
					"type": "pf2-h3",
					"page": 74,
					"name": "Battle",
					"entries": [
						"Your body proves capable of truly heroic feats, but doing so interferes with your mental focus. Your moderate curse's fast healing is equal to your level, and its damage bonus is +6. You gain a +1 status bonus to weapon and unarmed attack rolls, but you are {@condition stupefied} 2."
					]
				}
			]
		},
		{
			"name": "Mystery",
			"source": "APG",
			"page": 75,
			"className": "Oracle",
			"classSource": "APG",
			"subclassShortName": "Bones",
			"subclassSource": "APG",
			"level": 1,
			"entries": [
				{
					"type": "pf2-h3",
					"page": 74,
					"name": "Bones",
					"entries": [
						"Your mystery imparts an understanding of death and undeath in all their macabre complexity. You might have had a brush with death yourself\u2014maybe even dying and returning to life\u2014or carry the touch of undeath in your blood. If you commune with deities, you might speak with guardians of death like {@deity Pharasma} and the psychopomp ushers (the most powerful among creatures that guide souls through the afterlife); a bringer of death like the Mantis God {@deity Achaekek|LOGM} or the Horseman of the Apocalypse {@deity Charon|LOGM}; or a herald of undeath such as {@deity Urgathoa}.",
						{
							"type": "pf2-options",
							"style": "pf2-p",
							"skipSort": true,
							"items": [
								{
									"type": "item",
									"name": "Mystery Benefit",
									"entries": [
										"You can cleverly leverage the subtleties of life and death to your benefit. Each day during your preparations, you can choose to align yourself in the confluence of positive and negative energy so as to gain negative healing, which means you are harmed by positive damage and healed by negative effects as if you were undead. If you already have negative healing, instead the DC of your recovery checks is equal to 9 + your current dying value."
									]
								},
								{
									"type": "item",
									"name": "Trained Skill",
									"entries": [
										"{@skill Medicine}"
									]
								},
								{
									"type": "item",
									"name": "Granted Cantrip",
									"entries": [
										"{@spell chill touch|CRB}"
									]
								},
								{
									"type": "item",
									"name": "Revelation Spells",
									"entries": [
										"initial: {@spell soul siphon|APG}; advanced: {@spell armor of bones|APG}; greater: {@spell claim undead|APG}"
									]
								},
								{
									"type": "item",
									"name": "Related Domains",
									"entries": [
										"{@filter death, undeath|spells||domains=death; undeath|level=1}"
									]
								}
							]
						}
					]
				},
				{
					"type": "pf2-h4",
					"page": 75,
					"name": "Curse of Living Death",
					"entries": [
						"Your body is slowly decaying even though you are alive, and using your powers furthers this unnatural living death. You carry a touch of the grave about you, manifesting as bloodless pallor, a faint smell of earth, or deathly cold skin.",
						"{@b Minor Curse} Bones protrude through your skin and your flesh rots, combining with a stench of decay and an unearthly chill. Non-magical effects that would restore your Hit Points only grant you half as many HP as normal.",
						"{@b Moderate Curse} Your dead flesh continues to rot, affecting your health. You become {@condition drained} 1, and this {@condition drained} condition is cumulative with any other {@condition drained} conditions you gain. This {@condition drained} condition is removed only when you {@action Refocus}; effects that normally remove the {@condition drained} condition reduce your {@condition drained} condition to {@condition drained} 1 instead. In addition, you gain resistance to poison equal to half your level. You gain a +4 status bonus to saves against diseases, poisons, and death effects, and if you roll a success on such a save, you get a critical success instead."
					]
				}
			]
		},
		{
			"name": "Major Curse",
			"source": "APG",
			"page": 74,
			"className": "Oracle",
			"classSource": "APG",
			"subclassShortName": "Bones",
			"subclassSource": "APG",
			"level": 11,
			"entries": [
				{
					"type": "pf2-h3",
					"page": 74,
					"name": "Bones",
					"entries": [
						"You stand just steps from the grave. You become {@condition wounded} 1. This {@condition wounded} condition is removed only when you {@action Refocus}; effects that normally remove the {@condition wounded} condition reduce your {@condition wounded} condition to {@condition wounded} 1 instead. When you would attempt a recovery check, you can choose to get an automatic success instead of rolling, and if you roll a critical failure on a save against a disease, poison, or death effect, you get a failure instead."
					]
				}
			]
		},
		{
			"name": "Mystery",
			"source": "APG",
			"page": 75,
			"className": "Oracle",
			"classSource": "APG",
			"subclassShortName": "Cosmos",
			"subclassSource": "APG",
			"level": 1,
			"entries": [
				{
					"type": "pf2-h3",
					"page": 74,
					"name": "Cosmos",
					"entries": [
						"Celestial bodies great and small exert influence on you, giving you sublime cosmic power. Perhaps you see the glittering stars as a divine blessing, or perhaps you feel drawn to the infinitely dark spaces between. You might uphold deities like {@deity Desna}, {@deity Sarenrae}, or the deific lovers {@deity Shizuru|LOGM} and {@deity Tsukiyo|LOGM} who represent the sun and the moon\u2014or you might draw power from dark entities from beyond the stars, like certain Outer Gods, or destructive gods of the night like {@deity Zon-Kuthon} or the rat goddess {@deity Lao Shu Po|LOGM}.",
						{
							"type": "pf2-options",
							"style": "pf2-p",
							"skipSort": true,
							"items": [
								{
									"type": "item",
									"name": "Mystery Benefit",
									"entries": [
										"Your body is as much an astronomical one as it is physical. You gain resistance equal to 2 + half your level against all physical damage."
									]
								},
								{
									"type": "item",
									"name": "Trained Skill",
									"entries": [
										"{@skill Nature}"
									]
								},
								{
									"type": "item",
									"name": "Granted Cantrip",
									"entries": [
										"{@spell dancing lights|CRB}"
									]
								},
								{
									"type": "item",
									"name": "Revelation Spells",
									"entries": [
										"initial: {@spell spray of stars|APG}; advanced: {@spell interstellar void|APG}; greater: {@spell moonlight bridge|APG}"
									]
								},
								{
									"type": "item",
									"name": "Related Domains",
									"entries": [
										"{@filter darkness, moon|spells||domains=darkness; moon|level=1}"
									]
								}
							]
						}
					]
				},
				{
					"type": "pf2-h4",
					"page": 75,
					"name": "Curse of the Sky's Call",
					"entries": [
						"You have your head in the clouds\u2014and not just figuratively. Your body is drawn toward the heavens, making you lighter and less substantial than you should be. Your eyes glow with starry light, and your hair and clothing float and drift around you.",
						"{@b Minor Curse} Your unnatural lightness makes it hard to keep your footing and interact with other physical objects. You are {@condition enfeebled} 1 and take a \u20132 penalty to saves and DCs against {@action Grapple}, {@action Shove}, and other forms of {@quickref forced movement||3|forced movement}.",
						"{@b Moderate Curse} Your body is drawn further skyward. You are {@condition enfeebled} 2, and the penalty from your minor curse increases to \u20133. You are treated as one size smaller for wind effects. You gain a +2 status bonus against {@action Trip} attempts, you only take half as much damage from falls, and you gain the effects of the {@feat Powerful Leap} and {@feat Quick Jump} skill feats. You weigh only half as much, and your Bulk, should someone need to carry you, is also half as much."
					]
				}
			]
		},
		{
			"name": "Major Curse",
			"source": "APG",
			"page": 74,
			"className": "Oracle",
			"classSource": "APG",
			"subclassShortName": "Cosmos",
			"subclassSource": "APG",
			"level": 11,
			"entries": [
				{
					"type": "pf2-h3",
					"page": 74,
					"name": "Cosmos",
					"entries": [
						"As your body rises, you float just above the ground beneath you. You become {@condition enfeebled} 4, and the penalty from your minor curse increases to \u20134. You can walk on liquids as if they were solid; you gain the effects of the {@feat Cloud Jump} skill feat; and you don't leave tracks, trigger weight-sensitive pressure plates, or otherwise connect with the ground below you."
					]
				}
			]
		},
		{
			"name": "Mystery",
			"source": "APG",
			"page": 75,
			"className": "Oracle",
			"classSource": "APG",
			"subclassShortName": "Flames",
			"subclassSource": "APG",
			"level": 1,
			"entries": [
				{
					"type": "pf2-h3",
					"page": 74,
					"name": "Flames",
					"entries": [
						"Fire lives at the center of the world, the center of the sun, and the center of civilization. You might revere this elemental force, siphon power from the Elemental Plane of Fire, or venerate a collection of deities such as {@deity Asmodeus}, {@deity Sarenrae}, the Tian goddess of disasters and volcanoes {@deity Lady Nanbyo|LOGM}, or the elemental lord of fire {@deity Ymeri|LOGM}.",
						{
							"type": "pf2-options",
							"style": "pf2-p",
							"skipSort": true,
							"items": [
								{
									"type": "item",
									"name": "Mystery Benefit",
									"entries": [
										"Like fire itself, you flicker and dance, avoiding effects that would quench your vitality. You have expert proficiency in Reflex saves. At 13th level, if you gain the lightning reflexes class feature, your proficiency rank for Reflex saves increases to master, and when you roll a success on a Reflex save, you get a critical success instead."
									]
								},
								{
									"type": "item",
									"name": "Trained Skill",
									"entries": [
										"{@skill Acrobatics}"
									]
								},
								{
									"type": "item",
									"name": "Granted Cantrip",
									"entries": [
										"{@spell produce flame|CRB}"
									]
								},
								{
									"type": "item",
									"name": "Revelation Spells",
									"entries": [
										"initial: {@spell incendiary aura|APG}; advanced: {@spell whirling flames|APG}; greater: {@spell flaming fusillade|APG}"
									]
								},
								{
									"type": "item",
									"name": "Related Domains",
									"entries": [
										"{@filter fire, sun|spells||domains=fire; sun|level=1}"
									]
								}
							]
						}
					]
				},
				{
					"type": "pf2-h4",
					"page": 75,
					"name": "Curse of Engulfing Flames",
					"entries": [
						"You see flames and smoke wherever you look. These flames might be imagined, or they might be a preternatural glimpse of the metaphorical fires that empower the entire multiverse\u2014but you always see them. Fires flare noticeably (though not dangerously) in your presence, you occasionally smoke slightly, and your body is almost painfully hot to the touch.",
						"{@b Minor Curse} The smoke, heat, and crackling flames of your curse fill your vision and all your other senses. Creatures further than 30 feet are {@condition concealed} from you. You can't benefit from effects that would allow you to ignore or mitigate this concealment, as normal for effects of an oracular curse.",
						"{@b Moderate Curse} Smoke and flickering visions of flame fill your senses more completely, and harmless flickers of obscuring flames also fill your space. You are {@condition concealed} from other creatures, though as the other creatures aren't cursed themselves, they can benefit from effects that would allow them to ignore or mitigate the {@condition concealed} condition, as normal. All other creatures and objects are {@condition concealed} from you regardless of distance; however, when casting a fire spell, you automatically succeed at the flat check for this {@condition concealed} condition for targets within 30 feet.",
						"All your senses become imprecise beyond 30 feet, meaning everything past 30 feet that you'd normally be able to see is {@condition hidden} from you."
					]
				}
			]
		},
		{
			"name": "Major Curse",
			"source": "APG",
			"page": 74,
			"className": "Oracle",
			"classSource": "APG",
			"subclassShortName": "Flames",
			"subclassSource": "APG",
			"level": 11,
			"entries": [
				{
					"type": "pf2-h3",
					"page": 74,
					"name": "Flames",
					"entries": [
						"The flames surrounding you are no longer simply visions. An aura of fire surrounds you in a 10-foot emanation, dealing {@dice 4d6} fire damage (basic Reflex save) to all other creatures in the aura at the end of each of your turns. You lose {@dice 1d6} Hit Points at the end of your turn each round, with no save; if you have a weakness to fire, increase the number of HP you lose by that weakness.",
						"You can suppress your aura until the start of your next turn by spending a single action, which has the {@trait concentrate}, to diminish the flames, causing neither you nor anyone in the aura to take damage. While {@action Refocus|CRB|Refocusing} to reduce your curse, you are continually diminishing the flames, so you don't lose HP. The flames subside if you fall {@condition unconscious}, but they resume when you wake up unless you rested for long enough to reset your curse. As usual for oracular curses, you can't mitigate or reduce the lost Hit Points in any way, though you can still heal the lost HP normally after the fact."
					]
				}
			]
		},
		{
			"name": "Mystery",
			"source": "APG",
			"page": 77,
			"className": "Oracle",
			"classSource": "APG",
			"subclassShortName": "Life",
			"subclassSource": "APG",
			"level": 1,
			"entries": [
				{
					"type": "pf2-h3",
					"page": 74,
					"name": "Life",
					"entries": [
						"The never-ending flow of positive energy within living beings is palpable to you. You might uphold the sanctity of life, or perhaps you seek to undermine it. You might draw power from the collective vitality of the world's living creatures, hold some connection to the Positive Energy Plane, or revere a collection of deities including {@deity Irori}, {@deity Pharasma}, {@deity Sarenrae}, and the god of medicine {@deity Qi Zhong|LOGM}.",
						{
							"type": "pf2-options",
							"style": "pf2-p",
							"skipSort": true,
							"items": [
								{
									"type": "item",
									"name": "Mystery Benefit",
									"entries": [
										"Your body is a deep reservoir of life energy. At each level, you gain Hit Points equal to 10 + your Constitution modifier from the oracle class, instead of 8 + your Constitution modifier."
									]
								},
								{
									"type": "item",
									"name": "Trained Skill",
									"entries": [
										"{@skill Medicine}"
									]
								},
								{
									"type": "item",
									"name": "Granted Cantrip",
									"entries": [
										"{@spell stabilize|CRB}"
									]
								},
								{
									"type": "item",
									"name": "Revelation Spells",
									"entries": [
										"initial: {@spell life link|APG}; advanced: {@spell delay affliction|APG}; greater: {@spell life-giving form|APG}"
									]
								},
								{
									"type": "item",
									"name": "Related Domains",
									"entries": [
										"{@filter death, healing|spells||domains=death; healing|level=1}"
									]
								}
							]
						}
					]
				},
				{
					"type": "pf2-h4",
					"page": 75,
					"name": "Curse of Outpouring Life",
					"entries": [
						"Life energy flows outward from you and connects you to all living things, but you expend your vital essence to do so. Your presence comforts the ill and injured, causes scars to fade slightly, spurs new growth in plants, and otherwise infuses your surroundings with vitality.",
						"{@b Minor Curse} As your life force seeps outward, it becomes more difficult to keep your body functioning. Effects that restore Hit Points to you take a status penalty equal to half your level (minimum 1) to the number of HP you recover.",
						"{@b Moderate Curse} The flow of life energy away from you can't be reversed. In addition to the effects of your minor curse, you can't be healed by magical effects originating from other creatures. However, if you are {@condition unconscious}, magical effects can restore you to 1 HP (but no higher). You are affected normally by healing elixirs, potions, and other items. When you cast {@spell heal} and all your targets are living creatures, you roll {@dice d12|d12s} instead of {@dice d8|d8s} for the amount of healing.",
						"Whenever you finish casting a non-cantrip spell, you restore Hit Points equal to the spell level to your choice of either one target of the spell or the creature nearest to you. You can't heal yourself in this way. This healing has the {@trait healing}, {@trait necromancy}, and {@trait positive} traits, as well as the tradition trait of the spell."
					]
				}
			]
		},
		{
			"name": "Major Curse",
			"source": "APG",
			"page": 77,
			"className": "Oracle",
			"classSource": "APG",
			"subclassShortName": "Life",
			"subclassSource": "APG",
			"level": 11,
			"entries": [
				{
					"type": "pf2-h3",
					"page": 74,
					"name": "Life",
					"entries": [
						"Life energy tears through you to empower your magic. Some of your spells carry positive energy with them. Each time you use a spell slot to cast a 5th-level or higher spell that takes 2 or more actions to cast, you disperse positive energy in a 30-foot burst with the effects of a 3-action {@spell heal} spell with a level 4 lower than that of the spell you cast. This healing occurs immediately after you finish {@action Cast a Spell|CRB|Casting the Spell}. You don't benefit from this healing. Instead, you lose double the number of Hit Points rolled for the {@spell heal} spell."
					]
				}
			]
		},
		{
			"name": "Mystery",
			"source": "APG",
			"page": 75,
			"className": "Oracle",
			"classSource": "APG",
			"subclassShortName": "Lore",
			"subclassSource": "APG",
			"level": 1,
			"entries": [
				{
					"type": "pf2-h3",
					"page": 74,
					"name": "Lore",
					"entries": [
						"Knowledge and information come freely to you. You might use this lore to gain power or perhaps to understand the divine mysteries of the multiverse. You might have a conduit to the fabled Akashic Record, maintain a subtle telepathic connection to the collective subconscious of all living creatures, or follow in the footsteps of deities such as {@deity Abadar}, {@deity Irori}, {@deity Nethys}, Irori's scholarly nephew {@deity Gruhastha|LOGM}, the fey triune goddess of fate {@deity Magdh|LOGM}, or the lawful aeon god-figure known as the {@deity Monad|LOGM}.",
						{
							"type": "pf2-options",
							"style": "pf2-p",
							"skipSort": true,
							"items": [
								{
									"type": "item",
									"name": "Mystery Benefit",
									"entries": [
										"You hold more mystical knowledge within you than most. You have one additional spell in your repertoire of each level you can cast."
									]
								},
								{
									"type": "item",
									"name": "Trained Skill",
									"entries": [
										"{@skill Occultism} and one {@skill Lore} skill of your choice"
									]
								},
								{
									"type": "item",
									"name": "Granted Cantrip",
									"entries": [
										"{@spell read aura|CRB}"
									]
								},
								{
									"type": "item",
									"name": "Revelation Spells",
									"entries": [
										"initial: {@spell brain drain|APG}; advanced: {@spell access lore|APG}; greater: {@spell dread secret|APG}"
									]
								},
								{
									"type": "item",
									"name": "Related Domains",
									"entries": [
										"{@filter knowledge, truth|spells||domains=knowledge; truth|level=1}"
									]
								}
							]
						}
					]
				},
				{
					"type": "pf2-h4",
					"page": 75,
					"name": "Curse of Torrential Knowledge",
					"entries": [
						"You have a link to true divine knowledge, but your mortal mind struggles to process and act on what you know. Loose materials around you, such as dust, grains of rice, and droplets of water, slowly shift to form strange runes or faint indecipherable writing, and you sometimes speak unintelligible truths or statements in unknown languages without realizing it.",
						"{@b Minor Curse} You take a \u20134 penalty to initiative, as trying to process a surge of information about what's happening around you slows your ability to respond to it.",
						"{@b Moderate Curse} The flow of information through your mind grows. The attention you divert to process this huge influx of information means you are always {@condition flat-footed}. At the start of each of your turns, you automatically make one check to {@action Recall Knowledge} as a free action. This uses a skill of your choice that has the {@action Recall Knowledge} action, using a result equal to 10 + your proficiency bonus in that skill (with no other bonuses, penalties, or modifiers)."
					]
				}
			]
		},
		{
			"name": "Major Curse",
			"source": "APG",
			"page": 74,
			"className": "Oracle",
			"classSource": "APG",
			"subclassShortName": "Lore",
			"subclassSource": "APG",
			"level": 11,
			"entries": [
				{
					"type": "pf2-h3",
					"page": 74,
					"name": "Lore",
					"entries": [
						"The massive flow of information clouding your mind overwhelms your ability to communicate with others. You can understand all languages, but you can't speak, use {@trait linguistic} effects, or otherwise communicate with your allies. If you {@action Cast a Spell} with a verbal component, you must succeed at a DC {@flatDC 5} flat check or the spell is lost. You gain a +4 status bonus on saving throws against {@trait linguistic} effects."
					]
				}
			]
		},
		{
			"name": "Mystery",
			"source": "APG",
			"page": 75,
			"className": "Oracle",
			"classSource": "APG",
			"subclassShortName": "Tempest",
			"subclassSource": "APG",
			"level": 1,
			"entries": [
				{
					"type": "pf2-h3",
					"page": 74,
					"name": "Tempest",
					"entries": [
						"The fury of the wind and waves pounds in your heart, whether your power flows from natural storms, a conduit to the elemental Planes of Air and Water, or through reverence of deities such as {@deity Gozreh}, the tengu god of storms {@deity Hei Feng|LOGM}, the demon lord {@deity Dagon|LOGM}, or the elemental lords of air and water.",
						{
							"type": "pf2-options",
							"style": "pf2-p",
							"skipSort": true,
							"items": [
								{
									"type": "item",
									"name": "Mystery Benefit",
									"entries": [
										"You can see perfectly through wind and water, and you send electric charges through both air and water. You never take penalties to {@skill Perception} from wind, rain, fog, or other precipitation, or from looking through water or being underwater, and such conditions don't cause anything to be {@condition concealed} from you.",
										"When you deal physical damage with a non-cantrip air or water spell, you deal an additional 1 electricity damage per spell level."
									]
								},
								{
									"type": "item",
									"name": "Trained Skill",
									"entries": [
										"{@skill Nature}"
									]
								},
								{
									"type": "item",
									"name": "Granted Cantrip",
									"entries": [
										"{@spell electric arc|CRB}"
									]
								},
								{
									"type": "item",
									"name": "Revelation Spells",
									"entries": [
										"initial: {@spell tempest touch|APG}; advanced: {@spell thunderburst|APG}; greater: {@spell tempest form|APG}"
									]
								},
								{
									"type": "item",
									"name": "Related Domains",
									"entries": [
										"{@filter air, water|spells||domains=air; water|level=1}"
									]
								}
							]
						}
					]
				},
				{
					"type": "pf2-h4",
					"page": 75,
					"name": "Curse of the Perpetual Storm",
					"entries": [
						"You are the center of your own tiny tempest, ever surrounded by wind and rain that worsens the more you tap into your elemental powers. Even when you are calm and at rest, your hair and clothing are blown about by gentle winds, you are slightly damp, and your touch often comes with a static shock.",
						"{@b Minor Curse} An aura of a whirling storm whips up in a 5-foot emanation around you and in your space. The aura puts out small non-magical fires 1 round after they're lit or brought into your aura.",
						"Electrical energy builds up within your storm, turning you into a lightning rod; you gain weakness 2 to electricity, and electricity spells or effects that have additional effects for a creature wearing or holding metal treat you as though you were wearing metal.",
						"{@b Moderate Curse} Your minor curse's aura expands to a 10-foot emanation and carries rain on the winds. The whirling winds impose a \u20132 circumstance penalty on ranged attack rolls using physical ammunition that target you or originate from you. Your weakness to electricity increases to 5 or half your level, whichever is greater, but torrential rain grants you an equal amount of fire resistance."
					]
				}
			]
		},
		{
			"name": "Major Curse",
			"source": "APG",
			"page": 74,
			"className": "Oracle",
			"classSource": "APG",
			"subclassShortName": "Tempest",
			"subclassSource": "APG",
			"level": 11,
			"entries": [
				{
					"type": "pf2-h3",
					"page": 74,
					"name": "Tempest",
					"entries": [
						"Your minor curse's aura expands to a 15-foot emanation and grows stronger. High winds blowing outward in the aura impede creatures' progress. The aura is {@quickref difficult terrain||3|terrain} for Large and smaller creatures on the ground, and for Huge or smaller flying creatures. You aren't affected by this {@quickref difficult terrain||3|terrain}.",
						"The electricity arcing through you becomes dangerous. Any creature that touches you, including with a touch spell or a melee unarmed attack, takes {@dice 1d6} electricity damage."
					]
				}
			]
		},
		{
			"name": "Mystery",
			"source": "DA",
			"page": 188,
			"className": "Oracle",
			"classSource": "APG",
			"subclassShortName": "Time",
			"subclassSource": "DA",
			"level": 1,
			"entries": [
				{
					"type": "pf2-h3",
					"source": "DA",
					"page": 188,
					"name": "Time",
					"entries": [
						"Whether by accident, fate, or purposeful meddling, you exist slightly outside of time. While initially unmoored by moments, the countless march of milliseconds builds up to drift you further and further out of sync with your natural timeline, often in contradictory directions. You might view this as a blessing, perhaps as a sign you're somehow beyond mortality or you can't be contained within reality's limitations, or you might view it as a cruel curse that causes your own life to slip by adrift even as you gain power over time. Many oracles of time are without faith and either come to rely upon their own instincts to survive or else turn to strange rituals and forbidden magic in an attempt to break free of time's grasp. Those oracles who worship deities most often worship Pharasma, goddess of fate who sees all possible futures for all who ever lived, or Alseta, goddess of transitions and the passage through time.",
						{
							"type": "pf2-options",
							"style": "pf2-p",
							"skipSort": true,
							"items": [
								{
									"type": "item",
									"name": "Mystery Benefit",
									"entries": [
										"Time passes more swiftly for you than it does for those around you, enabling you to cover more distance in what others perceive as the same amount of time. You gain a +10-foot status bonus to your Speed. At 6th level, this increases to a +15-foot status bonus; at 10th level, this increases to a +20-foot status bonus; at 14th level, this increases to a +25-foot status bonus; and at 18th level, it increases to a +30-foot status bonus. Your disjointed movement makes it harder for creatures to hit you as you move. You gain a +1 status bonus to AC against attacks made against you from reactions or free actions while you're moving."
									]
								},
								{
									"type": "item",
									"name": "Trained Skill",
									"entries": [
										"{@skill Occultism}"
									]
								},
								{
									"type": "item",
									"name": "Granted Cantrip",
									"entries": [
										"{@spell time sense|DA}"
									]
								},
								{
									"type": "item",
									"name": "Revelation Spells",
									"entries": [
										"initial: {@spell temporal distortion|DA}; advanced: {@spell time skip|DA}; greater: {@spell manifold lives|DA}"
									]
								},
								{
									"type": "item",
									"name": "Related Domains",
									"entries": [
										"{@filter fate, time|spells||domains=fate; time|level=1}"
									]
								}
							]
						}
					]
				},
				{
					"type": "pf2-h4",
					"source": "DA",
					"page": 189,
					"name": "Curse of Turbulent Moments",
					"entries": [
						"Time passes differently for you than everyone else. You experience fluxes that might manifest as minor day-to-day changes in your apparent age, such as a gray lock of hair or a disappearing wrinkle, or as occasional ghostly temporal afterimages that slightly trail your movement.",
						"{@b Minor Curse} As you draw upon your mystery, time's passage becomes more disjointed, aging, regressing, or warping you out of sync. You become enfeebled 1. In addition, you take a \u20132 penalty to saving throws against effects that would make you fatigued or slowed.",
						"{@b Moderate Curse} Time distorts further, increasing your muscular atrophy, age regression, or warping while making effects pass you by at an increased rate. The value of your enfeebled condition increases to 2 and the penalty from your minor curse increases to \u20133. Your status bonus to AC against attacks made against you from reactions or free actions while you're moving increases to +2. In addition, spells affecting you last less time; their duration is reduced by half, to a minimum of 1 round. This doesn't reduce the spell's duration for other targets affected by the same spell. Finally, all non-permanent conditions affecting you that have a duration measured in rounds, minutes, or hours have their duration reduced by half, to a minimum of 1 round. Any afflictions (such as poisons, diseases, and curses) affecting you have their maximum duration, onset time, and time for each stage reduced by half. Spells, conditions, and afflictions that last \"until your next daily preparations\" last for 12 hours or until your next daily preparations, whichever comes first. This doesn't change the duration you're temporarily immune, the rate at which you can use abilities that have a frequency, or any other features based on the passage of time."
					]
				}
			]
		},
		{
			"name": "Major Curse",
			"source": "DA",
			"page": 189,
			"className": "Oracle",
			"classSource": "APG",
			"subclassShortName": "Time",
			"subclassSource": "DA",
			"level": 11,
			"entries": [
				{
					"type": "pf2-h3",
					"page": 189,
					"source": "DA",
					"name": "Time",
					"entries": [
						"You become so out of sync with time that it's hard for you to act, but when you do act, you do so with incredible speed. You become {@condition slowed 1}, the value of your {@condition enfeebled} condition increases to 3, and the penalty from your minor curse increases to \u20134. Time passes so much faster for you that your steps appear as a blur of motion to others. You gain a +4 status bonus to initiative rolls. Whenever you move, you're {@condition concealed} while you're moving and until the start of your next turn. As normal for concealment where your location is still obvious, you can't use this concealment to {@action Hide} or {@action Sneak}. Your status bonus to AC against attacks made against you from reactions or free actions while you're moving increases to +4."
					]
				}
			]
		}
	]
}
